trial,orderIndex,lane,totalBits,operation
01,0,cpython-float64,64,sqrt
01,1,mpfr-reference,5,sqrt
01,2,posit-software,512,div
01,3,binary-software,7,fma
01,4,universal-posit,16,mul
01,5,mpfr-reference,16,div
01,6,mpfr-reference,8,add
01,7,binary-software,5,mul
01,8,posit-software,3,sqrt
01,9,mpfr-reference,4,sub
01,10,flocq-reference,512,fma
01,11,universal-posit,1024,sub
01,12,binary-software,7,div
01,13,universal-posit,8,fma
01,14,binary-native-c,32,sqrt
01,15,posit-software,6,sqrt
01,16,mpfr-reference,32,sub
01,17,universal-posit,6,div
01,18,posit-software,4096,fma
01,19,binary-software,8,div
01,20,binary-software,256,mul
01,21,binary-native-c,64,fma
01,22,binary-software,256,add
01,23,universal-posit,32,sub
01,24,cpython-float64,64,mul
01,25,binary-native-c,64,sub
01,26,binary-software,7,sqrt
01,27,flocq-reference,7,div
01,28,mpfr-reference,1024,fma
01,29,binary-software,128,add
01,30,binary-software,6,add
01,31,posit-software,256,sqrt
01,32,posit-software,16,add
01,33,flocq-reference,2048,mul
01,34,binary-software,4,div
01,35,posit-software,2,sub
01,36,binary-software,6,sqrt
01,37,posit-software,32,fma
01,38,flocq-reference,7,mul
01,39,binary-software,8,mul
01,40,flocq-reference,4096,fma
01,41,flocq-reference,7,add
01,42,flocq-reference,2048,sqrt
01,43,flocq-reference,64,div
01,44,posit-software,4,sub
01,45,mpfr-reference,4,div
01,46,binary-software,128,sqrt
01,47,posit-software,7,div
01,48,mpfr-reference,16,add
01,49,posit-software,5,fma
01,50,flocq-reference,128,fma
01,51,mpfr-reference,128,sqrt
01,52,mpfr-reference,64,mul
01,53,flocq-reference,128,div
01,54,mpfr-reference,6,mul
01,55,universal-posit,2048,mul
01,56,softfloat-reference,32,mul
01,57,flocq-reference,6,div
01,58,posit-software,8,sub
01,59,binary-native-c,32,sub
01,60,posit-software,2048,sub
01,61,mpfr-reference,256,mul
01,62,mpfr-reference,8,sqrt
01,63,flocq-reference,4096,sqrt
01,64,binary-software,1024,sub
01,65,flocq-reference,512,sub
01,66,softfloat-reference,32,div
01,67,universal-posit,6,sub
01,68,universal-posit,32,sqrt
01,69,mpfr-reference,5,div
01,70,binary-software,6,sub
01,71,softfloat-reference,64,sub
01,72,universal-posit,256,fma
01,73,posit-software,2,sqrt
01,74,binary-native-c,64,add
01,75,universal-posit,4096,div
01,76,binary-software,1024,mul
01,77,mpfr-reference,1024,add
01,78,posit-software,7,fma
01,79,posit-software,2,add
01,80,cpython-float64,64,div
01,81,flocq-reference,2048,fma
01,82,mpfr-reference,128,fma
01,83,binary-software,6,fma
01,84,posit-software,1024,sqrt
01,85,binary-software,4096,sub
01,86,mpfr-reference,4096,add
01,87,posit-software,512,mul
01,88,flocq-reference,4,mul
01,89,posit-software,7,sub
01,90,binary-software,4,mul
01,91,softfloat-reference,32,add
01,92,mpfr-reference,5,add
01,93,posit-software,5,div
01,94,posit-software,5,add
01,95,mpfr-reference,4,fma
01,96,mpfr-reference,16,sqrt
01,97,mpfr-reference,2048,mul
01,98,mpfr-reference,4096,div
01,99,mpfr-reference,7,sub
01,100,binary-software,5,sub
01,101,posit-software,7,mul
01,102,flocq-reference,1024,div
01,103,softfloat-reference,64,add
01,104,mpfr-reference,128,mul
01,105,softfloat-reference,32,fma
01,106,posit-software,7,sqrt
01,107,binary-native-c,32,add
01,108,universal-posit,5,mul
01,109,mpfr-reference,8,fma
01,110,universal-posit,256,div
01,111,universal-posit,7,mul
01,112,posit-software,64,div
01,113,binary-software,2048,mul
01,114,binary-software,4,add
01,115,flocq-reference,7,fma
01,116,universal-posit,64,fma
01,117,binary-software,256,fma
01,118,flocq-reference,128,sub
01,119,flocq-reference,64,mul
01,120,posit-software,32,add
01,121,flocq-reference,4096,mul
01,122,flocq-reference,5,fma
01,123,posit-software,8,div
01,124,mpfr-reference,2048,fma
01,125,binary-software,32,mul
01,126,binary-software,256,sqrt
01,127,posit-software,5,sub
01,128,flocq-reference,256,sqrt
01,129,universal-posit,512,fma
01,130,posit-software,16,sub
01,131,posit-software,128,sqrt
01,132,binary-software,6,mul
01,133,posit-software,8,mul
01,134,mpfr-reference,16,fma
01,135,flocq-reference,512,add
01,136,softfloat-reference,32,sqrt
01,137,universal-posit,16,sqrt
01,138,flocq-reference,32,add
01,139,mpfr-reference,64,fma
01,140,mpfr-reference,7,fma
01,141,flocq-reference,4096,add
01,142,flocq-reference,64,sqrt
01,143,posit-software,64,sub
01,144,binary-software,256,div
01,145,mpfr-reference,64,div
01,146,posit-software,64,fma
01,147,flocq-reference,32,fma
01,148,mpfr-reference,16,sub
01,149,universal-posit,128,sub
01,150,mpfr-reference,5,mul
01,151,universal-posit,7,fma
01,152,softfloat-reference,64,sqrt
01,153,binary-software,16,add
01,154,mpfr-reference,4096,sub
01,155,universal-posit,1024,div
01,156,posit-software,64,add
01,157,posit-software,256,sub
01,158,posit-software,4096,div
01,159,mpfr-reference,4096,mul
01,160,posit-software,64,mul
01,161,flocq-reference,1024,mul
01,162,binary-native-c,64,mul
01,163,softfloat-reference,32,sub
01,164,flocq-reference,4,add
01,165,posit-software,2,fma
01,166,posit-software,4096,sub
01,167,posit-software,3,div
01,168,flocq-reference,4,sqrt
01,169,posit-software,4,mul
01,170,mpfr-reference,32,mul
01,171,universal-posit,256,add
01,172,mpfr-reference,512,div
01,173,mpfr-reference,64,add
01,174,binary-software,512,sqrt
01,175,universal-posit,16,add
01,176,universal-posit,4096,sub
01,177,mpfr-reference,256,div
01,178,mpfr-reference,4096,sqrt
01,179,posit-software,32,div
01,180,universal-posit,1024,fma
01,181,mpfr-reference,7,sqrt
01,182,binary-software,7,add
01,183,universal-posit,7,sqrt
01,184,mpfr-reference,32,div
01,185,mpfr-reference,7,div
01,186,mpfr-reference,256,sqrt
01,187,flocq-reference,1024,sub
01,188,flocq-reference,4,fma
01,189,binary-software,16,mul
01,190,universal-posit,16,div
01,191,flocq-reference,512,mul
01,192,flocq-reference,8,mul
01,193,mpfr-reference,4,sqrt
01,194,mpfr-reference,256,add
01,195,flocq-reference,8,div
01,196,flocq-reference,32,mul
01,197,mpfr-reference,5,sub
01,198,flocq-reference,32,div
01,199,mpfr-reference,4,mul
01,200,flocq-reference,2048,sub
01,201,mpfr-reference,256,fma
01,202,posit-software,6,add
01,203,flocq-reference,128,mul
01,204,mpfr-reference,32,fma
01,205,posit-software,6,fma
01,206,flocq-reference,6,mul
01,207,posit-software,512,sqrt
01,208,binary-software,64,sub
01,209,flocq-reference,32,sub
01,210,universal-posit,8,div
01,211,binary-software,4096,div
01,212,mpfr-reference,4,add
01,213,binary-software,8,add
01,214,flocq-reference,5,mul
01,215,universal-posit,6,sqrt
01,216,flocq-reference,32,sqrt
01,217,binary-software,32,add
01,218,flocq-reference,128,add
01,219,universal-posit,32,mul
01,220,mpfr-reference,64,sqrt
01,221,binary-software,4096,mul
01,222,binary-software,5,sqrt
01,223,mpfr-reference,1024,sqrt
01,224,universal-posit,4096,add
01,225,binary-software,8,sub
01,226,universal-posit,7,add
01,227,universal-posit,4096,fma
01,228,binary-software,64,sqrt
01,229,binary-software,4096,add
01,230,flocq-reference,64,add
01,231,universal-posit,64,sub
01,232,mpfr-reference,7,add
01,233,posit-software,7,add
01,234,binary-software,7,mul
01,235,binary-software,32,fma
01,236,posit-software,2048,mul
01,237,flocq-reference,6,sub
01,238,binary-software,16,div
01,239,mpfr-reference,32,sqrt
01,240,binary-software,128,sub
01,241,mpfr-reference,512,fma
01,242,binary-native-c,64,sqrt
01,243,binary-software,2048,fma
01,244,mpfr-reference,512,mul
01,245,binary-software,128,div
01,246,flocq-reference,8,fma
01,247,posit-software,16,sqrt
01,248,mpfr-reference,2048,sqrt
01,249,mpfr-reference,32,add
01,250,universal-posit,6,mul
01,251,flocq-reference,4,div
01,252,posit-software,32,sqrt
01,253,flocq-reference,128,sqrt
01,254,universal-posit,1024,add
01,255,posit-software,2048,div
01,256,flocq-reference,1024,add
01,257,binary-software,16,fma
01,258,universal-posit,5,add
01,259,posit-software,3,add
01,260,mpfr-reference,2048,add
01,261,mpfr-reference,6,sub
01,262,posit-software,8,fma
01,263,posit-software,256,fma
01,264,posit-software,6,sub
01,265,universal-posit,5,fma
01,266,universal-posit,256,sub
01,267,flocq-reference,5,add
01,268,posit-software,512,add
01,269,flocq-reference,16,sqrt
01,270,posit-software,32,mul
01,271,flocq-reference,4,sub
01,272,universal-posit,4096,mul
01,273,universal-posit,256,mul
01,274,mpfr-reference,4096,fma
01,275,binary-software,2048,sqrt
01,276,posit-software,16,fma
01,277,binary-software,1024,fma
01,278,binary-software,5,div
01,279,binary-software,64,div
01,280,binary-software,2048,div
01,281,flocq-reference,64,fma
01,282,binary-software,8,fma
01,283,universal-posit,5,div
01,284,universal-posit,32,add
01,285,posit-software,2,mul
01,286,flocq-reference,256,sub
01,287,universal-posit,8,mul
01,288,universal-posit,8,sub
01,289,binary-software,2048,sub
01,290,mpfr-reference,64,sub
01,291,universal-posit,32,fma
01,292,posit-software,5,sqrt
01,293,universal-posit,5,sqrt
01,294,mpfr-reference,128,add
01,295,universal-posit,512,mul
01,296,binary-software,4,sub
01,297,universal-posit,2048,sub
01,298,flocq-reference,8,sqrt
01,299,mpfr-reference,8,sub
01,300,flocq-reference,5,sqrt
01,301,flocq-reference,16,add
01,302,universal-posit,2048,add
01,303,posit-software,16,div
01,304,mpfr-reference,5,fma
01,305,posit-software,2,div
01,306,binary-native-c,32,mul
01,307,mpfr-reference,6,add
01,308,universal-posit,512,add
01,309,binary-software,4,fma
01,310,posit-software,8,sqrt
01,311,binary-software,5,add
01,312,binary-software,2048,add
01,313,softfloat-reference,64,fma
01,314,universal-posit,2048,fma
01,315,binary-software,7,sub
01,316,flocq-reference,2048,div
01,317,flocq-reference,256,add
01,318,binary-software,8,sqrt
01,319,flocq-reference,7,sub
01,320,binary-software,512,mul
01,321,posit-software,256,div
01,322,binary-software,512,fma
01,323,mpfr-reference,1024,mul
01,324,universal-posit,7,sub
01,325,flocq-reference,4096,div
01,326,binary-software,4096,fma
01,327,posit-software,64,sqrt
01,328,flocq-reference,8,sub
01,329,flocq-reference,16,div
01,330,posit-software,1024,add
01,331,binary-software,6,div
01,332,posit-software,4,div
01,333,posit-software,6,mul
01,334,universal-posit,8,sqrt
01,335,posit-software,128,sub
01,336,posit-software,512,fma
01,337,universal-posit,64,add
01,338,flocq-reference,2048,add
01,339,binary-software,1024,add
01,340,binary-software,512,add
01,341,binary-software,128,fma
01,342,flocq-reference,16,mul
01,343,posit-software,3,fma
01,344,binary-software,32,div
01,345,binary-software,4096,sqrt
01,346,softfloat-reference,64,div
01,347,flocq-reference,512,sqrt
01,348,universal-posit,16,sub
01,349,flocq-reference,5,sub
01,350,universal-posit,2048,div
01,351,mpfr-reference,2048,div
01,352,binary-software,1024,div
01,353,posit-software,16,mul
01,354,binary-native-c,64,div
01,355,posit-software,8,add
01,356,mpfr-reference,1024,sub
01,357,mpfr-reference,16,mul
01,358,universal-posit,128,fma
01,359,posit-software,1024,div
01,360,posit-software,1024,sub
01,361,binary-software,64,fma
01,362,flocq-reference,64,sub
01,363,mpfr-reference,6,div
01,364,universal-posit,7,div
01,365,flocq-reference,8,add
01,366,mpfr-reference,512,sqrt
01,367,universal-posit,128,div
01,368,universal-posit,16,fma
01,369,binary-software,512,div
01,370,flocq-reference,5,div
01,371,mpfr-reference,6,fma
01,372,mpfr-reference,2048,sub
01,373,binary-software,1024,sqrt
01,374,cpython-float64,64,sub
01,375,flocq-reference,512,div
01,376,mpfr-reference,1024,div
01,377,universal-posit,128,add
01,378,binary-software,512,sub
01,379,binary-software,128,mul
01,380,flocq-reference,6,fma
01,381,binary-software,64,mul
01,382,posit-software,512,sub
01,383,mpfr-reference,7,mul
01,384,posit-software,128,mul
01,385,posit-software,4,fma
01,386,binary-software,16,sqrt
01,387,posit-software,256,mul
01,388,posit-software,3,mul
01,389,universal-posit,6,fma
01,390,flocq-reference,6,sqrt
01,391,posit-software,128,div
01,392,flocq-reference,1024,sqrt
01,393,flocq-reference,7,sqrt
01,394,universal-posit,128,mul
01,395,posit-software,4,sqrt
01,396,flocq-reference,256,fma
01,397,universal-posit,512,sub
01,398,mpfr-reference,8,div
01,399,posit-software,4,add
01,400,binary-software,32,sub
01,401,posit-software,128,fma
01,402,flocq-reference,6,add
01,403,binary-software,32,sqrt
01,404,posit-software,6,div
01,405,flocq-reference,1024,fma
01,406,flocq-reference,256,div
01,407,posit-software,4096,mul
01,408,universal-posit,32,div
01,409,binary-software,4,sqrt
01,410,cpython-float64,64,add
01,411,binary-software,16,sub
01,412,mpfr-reference,256,sub
01,413,posit-software,1024,mul
01,414,universal-posit,1024,mul
01,415,mpfr-reference,128,sub
01,416,flocq-reference,256,mul
01,417,universal-posit,512,div
01,418,softfloat-reference,64,mul
01,419,flocq-reference,4096,sub
01,420,posit-software,2048,sqrt
01,421,mpfr-reference,512,add
01,422,posit-software,128,add
01,423,posit-software,256,add
01,424,binary-software,5,fma
01,425,posit-software,32,sub
01,426,binary-native-c,32,fma
01,427,universal-posit,5,sub
01,428,posit-software,4096,sqrt
01,429,posit-software,1024,fma
01,430,mpfr-reference,8,mul
01,431,posit-software,2048,add
01,432,mpfr-reference,128,div
01,433,universal-posit,6,add
01,434,universal-posit,8,add
01,435,universal-posit,64,mul
01,436,flocq-reference,16,sub
01,437,binary-native-c,32,div
01,438,posit-software,4096,add
01,439,universal-posit,64,div
01,440,mpfr-reference,6,sqrt
01,441,mpfr-reference,512,sub
01,442,posit-software,5,mul
01,443,binary-software,64,add
01,444,posit-software,3,sub
01,445,flocq-reference,16,fma
01,446,binary-software,256,sub
01,447,posit-software,2048,fma
02,0,posit-software,5,fma
02,1,flocq-reference,128,fma
02,2,mpfr-reference,128,sqrt
02,3,mpfr-reference,64,mul
02,4,flocq-reference,128,div
02,5,mpfr-reference,6,mul
02,6,universal-posit,2048,mul
02,7,softfloat-reference,32,mul
02,8,flocq-reference,6,div
02,9,posit-software,8,sub
02,10,binary-native-c,32,sub
02,11,posit-software,2048,sub
02,12,mpfr-reference,256,mul
02,13,mpfr-reference,8,sqrt
02,14,flocq-reference,4096,sqrt
02,15,binary-software,1024,sub
02,16,flocq-reference,512,sub
02,17,softfloat-reference,32,div
02,18,universal-posit,6,sub
02,19,universal-posit,32,sqrt
02,20,mpfr-reference,5,div
02,21,binary-software,6,sub
02,22,softfloat-reference,64,sub
02,23,universal-posit,256,fma
02,24,posit-software,2,sqrt
02,25,binary-native-c,64,add
02,26,universal-posit,4096,div
02,27,binary-software,1024,mul
02,28,mpfr-reference,1024,add
02,29,posit-software,7,fma
02,30,posit-software,2,add
02,31,cpython-float64,64,div
02,32,flocq-reference,2048,fma
02,33,mpfr-reference,128,fma
02,34,binary-software,6,fma
02,35,posit-software,1024,sqrt
02,36,binary-software,4096,sub
02,37,mpfr-reference,4096,add
02,38,posit-software,512,mul
02,39,flocq-reference,4,mul
02,40,posit-software,7,sub
02,41,binary-software,4,mul
02,42,softfloat-reference,32,add
02,43,mpfr-reference,5,add
02,44,posit-software,5,div
02,45,posit-software,5,add
02,46,mpfr-reference,4,fma
02,47,mpfr-reference,16,sqrt
02,48,mpfr-reference,2048,mul
02,49,mpfr-reference,4096,div
02,50,mpfr-reference,7,sub
02,51,binary-software,5,sub
02,52,posit-software,7,mul
02,53,flocq-reference,1024,div
02,54,softfloat-reference,64,add
02,55,mpfr-reference,128,mul
02,56,softfloat-reference,32,fma
02,57,posit-software,7,sqrt
02,58,binary-native-c,32,add
02,59,universal-posit,5,mul
02,60,mpfr-reference,8,fma
02,61,universal-posit,256,div
02,62,universal-posit,7,mul
02,63,posit-software,64,div
02,64,binary-software,2048,mul
02,65,binary-software,4,add
02,66,flocq-reference,7,fma
02,67,universal-posit,64,fma
02,68,binary-software,256,fma
02,69,flocq-reference,128,sub
02,70,flocq-reference,64,mul
02,71,posit-software,32,add
02,72,flocq-reference,4096,mul
02,73,flocq-reference,5,fma
02,74,posit-software,8,div
02,75,mpfr-reference,2048,fma
02,76,binary-software,32,mul
02,77,binary-software,256,sqrt
02,78,posit-software,5,sub
02,79,flocq-reference,256,sqrt
02,80,universal-posit,512,fma
02,81,posit-software,16,sub
02,82,posit-software,128,sqrt
02,83,binary-software,6,mul
02,84,posit-software,8,mul
02,85,mpfr-reference,16,fma
02,86,flocq-reference,512,add
02,87,softfloat-reference,32,sqrt
02,88,universal-posit,16,sqrt
02,89,flocq-reference,32,add
02,90,mpfr-reference,64,fma
02,91,mpfr-reference,7,fma
02,92,flocq-reference,4096,add
02,93,flocq-reference,64,sqrt
02,94,posit-software,64,sub
02,95,binary-software,256,div
02,96,mpfr-reference,64,div
02,97,posit-software,64,fma
02,98,flocq-reference,32,fma
02,99,mpfr-reference,16,sub
02,100,universal-posit,128,sub
02,101,mpfr-reference,5,mul
02,102,universal-posit,7,fma
02,103,softfloat-reference,64,sqrt
02,104,binary-software,16,add
02,105,mpfr-reference,4096,sub
02,106,universal-posit,1024,div
02,107,posit-software,64,add
02,108,posit-software,256,sub
02,109,posit-software,4096,div
02,110,mpfr-reference,4096,mul
02,111,posit-software,64,mul
02,112,flocq-reference,1024,mul
02,113,binary-native-c,64,mul
02,114,softfloat-reference,32,sub
02,115,flocq-reference,4,add
02,116,posit-software,2,fma
02,117,posit-software,4096,sub
02,118,posit-software,3,div
02,119,flocq-reference,4,sqrt
02,120,posit-software,4,mul
02,121,mpfr-reference,32,mul
02,122,universal-posit,256,add
02,123,mpfr-reference,512,div
02,124,mpfr-reference,64,add
02,125,binary-software,512,sqrt
02,126,universal-posit,16,add
02,127,universal-posit,4096,sub
02,128,mpfr-reference,256,div
02,129,mpfr-reference,4096,sqrt
02,130,posit-software,32,div
02,131,universal-posit,1024,fma
02,132,mpfr-reference,7,sqrt
02,133,binary-software,7,add
02,134,universal-posit,7,sqrt
02,135,mpfr-reference,32,div
02,136,mpfr-reference,7,div
02,137,mpfr-reference,256,sqrt
02,138,flocq-reference,1024,sub
02,139,flocq-reference,4,fma
02,140,binary-software,16,mul
02,141,universal-posit,16,div
02,142,flocq-reference,512,mul
02,143,flocq-reference,8,mul
02,144,mpfr-reference,4,sqrt
02,145,mpfr-reference,256,add
02,146,flocq-reference,8,div
02,147,flocq-reference,32,mul
02,148,mpfr-reference,5,sub
02,149,flocq-reference,32,div
02,150,mpfr-reference,4,mul
02,151,flocq-reference,2048,sub
02,152,mpfr-reference,256,fma
02,153,posit-software,6,add
02,154,flocq-reference,128,mul
02,155,mpfr-reference,32,fma
02,156,posit-software,6,fma
02,157,flocq-reference,6,mul
02,158,posit-software,512,sqrt
02,159,binary-software,64,sub
02,160,flocq-reference,32,sub
02,161,universal-posit,8,div
02,162,binary-software,4096,div
02,163,mpfr-reference,4,add
02,164,binary-software,8,add
02,165,flocq-reference,5,mul
02,166,universal-posit,6,sqrt
02,167,flocq-reference,32,sqrt
02,168,binary-software,32,add
02,169,flocq-reference,128,add
02,170,universal-posit,32,mul
02,171,mpfr-reference,64,sqrt
02,172,binary-software,4096,mul
02,173,binary-software,5,sqrt
02,174,mpfr-reference,1024,sqrt
02,175,universal-posit,4096,add
02,176,binary-software,8,sub
02,177,universal-posit,7,add
02,178,universal-posit,4096,fma
02,179,binary-software,64,sqrt
02,180,binary-software,4096,add
02,181,flocq-reference,64,add
02,182,universal-posit,64,sub
02,183,mpfr-reference,7,add
02,184,posit-software,7,add
02,185,binary-software,7,mul
02,186,binary-software,32,fma
02,187,posit-software,2048,mul
02,188,flocq-reference,6,sub
02,189,binary-software,16,div
02,190,mpfr-reference,32,sqrt
02,191,binary-software,128,sub
02,192,mpfr-reference,512,fma
02,193,binary-native-c,64,sqrt
02,194,binary-software,2048,fma
02,195,mpfr-reference,512,mul
02,196,binary-software,128,div
02,197,flocq-reference,8,fma
02,198,posit-software,16,sqrt
02,199,mpfr-reference,2048,sqrt
02,200,mpfr-reference,32,add
02,201,universal-posit,6,mul
02,202,flocq-reference,4,div
02,203,posit-software,32,sqrt
02,204,flocq-reference,128,sqrt
02,205,universal-posit,1024,add
02,206,posit-software,2048,div
02,207,flocq-reference,1024,add
02,208,binary-software,16,fma
02,209,universal-posit,5,add
02,210,posit-software,3,add
02,211,mpfr-reference,2048,add
02,212,mpfr-reference,6,sub
02,213,posit-software,8,fma
02,214,posit-software,256,fma
02,215,posit-software,6,sub
02,216,universal-posit,5,fma
02,217,universal-posit,256,sub
02,218,flocq-reference,5,add
02,219,posit-software,512,add
02,220,flocq-reference,16,sqrt
02,221,posit-software,32,mul
02,222,flocq-reference,4,sub
02,223,universal-posit,4096,mul
02,224,universal-posit,256,mul
02,225,mpfr-reference,4096,fma
02,226,binary-software,2048,sqrt
02,227,posit-software,16,fma
02,228,binary-software,1024,fma
02,229,binary-software,5,div
02,230,binary-software,64,div
02,231,binary-software,2048,div
02,232,flocq-reference,64,fma
02,233,binary-software,8,fma
02,234,universal-posit,5,div
02,235,universal-posit,32,add
02,236,posit-software,2,mul
02,237,flocq-reference,256,sub
02,238,universal-posit,8,mul
02,239,universal-posit,8,sub
02,240,binary-software,2048,sub
02,241,mpfr-reference,64,sub
02,242,universal-posit,32,fma
02,243,posit-software,5,sqrt
02,244,universal-posit,5,sqrt
02,245,mpfr-reference,128,add
02,246,universal-posit,512,mul
02,247,binary-software,4,sub
02,248,universal-posit,2048,sub
02,249,flocq-reference,8,sqrt
02,250,mpfr-reference,8,sub
02,251,flocq-reference,5,sqrt
02,252,flocq-reference,16,add
02,253,universal-posit,2048,add
02,254,posit-software,16,div
02,255,mpfr-reference,5,fma
02,256,posit-software,2,div
02,257,binary-native-c,32,mul
02,258,mpfr-reference,6,add
02,259,universal-posit,512,add
02,260,binary-software,4,fma
02,261,posit-software,8,sqrt
02,262,binary-software,5,add
02,263,binary-software,2048,add
02,264,softfloat-reference,64,fma
02,265,universal-posit,2048,fma
02,266,binary-software,7,sub
02,267,flocq-reference,2048,div
02,268,flocq-reference,256,add
02,269,binary-software,8,sqrt
02,270,flocq-reference,7,sub
02,271,binary-software,512,mul
02,272,posit-software,256,div
02,273,binary-software,512,fma
02,274,mpfr-reference,1024,mul
02,275,universal-posit,7,sub
02,276,flocq-reference,4096,div
02,277,binary-software,4096,fma
02,278,posit-software,64,sqrt
02,279,flocq-reference,8,sub
02,280,flocq-reference,16,div
02,281,posit-software,1024,add
02,282,binary-software,6,div
02,283,posit-software,4,div
02,284,posit-software,6,mul
02,285,universal-posit,8,sqrt
02,286,posit-software,128,sub
02,287,posit-software,512,fma
02,288,universal-posit,64,add
02,289,flocq-reference,2048,add
02,290,binary-software,1024,add
02,291,binary-software,512,add
02,292,binary-software,128,fma
02,293,flocq-reference,16,mul
02,294,posit-software,3,fma
02,295,binary-software,32,div
02,296,binary-software,4096,sqrt
02,297,softfloat-reference,64,div
02,298,flocq-reference,512,sqrt
02,299,universal-posit,16,sub
02,300,flocq-reference,5,sub
02,301,universal-posit,2048,div
02,302,mpfr-reference,2048,div
02,303,binary-software,1024,div
02,304,posit-software,16,mul
02,305,binary-native-c,64,div
02,306,posit-software,8,add
02,307,mpfr-reference,1024,sub
02,308,mpfr-reference,16,mul
02,309,universal-posit,128,fma
02,310,posit-software,1024,div
02,311,posit-software,1024,sub
02,312,binary-software,64,fma
02,313,flocq-reference,64,sub
02,314,mpfr-reference,6,div
02,315,universal-posit,7,div
02,316,flocq-reference,8,add
02,317,mpfr-reference,512,sqrt
02,318,universal-posit,128,div
02,319,universal-posit,16,fma
02,320,binary-software,512,div
02,321,flocq-reference,5,div
02,322,mpfr-reference,6,fma
02,323,mpfr-reference,2048,sub
02,324,binary-software,1024,sqrt
02,325,cpython-float64,64,sub
02,326,flocq-reference,512,div
02,327,mpfr-reference,1024,div
02,328,universal-posit,128,add
02,329,binary-software,512,sub
02,330,binary-software,128,mul
02,331,flocq-reference,6,fma
02,332,binary-software,64,mul
02,333,posit-software,512,sub
02,334,mpfr-reference,7,mul
02,335,posit-software,128,mul
02,336,posit-software,4,fma
02,337,binary-software,16,sqrt
02,338,posit-software,256,mul
02,339,posit-software,3,mul
02,340,universal-posit,6,fma
02,341,flocq-reference,6,sqrt
02,342,posit-software,128,div
02,343,flocq-reference,1024,sqrt
02,344,flocq-reference,7,sqrt
02,345,universal-posit,128,mul
02,346,posit-software,4,sqrt
02,347,flocq-reference,256,fma
02,348,universal-posit,512,sub
02,349,mpfr-reference,8,div
02,350,posit-software,4,add
02,351,binary-software,32,sub
02,352,posit-software,128,fma
02,353,flocq-reference,6,add
02,354,binary-software,32,sqrt
02,355,posit-software,6,div
02,356,flocq-reference,1024,fma
02,357,flocq-reference,256,div
02,358,posit-software,4096,mul
02,359,universal-posit,32,div
02,360,binary-software,4,sqrt
02,361,cpython-float64,64,add
02,362,binary-software,16,sub
02,363,mpfr-reference,256,sub
02,364,posit-software,1024,mul
02,365,universal-posit,1024,mul
02,366,mpfr-reference,128,sub
02,367,flocq-reference,256,mul
02,368,universal-posit,512,div
02,369,softfloat-reference,64,mul
02,370,flocq-reference,4096,sub
02,371,posit-software,2048,sqrt
02,372,mpfr-reference,512,add
02,373,posit-software,128,add
02,374,posit-software,256,add
02,375,binary-software,5,fma
02,376,posit-software,32,sub
02,377,binary-native-c,32,fma
02,378,universal-posit,5,sub
02,379,posit-software,4096,sqrt
02,380,posit-software,1024,fma
02,381,mpfr-reference,8,mul
02,382,posit-software,2048,add
02,383,mpfr-reference,128,div
02,384,universal-posit,6,add
02,385,universal-posit,8,add
02,386,universal-posit,64,mul
02,387,flocq-reference,16,sub
02,388,binary-native-c,32,div
02,389,posit-software,4096,add
02,390,universal-posit,64,div
02,391,mpfr-reference,6,sqrt
02,392,mpfr-reference,512,sub
02,393,posit-software,5,mul
02,394,binary-software,64,add
02,395,posit-software,3,sub
02,396,flocq-reference,16,fma
02,397,binary-software,256,sub
02,398,posit-software,2048,fma
02,399,cpython-float64,64,sqrt
02,400,mpfr-reference,5,sqrt
02,401,posit-software,512,div
02,402,binary-software,7,fma
02,403,universal-posit,16,mul
02,404,mpfr-reference,16,div
02,405,mpfr-reference,8,add
02,406,binary-software,5,mul
02,407,posit-software,3,sqrt
02,408,mpfr-reference,4,sub
02,409,flocq-reference,512,fma
02,410,universal-posit,1024,sub
02,411,binary-software,7,div
02,412,universal-posit,8,fma
02,413,binary-native-c,32,sqrt
02,414,posit-software,6,sqrt
02,415,mpfr-reference,32,sub
02,416,universal-posit,6,div
02,417,posit-software,4096,fma
02,418,binary-software,8,div
02,419,binary-software,256,mul
02,420,binary-native-c,64,fma
02,421,binary-software,256,add
02,422,universal-posit,32,sub
02,423,cpython-float64,64,mul
02,424,binary-native-c,64,sub
02,425,binary-software,7,sqrt
02,426,flocq-reference,7,div
02,427,mpfr-reference,1024,fma
02,428,binary-software,128,add
02,429,binary-software,6,add
02,430,posit-software,256,sqrt
02,431,posit-software,16,add
02,432,flocq-reference,2048,mul
02,433,binary-software,4,div
02,434,posit-software,2,sub
02,435,binary-software,6,sqrt
02,436,posit-software,32,fma
02,437,flocq-reference,7,mul
02,438,binary-software,8,mul
02,439,flocq-reference,4096,fma
02,440,flocq-reference,7,add
02,441,flocq-reference,2048,sqrt
02,442,flocq-reference,64,div
02,443,posit-software,4,sub
02,444,mpfr-reference,4,div
02,445,binary-software,128,sqrt
02,446,posit-software,7,div
02,447,mpfr-reference,16,add
03,0,mpfr-reference,7,sub
03,1,binary-software,5,sub
03,2,posit-software,7,mul
03,3,flocq-reference,1024,div
03,4,softfloat-reference,64,add
03,5,mpfr-reference,128,mul
03,6,softfloat-reference,32,fma
03,7,posit-software,7,sqrt
03,8,binary-native-c,32,add
03,9,universal-posit,5,mul
03,10,mpfr-reference,8,fma
03,11,universal-posit,256,div
03,12,universal-posit,7,mul
03,13,posit-software,64,div
03,14,binary-software,2048,mul
03,15,binary-software,4,add
03,16,flocq-reference,7,fma
03,17,universal-posit,64,fma
03,18,binary-software,256,fma
03,19,flocq-reference,128,sub
03,20,flocq-reference,64,mul
03,21,posit-software,32,add
03,22,flocq-reference,4096,mul
03,23,flocq-reference,5,fma
03,24,posit-software,8,div
03,25,mpfr-reference,2048,fma
03,26,binary-software,32,mul
03,27,binary-software,256,sqrt
03,28,posit-software,5,sub
03,29,flocq-reference,256,sqrt
03,30,universal-posit,512,fma
03,31,posit-software,16,sub
03,32,posit-software,128,sqrt
03,33,binary-software,6,mul
03,34,posit-software,8,mul
03,35,mpfr-reference,16,fma
03,36,flocq-reference,512,add
03,37,softfloat-reference,32,sqrt
03,38,universal-posit,16,sqrt
03,39,flocq-reference,32,add
03,40,mpfr-reference,64,fma
03,41,mpfr-reference,7,fma
03,42,flocq-reference,4096,add
03,43,flocq-reference,64,sqrt
03,44,posit-software,64,sub
03,45,binary-software,256,div
03,46,mpfr-reference,64,div
03,47,posit-software,64,fma
03,48,flocq-reference,32,fma
03,49,mpfr-reference,16,sub
03,50,universal-posit,128,sub
03,51,mpfr-reference,5,mul
03,52,universal-posit,7,fma
03,53,softfloat-reference,64,sqrt
03,54,binary-software,16,add
03,55,mpfr-reference,4096,sub
03,56,universal-posit,1024,div
03,57,posit-software,64,add
03,58,posit-software,256,sub
03,59,posit-software,4096,div
03,60,mpfr-reference,4096,mul
03,61,posit-software,64,mul
03,62,flocq-reference,1024,mul
03,63,binary-native-c,64,mul
03,64,softfloat-reference,32,sub
03,65,flocq-reference,4,add
03,66,posit-software,2,fma
03,67,posit-software,4096,sub
03,68,posit-software,3,div
03,69,flocq-reference,4,sqrt
03,70,posit-software,4,mul
03,71,mpfr-reference,32,mul
03,72,universal-posit,256,add
03,73,mpfr-reference,512,div
03,74,mpfr-reference,64,add
03,75,binary-software,512,sqrt
03,76,universal-posit,16,add
03,77,universal-posit,4096,sub
03,78,mpfr-reference,256,div
03,79,mpfr-reference,4096,sqrt
03,80,posit-software,32,div
03,81,universal-posit,1024,fma
03,82,mpfr-reference,7,sqrt
03,83,binary-software,7,add
03,84,universal-posit,7,sqrt
03,85,mpfr-reference,32,div
03,86,mpfr-reference,7,div
03,87,mpfr-reference,256,sqrt
03,88,flocq-reference,1024,sub
03,89,flocq-reference,4,fma
03,90,binary-software,16,mul
03,91,universal-posit,16,div
03,92,flocq-reference,512,mul
03,93,flocq-reference,8,mul
03,94,mpfr-reference,4,sqrt
03,95,mpfr-reference,256,add
03,96,flocq-reference,8,div
03,97,flocq-reference,32,mul
03,98,mpfr-reference,5,sub
03,99,flocq-reference,32,div
03,100,mpfr-reference,4,mul
03,101,flocq-reference,2048,sub
03,102,mpfr-reference,256,fma
03,103,posit-software,6,add
03,104,flocq-reference,128,mul
03,105,mpfr-reference,32,fma
03,106,posit-software,6,fma
03,107,flocq-reference,6,mul
03,108,posit-software,512,sqrt
03,109,binary-software,64,sub
03,110,flocq-reference,32,sub
03,111,universal-posit,8,div
03,112,binary-software,4096,div
03,113,mpfr-reference,4,add
03,114,binary-software,8,add
03,115,flocq-reference,5,mul
03,116,universal-posit,6,sqrt
03,117,flocq-reference,32,sqrt
03,118,binary-software,32,add
03,119,flocq-reference,128,add
03,120,universal-posit,32,mul
03,121,mpfr-reference,64,sqrt
03,122,binary-software,4096,mul
03,123,binary-software,5,sqrt
03,124,mpfr-reference,1024,sqrt
03,125,universal-posit,4096,add
03,126,binary-software,8,sub
03,127,universal-posit,7,add
03,128,universal-posit,4096,fma
03,129,binary-software,64,sqrt
03,130,binary-software,4096,add
03,131,flocq-reference,64,add
03,132,universal-posit,64,sub
03,133,mpfr-reference,7,add
03,134,posit-software,7,add
03,135,binary-software,7,mul
03,136,binary-software,32,fma
03,137,posit-software,2048,mul
03,138,flocq-reference,6,sub
03,139,binary-software,16,div
03,140,mpfr-reference,32,sqrt
03,141,binary-software,128,sub
03,142,mpfr-reference,512,fma
03,143,binary-native-c,64,sqrt
03,144,binary-software,2048,fma
03,145,mpfr-reference,512,mul
03,146,binary-software,128,div
03,147,flocq-reference,8,fma
03,148,posit-software,16,sqrt
03,149,mpfr-reference,2048,sqrt
03,150,mpfr-reference,32,add
03,151,universal-posit,6,mul
03,152,flocq-reference,4,div
03,153,posit-software,32,sqrt
03,154,flocq-reference,128,sqrt
03,155,universal-posit,1024,add
03,156,posit-software,2048,div
03,157,flocq-reference,1024,add
03,158,binary-software,16,fma
03,159,universal-posit,5,add
03,160,posit-software,3,add
03,161,mpfr-reference,2048,add
03,162,mpfr-reference,6,sub
03,163,posit-software,8,fma
03,164,posit-software,256,fma
03,165,posit-software,6,sub
03,166,universal-posit,5,fma
03,167,universal-posit,256,sub
03,168,flocq-reference,5,add
03,169,posit-software,512,add
03,170,flocq-reference,16,sqrt
03,171,posit-software,32,mul
03,172,flocq-reference,4,sub
03,173,universal-posit,4096,mul
03,174,universal-posit,256,mul
03,175,mpfr-reference,4096,fma
03,176,binary-software,2048,sqrt
03,177,posit-software,16,fma
03,178,binary-software,1024,fma
03,179,binary-software,5,div
03,180,binary-software,64,div
03,181,binary-software,2048,div
03,182,flocq-reference,64,fma
03,183,binary-software,8,fma
03,184,universal-posit,5,div
03,185,universal-posit,32,add
03,186,posit-software,2,mul
03,187,flocq-reference,256,sub
03,188,universal-posit,8,mul
03,189,universal-posit,8,sub
03,190,binary-software,2048,sub
03,191,mpfr-reference,64,sub
03,192,universal-posit,32,fma
03,193,posit-software,5,sqrt
03,194,universal-posit,5,sqrt
03,195,mpfr-reference,128,add
03,196,universal-posit,512,mul
03,197,binary-software,4,sub
03,198,universal-posit,2048,sub
03,199,flocq-reference,8,sqrt
03,200,mpfr-reference,8,sub
03,201,flocq-reference,5,sqrt
03,202,flocq-reference,16,add
03,203,universal-posit,2048,add
03,204,posit-software,16,div
03,205,mpfr-reference,5,fma
03,206,posit-software,2,div
03,207,binary-native-c,32,mul
03,208,mpfr-reference,6,add
03,209,universal-posit,512,add
03,210,binary-software,4,fma
03,211,posit-software,8,sqrt
03,212,binary-software,5,add
03,213,binary-software,2048,add
03,214,softfloat-reference,64,fma
03,215,universal-posit,2048,fma
03,216,binary-software,7,sub
03,217,flocq-reference,2048,div
03,218,flocq-reference,256,add
03,219,binary-software,8,sqrt
03,220,flocq-reference,7,sub
03,221,binary-software,512,mul
03,222,posit-software,256,div
03,223,binary-software,512,fma
03,224,mpfr-reference,1024,mul
03,225,universal-posit,7,sub
03,226,flocq-reference,4096,div
03,227,binary-software,4096,fma
03,228,posit-software,64,sqrt
03,229,flocq-reference,8,sub
03,230,flocq-reference,16,div
03,231,posit-software,1024,add
03,232,binary-software,6,div
03,233,posit-software,4,div
03,234,posit-software,6,mul
03,235,universal-posit,8,sqrt
03,236,posit-software,128,sub
03,237,posit-software,512,fma
03,238,universal-posit,64,add
03,239,flocq-reference,2048,add
03,240,binary-software,1024,add
03,241,binary-software,512,add
03,242,binary-software,128,fma
03,243,flocq-reference,16,mul
03,244,posit-software,3,fma
03,245,binary-software,32,div
03,246,binary-software,4096,sqrt
03,247,softfloat-reference,64,div
03,248,flocq-reference,512,sqrt
03,249,universal-posit,16,sub
03,250,flocq-reference,5,sub
03,251,universal-posit,2048,div
03,252,mpfr-reference,2048,div
03,253,binary-software,1024,div
03,254,posit-software,16,mul
03,255,binary-native-c,64,div
03,256,posit-software,8,add
03,257,mpfr-reference,1024,sub
03,258,mpfr-reference,16,mul
03,259,universal-posit,128,fma
03,260,posit-software,1024,div
03,261,posit-software,1024,sub
03,262,binary-software,64,fma
03,263,flocq-reference,64,sub
03,264,mpfr-reference,6,div
03,265,universal-posit,7,div
03,266,flocq-reference,8,add
03,267,mpfr-reference,512,sqrt
03,268,universal-posit,128,div
03,269,universal-posit,16,fma
03,270,binary-software,512,div
03,271,flocq-reference,5,div
03,272,mpfr-reference,6,fma
03,273,mpfr-reference,2048,sub
03,274,binary-software,1024,sqrt
03,275,cpython-float64,64,sub
03,276,flocq-reference,512,div
03,277,mpfr-reference,1024,div
03,278,universal-posit,128,add
03,279,binary-software,512,sub
03,280,binary-software,128,mul
03,281,flocq-reference,6,fma
03,282,binary-software,64,mul
03,283,posit-software,512,sub
03,284,mpfr-reference,7,mul
03,285,posit-software,128,mul
03,286,posit-software,4,fma
03,287,binary-software,16,sqrt
03,288,posit-software,256,mul
03,289,posit-software,3,mul
03,290,universal-posit,6,fma
03,291,flocq-reference,6,sqrt
03,292,posit-software,128,div
03,293,flocq-reference,1024,sqrt
03,294,flocq-reference,7,sqrt
03,295,universal-posit,128,mul
03,296,posit-software,4,sqrt
03,297,flocq-reference,256,fma
03,298,universal-posit,512,sub
03,299,mpfr-reference,8,div
03,300,posit-software,4,add
03,301,binary-software,32,sub
03,302,posit-software,128,fma
03,303,flocq-reference,6,add
03,304,binary-software,32,sqrt
03,305,posit-software,6,div
03,306,flocq-reference,1024,fma
03,307,flocq-reference,256,div
03,308,posit-software,4096,mul
03,309,universal-posit,32,div
03,310,binary-software,4,sqrt
03,311,cpython-float64,64,add
03,312,binary-software,16,sub
03,313,mpfr-reference,256,sub
03,314,posit-software,1024,mul
03,315,universal-posit,1024,mul
03,316,mpfr-reference,128,sub
03,317,flocq-reference,256,mul
03,318,universal-posit,512,div
03,319,softfloat-reference,64,mul
03,320,flocq-reference,4096,sub
03,321,posit-software,2048,sqrt
03,322,mpfr-reference,512,add
03,323,posit-software,128,add
03,324,posit-software,256,add
03,325,binary-software,5,fma
03,326,posit-software,32,sub
03,327,binary-native-c,32,fma
03,328,universal-posit,5,sub
03,329,posit-software,4096,sqrt
03,330,posit-software,1024,fma
03,331,mpfr-reference,8,mul
03,332,posit-software,2048,add
03,333,mpfr-reference,128,div
03,334,universal-posit,6,add
03,335,universal-posit,8,add
03,336,universal-posit,64,mul
03,337,flocq-reference,16,sub
03,338,binary-native-c,32,div
03,339,posit-software,4096,add
03,340,universal-posit,64,div
03,341,mpfr-reference,6,sqrt
03,342,mpfr-reference,512,sub
03,343,posit-software,5,mul
03,344,binary-software,64,add
03,345,posit-software,3,sub
03,346,flocq-reference,16,fma
03,347,binary-software,256,sub
03,348,posit-software,2048,fma
03,349,cpython-float64,64,sqrt
03,350,mpfr-reference,5,sqrt
03,351,posit-software,512,div
03,352,binary-software,7,fma
03,353,universal-posit,16,mul
03,354,mpfr-reference,16,div
03,355,mpfr-reference,8,add
03,356,binary-software,5,mul
03,357,posit-software,3,sqrt
03,358,mpfr-reference,4,sub
03,359,flocq-reference,512,fma
03,360,universal-posit,1024,sub
03,361,binary-software,7,div
03,362,universal-posit,8,fma
03,363,binary-native-c,32,sqrt
03,364,posit-software,6,sqrt
03,365,mpfr-reference,32,sub
03,366,universal-posit,6,div
03,367,posit-software,4096,fma
03,368,binary-software,8,div
03,369,binary-software,256,mul
03,370,binary-native-c,64,fma
03,371,binary-software,256,add
03,372,universal-posit,32,sub
03,373,cpython-float64,64,mul
03,374,binary-native-c,64,sub
03,375,binary-software,7,sqrt
03,376,flocq-reference,7,div
03,377,mpfr-reference,1024,fma
03,378,binary-software,128,add
03,379,binary-software,6,add
03,380,posit-software,256,sqrt
03,381,posit-software,16,add
03,382,flocq-reference,2048,mul
03,383,binary-software,4,div
03,384,posit-software,2,sub
03,385,binary-software,6,sqrt
03,386,posit-software,32,fma
03,387,flocq-reference,7,mul
03,388,binary-software,8,mul
03,389,flocq-reference,4096,fma
03,390,flocq-reference,7,add
03,391,flocq-reference,2048,sqrt
03,392,flocq-reference,64,div
03,393,posit-software,4,sub
03,394,mpfr-reference,4,div
03,395,binary-software,128,sqrt
03,396,posit-software,7,div
03,397,mpfr-reference,16,add
03,398,posit-software,5,fma
03,399,flocq-reference,128,fma
03,400,mpfr-reference,128,sqrt
03,401,mpfr-reference,64,mul
03,402,flocq-reference,128,div
03,403,mpfr-reference,6,mul
03,404,universal-posit,2048,mul
03,405,softfloat-reference,32,mul
03,406,flocq-reference,6,div
03,407,posit-software,8,sub
03,408,binary-native-c,32,sub
03,409,posit-software,2048,sub
03,410,mpfr-reference,256,mul
03,411,mpfr-reference,8,sqrt
03,412,flocq-reference,4096,sqrt
03,413,binary-software,1024,sub
03,414,flocq-reference,512,sub
03,415,softfloat-reference,32,div
03,416,universal-posit,6,sub
03,417,universal-posit,32,sqrt
03,418,mpfr-reference,5,div
03,419,binary-software,6,sub
03,420,softfloat-reference,64,sub
03,421,universal-posit,256,fma
03,422,posit-software,2,sqrt
03,423,binary-native-c,64,add
03,424,universal-posit,4096,div
03,425,binary-software,1024,mul
03,426,mpfr-reference,1024,add
03,427,posit-software,7,fma
03,428,posit-software,2,add
03,429,cpython-float64,64,div
03,430,flocq-reference,2048,fma
03,431,mpfr-reference,128,fma
03,432,binary-software,6,fma
03,433,posit-software,1024,sqrt
03,434,binary-software,4096,sub
03,435,mpfr-reference,4096,add
03,436,posit-software,512,mul
03,437,flocq-reference,4,mul
03,438,posit-software,7,sub
03,439,binary-software,4,mul
03,440,softfloat-reference,32,add
03,441,mpfr-reference,5,add
03,442,posit-software,5,div
03,443,posit-software,5,add
03,444,mpfr-reference,4,fma
03,445,mpfr-reference,16,sqrt
03,446,mpfr-reference,2048,mul
03,447,mpfr-reference,4096,div
04,0,universal-posit,128,sub
04,1,mpfr-reference,5,mul
04,2,universal-posit,7,fma
04,3,softfloat-reference,64,sqrt
04,4,binary-software,16,add
04,5,mpfr-reference,4096,sub
04,6,universal-posit,1024,div
04,7,posit-software,64,add
04,8,posit-software,256,sub
04,9,posit-software,4096,div
04,10,mpfr-reference,4096,mul
04,11,posit-software,64,mul
04,12,flocq-reference,1024,mul
04,13,binary-native-c,64,mul
04,14,softfloat-reference,32,sub
04,15,flocq-reference,4,add
04,16,posit-software,2,fma
04,17,posit-software,4096,sub
04,18,posit-software,3,div
04,19,flocq-reference,4,sqrt
04,20,posit-software,4,mul
04,21,mpfr-reference,32,mul
04,22,universal-posit,256,add
04,23,mpfr-reference,512,div
04,24,mpfr-reference,64,add
04,25,binary-software,512,sqrt
04,26,universal-posit,16,add
04,27,universal-posit,4096,sub
04,28,mpfr-reference,256,div
04,29,mpfr-reference,4096,sqrt
04,30,posit-software,32,div
04,31,universal-posit,1024,fma
04,32,mpfr-reference,7,sqrt
04,33,binary-software,7,add
04,34,universal-posit,7,sqrt
04,35,mpfr-reference,32,div
04,36,mpfr-reference,7,div
04,37,mpfr-reference,256,sqrt
04,38,flocq-reference,1024,sub
04,39,flocq-reference,4,fma
04,40,binary-software,16,mul
04,41,universal-posit,16,div
04,42,flocq-reference,512,mul
04,43,flocq-reference,8,mul
04,44,mpfr-reference,4,sqrt
04,45,mpfr-reference,256,add
04,46,flocq-reference,8,div
04,47,flocq-reference,32,mul
04,48,mpfr-reference,5,sub
04,49,flocq-reference,32,div
04,50,mpfr-reference,4,mul
04,51,flocq-reference,2048,sub
04,52,mpfr-reference,256,fma
04,53,posit-software,6,add
04,54,flocq-reference,128,mul
04,55,mpfr-reference,32,fma
04,56,posit-software,6,fma
04,57,flocq-reference,6,mul
04,58,posit-software,512,sqrt
04,59,binary-software,64,sub
04,60,flocq-reference,32,sub
04,61,universal-posit,8,div
04,62,binary-software,4096,div
04,63,mpfr-reference,4,add
04,64,binary-software,8,add
04,65,flocq-reference,5,mul
04,66,universal-posit,6,sqrt
04,67,flocq-reference,32,sqrt
04,68,binary-software,32,add
04,69,flocq-reference,128,add
04,70,universal-posit,32,mul
04,71,mpfr-reference,64,sqrt
04,72,binary-software,4096,mul
04,73,binary-software,5,sqrt
04,74,mpfr-reference,1024,sqrt
04,75,universal-posit,4096,add
04,76,binary-software,8,sub
04,77,universal-posit,7,add
04,78,universal-posit,4096,fma
04,79,binary-software,64,sqrt
04,80,binary-software,4096,add
04,81,flocq-reference,64,add
04,82,universal-posit,64,sub
04,83,mpfr-reference,7,add
04,84,posit-software,7,add
04,85,binary-software,7,mul
04,86,binary-software,32,fma
04,87,posit-software,2048,mul
04,88,flocq-reference,6,sub
04,89,binary-software,16,div
04,90,mpfr-reference,32,sqrt
04,91,binary-software,128,sub
04,92,mpfr-reference,512,fma
04,93,binary-native-c,64,sqrt
04,94,binary-software,2048,fma
04,95,mpfr-reference,512,mul
04,96,binary-software,128,div
04,97,flocq-reference,8,fma
04,98,posit-software,16,sqrt
04,99,mpfr-reference,2048,sqrt
04,100,mpfr-reference,32,add
04,101,universal-posit,6,mul
04,102,flocq-reference,4,div
04,103,posit-software,32,sqrt
04,104,flocq-reference,128,sqrt
04,105,universal-posit,1024,add
04,106,posit-software,2048,div
04,107,flocq-reference,1024,add
04,108,binary-software,16,fma
04,109,universal-posit,5,add
04,110,posit-software,3,add
04,111,mpfr-reference,2048,add
04,112,mpfr-reference,6,sub
04,113,posit-software,8,fma
04,114,posit-software,256,fma
04,115,posit-software,6,sub
04,116,universal-posit,5,fma
04,117,universal-posit,256,sub
04,118,flocq-reference,5,add
04,119,posit-software,512,add
04,120,flocq-reference,16,sqrt
04,121,posit-software,32,mul
04,122,flocq-reference,4,sub
04,123,universal-posit,4096,mul
04,124,universal-posit,256,mul
04,125,mpfr-reference,4096,fma
04,126,binary-software,2048,sqrt
04,127,posit-software,16,fma
04,128,binary-software,1024,fma
04,129,binary-software,5,div
04,130,binary-software,64,div
04,131,binary-software,2048,div
04,132,flocq-reference,64,fma
04,133,binary-software,8,fma
04,134,universal-posit,5,div
04,135,universal-posit,32,add
04,136,posit-software,2,mul
04,137,flocq-reference,256,sub
04,138,universal-posit,8,mul
04,139,universal-posit,8,sub
04,140,binary-software,2048,sub
04,141,mpfr-reference,64,sub
04,142,universal-posit,32,fma
04,143,posit-software,5,sqrt
04,144,universal-posit,5,sqrt
04,145,mpfr-reference,128,add
04,146,universal-posit,512,mul
04,147,binary-software,4,sub
04,148,universal-posit,2048,sub
04,149,flocq-reference,8,sqrt
04,150,mpfr-reference,8,sub
04,151,flocq-reference,5,sqrt
04,152,flocq-reference,16,add
04,153,universal-posit,2048,add
04,154,posit-software,16,div
04,155,mpfr-reference,5,fma
04,156,posit-software,2,div
04,157,binary-native-c,32,mul
04,158,mpfr-reference,6,add
04,159,universal-posit,512,add
04,160,binary-software,4,fma
04,161,posit-software,8,sqrt
04,162,binary-software,5,add
04,163,binary-software,2048,add
04,164,softfloat-reference,64,fma
04,165,universal-posit,2048,fma
04,166,binary-software,7,sub
04,167,flocq-reference,2048,div
04,168,flocq-reference,256,add
04,169,binary-software,8,sqrt
04,170,flocq-reference,7,sub
04,171,binary-software,512,mul
04,172,posit-software,256,div
04,173,binary-software,512,fma
04,174,mpfr-reference,1024,mul
04,175,universal-posit,7,sub
04,176,flocq-reference,4096,div
04,177,binary-software,4096,fma
04,178,posit-software,64,sqrt
04,179,flocq-reference,8,sub
04,180,flocq-reference,16,div
04,181,posit-software,1024,add
04,182,binary-software,6,div
04,183,posit-software,4,div
04,184,posit-software,6,mul
04,185,universal-posit,8,sqrt
04,186,posit-software,128,sub
04,187,posit-software,512,fma
04,188,universal-posit,64,add
04,189,flocq-reference,2048,add
04,190,binary-software,1024,add
04,191,binary-software,512,add
04,192,binary-software,128,fma
04,193,flocq-reference,16,mul
04,194,posit-software,3,fma
04,195,binary-software,32,div
04,196,binary-software,4096,sqrt
04,197,softfloat-reference,64,div
04,198,flocq-reference,512,sqrt
04,199,universal-posit,16,sub
04,200,flocq-reference,5,sub
04,201,universal-posit,2048,div
04,202,mpfr-reference,2048,div
04,203,binary-software,1024,div
04,204,posit-software,16,mul
04,205,binary-native-c,64,div
04,206,posit-software,8,add
04,207,mpfr-reference,1024,sub
04,208,mpfr-reference,16,mul
04,209,universal-posit,128,fma
04,210,posit-software,1024,div
04,211,posit-software,1024,sub
04,212,binary-software,64,fma
04,213,flocq-reference,64,sub
04,214,mpfr-reference,6,div
04,215,universal-posit,7,div
04,216,flocq-reference,8,add
04,217,mpfr-reference,512,sqrt
04,218,universal-posit,128,div
04,219,universal-posit,16,fma
04,220,binary-software,512,div
04,221,flocq-reference,5,div
04,222,mpfr-reference,6,fma
04,223,mpfr-reference,2048,sub
04,224,binary-software,1024,sqrt
04,225,cpython-float64,64,sub
04,226,flocq-reference,512,div
04,227,mpfr-reference,1024,div
04,228,universal-posit,128,add
04,229,binary-software,512,sub
04,230,binary-software,128,mul
04,231,flocq-reference,6,fma
04,232,binary-software,64,mul
04,233,posit-software,512,sub
04,234,mpfr-reference,7,mul
04,235,posit-software,128,mul
04,236,posit-software,4,fma
04,237,binary-software,16,sqrt
04,238,posit-software,256,mul
04,239,posit-software,3,mul
04,240,universal-posit,6,fma
04,241,flocq-reference,6,sqrt
04,242,posit-software,128,div
04,243,flocq-reference,1024,sqrt
04,244,flocq-reference,7,sqrt
04,245,universal-posit,128,mul
04,246,posit-software,4,sqrt
04,247,flocq-reference,256,fma
04,248,universal-posit,512,sub
04,249,mpfr-reference,8,div
04,250,posit-software,4,add
04,251,binary-software,32,sub
04,252,posit-software,128,fma
04,253,flocq-reference,6,add
04,254,binary-software,32,sqrt
04,255,posit-software,6,div
04,256,flocq-reference,1024,fma
04,257,flocq-reference,256,div
04,258,posit-software,4096,mul
04,259,universal-posit,32,div
04,260,binary-software,4,sqrt
04,261,cpython-float64,64,add
04,262,binary-software,16,sub
04,263,mpfr-reference,256,sub
04,264,posit-software,1024,mul
04,265,universal-posit,1024,mul
04,266,mpfr-reference,128,sub
04,267,flocq-reference,256,mul
04,268,universal-posit,512,div
04,269,softfloat-reference,64,mul
04,270,flocq-reference,4096,sub
04,271,posit-software,2048,sqrt
04,272,mpfr-reference,512,add
04,273,posit-software,128,add
04,274,posit-software,256,add
04,275,binary-software,5,fma
04,276,posit-software,32,sub
04,277,binary-native-c,32,fma
04,278,universal-posit,5,sub
04,279,posit-software,4096,sqrt
04,280,posit-software,1024,fma
04,281,mpfr-reference,8,mul
04,282,posit-software,2048,add
04,283,mpfr-reference,128,div
04,284,universal-posit,6,add
04,285,universal-posit,8,add
04,286,universal-posit,64,mul
04,287,flocq-reference,16,sub
04,288,binary-native-c,32,div
04,289,posit-software,4096,add
04,290,universal-posit,64,div
04,291,mpfr-reference,6,sqrt
04,292,mpfr-reference,512,sub
04,293,posit-software,5,mul
04,294,binary-software,64,add
04,295,posit-software,3,sub
04,296,flocq-reference,16,fma
04,297,binary-software,256,sub
04,298,posit-software,2048,fma
04,299,cpython-float64,64,sqrt
04,300,mpfr-reference,5,sqrt
04,301,posit-software,512,div
04,302,binary-software,7,fma
04,303,universal-posit,16,mul
04,304,mpfr-reference,16,div
04,305,mpfr-reference,8,add
04,306,binary-software,5,mul
04,307,posit-software,3,sqrt
04,308,mpfr-reference,4,sub
04,309,flocq-reference,512,fma
04,310,universal-posit,1024,sub
04,311,binary-software,7,div
04,312,universal-posit,8,fma
04,313,binary-native-c,32,sqrt
04,314,posit-software,6,sqrt
04,315,mpfr-reference,32,sub
04,316,universal-posit,6,div
04,317,posit-software,4096,fma
04,318,binary-software,8,div
04,319,binary-software,256,mul
04,320,binary-native-c,64,fma
04,321,binary-software,256,add
04,322,universal-posit,32,sub
04,323,cpython-float64,64,mul
04,324,binary-native-c,64,sub
04,325,binary-software,7,sqrt
04,326,flocq-reference,7,div
04,327,mpfr-reference,1024,fma
04,328,binary-software,128,add
04,329,binary-software,6,add
04,330,posit-software,256,sqrt
04,331,posit-software,16,add
04,332,flocq-reference,2048,mul
04,333,binary-software,4,div
04,334,posit-software,2,sub
04,335,binary-software,6,sqrt
04,336,posit-software,32,fma
04,337,flocq-reference,7,mul
04,338,binary-software,8,mul
04,339,flocq-reference,4096,fma
04,340,flocq-reference,7,add
04,341,flocq-reference,2048,sqrt
04,342,flocq-reference,64,div
04,343,posit-software,4,sub
04,344,mpfr-reference,4,div
04,345,binary-software,128,sqrt
04,346,posit-software,7,div
04,347,mpfr-reference,16,add
04,348,posit-software,5,fma
04,349,flocq-reference,128,fma
04,350,mpfr-reference,128,sqrt
04,351,mpfr-reference,64,mul
04,352,flocq-reference,128,div
04,353,mpfr-reference,6,mul
04,354,universal-posit,2048,mul
04,355,softfloat-reference,32,mul
04,356,flocq-reference,6,div
04,357,posit-software,8,sub
04,358,binary-native-c,32,sub
04,359,posit-software,2048,sub
04,360,mpfr-reference,256,mul
04,361,mpfr-reference,8,sqrt
04,362,flocq-reference,4096,sqrt
04,363,binary-software,1024,sub
04,364,flocq-reference,512,sub
04,365,softfloat-reference,32,div
04,366,universal-posit,6,sub
04,367,universal-posit,32,sqrt
04,368,mpfr-reference,5,div
04,369,binary-software,6,sub
04,370,softfloat-reference,64,sub
04,371,universal-posit,256,fma
04,372,posit-software,2,sqrt
04,373,binary-native-c,64,add
04,374,universal-posit,4096,div
04,375,binary-software,1024,mul
04,376,mpfr-reference,1024,add
04,377,posit-software,7,fma
04,378,posit-software,2,add
04,379,cpython-float64,64,div
04,380,flocq-reference,2048,fma
04,381,mpfr-reference,128,fma
04,382,binary-software,6,fma
04,383,posit-software,1024,sqrt
04,384,binary-software,4096,sub
04,385,mpfr-reference,4096,add
04,386,posit-software,512,mul
04,387,flocq-reference,4,mul
04,388,posit-software,7,sub
04,389,binary-software,4,mul
04,390,softfloat-reference,32,add
04,391,mpfr-reference,5,add
04,392,posit-software,5,div
04,393,posit-software,5,add
04,394,mpfr-reference,4,fma
04,395,mpfr-reference,16,sqrt
04,396,mpfr-reference,2048,mul
04,397,mpfr-reference,4096,div
04,398,mpfr-reference,7,sub
04,399,binary-software,5,sub
04,400,posit-software,7,mul
04,401,flocq-reference,1024,div
04,402,softfloat-reference,64,add
04,403,mpfr-reference,128,mul
04,404,softfloat-reference,32,fma
04,405,posit-software,7,sqrt
04,406,binary-native-c,32,add
04,407,universal-posit,5,mul
04,408,mpfr-reference,8,fma
04,409,universal-posit,256,div
04,410,universal-posit,7,mul
04,411,posit-software,64,div
04,412,binary-software,2048,mul
04,413,binary-software,4,add
04,414,flocq-reference,7,fma
04,415,universal-posit,64,fma
04,416,binary-software,256,fma
04,417,flocq-reference,128,sub
04,418,flocq-reference,64,mul
04,419,posit-software,32,add
04,420,flocq-reference,4096,mul
04,421,flocq-reference,5,fma
04,422,posit-software,8,div
04,423,mpfr-reference,2048,fma
04,424,binary-software,32,mul
04,425,binary-software,256,sqrt
04,426,posit-software,5,sub
04,427,flocq-reference,256,sqrt
04,428,universal-posit,512,fma
04,429,posit-software,16,sub
04,430,posit-software,128,sqrt
04,431,binary-software,6,mul
04,432,posit-software,8,mul
04,433,mpfr-reference,16,fma
04,434,flocq-reference,512,add
04,435,softfloat-reference,32,sqrt
04,436,universal-posit,16,sqrt
04,437,flocq-reference,32,add
04,438,mpfr-reference,64,fma
04,439,mpfr-reference,7,fma
04,440,flocq-reference,4096,add
04,441,flocq-reference,64,sqrt
04,442,posit-software,64,sub
04,443,binary-software,256,div
04,444,mpfr-reference,64,div
04,445,posit-software,64,fma
04,446,flocq-reference,32,fma
04,447,mpfr-reference,16,sub
05,0,mpfr-reference,4,mul
05,1,flocq-reference,2048,sub
05,2,mpfr-reference,256,fma
05,3,posit-software,6,add
05,4,flocq-reference,128,mul
05,5,mpfr-reference,32,fma
05,6,posit-software,6,fma
05,7,flocq-reference,6,mul
05,8,posit-software,512,sqrt
05,9,binary-software,64,sub
05,10,flocq-reference,32,sub
05,11,universal-posit,8,div
05,12,binary-software,4096,div
05,13,mpfr-reference,4,add
05,14,binary-software,8,add
05,15,flocq-reference,5,mul
05,16,universal-posit,6,sqrt
05,17,flocq-reference,32,sqrt
05,18,binary-software,32,add
05,19,flocq-reference,128,add
05,20,universal-posit,32,mul
05,21,mpfr-reference,64,sqrt
05,22,binary-software,4096,mul
05,23,binary-software,5,sqrt
05,24,mpfr-reference,1024,sqrt
05,25,universal-posit,4096,add
05,26,binary-software,8,sub
05,27,universal-posit,7,add
05,28,universal-posit,4096,fma
05,29,binary-software,64,sqrt
05,30,binary-software,4096,add
05,31,flocq-reference,64,add
05,32,universal-posit,64,sub
05,33,mpfr-reference,7,add
05,34,posit-software,7,add
05,35,binary-software,7,mul
05,36,binary-software,32,fma
05,37,posit-software,2048,mul
05,38,flocq-reference,6,sub
05,39,binary-software,16,div
05,40,mpfr-reference,32,sqrt
05,41,binary-software,128,sub
05,42,mpfr-reference,512,fma
05,43,binary-native-c,64,sqrt
05,44,binary-software,2048,fma
05,45,mpfr-reference,512,mul
05,46,binary-software,128,div
05,47,flocq-reference,8,fma
05,48,posit-software,16,sqrt
05,49,mpfr-reference,2048,sqrt
05,50,mpfr-reference,32,add
05,51,universal-posit,6,mul
05,52,flocq-reference,4,div
05,53,posit-software,32,sqrt
05,54,flocq-reference,128,sqrt
05,55,universal-posit,1024,add
05,56,posit-software,2048,div
05,57,flocq-reference,1024,add
05,58,binary-software,16,fma
05,59,universal-posit,5,add
05,60,posit-software,3,add
05,61,mpfr-reference,2048,add
05,62,mpfr-reference,6,sub
05,63,posit-software,8,fma
05,64,posit-software,256,fma
05,65,posit-software,6,sub
05,66,universal-posit,5,fma
05,67,universal-posit,256,sub
05,68,flocq-reference,5,add
05,69,posit-software,512,add
05,70,flocq-reference,16,sqrt
05,71,posit-software,32,mul
05,72,flocq-reference,4,sub
05,73,universal-posit,4096,mul
05,74,universal-posit,256,mul
05,75,mpfr-reference,4096,fma
05,76,binary-software,2048,sqrt
05,77,posit-software,16,fma
05,78,binary-software,1024,fma
05,79,binary-software,5,div
05,80,binary-software,64,div
05,81,binary-software,2048,div
05,82,flocq-reference,64,fma
05,83,binary-software,8,fma
05,84,universal-posit,5,div
05,85,universal-posit,32,add
05,86,posit-software,2,mul
05,87,flocq-reference,256,sub
05,88,universal-posit,8,mul
05,89,universal-posit,8,sub
05,90,binary-software,2048,sub
05,91,mpfr-reference,64,sub
05,92,universal-posit,32,fma
05,93,posit-software,5,sqrt
05,94,universal-posit,5,sqrt
05,95,mpfr-reference,128,add
05,96,universal-posit,512,mul
05,97,binary-software,4,sub
05,98,universal-posit,2048,sub
05,99,flocq-reference,8,sqrt
05,100,mpfr-reference,8,sub
05,101,flocq-reference,5,sqrt
05,102,flocq-reference,16,add
05,103,universal-posit,2048,add
05,104,posit-software,16,div
05,105,mpfr-reference,5,fma
05,106,posit-software,2,div
05,107,binary-native-c,32,mul
05,108,mpfr-reference,6,add
05,109,universal-posit,512,add
05,110,binary-software,4,fma
05,111,posit-software,8,sqrt
05,112,binary-software,5,add
05,113,binary-software,2048,add
05,114,softfloat-reference,64,fma
05,115,universal-posit,2048,fma
05,116,binary-software,7,sub
05,117,flocq-reference,2048,div
05,118,flocq-reference,256,add
05,119,binary-software,8,sqrt
05,120,flocq-reference,7,sub
05,121,binary-software,512,mul
05,122,posit-software,256,div
05,123,binary-software,512,fma
05,124,mpfr-reference,1024,mul
05,125,universal-posit,7,sub
05,126,flocq-reference,4096,div
05,127,binary-software,4096,fma
05,128,posit-software,64,sqrt
05,129,flocq-reference,8,sub
05,130,flocq-reference,16,div
05,131,posit-software,1024,add
05,132,binary-software,6,div
05,133,posit-software,4,div
05,134,posit-software,6,mul
05,135,universal-posit,8,sqrt
05,136,posit-software,128,sub
05,137,posit-software,512,fma
05,138,universal-posit,64,add
05,139,flocq-reference,2048,add
05,140,binary-software,1024,add
05,141,binary-software,512,add
05,142,binary-software,128,fma
05,143,flocq-reference,16,mul
05,144,posit-software,3,fma
05,145,binary-software,32,div
05,146,binary-software,4096,sqrt
05,147,softfloat-reference,64,div
05,148,flocq-reference,512,sqrt
05,149,universal-posit,16,sub
05,150,flocq-reference,5,sub
05,151,universal-posit,2048,div
05,152,mpfr-reference,2048,div
05,153,binary-software,1024,div
05,154,posit-software,16,mul
05,155,binary-native-c,64,div
05,156,posit-software,8,add
05,157,mpfr-reference,1024,sub
05,158,mpfr-reference,16,mul
05,159,universal-posit,128,fma
05,160,posit-software,1024,div
05,161,posit-software,1024,sub
05,162,binary-software,64,fma
05,163,flocq-reference,64,sub
05,164,mpfr-reference,6,div
05,165,universal-posit,7,div
05,166,flocq-reference,8,add
05,167,mpfr-reference,512,sqrt
05,168,universal-posit,128,div
05,169,universal-posit,16,fma
05,170,binary-software,512,div
05,171,flocq-reference,5,div
05,172,mpfr-reference,6,fma
05,173,mpfr-reference,2048,sub
05,174,binary-software,1024,sqrt
05,175,cpython-float64,64,sub
05,176,flocq-reference,512,div
05,177,mpfr-reference,1024,div
05,178,universal-posit,128,add
05,179,binary-software,512,sub
05,180,binary-software,128,mul
05,181,flocq-reference,6,fma
05,182,binary-software,64,mul
05,183,posit-software,512,sub
05,184,mpfr-reference,7,mul
05,185,posit-software,128,mul
05,186,posit-software,4,fma
05,187,binary-software,16,sqrt
05,188,posit-software,256,mul
05,189,posit-software,3,mul
05,190,universal-posit,6,fma
05,191,flocq-reference,6,sqrt
05,192,posit-software,128,div
05,193,flocq-reference,1024,sqrt
05,194,flocq-reference,7,sqrt
05,195,universal-posit,128,mul
05,196,posit-software,4,sqrt
05,197,flocq-reference,256,fma
05,198,universal-posit,512,sub
05,199,mpfr-reference,8,div
05,200,posit-software,4,add
05,201,binary-software,32,sub
05,202,posit-software,128,fma
05,203,flocq-reference,6,add
05,204,binary-software,32,sqrt
05,205,posit-software,6,div
05,206,flocq-reference,1024,fma
05,207,flocq-reference,256,div
05,208,posit-software,4096,mul
05,209,universal-posit,32,div
05,210,binary-software,4,sqrt
05,211,cpython-float64,64,add
05,212,binary-software,16,sub
05,213,mpfr-reference,256,sub
05,214,posit-software,1024,mul
05,215,universal-posit,1024,mul
05,216,mpfr-reference,128,sub
05,217,flocq-reference,256,mul
05,218,universal-posit,512,div
05,219,softfloat-reference,64,mul
05,220,flocq-reference,4096,sub
05,221,posit-software,2048,sqrt
05,222,mpfr-reference,512,add
05,223,posit-software,128,add
05,224,posit-software,256,add
05,225,binary-software,5,fma
05,226,posit-software,32,sub
05,227,binary-native-c,32,fma
05,228,universal-posit,5,sub
05,229,posit-software,4096,sqrt
05,230,posit-software,1024,fma
05,231,mpfr-reference,8,mul
05,232,posit-software,2048,add
05,233,mpfr-reference,128,div
05,234,universal-posit,6,add
05,235,universal-posit,8,add
05,236,universal-posit,64,mul
05,237,flocq-reference,16,sub
05,238,binary-native-c,32,div
05,239,posit-software,4096,add
05,240,universal-posit,64,div
05,241,mpfr-reference,6,sqrt
05,242,mpfr-reference,512,sub
05,243,posit-software,5,mul
05,244,binary-software,64,add
05,245,posit-software,3,sub
05,246,flocq-reference,16,fma
05,247,binary-software,256,sub
05,248,posit-software,2048,fma
05,249,cpython-float64,64,sqrt
05,250,mpfr-reference,5,sqrt
05,251,posit-software,512,div
05,252,binary-software,7,fma
05,253,universal-posit,16,mul
05,254,mpfr-reference,16,div
05,255,mpfr-reference,8,add
05,256,binary-software,5,mul
05,257,posit-software,3,sqrt
05,258,mpfr-reference,4,sub
05,259,flocq-reference,512,fma
05,260,universal-posit,1024,sub
05,261,binary-software,7,div
05,262,universal-posit,8,fma
05,263,binary-native-c,32,sqrt
05,264,posit-software,6,sqrt
05,265,mpfr-reference,32,sub
05,266,universal-posit,6,div
05,267,posit-software,4096,fma
05,268,binary-software,8,div
05,269,binary-software,256,mul
05,270,binary-native-c,64,fma
05,271,binary-software,256,add
05,272,universal-posit,32,sub
05,273,cpython-float64,64,mul
05,274,binary-native-c,64,sub
05,275,binary-software,7,sqrt
05,276,flocq-reference,7,div
05,277,mpfr-reference,1024,fma
05,278,binary-software,128,add
05,279,binary-software,6,add
05,280,posit-software,256,sqrt
05,281,posit-software,16,add
05,282,flocq-reference,2048,mul
05,283,binary-software,4,div
05,284,posit-software,2,sub
05,285,binary-software,6,sqrt
05,286,posit-software,32,fma
05,287,flocq-reference,7,mul
05,288,binary-software,8,mul
05,289,flocq-reference,4096,fma
05,290,flocq-reference,7,add
05,291,flocq-reference,2048,sqrt
05,292,flocq-reference,64,div
05,293,posit-software,4,sub
05,294,mpfr-reference,4,div
05,295,binary-software,128,sqrt
05,296,posit-software,7,div
05,297,mpfr-reference,16,add
05,298,posit-software,5,fma
05,299,flocq-reference,128,fma
05,300,mpfr-reference,128,sqrt
05,301,mpfr-reference,64,mul
05,302,flocq-reference,128,div
05,303,mpfr-reference,6,mul
05,304,universal-posit,2048,mul
05,305,softfloat-reference,32,mul
05,306,flocq-reference,6,div
05,307,posit-software,8,sub
05,308,binary-native-c,32,sub
05,309,posit-software,2048,sub
05,310,mpfr-reference,256,mul
05,311,mpfr-reference,8,sqrt
05,312,flocq-reference,4096,sqrt
05,313,binary-software,1024,sub
05,314,flocq-reference,512,sub
05,315,softfloat-reference,32,div
05,316,universal-posit,6,sub
05,317,universal-posit,32,sqrt
05,318,mpfr-reference,5,div
05,319,binary-software,6,sub
05,320,softfloat-reference,64,sub
05,321,universal-posit,256,fma
05,322,posit-software,2,sqrt
05,323,binary-native-c,64,add
05,324,universal-posit,4096,div
05,325,binary-software,1024,mul
05,326,mpfr-reference,1024,add
05,327,posit-software,7,fma
05,328,posit-software,2,add
05,329,cpython-float64,64,div
05,330,flocq-reference,2048,fma
05,331,mpfr-reference,128,fma
05,332,binary-software,6,fma
05,333,posit-software,1024,sqrt
05,334,binary-software,4096,sub
05,335,mpfr-reference,4096,add
05,336,posit-software,512,mul
05,337,flocq-reference,4,mul
05,338,posit-software,7,sub
05,339,binary-software,4,mul
05,340,softfloat-reference,32,add
05,341,mpfr-reference,5,add
05,342,posit-software,5,div
05,343,posit-software,5,add
05,344,mpfr-reference,4,fma
05,345,mpfr-reference,16,sqrt
05,346,mpfr-reference,2048,mul
05,347,mpfr-reference,4096,div
05,348,mpfr-reference,7,sub
05,349,binary-software,5,sub
05,350,posit-software,7,mul
05,351,flocq-reference,1024,div
05,352,softfloat-reference,64,add
05,353,mpfr-reference,128,mul
05,354,softfloat-reference,32,fma
05,355,posit-software,7,sqrt
05,356,binary-native-c,32,add
05,357,universal-posit,5,mul
05,358,mpfr-reference,8,fma
05,359,universal-posit,256,div
05,360,universal-posit,7,mul
05,361,posit-software,64,div
05,362,binary-software,2048,mul
05,363,binary-software,4,add
05,364,flocq-reference,7,fma
05,365,universal-posit,64,fma
05,366,binary-software,256,fma
05,367,flocq-reference,128,sub
05,368,flocq-reference,64,mul
05,369,posit-software,32,add
05,370,flocq-reference,4096,mul
05,371,flocq-reference,5,fma
05,372,posit-software,8,div
05,373,mpfr-reference,2048,fma
05,374,binary-software,32,mul
05,375,binary-software,256,sqrt
05,376,posit-software,5,sub
05,377,flocq-reference,256,sqrt
05,378,universal-posit,512,fma
05,379,posit-software,16,sub
05,380,posit-software,128,sqrt
05,381,binary-software,6,mul
05,382,posit-software,8,mul
05,383,mpfr-reference,16,fma
05,384,flocq-reference,512,add
05,385,softfloat-reference,32,sqrt
05,386,universal-posit,16,sqrt
05,387,flocq-reference,32,add
05,388,mpfr-reference,64,fma
05,389,mpfr-reference,7,fma
05,390,flocq-reference,4096,add
05,391,flocq-reference,64,sqrt
05,392,posit-software,64,sub
05,393,binary-software,256,div
05,394,mpfr-reference,64,div
05,395,posit-software,64,fma
05,396,flocq-reference,32,fma
05,397,mpfr-reference,16,sub
05,398,universal-posit,128,sub
05,399,mpfr-reference,5,mul
05,400,universal-posit,7,fma
05,401,softfloat-reference,64,sqrt
05,402,binary-software,16,add
05,403,mpfr-reference,4096,sub
05,404,universal-posit,1024,div
05,405,posit-software,64,add
05,406,posit-software,256,sub
05,407,posit-software,4096,div
05,408,mpfr-reference,4096,mul
05,409,posit-software,64,mul
05,410,flocq-reference,1024,mul
05,411,binary-native-c,64,mul
05,412,softfloat-reference,32,sub
05,413,flocq-reference,4,add
05,414,posit-software,2,fma
05,415,posit-software,4096,sub
05,416,posit-software,3,div
05,417,flocq-reference,4,sqrt
05,418,posit-software,4,mul
05,419,mpfr-reference,32,mul
05,420,universal-posit,256,add
05,421,mpfr-reference,512,div
05,422,mpfr-reference,64,add
05,423,binary-software,512,sqrt
05,424,universal-posit,16,add
05,425,universal-posit,4096,sub
05,426,mpfr-reference,256,div
05,427,mpfr-reference,4096,sqrt
05,428,posit-software,32,div
05,429,universal-posit,1024,fma
05,430,mpfr-reference,7,sqrt
05,431,binary-software,7,add
05,432,universal-posit,7,sqrt
05,433,mpfr-reference,32,div
05,434,mpfr-reference,7,div
05,435,mpfr-reference,256,sqrt
05,436,flocq-reference,1024,sub
05,437,flocq-reference,4,fma
05,438,binary-software,16,mul
05,439,universal-posit,16,div
05,440,flocq-reference,512,mul
05,441,flocq-reference,8,mul
05,442,mpfr-reference,4,sqrt
05,443,mpfr-reference,256,add
05,444,flocq-reference,8,div
05,445,flocq-reference,32,mul
05,446,mpfr-reference,5,sub
05,447,flocq-reference,32,div
06,0,mpfr-reference,2048,sqrt
06,1,mpfr-reference,32,add
06,2,universal-posit,6,mul
06,3,flocq-reference,4,div
06,4,posit-software,32,sqrt
06,5,flocq-reference,128,sqrt
06,6,universal-posit,1024,add
06,7,posit-software,2048,div
06,8,flocq-reference,1024,add
06,9,binary-software,16,fma
06,10,universal-posit,5,add
06,11,posit-software,3,add
06,12,mpfr-reference,2048,add
06,13,mpfr-reference,6,sub
06,14,posit-software,8,fma
06,15,posit-software,256,fma
06,16,posit-software,6,sub
06,17,universal-posit,5,fma
06,18,universal-posit,256,sub
06,19,flocq-reference,5,add
06,20,posit-software,512,add
06,21,flocq-reference,16,sqrt
06,22,posit-software,32,mul
06,23,flocq-reference,4,sub
06,24,universal-posit,4096,mul
06,25,universal-posit,256,mul
06,26,mpfr-reference,4096,fma
06,27,binary-software,2048,sqrt
06,28,posit-software,16,fma
06,29,binary-software,1024,fma
06,30,binary-software,5,div
06,31,binary-software,64,div
06,32,binary-software,2048,div
06,33,flocq-reference,64,fma
06,34,binary-software,8,fma
06,35,universal-posit,5,div
06,36,universal-posit,32,add
06,37,posit-software,2,mul
06,38,flocq-reference,256,sub
06,39,universal-posit,8,mul
06,40,universal-posit,8,sub
06,41,binary-software,2048,sub
06,42,mpfr-reference,64,sub
06,43,universal-posit,32,fma
06,44,posit-software,5,sqrt
06,45,universal-posit,5,sqrt
06,46,mpfr-reference,128,add
06,47,universal-posit,512,mul
06,48,binary-software,4,sub
06,49,universal-posit,2048,sub
06,50,flocq-reference,8,sqrt
06,51,mpfr-reference,8,sub
06,52,flocq-reference,5,sqrt
06,53,flocq-reference,16,add
06,54,universal-posit,2048,add
06,55,posit-software,16,div
06,56,mpfr-reference,5,fma
06,57,posit-software,2,div
06,58,binary-native-c,32,mul
06,59,mpfr-reference,6,add
06,60,universal-posit,512,add
06,61,binary-software,4,fma
06,62,posit-software,8,sqrt
06,63,binary-software,5,add
06,64,binary-software,2048,add
06,65,softfloat-reference,64,fma
06,66,universal-posit,2048,fma
06,67,binary-software,7,sub
06,68,flocq-reference,2048,div
06,69,flocq-reference,256,add
06,70,binary-software,8,sqrt
06,71,flocq-reference,7,sub
06,72,binary-software,512,mul
06,73,posit-software,256,div
06,74,binary-software,512,fma
06,75,mpfr-reference,1024,mul
06,76,universal-posit,7,sub
06,77,flocq-reference,4096,div
06,78,binary-software,4096,fma
06,79,posit-software,64,sqrt
06,80,flocq-reference,8,sub
06,81,flocq-reference,16,div
06,82,posit-software,1024,add
06,83,binary-software,6,div
06,84,posit-software,4,div
06,85,posit-software,6,mul
06,86,universal-posit,8,sqrt
06,87,posit-software,128,sub
06,88,posit-software,512,fma
06,89,universal-posit,64,add
06,90,flocq-reference,2048,add
06,91,binary-software,1024,add
06,92,binary-software,512,add
06,93,binary-software,128,fma
06,94,flocq-reference,16,mul
06,95,posit-software,3,fma
06,96,binary-software,32,div
06,97,binary-software,4096,sqrt
06,98,softfloat-reference,64,div
06,99,flocq-reference,512,sqrt
06,100,universal-posit,16,sub
06,101,flocq-reference,5,sub
06,102,universal-posit,2048,div
06,103,mpfr-reference,2048,div
06,104,binary-software,1024,div
06,105,posit-software,16,mul
06,106,binary-native-c,64,div
06,107,posit-software,8,add
06,108,mpfr-reference,1024,sub
06,109,mpfr-reference,16,mul
06,110,universal-posit,128,fma
06,111,posit-software,1024,div
06,112,posit-software,1024,sub
06,113,binary-software,64,fma
06,114,flocq-reference,64,sub
06,115,mpfr-reference,6,div
06,116,universal-posit,7,div
06,117,flocq-reference,8,add
06,118,mpfr-reference,512,sqrt
06,119,universal-posit,128,div
06,120,universal-posit,16,fma
06,121,binary-software,512,div
06,122,flocq-reference,5,div
06,123,mpfr-reference,6,fma
06,124,mpfr-reference,2048,sub
06,125,binary-software,1024,sqrt
06,126,cpython-float64,64,sub
06,127,flocq-reference,512,div
06,128,mpfr-reference,1024,div
06,129,universal-posit,128,add
06,130,binary-software,512,sub
06,131,binary-software,128,mul
06,132,flocq-reference,6,fma
06,133,binary-software,64,mul
06,134,posit-software,512,sub
06,135,mpfr-reference,7,mul
06,136,posit-software,128,mul
06,137,posit-software,4,fma
06,138,binary-software,16,sqrt
06,139,posit-software,256,mul
06,140,posit-software,3,mul
06,141,universal-posit,6,fma
06,142,flocq-reference,6,sqrt
06,143,posit-software,128,div
06,144,flocq-reference,1024,sqrt
06,145,flocq-reference,7,sqrt
06,146,universal-posit,128,mul
06,147,posit-software,4,sqrt
06,148,flocq-reference,256,fma
06,149,universal-posit,512,sub
06,150,mpfr-reference,8,div
06,151,posit-software,4,add
06,152,binary-software,32,sub
06,153,posit-software,128,fma
06,154,flocq-reference,6,add
06,155,binary-software,32,sqrt
06,156,posit-software,6,div
06,157,flocq-reference,1024,fma
06,158,flocq-reference,256,div
06,159,posit-software,4096,mul
06,160,universal-posit,32,div
06,161,binary-software,4,sqrt
06,162,cpython-float64,64,add
06,163,binary-software,16,sub
06,164,mpfr-reference,256,sub
06,165,posit-software,1024,mul
06,166,universal-posit,1024,mul
06,167,mpfr-reference,128,sub
06,168,flocq-reference,256,mul
06,169,universal-posit,512,div
06,170,softfloat-reference,64,mul
06,171,flocq-reference,4096,sub
06,172,posit-software,2048,sqrt
06,173,mpfr-reference,512,add
06,174,posit-software,128,add
06,175,posit-software,256,add
06,176,binary-software,5,fma
06,177,posit-software,32,sub
06,178,binary-native-c,32,fma
06,179,universal-posit,5,sub
06,180,posit-software,4096,sqrt
06,181,posit-software,1024,fma
06,182,mpfr-reference,8,mul
06,183,posit-software,2048,add
06,184,mpfr-reference,128,div
06,185,universal-posit,6,add
06,186,universal-posit,8,add
06,187,universal-posit,64,mul
06,188,flocq-reference,16,sub
06,189,binary-native-c,32,div
06,190,posit-software,4096,add
06,191,universal-posit,64,div
06,192,mpfr-reference,6,sqrt
06,193,mpfr-reference,512,sub
06,194,posit-software,5,mul
06,195,binary-software,64,add
06,196,posit-software,3,sub
06,197,flocq-reference,16,fma
06,198,binary-software,256,sub
06,199,posit-software,2048,fma
06,200,cpython-float64,64,sqrt
06,201,mpfr-reference,5,sqrt
06,202,posit-software,512,div
06,203,binary-software,7,fma
06,204,universal-posit,16,mul
06,205,mpfr-reference,16,div
06,206,mpfr-reference,8,add
06,207,binary-software,5,mul
06,208,posit-software,3,sqrt
06,209,mpfr-reference,4,sub
06,210,flocq-reference,512,fma
06,211,universal-posit,1024,sub
06,212,binary-software,7,div
06,213,universal-posit,8,fma
06,214,binary-native-c,32,sqrt
06,215,posit-software,6,sqrt
06,216,mpfr-reference,32,sub
06,217,universal-posit,6,div
06,218,posit-software,4096,fma
06,219,binary-software,8,div
06,220,binary-software,256,mul
06,221,binary-native-c,64,fma
06,222,binary-software,256,add
06,223,universal-posit,32,sub
06,224,cpython-float64,64,mul
06,225,binary-native-c,64,sub
06,226,binary-software,7,sqrt
06,227,flocq-reference,7,div
06,228,mpfr-reference,1024,fma
06,229,binary-software,128,add
06,230,binary-software,6,add
06,231,posit-software,256,sqrt
06,232,posit-software,16,add
06,233,flocq-reference,2048,mul
06,234,binary-software,4,div
06,235,posit-software,2,sub
06,236,binary-software,6,sqrt
06,237,posit-software,32,fma
06,238,flocq-reference,7,mul
06,239,binary-software,8,mul
06,240,flocq-reference,4096,fma
06,241,flocq-reference,7,add
06,242,flocq-reference,2048,sqrt
06,243,flocq-reference,64,div
06,244,posit-software,4,sub
06,245,mpfr-reference,4,div
06,246,binary-software,128,sqrt
06,247,posit-software,7,div
06,248,mpfr-reference,16,add
06,249,posit-software,5,fma
06,250,flocq-reference,128,fma
06,251,mpfr-reference,128,sqrt
06,252,mpfr-reference,64,mul
06,253,flocq-reference,128,div
06,254,mpfr-reference,6,mul
06,255,universal-posit,2048,mul
06,256,softfloat-reference,32,mul
06,257,flocq-reference,6,div
06,258,posit-software,8,sub
06,259,binary-native-c,32,sub
06,260,posit-software,2048,sub
06,261,mpfr-reference,256,mul
06,262,mpfr-reference,8,sqrt
06,263,flocq-reference,4096,sqrt
06,264,binary-software,1024,sub
06,265,flocq-reference,512,sub
06,266,softfloat-reference,32,div
06,267,universal-posit,6,sub
06,268,universal-posit,32,sqrt
06,269,mpfr-reference,5,div
06,270,binary-software,6,sub
06,271,softfloat-reference,64,sub
06,272,universal-posit,256,fma
06,273,posit-software,2,sqrt
06,274,binary-native-c,64,add
06,275,universal-posit,4096,div
06,276,binary-software,1024,mul
06,277,mpfr-reference,1024,add
06,278,posit-software,7,fma
06,279,posit-software,2,add
06,280,cpython-float64,64,div
06,281,flocq-reference,2048,fma
06,282,mpfr-reference,128,fma
06,283,binary-software,6,fma
06,284,posit-software,1024,sqrt
06,285,binary-software,4096,sub
06,286,mpfr-reference,4096,add
06,287,posit-software,512,mul
06,288,flocq-reference,4,mul
06,289,posit-software,7,sub
06,290,binary-software,4,mul
06,291,softfloat-reference,32,add
06,292,mpfr-reference,5,add
06,293,posit-software,5,div
06,294,posit-software,5,add
06,295,mpfr-reference,4,fma
06,296,mpfr-reference,16,sqrt
06,297,mpfr-reference,2048,mul
06,298,mpfr-reference,4096,div
06,299,mpfr-reference,7,sub
06,300,binary-software,5,sub
06,301,posit-software,7,mul
06,302,flocq-reference,1024,div
06,303,softfloat-reference,64,add
06,304,mpfr-reference,128,mul
06,305,softfloat-reference,32,fma
06,306,posit-software,7,sqrt
06,307,binary-native-c,32,add
06,308,universal-posit,5,mul
06,309,mpfr-reference,8,fma
06,310,universal-posit,256,div
06,311,universal-posit,7,mul
06,312,posit-software,64,div
06,313,binary-software,2048,mul
06,314,binary-software,4,add
06,315,flocq-reference,7,fma
06,316,universal-posit,64,fma
06,317,binary-software,256,fma
06,318,flocq-reference,128,sub
06,319,flocq-reference,64,mul
06,320,posit-software,32,add
06,321,flocq-reference,4096,mul
06,322,flocq-reference,5,fma
06,323,posit-software,8,div
06,324,mpfr-reference,2048,fma
06,325,binary-software,32,mul
06,326,binary-software,256,sqrt
06,327,posit-software,5,sub
06,328,flocq-reference,256,sqrt
06,329,universal-posit,512,fma
06,330,posit-software,16,sub
06,331,posit-software,128,sqrt
06,332,binary-software,6,mul
06,333,posit-software,8,mul
06,334,mpfr-reference,16,fma
06,335,flocq-reference,512,add
06,336,softfloat-reference,32,sqrt
06,337,universal-posit,16,sqrt
06,338,flocq-reference,32,add
06,339,mpfr-reference,64,fma
06,340,mpfr-reference,7,fma
06,341,flocq-reference,4096,add
06,342,flocq-reference,64,sqrt
06,343,posit-software,64,sub
06,344,binary-software,256,div
06,345,mpfr-reference,64,div
06,346,posit-software,64,fma
06,347,flocq-reference,32,fma
06,348,mpfr-reference,16,sub
06,349,universal-posit,128,sub
06,350,mpfr-reference,5,mul
06,351,universal-posit,7,fma
06,352,softfloat-reference,64,sqrt
06,353,binary-software,16,add
06,354,mpfr-reference,4096,sub
06,355,universal-posit,1024,div
06,356,posit-software,64,add
06,357,posit-software,256,sub
06,358,posit-software,4096,div
06,359,mpfr-reference,4096,mul
06,360,posit-software,64,mul
06,361,flocq-reference,1024,mul
06,362,binary-native-c,64,mul
06,363,softfloat-reference,32,sub
06,364,flocq-reference,4,add
06,365,posit-software,2,fma
06,366,posit-software,4096,sub
06,367,posit-software,3,div
06,368,flocq-reference,4,sqrt
06,369,posit-software,4,mul
06,370,mpfr-reference,32,mul
06,371,universal-posit,256,add
06,372,mpfr-reference,512,div
06,373,mpfr-reference,64,add
06,374,binary-software,512,sqrt
06,375,universal-posit,16,add
06,376,universal-posit,4096,sub
06,377,mpfr-reference,256,div
06,378,mpfr-reference,4096,sqrt
06,379,posit-software,32,div
06,380,universal-posit,1024,fma
06,381,mpfr-reference,7,sqrt
06,382,binary-software,7,add
06,383,universal-posit,7,sqrt
06,384,mpfr-reference,32,div
06,385,mpfr-reference,7,div
06,386,mpfr-reference,256,sqrt
06,387,flocq-reference,1024,sub
06,388,flocq-reference,4,fma
06,389,binary-software,16,mul
06,390,universal-posit,16,div
06,391,flocq-reference,512,mul
06,392,flocq-reference,8,mul
06,393,mpfr-reference,4,sqrt
06,394,mpfr-reference,256,add
06,395,flocq-reference,8,div
06,396,flocq-reference,32,mul
06,397,mpfr-reference,5,sub
06,398,flocq-reference,32,div
06,399,mpfr-reference,4,mul
06,400,flocq-reference,2048,sub
06,401,mpfr-reference,256,fma
06,402,posit-software,6,add
06,403,flocq-reference,128,mul
06,404,mpfr-reference,32,fma
06,405,posit-software,6,fma
06,406,flocq-reference,6,mul
06,407,posit-software,512,sqrt
06,408,binary-software,64,sub
06,409,flocq-reference,32,sub
06,410,universal-posit,8,div
06,411,binary-software,4096,div
06,412,mpfr-reference,4,add
06,413,binary-software,8,add
06,414,flocq-reference,5,mul
06,415,universal-posit,6,sqrt
06,416,flocq-reference,32,sqrt
06,417,binary-software,32,add
06,418,flocq-reference,128,add
06,419,universal-posit,32,mul
06,420,mpfr-reference,64,sqrt
06,421,binary-software,4096,mul
06,422,binary-software,5,sqrt
06,423,mpfr-reference,1024,sqrt
06,424,universal-posit,4096,add
06,425,binary-software,8,sub
06,426,universal-posit,7,add
06,427,universal-posit,4096,fma
06,428,binary-software,64,sqrt
06,429,binary-software,4096,add
06,430,flocq-reference,64,add
06,431,universal-posit,64,sub
06,432,mpfr-reference,7,add
06,433,posit-software,7,add
06,434,binary-software,7,mul
06,435,binary-software,32,fma
06,436,posit-software,2048,mul
06,437,flocq-reference,6,sub
06,438,binary-software,16,div
06,439,mpfr-reference,32,sqrt
06,440,binary-software,128,sub
06,441,mpfr-reference,512,fma
06,442,binary-native-c,64,sqrt
06,443,binary-software,2048,fma
06,444,mpfr-reference,512,mul
06,445,binary-software,128,div
06,446,flocq-reference,8,fma
06,447,posit-software,16,sqrt
07,0,flocq-reference,8,sqrt
07,1,mpfr-reference,8,sub
07,2,flocq-reference,5,sqrt
07,3,flocq-reference,16,add
07,4,universal-posit,2048,add
07,5,posit-software,16,div
07,6,mpfr-reference,5,fma
07,7,posit-software,2,div
07,8,binary-native-c,32,mul
07,9,mpfr-reference,6,add
07,10,universal-posit,512,add
07,11,binary-software,4,fma
07,12,posit-software,8,sqrt
07,13,binary-software,5,add
07,14,binary-software,2048,add
07,15,softfloat-reference,64,fma
07,16,universal-posit,2048,fma
07,17,binary-software,7,sub
07,18,flocq-reference,2048,div
07,19,flocq-reference,256,add
07,20,binary-software,8,sqrt
07,21,flocq-reference,7,sub
07,22,binary-software,512,mul
07,23,posit-software,256,div
07,24,binary-software,512,fma
07,25,mpfr-reference,1024,mul
07,26,universal-posit,7,sub
07,27,flocq-reference,4096,div
07,28,binary-software,4096,fma
07,29,posit-software,64,sqrt
07,30,flocq-reference,8,sub
07,31,flocq-reference,16,div
07,32,posit-software,1024,add
07,33,binary-software,6,div
07,34,posit-software,4,div
07,35,posit-software,6,mul
07,36,universal-posit,8,sqrt
07,37,posit-software,128,sub
07,38,posit-software,512,fma
07,39,universal-posit,64,add
07,40,flocq-reference,2048,add
07,41,binary-software,1024,add
07,42,binary-software,512,add
07,43,binary-software,128,fma
07,44,flocq-reference,16,mul
07,45,posit-software,3,fma
07,46,binary-software,32,div
07,47,binary-software,4096,sqrt
07,48,softfloat-reference,64,div
07,49,flocq-reference,512,sqrt
07,50,universal-posit,16,sub
07,51,flocq-reference,5,sub
07,52,universal-posit,2048,div
07,53,mpfr-reference,2048,div
07,54,binary-software,1024,div
07,55,posit-software,16,mul
07,56,binary-native-c,64,div
07,57,posit-software,8,add
07,58,mpfr-reference,1024,sub
07,59,mpfr-reference,16,mul
07,60,universal-posit,128,fma
07,61,posit-software,1024,div
07,62,posit-software,1024,sub
07,63,binary-software,64,fma
07,64,flocq-reference,64,sub
07,65,mpfr-reference,6,div
07,66,universal-posit,7,div
07,67,flocq-reference,8,add
07,68,mpfr-reference,512,sqrt
07,69,universal-posit,128,div
07,70,universal-posit,16,fma
07,71,binary-software,512,div
07,72,flocq-reference,5,div
07,73,mpfr-reference,6,fma
07,74,mpfr-reference,2048,sub
07,75,binary-software,1024,sqrt
07,76,cpython-float64,64,sub
07,77,flocq-reference,512,div
07,78,mpfr-reference,1024,div
07,79,universal-posit,128,add
07,80,binary-software,512,sub
07,81,binary-software,128,mul
07,82,flocq-reference,6,fma
07,83,binary-software,64,mul
07,84,posit-software,512,sub
07,85,mpfr-reference,7,mul
07,86,posit-software,128,mul
07,87,posit-software,4,fma
07,88,binary-software,16,sqrt
07,89,posit-software,256,mul
07,90,posit-software,3,mul
07,91,universal-posit,6,fma
07,92,flocq-reference,6,sqrt
07,93,posit-software,128,div
07,94,flocq-reference,1024,sqrt
07,95,flocq-reference,7,sqrt
07,96,universal-posit,128,mul
07,97,posit-software,4,sqrt
07,98,flocq-reference,256,fma
07,99,universal-posit,512,sub
07,100,mpfr-reference,8,div
07,101,posit-software,4,add
07,102,binary-software,32,sub
07,103,posit-software,128,fma
07,104,flocq-reference,6,add
07,105,binary-software,32,sqrt
07,106,posit-software,6,div
07,107,flocq-reference,1024,fma
07,108,flocq-reference,256,div
07,109,posit-software,4096,mul
07,110,universal-posit,32,div
07,111,binary-software,4,sqrt
07,112,cpython-float64,64,add
07,113,binary-software,16,sub
07,114,mpfr-reference,256,sub
07,115,posit-software,1024,mul
07,116,universal-posit,1024,mul
07,117,mpfr-reference,128,sub
07,118,flocq-reference,256,mul
07,119,universal-posit,512,div
07,120,softfloat-reference,64,mul
07,121,flocq-reference,4096,sub
07,122,posit-software,2048,sqrt
07,123,mpfr-reference,512,add
07,124,posit-software,128,add
07,125,posit-software,256,add
07,126,binary-software,5,fma
07,127,posit-software,32,sub
07,128,binary-native-c,32,fma
07,129,universal-posit,5,sub
07,130,posit-software,4096,sqrt
07,131,posit-software,1024,fma
07,132,mpfr-reference,8,mul
07,133,posit-software,2048,add
07,134,mpfr-reference,128,div
07,135,universal-posit,6,add
07,136,universal-posit,8,add
07,137,universal-posit,64,mul
07,138,flocq-reference,16,sub
07,139,binary-native-c,32,div
07,140,posit-software,4096,add
07,141,universal-posit,64,div
07,142,mpfr-reference,6,sqrt
07,143,mpfr-reference,512,sub
07,144,posit-software,5,mul
07,145,binary-software,64,add
07,146,posit-software,3,sub
07,147,flocq-reference,16,fma
07,148,binary-software,256,sub
07,149,posit-software,2048,fma
07,150,cpython-float64,64,sqrt
07,151,mpfr-reference,5,sqrt
07,152,posit-software,512,div
07,153,binary-software,7,fma
07,154,universal-posit,16,mul
07,155,mpfr-reference,16,div
07,156,mpfr-reference,8,add
07,157,binary-software,5,mul
07,158,posit-software,3,sqrt
07,159,mpfr-reference,4,sub
07,160,flocq-reference,512,fma
07,161,universal-posit,1024,sub
07,162,binary-software,7,div
07,163,universal-posit,8,fma
07,164,binary-native-c,32,sqrt
07,165,posit-software,6,sqrt
07,166,mpfr-reference,32,sub
07,167,universal-posit,6,div
07,168,posit-software,4096,fma
07,169,binary-software,8,div
07,170,binary-software,256,mul
07,171,binary-native-c,64,fma
07,172,binary-software,256,add
07,173,universal-posit,32,sub
07,174,cpython-float64,64,mul
07,175,binary-native-c,64,sub
07,176,binary-software,7,sqrt
07,177,flocq-reference,7,div
07,178,mpfr-reference,1024,fma
07,179,binary-software,128,add
07,180,binary-software,6,add
07,181,posit-software,256,sqrt
07,182,posit-software,16,add
07,183,flocq-reference,2048,mul
07,184,binary-software,4,div
07,185,posit-software,2,sub
07,186,binary-software,6,sqrt
07,187,posit-software,32,fma
07,188,flocq-reference,7,mul
07,189,binary-software,8,mul
07,190,flocq-reference,4096,fma
07,191,flocq-reference,7,add
07,192,flocq-reference,2048,sqrt
07,193,flocq-reference,64,div
07,194,posit-software,4,sub
07,195,mpfr-reference,4,div
07,196,binary-software,128,sqrt
07,197,posit-software,7,div
07,198,mpfr-reference,16,add
07,199,posit-software,5,fma
07,200,flocq-reference,128,fma
07,201,mpfr-reference,128,sqrt
07,202,mpfr-reference,64,mul
07,203,flocq-reference,128,div
07,204,mpfr-reference,6,mul
07,205,universal-posit,2048,mul
07,206,softfloat-reference,32,mul
07,207,flocq-reference,6,div
07,208,posit-software,8,sub
07,209,binary-native-c,32,sub
07,210,posit-software,2048,sub
07,211,mpfr-reference,256,mul
07,212,mpfr-reference,8,sqrt
07,213,flocq-reference,4096,sqrt
07,214,binary-software,1024,sub
07,215,flocq-reference,512,sub
07,216,softfloat-reference,32,div
07,217,universal-posit,6,sub
07,218,universal-posit,32,sqrt
07,219,mpfr-reference,5,div
07,220,binary-software,6,sub
07,221,softfloat-reference,64,sub
07,222,universal-posit,256,fma
07,223,posit-software,2,sqrt
07,224,binary-native-c,64,add
07,225,universal-posit,4096,div
07,226,binary-software,1024,mul
07,227,mpfr-reference,1024,add
07,228,posit-software,7,fma
07,229,posit-software,2,add
07,230,cpython-float64,64,div
07,231,flocq-reference,2048,fma
07,232,mpfr-reference,128,fma
07,233,binary-software,6,fma
07,234,posit-software,1024,sqrt
07,235,binary-software,4096,sub
07,236,mpfr-reference,4096,add
07,237,posit-software,512,mul
07,238,flocq-reference,4,mul
07,239,posit-software,7,sub
07,240,binary-software,4,mul
07,241,softfloat-reference,32,add
07,242,mpfr-reference,5,add
07,243,posit-software,5,div
07,244,posit-software,5,add
07,245,mpfr-reference,4,fma
07,246,mpfr-reference,16,sqrt
07,247,mpfr-reference,2048,mul
07,248,mpfr-reference,4096,div
07,249,mpfr-reference,7,sub
07,250,binary-software,5,sub
07,251,posit-software,7,mul
07,252,flocq-reference,1024,div
07,253,softfloat-reference,64,add
07,254,mpfr-reference,128,mul
07,255,softfloat-reference,32,fma
07,256,posit-software,7,sqrt
07,257,binary-native-c,32,add
07,258,universal-posit,5,mul
07,259,mpfr-reference,8,fma
07,260,universal-posit,256,div
07,261,universal-posit,7,mul
07,262,posit-software,64,div
07,263,binary-software,2048,mul
07,264,binary-software,4,add
07,265,flocq-reference,7,fma
07,266,universal-posit,64,fma
07,267,binary-software,256,fma
07,268,flocq-reference,128,sub
07,269,flocq-reference,64,mul
07,270,posit-software,32,add
07,271,flocq-reference,4096,mul
07,272,flocq-reference,5,fma
07,273,posit-software,8,div
07,274,mpfr-reference,2048,fma
07,275,binary-software,32,mul
07,276,binary-software,256,sqrt
07,277,posit-software,5,sub
07,278,flocq-reference,256,sqrt
07,279,universal-posit,512,fma
07,280,posit-software,16,sub
07,281,posit-software,128,sqrt
07,282,binary-software,6,mul
07,283,posit-software,8,mul
07,284,mpfr-reference,16,fma
07,285,flocq-reference,512,add
07,286,softfloat-reference,32,sqrt
07,287,universal-posit,16,sqrt
07,288,flocq-reference,32,add
07,289,mpfr-reference,64,fma
07,290,mpfr-reference,7,fma
07,291,flocq-reference,4096,add
07,292,flocq-reference,64,sqrt
07,293,posit-software,64,sub
07,294,binary-software,256,div
07,295,mpfr-reference,64,div
07,296,posit-software,64,fma
07,297,flocq-reference,32,fma
07,298,mpfr-reference,16,sub
07,299,universal-posit,128,sub
07,300,mpfr-reference,5,mul
07,301,universal-posit,7,fma
07,302,softfloat-reference,64,sqrt
07,303,binary-software,16,add
07,304,mpfr-reference,4096,sub
07,305,universal-posit,1024,div
07,306,posit-software,64,add
07,307,posit-software,256,sub
07,308,posit-software,4096,div
07,309,mpfr-reference,4096,mul
07,310,posit-software,64,mul
07,311,flocq-reference,1024,mul
07,312,binary-native-c,64,mul
07,313,softfloat-reference,32,sub
07,314,flocq-reference,4,add
07,315,posit-software,2,fma
07,316,posit-software,4096,sub
07,317,posit-software,3,div
07,318,flocq-reference,4,sqrt
07,319,posit-software,4,mul
07,320,mpfr-reference,32,mul
07,321,universal-posit,256,add
07,322,mpfr-reference,512,div
07,323,mpfr-reference,64,add
07,324,binary-software,512,sqrt
07,325,universal-posit,16,add
07,326,universal-posit,4096,sub
07,327,mpfr-reference,256,div
07,328,mpfr-reference,4096,sqrt
07,329,posit-software,32,div
07,330,universal-posit,1024,fma
07,331,mpfr-reference,7,sqrt
07,332,binary-software,7,add
07,333,universal-posit,7,sqrt
07,334,mpfr-reference,32,div
07,335,mpfr-reference,7,div
07,336,mpfr-reference,256,sqrt
07,337,flocq-reference,1024,sub
07,338,flocq-reference,4,fma
07,339,binary-software,16,mul
07,340,universal-posit,16,div
07,341,flocq-reference,512,mul
07,342,flocq-reference,8,mul
07,343,mpfr-reference,4,sqrt
07,344,mpfr-reference,256,add
07,345,flocq-reference,8,div
07,346,flocq-reference,32,mul
07,347,mpfr-reference,5,sub
07,348,flocq-reference,32,div
07,349,mpfr-reference,4,mul
07,350,flocq-reference,2048,sub
07,351,mpfr-reference,256,fma
07,352,posit-software,6,add
07,353,flocq-reference,128,mul
07,354,mpfr-reference,32,fma
07,355,posit-software,6,fma
07,356,flocq-reference,6,mul
07,357,posit-software,512,sqrt
07,358,binary-software,64,sub
07,359,flocq-reference,32,sub
07,360,universal-posit,8,div
07,361,binary-software,4096,div
07,362,mpfr-reference,4,add
07,363,binary-software,8,add
07,364,flocq-reference,5,mul
07,365,universal-posit,6,sqrt
07,366,flocq-reference,32,sqrt
07,367,binary-software,32,add
07,368,flocq-reference,128,add
07,369,universal-posit,32,mul
07,370,mpfr-reference,64,sqrt
07,371,binary-software,4096,mul
07,372,binary-software,5,sqrt
07,373,mpfr-reference,1024,sqrt
07,374,universal-posit,4096,add
07,375,binary-software,8,sub
07,376,universal-posit,7,add
07,377,universal-posit,4096,fma
07,378,binary-software,64,sqrt
07,379,binary-software,4096,add
07,380,flocq-reference,64,add
07,381,universal-posit,64,sub
07,382,mpfr-reference,7,add
07,383,posit-software,7,add
07,384,binary-software,7,mul
07,385,binary-software,32,fma
07,386,posit-software,2048,mul
07,387,flocq-reference,6,sub
07,388,binary-software,16,div
07,389,mpfr-reference,32,sqrt
07,390,binary-software,128,sub
07,391,mpfr-reference,512,fma
07,392,binary-native-c,64,sqrt
07,393,binary-software,2048,fma
07,394,mpfr-reference,512,mul
07,395,binary-software,128,div
07,396,flocq-reference,8,fma
07,397,posit-software,16,sqrt
07,398,mpfr-reference,2048,sqrt
07,399,mpfr-reference,32,add
07,400,universal-posit,6,mul
07,401,flocq-reference,4,div
07,402,posit-software,32,sqrt
07,403,flocq-reference,128,sqrt
07,404,universal-posit,1024,add
07,405,posit-software,2048,div
07,406,flocq-reference,1024,add
07,407,binary-software,16,fma
07,408,universal-posit,5,add
07,409,posit-software,3,add
07,410,mpfr-reference,2048,add
07,411,mpfr-reference,6,sub
07,412,posit-software,8,fma
07,413,posit-software,256,fma
07,414,posit-software,6,sub
07,415,universal-posit,5,fma
07,416,universal-posit,256,sub
07,417,flocq-reference,5,add
07,418,posit-software,512,add
07,419,flocq-reference,16,sqrt
07,420,posit-software,32,mul
07,421,flocq-reference,4,sub
07,422,universal-posit,4096,mul
07,423,universal-posit,256,mul
07,424,mpfr-reference,4096,fma
07,425,binary-software,2048,sqrt
07,426,posit-software,16,fma
07,427,binary-software,1024,fma
07,428,binary-software,5,div
07,429,binary-software,64,div
07,430,binary-software,2048,div
07,431,flocq-reference,64,fma
07,432,binary-software,8,fma
07,433,universal-posit,5,div
07,434,universal-posit,32,add
07,435,posit-software,2,mul
07,436,flocq-reference,256,sub
07,437,universal-posit,8,mul
07,438,universal-posit,8,sub
07,439,binary-software,2048,sub
07,440,mpfr-reference,64,sub
07,441,universal-posit,32,fma
07,442,posit-software,5,sqrt
07,443,universal-posit,5,sqrt
07,444,mpfr-reference,128,add
07,445,universal-posit,512,mul
07,446,binary-software,4,sub
07,447,universal-posit,2048,sub
08,0,universal-posit,16,sub
08,1,flocq-reference,5,sub
08,2,universal-posit,2048,div
08,3,mpfr-reference,2048,div
08,4,binary-software,1024,div
08,5,posit-software,16,mul
08,6,binary-native-c,64,div
08,7,posit-software,8,add
08,8,mpfr-reference,1024,sub
08,9,mpfr-reference,16,mul
08,10,universal-posit,128,fma
08,11,posit-software,1024,div
08,12,posit-software,1024,sub
08,13,binary-software,64,fma
08,14,flocq-reference,64,sub
08,15,mpfr-reference,6,div
08,16,universal-posit,7,div
08,17,flocq-reference,8,add
08,18,mpfr-reference,512,sqrt
08,19,universal-posit,128,div
08,20,universal-posit,16,fma
08,21,binary-software,512,div
08,22,flocq-reference,5,div
08,23,mpfr-reference,6,fma
08,24,mpfr-reference,2048,sub
08,25,binary-software,1024,sqrt
08,26,cpython-float64,64,sub
08,27,flocq-reference,512,div
08,28,mpfr-reference,1024,div
08,29,universal-posit,128,add
08,30,binary-software,512,sub
08,31,binary-software,128,mul
08,32,flocq-reference,6,fma
08,33,binary-software,64,mul
08,34,posit-software,512,sub
08,35,mpfr-reference,7,mul
08,36,posit-software,128,mul
08,37,posit-software,4,fma
08,38,binary-software,16,sqrt
08,39,posit-software,256,mul
08,40,posit-software,3,mul
08,41,universal-posit,6,fma
08,42,flocq-reference,6,sqrt
08,43,posit-software,128,div
08,44,flocq-reference,1024,sqrt
08,45,flocq-reference,7,sqrt
08,46,universal-posit,128,mul
08,47,posit-software,4,sqrt
08,48,flocq-reference,256,fma
08,49,universal-posit,512,sub
08,50,mpfr-reference,8,div
08,51,posit-software,4,add
08,52,binary-software,32,sub
08,53,posit-software,128,fma
08,54,flocq-reference,6,add
08,55,binary-software,32,sqrt
08,56,posit-software,6,div
08,57,flocq-reference,1024,fma
08,58,flocq-reference,256,div
08,59,posit-software,4096,mul
08,60,universal-posit,32,div
08,61,binary-software,4,sqrt
08,62,cpython-float64,64,add
08,63,binary-software,16,sub
08,64,mpfr-reference,256,sub
08,65,posit-software,1024,mul
08,66,universal-posit,1024,mul
08,67,mpfr-reference,128,sub
08,68,flocq-reference,256,mul
08,69,universal-posit,512,div
08,70,softfloat-reference,64,mul
08,71,flocq-reference,4096,sub
08,72,posit-software,2048,sqrt
08,73,mpfr-reference,512,add
08,74,posit-software,128,add
08,75,posit-software,256,add
08,76,binary-software,5,fma
08,77,posit-software,32,sub
08,78,binary-native-c,32,fma
08,79,universal-posit,5,sub
08,80,posit-software,4096,sqrt
08,81,posit-software,1024,fma
08,82,mpfr-reference,8,mul
08,83,posit-software,2048,add
08,84,mpfr-reference,128,div
08,85,universal-posit,6,add
08,86,universal-posit,8,add
08,87,universal-posit,64,mul
08,88,flocq-reference,16,sub
08,89,binary-native-c,32,div
08,90,posit-software,4096,add
08,91,universal-posit,64,div
08,92,mpfr-reference,6,sqrt
08,93,mpfr-reference,512,sub
08,94,posit-software,5,mul
08,95,binary-software,64,add
08,96,posit-software,3,sub
08,97,flocq-reference,16,fma
08,98,binary-software,256,sub
08,99,posit-software,2048,fma
08,100,cpython-float64,64,sqrt
08,101,mpfr-reference,5,sqrt
08,102,posit-software,512,div
08,103,binary-software,7,fma
08,104,universal-posit,16,mul
08,105,mpfr-reference,16,div
08,106,mpfr-reference,8,add
08,107,binary-software,5,mul
08,108,posit-software,3,sqrt
08,109,mpfr-reference,4,sub
08,110,flocq-reference,512,fma
08,111,universal-posit,1024,sub
08,112,binary-software,7,div
08,113,universal-posit,8,fma
08,114,binary-native-c,32,sqrt
08,115,posit-software,6,sqrt
08,116,mpfr-reference,32,sub
08,117,universal-posit,6,div
08,118,posit-software,4096,fma
08,119,binary-software,8,div
08,120,binary-software,256,mul
08,121,binary-native-c,64,fma
08,122,binary-software,256,add
08,123,universal-posit,32,sub
08,124,cpython-float64,64,mul
08,125,binary-native-c,64,sub
08,126,binary-software,7,sqrt
08,127,flocq-reference,7,div
08,128,mpfr-reference,1024,fma
08,129,binary-software,128,add
08,130,binary-software,6,add
08,131,posit-software,256,sqrt
08,132,posit-software,16,add
08,133,flocq-reference,2048,mul
08,134,binary-software,4,div
08,135,posit-software,2,sub
08,136,binary-software,6,sqrt
08,137,posit-software,32,fma
08,138,flocq-reference,7,mul
08,139,binary-software,8,mul
08,140,flocq-reference,4096,fma
08,141,flocq-reference,7,add
08,142,flocq-reference,2048,sqrt
08,143,flocq-reference,64,div
08,144,posit-software,4,sub
08,145,mpfr-reference,4,div
08,146,binary-software,128,sqrt
08,147,posit-software,7,div
08,148,mpfr-reference,16,add
08,149,posit-software,5,fma
08,150,flocq-reference,128,fma
08,151,mpfr-reference,128,sqrt
08,152,mpfr-reference,64,mul
08,153,flocq-reference,128,div
08,154,mpfr-reference,6,mul
08,155,universal-posit,2048,mul
08,156,softfloat-reference,32,mul
08,157,flocq-reference,6,div
08,158,posit-software,8,sub
08,159,binary-native-c,32,sub
08,160,posit-software,2048,sub
08,161,mpfr-reference,256,mul
08,162,mpfr-reference,8,sqrt
08,163,flocq-reference,4096,sqrt
08,164,binary-software,1024,sub
08,165,flocq-reference,512,sub
08,166,softfloat-reference,32,div
08,167,universal-posit,6,sub
08,168,universal-posit,32,sqrt
08,169,mpfr-reference,5,div
08,170,binary-software,6,sub
08,171,softfloat-reference,64,sub
08,172,universal-posit,256,fma
08,173,posit-software,2,sqrt
08,174,binary-native-c,64,add
08,175,universal-posit,4096,div
08,176,binary-software,1024,mul
08,177,mpfr-reference,1024,add
08,178,posit-software,7,fma
08,179,posit-software,2,add
08,180,cpython-float64,64,div
08,181,flocq-reference,2048,fma
08,182,mpfr-reference,128,fma
08,183,binary-software,6,fma
08,184,posit-software,1024,sqrt
08,185,binary-software,4096,sub
08,186,mpfr-reference,4096,add
08,187,posit-software,512,mul
08,188,flocq-reference,4,mul
08,189,posit-software,7,sub
08,190,binary-software,4,mul
08,191,softfloat-reference,32,add
08,192,mpfr-reference,5,add
08,193,posit-software,5,div
08,194,posit-software,5,add
08,195,mpfr-reference,4,fma
08,196,mpfr-reference,16,sqrt
08,197,mpfr-reference,2048,mul
08,198,mpfr-reference,4096,div
08,199,mpfr-reference,7,sub
08,200,binary-software,5,sub
08,201,posit-software,7,mul
08,202,flocq-reference,1024,div
08,203,softfloat-reference,64,add
08,204,mpfr-reference,128,mul
08,205,softfloat-reference,32,fma
08,206,posit-software,7,sqrt
08,207,binary-native-c,32,add
08,208,universal-posit,5,mul
08,209,mpfr-reference,8,fma
08,210,universal-posit,256,div
08,211,universal-posit,7,mul
08,212,posit-software,64,div
08,213,binary-software,2048,mul
08,214,binary-software,4,add
08,215,flocq-reference,7,fma
08,216,universal-posit,64,fma
08,217,binary-software,256,fma
08,218,flocq-reference,128,sub
08,219,flocq-reference,64,mul
08,220,posit-software,32,add
08,221,flocq-reference,4096,mul
08,222,flocq-reference,5,fma
08,223,posit-software,8,div
08,224,mpfr-reference,2048,fma
08,225,binary-software,32,mul
08,226,binary-software,256,sqrt
08,227,posit-software,5,sub
08,228,flocq-reference,256,sqrt
08,229,universal-posit,512,fma
08,230,posit-software,16,sub
08,231,posit-software,128,sqrt
08,232,binary-software,6,mul
08,233,posit-software,8,mul
08,234,mpfr-reference,16,fma
08,235,flocq-reference,512,add
08,236,softfloat-reference,32,sqrt
08,237,universal-posit,16,sqrt
08,238,flocq-reference,32,add
08,239,mpfr-reference,64,fma
08,240,mpfr-reference,7,fma
08,241,flocq-reference,4096,add
08,242,flocq-reference,64,sqrt
08,243,posit-software,64,sub
08,244,binary-software,256,div
08,245,mpfr-reference,64,div
08,246,posit-software,64,fma
08,247,flocq-reference,32,fma
08,248,mpfr-reference,16,sub
08,249,universal-posit,128,sub
08,250,mpfr-reference,5,mul
08,251,universal-posit,7,fma
08,252,softfloat-reference,64,sqrt
08,253,binary-software,16,add
08,254,mpfr-reference,4096,sub
08,255,universal-posit,1024,div
08,256,posit-software,64,add
08,257,posit-software,256,sub
08,258,posit-software,4096,div
08,259,mpfr-reference,4096,mul
08,260,posit-software,64,mul
08,261,flocq-reference,1024,mul
08,262,binary-native-c,64,mul
08,263,softfloat-reference,32,sub
08,264,flocq-reference,4,add
08,265,posit-software,2,fma
08,266,posit-software,4096,sub
08,267,posit-software,3,div
08,268,flocq-reference,4,sqrt
08,269,posit-software,4,mul
08,270,mpfr-reference,32,mul
08,271,universal-posit,256,add
08,272,mpfr-reference,512,div
08,273,mpfr-reference,64,add
08,274,binary-software,512,sqrt
08,275,universal-posit,16,add
08,276,universal-posit,4096,sub
08,277,mpfr-reference,256,div
08,278,mpfr-reference,4096,sqrt
08,279,posit-software,32,div
08,280,universal-posit,1024,fma
08,281,mpfr-reference,7,sqrt
08,282,binary-software,7,add
08,283,universal-posit,7,sqrt
08,284,mpfr-reference,32,div
08,285,mpfr-reference,7,div
08,286,mpfr-reference,256,sqrt
08,287,flocq-reference,1024,sub
08,288,flocq-reference,4,fma
08,289,binary-software,16,mul
08,290,universal-posit,16,div
08,291,flocq-reference,512,mul
08,292,flocq-reference,8,mul
08,293,mpfr-reference,4,sqrt
08,294,mpfr-reference,256,add
08,295,flocq-reference,8,div
08,296,flocq-reference,32,mul
08,297,mpfr-reference,5,sub
08,298,flocq-reference,32,div
08,299,mpfr-reference,4,mul
08,300,flocq-reference,2048,sub
08,301,mpfr-reference,256,fma
08,302,posit-software,6,add
08,303,flocq-reference,128,mul
08,304,mpfr-reference,32,fma
08,305,posit-software,6,fma
08,306,flocq-reference,6,mul
08,307,posit-software,512,sqrt
08,308,binary-software,64,sub
08,309,flocq-reference,32,sub
08,310,universal-posit,8,div
08,311,binary-software,4096,div
08,312,mpfr-reference,4,add
08,313,binary-software,8,add
08,314,flocq-reference,5,mul
08,315,universal-posit,6,sqrt
08,316,flocq-reference,32,sqrt
08,317,binary-software,32,add
08,318,flocq-reference,128,add
08,319,universal-posit,32,mul
08,320,mpfr-reference,64,sqrt
08,321,binary-software,4096,mul
08,322,binary-software,5,sqrt
08,323,mpfr-reference,1024,sqrt
08,324,universal-posit,4096,add
08,325,binary-software,8,sub
08,326,universal-posit,7,add
08,327,universal-posit,4096,fma
08,328,binary-software,64,sqrt
08,329,binary-software,4096,add
08,330,flocq-reference,64,add
08,331,universal-posit,64,sub
08,332,mpfr-reference,7,add
08,333,posit-software,7,add
08,334,binary-software,7,mul
08,335,binary-software,32,fma
08,336,posit-software,2048,mul
08,337,flocq-reference,6,sub
08,338,binary-software,16,div
08,339,mpfr-reference,32,sqrt
08,340,binary-software,128,sub
08,341,mpfr-reference,512,fma
08,342,binary-native-c,64,sqrt
08,343,binary-software,2048,fma
08,344,mpfr-reference,512,mul
08,345,binary-software,128,div
08,346,flocq-reference,8,fma
08,347,posit-software,16,sqrt
08,348,mpfr-reference,2048,sqrt
08,349,mpfr-reference,32,add
08,350,universal-posit,6,mul
08,351,flocq-reference,4,div
08,352,posit-software,32,sqrt
08,353,flocq-reference,128,sqrt
08,354,universal-posit,1024,add
08,355,posit-software,2048,div
08,356,flocq-reference,1024,add
08,357,binary-software,16,fma
08,358,universal-posit,5,add
08,359,posit-software,3,add
08,360,mpfr-reference,2048,add
08,361,mpfr-reference,6,sub
08,362,posit-software,8,fma
08,363,posit-software,256,fma
08,364,posit-software,6,sub
08,365,universal-posit,5,fma
08,366,universal-posit,256,sub
08,367,flocq-reference,5,add
08,368,posit-software,512,add
08,369,flocq-reference,16,sqrt
08,370,posit-software,32,mul
08,371,flocq-reference,4,sub
08,372,universal-posit,4096,mul
08,373,universal-posit,256,mul
08,374,mpfr-reference,4096,fma
08,375,binary-software,2048,sqrt
08,376,posit-software,16,fma
08,377,binary-software,1024,fma
08,378,binary-software,5,div
08,379,binary-software,64,div
08,380,binary-software,2048,div
08,381,flocq-reference,64,fma
08,382,binary-software,8,fma
08,383,universal-posit,5,div
08,384,universal-posit,32,add
08,385,posit-software,2,mul
08,386,flocq-reference,256,sub
08,387,universal-posit,8,mul
08,388,universal-posit,8,sub
08,389,binary-software,2048,sub
08,390,mpfr-reference,64,sub
08,391,universal-posit,32,fma
08,392,posit-software,5,sqrt
08,393,universal-posit,5,sqrt
08,394,mpfr-reference,128,add
08,395,universal-posit,512,mul
08,396,binary-software,4,sub
08,397,universal-posit,2048,sub
08,398,flocq-reference,8,sqrt
08,399,mpfr-reference,8,sub
08,400,flocq-reference,5,sqrt
08,401,flocq-reference,16,add
08,402,universal-posit,2048,add
08,403,posit-software,16,div
08,404,mpfr-reference,5,fma
08,405,posit-software,2,div
08,406,binary-native-c,32,mul
08,407,mpfr-reference,6,add
08,408,universal-posit,512,add
08,409,binary-software,4,fma
08,410,posit-software,8,sqrt
08,411,binary-software,5,add
08,412,binary-software,2048,add
08,413,softfloat-reference,64,fma
08,414,universal-posit,2048,fma
08,415,binary-software,7,sub
08,416,flocq-reference,2048,div
08,417,flocq-reference,256,add
08,418,binary-software,8,sqrt
08,419,flocq-reference,7,sub
08,420,binary-software,512,mul
08,421,posit-software,256,div
08,422,binary-software,512,fma
08,423,mpfr-reference,1024,mul
08,424,universal-posit,7,sub
08,425,flocq-reference,4096,div
08,426,binary-software,4096,fma
08,427,posit-software,64,sqrt
08,428,flocq-reference,8,sub
08,429,flocq-reference,16,div
08,430,posit-software,1024,add
08,431,binary-software,6,div
08,432,posit-software,4,div
08,433,posit-software,6,mul
08,434,universal-posit,8,sqrt
08,435,posit-software,128,sub
08,436,posit-software,512,fma
08,437,universal-posit,64,add
08,438,flocq-reference,2048,add
08,439,binary-software,1024,add
08,440,binary-software,512,add
08,441,binary-software,128,fma
08,442,flocq-reference,16,mul
08,443,posit-software,3,fma
08,444,binary-software,32,div
08,445,binary-software,4096,sqrt
08,446,softfloat-reference,64,div
08,447,flocq-reference,512,sqrt
09,0,mpfr-reference,8,div
09,1,posit-software,4,add
09,2,binary-software,32,sub
09,3,posit-software,128,fma
09,4,flocq-reference,6,add
09,5,binary-software,32,sqrt
09,6,posit-software,6,div
09,7,flocq-reference,1024,fma
09,8,flocq-reference,256,div
09,9,posit-software,4096,mul
09,10,universal-posit,32,div
09,11,binary-software,4,sqrt
09,12,cpython-float64,64,add
09,13,binary-software,16,sub
09,14,mpfr-reference,256,sub
09,15,posit-software,1024,mul
09,16,universal-posit,1024,mul
09,17,mpfr-reference,128,sub
09,18,flocq-reference,256,mul
09,19,universal-posit,512,div
09,20,softfloat-reference,64,mul
09,21,flocq-reference,4096,sub
09,22,posit-software,2048,sqrt
09,23,mpfr-reference,512,add
09,24,posit-software,128,add
09,25,posit-software,256,add
09,26,binary-software,5,fma
09,27,posit-software,32,sub
09,28,binary-native-c,32,fma
09,29,universal-posit,5,sub
09,30,posit-software,4096,sqrt
09,31,posit-software,1024,fma
09,32,mpfr-reference,8,mul
09,33,posit-software,2048,add
09,34,mpfr-reference,128,div
09,35,universal-posit,6,add
09,36,universal-posit,8,add
09,37,universal-posit,64,mul
09,38,flocq-reference,16,sub
09,39,binary-native-c,32,div
09,40,posit-software,4096,add
09,41,universal-posit,64,div
09,42,mpfr-reference,6,sqrt
09,43,mpfr-reference,512,sub
09,44,posit-software,5,mul
09,45,binary-software,64,add
09,46,posit-software,3,sub
09,47,flocq-reference,16,fma
09,48,binary-software,256,sub
09,49,posit-software,2048,fma
09,50,cpython-float64,64,sqrt
09,51,mpfr-reference,5,sqrt
09,52,posit-software,512,div
09,53,binary-software,7,fma
09,54,universal-posit,16,mul
09,55,mpfr-reference,16,div
09,56,mpfr-reference,8,add
09,57,binary-software,5,mul
09,58,posit-software,3,sqrt
09,59,mpfr-reference,4,sub
09,60,flocq-reference,512,fma
09,61,universal-posit,1024,sub
09,62,binary-software,7,div
09,63,universal-posit,8,fma
09,64,binary-native-c,32,sqrt
09,65,posit-software,6,sqrt
09,66,mpfr-reference,32,sub
09,67,universal-posit,6,div
09,68,posit-software,4096,fma
09,69,binary-software,8,div
09,70,binary-software,256,mul
09,71,binary-native-c,64,fma
09,72,binary-software,256,add
09,73,universal-posit,32,sub
09,74,cpython-float64,64,mul
09,75,binary-native-c,64,sub
09,76,binary-software,7,sqrt
09,77,flocq-reference,7,div
09,78,mpfr-reference,1024,fma
09,79,binary-software,128,add
09,80,binary-software,6,add
09,81,posit-software,256,sqrt
09,82,posit-software,16,add
09,83,flocq-reference,2048,mul
09,84,binary-software,4,div
09,85,posit-software,2,sub
09,86,binary-software,6,sqrt
09,87,posit-software,32,fma
09,88,flocq-reference,7,mul
09,89,binary-software,8,mul
09,90,flocq-reference,4096,fma
09,91,flocq-reference,7,add
09,92,flocq-reference,2048,sqrt
09,93,flocq-reference,64,div
09,94,posit-software,4,sub
09,95,mpfr-reference,4,div
09,96,binary-software,128,sqrt
09,97,posit-software,7,div
09,98,mpfr-reference,16,add
09,99,posit-software,5,fma
09,100,flocq-reference,128,fma
09,101,mpfr-reference,128,sqrt
09,102,mpfr-reference,64,mul
09,103,flocq-reference,128,div
09,104,mpfr-reference,6,mul
09,105,universal-posit,2048,mul
09,106,softfloat-reference,32,mul
09,107,flocq-reference,6,div
09,108,posit-software,8,sub
09,109,binary-native-c,32,sub
09,110,posit-software,2048,sub
09,111,mpfr-reference,256,mul
09,112,mpfr-reference,8,sqrt
09,113,flocq-reference,4096,sqrt
09,114,binary-software,1024,sub
09,115,flocq-reference,512,sub
09,116,softfloat-reference,32,div
09,117,universal-posit,6,sub
09,118,universal-posit,32,sqrt
09,119,mpfr-reference,5,div
09,120,binary-software,6,sub
09,121,softfloat-reference,64,sub
09,122,universal-posit,256,fma
09,123,posit-software,2,sqrt
09,124,binary-native-c,64,add
09,125,universal-posit,4096,div
09,126,binary-software,1024,mul
09,127,mpfr-reference,1024,add
09,128,posit-software,7,fma
09,129,posit-software,2,add
09,130,cpython-float64,64,div
09,131,flocq-reference,2048,fma
09,132,mpfr-reference,128,fma
09,133,binary-software,6,fma
09,134,posit-software,1024,sqrt
09,135,binary-software,4096,sub
09,136,mpfr-reference,4096,add
09,137,posit-software,512,mul
09,138,flocq-reference,4,mul
09,139,posit-software,7,sub
09,140,binary-software,4,mul
09,141,softfloat-reference,32,add
09,142,mpfr-reference,5,add
09,143,posit-software,5,div
09,144,posit-software,5,add
09,145,mpfr-reference,4,fma
09,146,mpfr-reference,16,sqrt
09,147,mpfr-reference,2048,mul
09,148,mpfr-reference,4096,div
09,149,mpfr-reference,7,sub
09,150,binary-software,5,sub
09,151,posit-software,7,mul
09,152,flocq-reference,1024,div
09,153,softfloat-reference,64,add
09,154,mpfr-reference,128,mul
09,155,softfloat-reference,32,fma
09,156,posit-software,7,sqrt
09,157,binary-native-c,32,add
09,158,universal-posit,5,mul
09,159,mpfr-reference,8,fma
09,160,universal-posit,256,div
09,161,universal-posit,7,mul
09,162,posit-software,64,div
09,163,binary-software,2048,mul
09,164,binary-software,4,add
09,165,flocq-reference,7,fma
09,166,universal-posit,64,fma
09,167,binary-software,256,fma
09,168,flocq-reference,128,sub
09,169,flocq-reference,64,mul
09,170,posit-software,32,add
09,171,flocq-reference,4096,mul
09,172,flocq-reference,5,fma
09,173,posit-software,8,div
09,174,mpfr-reference,2048,fma
09,175,binary-software,32,mul
09,176,binary-software,256,sqrt
09,177,posit-software,5,sub
09,178,flocq-reference,256,sqrt
09,179,universal-posit,512,fma
09,180,posit-software,16,sub
09,181,posit-software,128,sqrt
09,182,binary-software,6,mul
09,183,posit-software,8,mul
09,184,mpfr-reference,16,fma
09,185,flocq-reference,512,add
09,186,softfloat-reference,32,sqrt
09,187,universal-posit,16,sqrt
09,188,flocq-reference,32,add
09,189,mpfr-reference,64,fma
09,190,mpfr-reference,7,fma
09,191,flocq-reference,4096,add
09,192,flocq-reference,64,sqrt
09,193,posit-software,64,sub
09,194,binary-software,256,div
09,195,mpfr-reference,64,div
09,196,posit-software,64,fma
09,197,flocq-reference,32,fma
09,198,mpfr-reference,16,sub
09,199,universal-posit,128,sub
09,200,mpfr-reference,5,mul
09,201,universal-posit,7,fma
09,202,softfloat-reference,64,sqrt
09,203,binary-software,16,add
09,204,mpfr-reference,4096,sub
09,205,universal-posit,1024,div
09,206,posit-software,64,add
09,207,posit-software,256,sub
09,208,posit-software,4096,div
09,209,mpfr-reference,4096,mul
09,210,posit-software,64,mul
09,211,flocq-reference,1024,mul
09,212,binary-native-c,64,mul
09,213,softfloat-reference,32,sub
09,214,flocq-reference,4,add
09,215,posit-software,2,fma
09,216,posit-software,4096,sub
09,217,posit-software,3,div
09,218,flocq-reference,4,sqrt
09,219,posit-software,4,mul
09,220,mpfr-reference,32,mul
09,221,universal-posit,256,add
09,222,mpfr-reference,512,div
09,223,mpfr-reference,64,add
09,224,binary-software,512,sqrt
09,225,universal-posit,16,add
09,226,universal-posit,4096,sub
09,227,mpfr-reference,256,div
09,228,mpfr-reference,4096,sqrt
09,229,posit-software,32,div
09,230,universal-posit,1024,fma
09,231,mpfr-reference,7,sqrt
09,232,binary-software,7,add
09,233,universal-posit,7,sqrt
09,234,mpfr-reference,32,div
09,235,mpfr-reference,7,div
09,236,mpfr-reference,256,sqrt
09,237,flocq-reference,1024,sub
09,238,flocq-reference,4,fma
09,239,binary-software,16,mul
09,240,universal-posit,16,div
09,241,flocq-reference,512,mul
09,242,flocq-reference,8,mul
09,243,mpfr-reference,4,sqrt
09,244,mpfr-reference,256,add
09,245,flocq-reference,8,div
09,246,flocq-reference,32,mul
09,247,mpfr-reference,5,sub
09,248,flocq-reference,32,div
09,249,mpfr-reference,4,mul
09,250,flocq-reference,2048,sub
09,251,mpfr-reference,256,fma
09,252,posit-software,6,add
09,253,flocq-reference,128,mul
09,254,mpfr-reference,32,fma
09,255,posit-software,6,fma
09,256,flocq-reference,6,mul
09,257,posit-software,512,sqrt
09,258,binary-software,64,sub
09,259,flocq-reference,32,sub
09,260,universal-posit,8,div
09,261,binary-software,4096,div
09,262,mpfr-reference,4,add
09,263,binary-software,8,add
09,264,flocq-reference,5,mul
09,265,universal-posit,6,sqrt
09,266,flocq-reference,32,sqrt
09,267,binary-software,32,add
09,268,flocq-reference,128,add
09,269,universal-posit,32,mul
09,270,mpfr-reference,64,sqrt
09,271,binary-software,4096,mul
09,272,binary-software,5,sqrt
09,273,mpfr-reference,1024,sqrt
09,274,universal-posit,4096,add
09,275,binary-software,8,sub
09,276,universal-posit,7,add
09,277,universal-posit,4096,fma
09,278,binary-software,64,sqrt
09,279,binary-software,4096,add
09,280,flocq-reference,64,add
09,281,universal-posit,64,sub
09,282,mpfr-reference,7,add
09,283,posit-software,7,add
09,284,binary-software,7,mul
09,285,binary-software,32,fma
09,286,posit-software,2048,mul
09,287,flocq-reference,6,sub
09,288,binary-software,16,div
09,289,mpfr-reference,32,sqrt
09,290,binary-software,128,sub
09,291,mpfr-reference,512,fma
09,292,binary-native-c,64,sqrt
09,293,binary-software,2048,fma
09,294,mpfr-reference,512,mul
09,295,binary-software,128,div
09,296,flocq-reference,8,fma
09,297,posit-software,16,sqrt
09,298,mpfr-reference,2048,sqrt
09,299,mpfr-reference,32,add
09,300,universal-posit,6,mul
09,301,flocq-reference,4,div
09,302,posit-software,32,sqrt
09,303,flocq-reference,128,sqrt
09,304,universal-posit,1024,add
09,305,posit-software,2048,div
09,306,flocq-reference,1024,add
09,307,binary-software,16,fma
09,308,universal-posit,5,add
09,309,posit-software,3,add
09,310,mpfr-reference,2048,add
09,311,mpfr-reference,6,sub
09,312,posit-software,8,fma
09,313,posit-software,256,fma
09,314,posit-software,6,sub
09,315,universal-posit,5,fma
09,316,universal-posit,256,sub
09,317,flocq-reference,5,add
09,318,posit-software,512,add
09,319,flocq-reference,16,sqrt
09,320,posit-software,32,mul
09,321,flocq-reference,4,sub
09,322,universal-posit,4096,mul
09,323,universal-posit,256,mul
09,324,mpfr-reference,4096,fma
09,325,binary-software,2048,sqrt
09,326,posit-software,16,fma
09,327,binary-software,1024,fma
09,328,binary-software,5,div
09,329,binary-software,64,div
09,330,binary-software,2048,div
09,331,flocq-reference,64,fma
09,332,binary-software,8,fma
09,333,universal-posit,5,div
09,334,universal-posit,32,add
09,335,posit-software,2,mul
09,336,flocq-reference,256,sub
09,337,universal-posit,8,mul
09,338,universal-posit,8,sub
09,339,binary-software,2048,sub
09,340,mpfr-reference,64,sub
09,341,universal-posit,32,fma
09,342,posit-software,5,sqrt
09,343,universal-posit,5,sqrt
09,344,mpfr-reference,128,add
09,345,universal-posit,512,mul
09,346,binary-software,4,sub
09,347,universal-posit,2048,sub
09,348,flocq-reference,8,sqrt
09,349,mpfr-reference,8,sub
09,350,flocq-reference,5,sqrt
09,351,flocq-reference,16,add
09,352,universal-posit,2048,add
09,353,posit-software,16,div
09,354,mpfr-reference,5,fma
09,355,posit-software,2,div
09,356,binary-native-c,32,mul
09,357,mpfr-reference,6,add
09,358,universal-posit,512,add
09,359,binary-software,4,fma
09,360,posit-software,8,sqrt
09,361,binary-software,5,add
09,362,binary-software,2048,add
09,363,softfloat-reference,64,fma
09,364,universal-posit,2048,fma
09,365,binary-software,7,sub
09,366,flocq-reference,2048,div
09,367,flocq-reference,256,add
09,368,binary-software,8,sqrt
09,369,flocq-reference,7,sub
09,370,binary-software,512,mul
09,371,posit-software,256,div
09,372,binary-software,512,fma
09,373,mpfr-reference,1024,mul
09,374,universal-posit,7,sub
09,375,flocq-reference,4096,div
09,376,binary-software,4096,fma
09,377,posit-software,64,sqrt
09,378,flocq-reference,8,sub
09,379,flocq-reference,16,div
09,380,posit-software,1024,add
09,381,binary-software,6,div
09,382,posit-software,4,div
09,383,posit-software,6,mul
09,384,universal-posit,8,sqrt
09,385,posit-software,128,sub
09,386,posit-software,512,fma
09,387,universal-posit,64,add
09,388,flocq-reference,2048,add
09,389,binary-software,1024,add
09,390,binary-software,512,add
09,391,binary-software,128,fma
09,392,flocq-reference,16,mul
09,393,posit-software,3,fma
09,394,binary-software,32,div
09,395,binary-software,4096,sqrt
09,396,softfloat-reference,64,div
09,397,flocq-reference,512,sqrt
09,398,universal-posit,16,sub
09,399,flocq-reference,5,sub
09,400,universal-posit,2048,div
09,401,mpfr-reference,2048,div
09,402,binary-software,1024,div
09,403,posit-software,16,mul
09,404,binary-native-c,64,div
09,405,posit-software,8,add
09,406,mpfr-reference,1024,sub
09,407,mpfr-reference,16,mul
09,408,universal-posit,128,fma
09,409,posit-software,1024,div
09,410,posit-software,1024,sub
09,411,binary-software,64,fma
09,412,flocq-reference,64,sub
09,413,mpfr-reference,6,div
09,414,universal-posit,7,div
09,415,flocq-reference,8,add
09,416,mpfr-reference,512,sqrt
09,417,universal-posit,128,div
09,418,universal-posit,16,fma
09,419,binary-software,512,div
09,420,flocq-reference,5,div
09,421,mpfr-reference,6,fma
09,422,mpfr-reference,2048,sub
09,423,binary-software,1024,sqrt
09,424,cpython-float64,64,sub
09,425,flocq-reference,512,div
09,426,mpfr-reference,1024,div
09,427,universal-posit,128,add
09,428,binary-software,512,sub
09,429,binary-software,128,mul
09,430,flocq-reference,6,fma
09,431,binary-software,64,mul
09,432,posit-software,512,sub
09,433,mpfr-reference,7,mul
09,434,posit-software,128,mul
09,435,posit-software,4,fma
09,436,binary-software,16,sqrt
09,437,posit-software,256,mul
09,438,posit-software,3,mul
09,439,universal-posit,6,fma
09,440,flocq-reference,6,sqrt
09,441,posit-software,128,div
09,442,flocq-reference,1024,sqrt
09,443,flocq-reference,7,sqrt
09,444,universal-posit,128,mul
09,445,posit-software,4,sqrt
09,446,flocq-reference,256,fma
09,447,universal-posit,512,sub
