trial,lane,totalBits,operation,maxResidentSetKiB,majorPageFaults,minorPageFaults,userSeconds,systemSeconds,elapsedSeconds,exitStatus
01,cpython-float64,64,sqrt,11268,0,1570,0.21,0.00,0.22,0
01,mpfr-reference,5,sqrt,2680,0,310,0.19,0.00,0.20,0
01,posit-software,512,div,70940,0,2265,3.03,0.00,3.05,0
01,binary-software,7,fma,70388,0,2318,6.37,0.00,6.38,0
01,universal-posit,16,mul,3728,0,360,0.18,0.01,0.20,0
01,mpfr-reference,16,div,2564,0,311,0.20,0.00,0.20,0
01,mpfr-reference,8,add,2460,0,309,0.20,0.00,0.20,0
01,binary-software,5,mul,67904,0,2271,3.04,0.00,3.04,0
01,posit-software,3,sqrt,68024,0,2268,3.01,0.02,3.04,0
01,mpfr-reference,4,sub,2540,0,312,0.20,0.00,0.20,0
01,flocq-reference,512,fma,6204,0,980,0.21,0.00,0.21,0
01,universal-posit,1024,sub,3892,0,391,0.20,0.00,0.20,0
01,binary-software,7,div,67680,0,2282,3.07,0.00,3.07,0
01,universal-posit,8,fma,3752,0,356,0.19,0.00,0.20,0
01,binary-native-c,32,sqrt,2912,0,323,0.20,0.00,0.20,0
01,posit-software,6,sqrt,68220,0,2271,3.03,0.00,3.04,0
01,mpfr-reference,32,sub,2312,0,304,0.20,0.00,0.20,0
01,universal-posit,6,div,3616,0,356,0.20,0.00,0.20,0
01,posit-software,4096,fma,69724,0,2300,3.02,0.01,3.05,0
01,binary-software,8,div,69024,0,2215,3.12,0.01,3.13,0
01,binary-software,256,mul,71212,0,2279,3.03,0.00,3.03,0
01,binary-native-c,64,fma,3012,0,318,0.20,0.00,0.20,0
01,binary-software,256,add,71152,0,2278,3.03,0.00,3.04,0
01,universal-posit,32,sub,3680,0,353,0.20,0.00,0.20,0
01,cpython-float64,64,mul,11256,0,1574,0.21,0.01,0.22,0
01,binary-native-c,64,sub,2600,0,313,0.20,0.00,0.20,0
01,binary-software,7,sqrt,69124,0,2225,3.02,0.01,3.04,0
01,flocq-reference,7,div,6112,0,960,0.17,0.01,0.19,0
01,mpfr-reference,1024,fma,2408,0,311,0.20,0.00,0.20,0
01,binary-software,128,add,68172,0,2266,3.04,0.01,3.06,0
01,binary-software,6,add,67592,0,2225,3.01,0.02,3.04,0
01,posit-software,256,sqrt,67440,0,2310,3.05,0.00,3.05,0
01,posit-software,16,add,67964,0,2276,3.02,0.01,3.04,0
01,flocq-reference,2048,mul,6368,0,993,0.27,0.00,0.27,0
01,binary-software,4,div,68176,0,2286,3.01,0.01,3.03,0
01,posit-software,2,sub,67996,0,2278,3.02,0.01,3.04,0
01,binary-software,6,sqrt,67504,0,2227,3.03,0.00,3.04,0
01,posit-software,32,fma,69244,0,2228,3.03,0.01,3.04,0
01,flocq-reference,7,mul,6028,0,959,0.19,0.00,0.19,0
01,binary-software,8,mul,67404,0,2225,3.13,0.01,3.14,0
01,flocq-reference,4096,fma,6500,0,1018,0.45,0.00,0.45,0
01,flocq-reference,7,add,6060,0,963,0.19,0.00,0.19,0
01,flocq-reference,2048,sqrt,6280,0,985,0.67,0.00,0.67,0
01,flocq-reference,64,div,6168,0,964,0.20,0.00,0.20,0
01,posit-software,4,sub,68144,0,2229,3.02,0.00,3.04,0
01,mpfr-reference,4,div,2444,0,312,0.20,0.00,0.20,0
01,binary-software,128,sqrt,71176,0,2279,3.02,0.01,3.04,0
01,posit-software,7,div,67476,0,2282,3.06,0.00,3.07,0
01,mpfr-reference,16,add,2544,0,311,0.20,0.00,0.20,0
01,posit-software,5,fma,67792,0,2226,3.04,0.00,3.04,0
01,flocq-reference,128,fma,6208,0,974,0.20,0.00,0.20,0
01,mpfr-reference,128,sqrt,2612,0,309,0.20,0.00,0.20,0
01,mpfr-reference,64,mul,2548,0,311,0.19,0.00,0.20,0
01,flocq-reference,128,div,6232,0,971,0.19,0.00,0.20,0
01,mpfr-reference,6,mul,2272,0,307,0.20,0.00,0.20,0
01,universal-posit,2048,mul,3804,0,417,0.26,0.00,0.26,0
01,softfloat-reference,32,mul,2336,0,305,0.20,0.00,0.20,0
01,flocq-reference,6,div,6172,0,962,0.19,0.00,0.19,0
01,posit-software,8,sub,68260,0,2272,3.13,0.00,3.15,0
01,binary-native-c,32,sub,2908,0,319,0.20,0.00,0.20,0
01,posit-software,2048,sub,67452,0,2228,3.04,0.00,3.04,0
01,mpfr-reference,256,mul,2452,0,309,0.19,0.00,0.19,0
01,mpfr-reference,8,sqrt,2612,0,311,0.20,0.00,0.20,0
01,flocq-reference,4096,sqrt,6352,0,1000,2.58,0.00,2.59,0
01,binary-software,1024,sub,67808,0,2282,3.02,0.01,3.04,0
01,flocq-reference,512,sub,6128,0,975,0.20,0.01,0.21,0
01,softfloat-reference,32,div,2376,0,308,0.20,0.00,0.20,0
01,universal-posit,6,sub,3616,0,355,0.19,0.00,0.19,0
01,universal-posit,32,sqrt,3748,0,356,0.19,0.01,0.20,0
01,mpfr-reference,5,div,2460,0,309,0.20,0.00,0.20,0
01,binary-software,6,sub,68012,0,2233,3.02,0.00,3.04,0
01,softfloat-reference,64,sub,2540,0,311,0.20,0.00,0.20,0
01,universal-posit,256,fma,3672,0,362,0.20,0.00,0.20,0
01,posit-software,2,sqrt,67704,0,2229,3.02,0.00,3.04,0
01,binary-native-c,64,add,2908,0,320,0.20,0.00,0.20,0
01,universal-posit,4096,div,4060,0,485,2.87,0.00,2.87,0
01,binary-software,1024,mul,68808,0,2273,3.04,0.00,3.04,0
01,mpfr-reference,1024,add,2396,0,311,0.20,0.00,0.20,0
01,posit-software,7,fma,68264,0,2284,3.04,0.00,3.04,0
01,posit-software,2,add,69860,0,2239,3.02,0.01,3.04,0
01,cpython-float64,64,div,11196,0,1570,0.19,0.02,0.22,0
01,flocq-reference,2048,fma,6324,0,996,0.27,0.00,0.27,0
01,mpfr-reference,128,fma,2392,0,306,0.19,0.00,0.19,0
01,binary-software,6,fma,69280,0,2278,3.46,0.00,3.47,0
01,posit-software,1024,sqrt,71064,0,2230,3.04,0.00,3.04,0
01,binary-software,4096,sub,71264,0,2231,3.04,0.00,3.04,0
01,mpfr-reference,4096,add,2588,0,316,0.20,0.00,0.20,0
01,posit-software,512,mul,69040,0,2307,3.04,0.00,3.05,0
01,flocq-reference,4,mul,6040,0,956,0.18,0.00,0.18,0
01,posit-software,7,sub,67500,0,2225,3.04,0.00,3.05,0
01,binary-software,4,mul,68212,0,2272,3.03,0.01,3.05,0
01,softfloat-reference,32,add,2444,0,308,0.20,0.00,0.20,0
01,mpfr-reference,5,add,2272,0,307,0.20,0.00,0.20,0
01,posit-software,5,div,70908,0,2236,3.03,0.00,3.04,0
01,posit-software,5,add,71108,0,2274,3.04,0.00,3.04,0
01,mpfr-reference,4,fma,2524,0,309,0.20,0.00,0.20,0
01,mpfr-reference,16,sqrt,2396,0,312,0.20,0.00,0.20,0
01,mpfr-reference,2048,mul,2624,0,314,0.20,0.00,0.20,0
01,mpfr-reference,4096,div,2528,0,321,0.19,0.00,0.20,0
01,mpfr-reference,7,sub,2460,0,311,0.20,0.00,0.20,0
01,binary-software,5,sub,68120,0,2287,3.04,0.00,3.04,0
01,posit-software,7,mul,68136,0,2267,3.04,0.00,3.06,0
01,flocq-reference,1024,div,6208,0,980,0.23,0.00,0.23,0
01,softfloat-reference,64,add,2544,0,308,0.19,0.00,0.20,0
01,mpfr-reference,128,mul,2556,0,309,0.20,0.00,0.20,0
01,softfloat-reference,32,fma,2596,0,311,0.20,0.00,0.20,0
01,posit-software,7,sqrt,67708,0,2284,3.02,0.01,3.05,0
01,binary-native-c,32,add,2664,0,319,0.20,0.00,0.20,0
01,universal-posit,5,mul,3668,0,352,0.19,0.00,0.20,0
01,mpfr-reference,8,fma,2604,0,308,0.20,0.00,0.20,0
01,universal-posit,256,div,3772,0,364,0.20,0.00,0.20,0
01,universal-posit,7,mul,3720,0,358,0.20,0.00,0.20,0
01,posit-software,64,div,69140,0,2274,3.01,0.02,3.04,0
01,binary-software,2048,mul,69008,0,2276,3.04,0.00,3.04,0
01,binary-software,4,add,69980,0,2297,3.04,0.00,3.05,0
01,flocq-reference,7,fma,6136,0,961,0.18,0.00,0.19,0
01,universal-posit,64,fma,3572,0,357,0.19,0.00,0.20,0
01,binary-software,256,fma,68404,0,2275,3.04,0.00,3.04,0
01,flocq-reference,128,sub,6136,0,973,0.19,0.00,0.20,0
01,flocq-reference,64,mul,6160,0,966,0.20,0.00,0.20,0
01,posit-software,32,add,69908,0,2296,3.03,0.00,3.04,0
01,flocq-reference,4096,mul,6420,0,1020,0.44,0.00,0.45,0
01,flocq-reference,5,fma,6096,0,957,0.19,0.00,0.19,0
01,posit-software,8,div,69188,0,2241,3.14,0.01,3.15,0
01,mpfr-reference,2048,fma,2472,0,312,0.20,0.00,0.20,0
01,binary-software,32,mul,67756,0,2218,3.05,0.00,3.05,0
01,binary-software,256,sqrt,71068,0,2222,3.03,0.00,3.04,0
01,posit-software,5,sub,70908,0,2272,3.05,0.00,3.05,0
01,flocq-reference,256,sqrt,6172,0,972,0.22,0.00,0.22,0
01,universal-posit,512,fma,3808,0,373,0.20,0.00,0.20,0
01,posit-software,16,sub,68212,0,2283,3.04,0.00,3.04,0
01,posit-software,128,sqrt,72080,0,2307,3.03,0.00,3.04,0
01,binary-software,6,mul,67384,0,2225,3.04,0.00,3.04,0
01,posit-software,8,mul,67424,0,2225,3.12,0.00,3.13,0
01,mpfr-reference,16,fma,2328,0,306,0.19,0.00,0.20,0
01,flocq-reference,512,add,6124,0,972,0.21,0.00,0.21,0
01,softfloat-reference,32,sqrt,2536,0,314,0.20,0.00,0.20,0
01,universal-posit,16,sqrt,3696,0,351,0.20,0.00,0.20,0
01,flocq-reference,32,add,6036,0,961,0.19,0.01,0.20,0
01,mpfr-reference,64,fma,2524,0,309,0.20,0.00,0.20,0
01,mpfr-reference,7,fma,2388,0,307,0.20,0.00,0.20,0
01,flocq-reference,4096,add,6336,0,1006,0.45,0.00,0.45,0
01,flocq-reference,64,sqrt,6112,0,962,0.20,0.00,0.20,0
01,posit-software,64,sub,67532,0,2227,3.03,0.00,3.03,0
01,binary-software,256,div,67468,0,2276,3.04,0.00,3.04,0
01,mpfr-reference,64,div,2388,0,305,0.20,0.00,0.20,0
01,posit-software,64,fma,67620,0,2284,3.02,0.01,3.04,0
01,flocq-reference,32,fma,6180,0,963,0.19,0.01,0.20,0
01,mpfr-reference,16,sub,2548,0,313,0.20,0.00,0.20,0
01,universal-posit,128,sub,3648,0,355,0.19,0.00,0.20,0
01,mpfr-reference,5,mul,2560,0,309,0.20,0.00,0.20,0
01,universal-posit,7,fma,3728,0,352,0.20,0.00,0.20,0
01,softfloat-reference,64,sqrt,2532,0,311,0.20,0.00,0.20,0
01,binary-software,16,add,67956,0,2224,3.03,0.00,3.04,0
01,mpfr-reference,4096,sub,2404,0,316,0.20,0.00,0.20,0
01,universal-posit,1024,div,3920,0,386,0.36,0.00,0.36,0
01,posit-software,64,add,72132,0,2281,3.03,0.00,3.04,0
01,posit-software,256,sub,69500,0,2216,3.04,0.00,3.04,0
01,posit-software,4096,div,72044,0,2285,3.04,0.01,3.05,0
01,mpfr-reference,4096,mul,2680,0,317,0.19,0.00,0.20,0
01,posit-software,64,mul,67832,0,2275,3.04,0.00,3.04,0
01,flocq-reference,1024,mul,6276,0,984,0.22,0.00,0.22,0
01,binary-native-c,64,mul,2960,0,317,0.20,0.00,0.20,0
01,softfloat-reference,32,sub,2380,0,309,0.20,0.00,0.20,0
01,flocq-reference,4,add,6176,0,962,0.19,0.00,0.19,0
01,posit-software,2,fma,68344,0,2275,3.02,0.00,3.03,0
01,posit-software,4096,sub,68904,0,2220,3.02,0.00,3.03,0
01,posit-software,3,div,68108,0,2217,3.03,0.00,3.03,0
01,flocq-reference,4,sqrt,6036,0,961,0.17,0.00,0.18,0
01,posit-software,4,mul,68200,0,2288,3.02,0.01,3.04,0
01,mpfr-reference,32,mul,2456,0,312,0.20,0.00,0.20,0
01,universal-posit,256,add,3668,0,356,0.19,0.00,0.19,0
01,mpfr-reference,512,div,2528,0,310,0.20,0.00,0.20,0
01,mpfr-reference,64,add,2548,0,304,0.20,0.00,0.20,0
01,binary-software,512,sqrt,67964,0,2280,3.04,0.00,3.04,0
01,universal-posit,16,add,3636,0,357,0.20,0.00,0.20,0
01,universal-posit,4096,sub,4036,0,485,0.20,0.00,0.21,0
01,mpfr-reference,256,div,2616,0,307,0.20,0.00,0.20,0
01,mpfr-reference,4096,sqrt,2428,0,320,0.20,0.00,0.20,0
01,posit-software,32,div,70664,0,2302,3.03,0.00,3.04,0
01,universal-posit,1024,fma,3916,0,386,0.21,0.00,0.22,0
01,mpfr-reference,7,sqrt,2572,0,310,0.20,0.00,0.20,0
01,binary-software,7,add,68212,0,2214,3.05,0.00,3.06,0
01,universal-posit,7,sqrt,3684,0,355,0.19,0.00,0.19,0
01,mpfr-reference,32,div,2600,0,307,0.18,0.00,0.19,0
01,mpfr-reference,7,div,2500,0,306,0.20,0.00,0.20,0
01,mpfr-reference,256,sqrt,2540,0,310,0.20,0.00,0.20,0
01,flocq-reference,1024,sub,6264,0,981,0.22,0.00,0.22,0
01,flocq-reference,4,fma,5972,0,963,0.19,0.00,0.19,0
01,binary-software,16,mul,69180,0,2241,3.01,0.02,3.05,0
01,universal-posit,16,div,3760,0,359,0.20,0.00,0.20,0
01,flocq-reference,512,mul,6192,0,981,0.21,0.00,0.21,0
01,flocq-reference,8,mul,6104,0,958,0.19,0.00,0.19,0
01,mpfr-reference,4,sqrt,2516,0,309,0.19,0.00,0.20,0
01,mpfr-reference,256,add,2436,0,311,0.20,0.00,0.20,0
01,flocq-reference,8,div,6188,0,962,0.19,0.00,0.19,0
01,flocq-reference,32,mul,6036,0,960,0.21,0.00,0.21,0
01,mpfr-reference,5,sub,2452,0,307,0.19,0.01,0.20,0
01,flocq-reference,32,div,6140,0,960,0.20,0.00,0.20,0
01,mpfr-reference,4,mul,2564,0,307,0.20,0.00,0.20,0
01,flocq-reference,2048,sub,6276,0,987,0.28,0.00,0.28,0
01,mpfr-reference,256,fma,2504,0,309,0.19,0.00,0.20,0
01,posit-software,6,add,67636,0,2224,3.05,0.00,3.05,0
01,flocq-reference,128,mul,6168,0,966,0.20,0.00,0.20,0
01,mpfr-reference,32,fma,2540,0,309,0.20,0.00,0.20,0
01,posit-software,6,fma,67932,0,2287,3.01,0.00,3.03,0
01,flocq-reference,6,mul,6152,0,957,0.18,0.00,0.18,0
01,posit-software,512,sqrt,67452,0,2285,3.03,0.01,3.04,0
01,binary-software,64,sub,72096,0,2277,3.04,0.00,3.05,0
01,flocq-reference,32,sub,6084,0,961,0.19,0.00,0.20,0
01,universal-posit,8,div,3720,0,357,0.19,0.00,0.20,0
01,binary-software,4096,div,69244,0,2245,3.03,0.00,3.04,0
01,mpfr-reference,4,add,2560,0,307,0.19,0.00,0.20,0
01,binary-software,8,add,68284,0,2218,3.13,0.01,3.14,0
01,flocq-reference,5,mul,6040,0,958,0.18,0.00,0.19,0
01,universal-posit,6,sqrt,3776,0,359,0.19,0.00,0.19,0
01,flocq-reference,32,sqrt,6176,0,962,0.20,0.00,0.20,0
01,binary-software,32,add,68112,0,2228,3.02,0.00,3.03,0
01,flocq-reference,128,add,6108,0,969,0.19,0.00,0.19,0
01,universal-posit,32,mul,3608,0,350,0.19,0.00,0.19,0
01,mpfr-reference,64,sqrt,2308,0,307,0.20,0.00,0.20,0
01,binary-software,4096,mul,69312,0,2246,3.03,0.00,3.04,0
01,binary-software,5,sqrt,67708,0,2283,3.04,0.00,3.05,0
01,mpfr-reference,1024,sqrt,2596,0,314,0.20,0.00,0.20,0
01,universal-posit,4096,add,4012,0,485,0.20,0.00,0.21,0
01,binary-software,8,sub,68248,0,2284,3.08,0.00,3.08,0
01,universal-posit,7,add,3724,0,352,0.20,0.00,0.20,0
01,universal-posit,4096,fma,4172,0,486,0.45,0.00,0.45,0
01,binary-software,64,sqrt,72052,0,2274,3.02,0.01,3.04,0
01,binary-software,4096,add,67604,0,2287,3.03,0.00,3.04,0
01,flocq-reference,64,add,6240,0,960,0.20,0.00,0.20,0
01,universal-posit,64,sub,3728,0,357,0.20,0.00,0.20,0
01,mpfr-reference,7,add,2276,0,308,0.20,0.00,0.20,0
01,posit-software,7,add,68940,0,2219,3.05,0.01,3.06,0
01,binary-software,7,mul,70624,0,2294,3.08,0.00,3.09,0
01,binary-software,32,fma,71196,0,2282,3.04,0.00,3.04,0
01,posit-software,2048,mul,67616,0,2228,3.03,0.00,3.05,0
01,flocq-reference,6,sub,6120,0,961,0.18,0.00,0.18,0
01,binary-software,16,div,69056,0,2220,3.04,0.00,3.04,0
01,mpfr-reference,32,sqrt,2324,0,307,0.20,0.00,0.20,0
01,binary-software,128,sub,71204,0,2285,3.02,0.01,3.04,0
01,mpfr-reference,512,fma,2436,0,314,0.19,0.00,0.20,0
01,binary-native-c,64,sqrt,2776,0,318,0.20,0.00,0.20,0
01,binary-software,2048,fma,68460,0,2291,3.04,0.00,3.04,0
01,mpfr-reference,512,mul,2476,0,309,0.20,0.00,0.20,0
01,binary-software,128,div,69804,0,2271,3.02,0.00,3.04,0
01,flocq-reference,8,fma,6092,0,961,0.19,0.00,0.19,0
01,posit-software,16,sqrt,67516,0,2231,3.02,0.00,3.04,0
01,mpfr-reference,2048,sqrt,2476,0,313,0.20,0.00,0.20,0
01,mpfr-reference,32,add,2264,0,308,0.20,0.00,0.20,0
01,universal-posit,6,mul,3716,0,357,0.20,0.00,0.20,0
01,flocq-reference,4,div,6144,0,964,0.17,0.00,0.18,0
01,posit-software,32,sqrt,69308,0,2301,3.02,0.01,3.04,0
01,flocq-reference,128,sqrt,6168,0,970,0.21,0.00,0.21,0
01,universal-posit,1024,add,3900,0,390,0.20,0.00,0.20,0
01,posit-software,2048,div,67964,0,2227,3.02,0.00,3.04,0
01,flocq-reference,1024,add,6140,0,981,0.22,0.00,0.22,0
01,binary-software,16,fma,67428,0,2224,3.03,0.00,3.03,0
01,universal-posit,5,add,3712,0,354,0.20,0.00,0.20,0
01,posit-software,3,add,67472,0,2280,3.02,0.00,3.04,0
01,mpfr-reference,2048,add,2400,0,308,0.20,0.00,0.20,0
01,mpfr-reference,6,sub,2324,0,305,0.20,0.00,0.20,0
01,posit-software,8,fma,71188,0,2226,3.03,0.00,3.04,0
01,posit-software,256,fma,71228,0,2301,3.04,0.00,3.04,0
01,posit-software,6,sub,69168,0,2242,3.04,0.00,3.05,0
01,universal-posit,5,fma,3716,0,355,0.20,0.00,0.20,0
01,universal-posit,256,sub,3656,0,360,0.20,0.00,0.20,0
01,flocq-reference,5,add,6160,0,961,0.18,0.01,0.19,0
01,posit-software,512,add,71004,0,2278,3.03,0.00,3.04,0
01,flocq-reference,16,sqrt,6068,0,962,0.19,0.00,0.20,0
01,posit-software,32,mul,67684,0,2230,3.04,0.00,3.04,0
01,flocq-reference,4,sub,6044,0,959,0.18,0.00,0.18,0
01,universal-posit,4096,mul,3972,0,484,0.42,0.00,0.42,0
01,universal-posit,256,mul,3780,0,363,0.19,0.00,0.20,0
01,mpfr-reference,4096,fma,2708,0,317,0.20,0.00,0.20,0
01,binary-software,2048,sqrt,69076,0,2279,3.05,0.00,3.05,0
01,posit-software,16,fma,67964,0,2277,3.01,0.02,3.04,0
01,binary-software,1024,fma,67952,0,2235,3.03,0.00,3.04,0
01,binary-software,5,div,69868,0,2299,3.03,0.00,3.05,0
01,binary-software,64,div,69700,0,2213,3.03,0.00,3.05,0
01,binary-software,2048,div,67764,0,2282,3.03,0.00,3.04,0
01,flocq-reference,64,fma,6060,0,969,0.20,0.00,0.20,0
01,binary-software,8,fma,69856,0,2270,3.03,0.01,3.04,0
01,universal-posit,5,div,3544,0,354,0.20,0.00,0.20,0
01,universal-posit,32,add,3620,0,353,0.18,0.00,0.19,0
01,posit-software,2,mul,70912,0,2278,3.02,0.01,3.03,0
01,flocq-reference,256,sub,6248,0,977,0.20,0.00,0.20,0
01,universal-posit,8,mul,3748,0,354,0.20,0.00,0.20,0
01,universal-posit,8,sub,3612,0,355,0.18,0.00,0.19,0
01,binary-software,2048,sub,71064,0,2292,3.03,0.00,3.04,0
01,mpfr-reference,64,sub,2260,0,303,0.20,0.00,0.20,0
01,universal-posit,32,fma,3624,0,356,0.20,0.00,0.20,0
01,posit-software,5,sqrt,69224,0,2241,3.03,0.01,3.04,0
01,universal-posit,5,sqrt,3804,0,358,0.20,0.00,0.20,0
01,mpfr-reference,128,add,2472,0,311,0.20,0.00,0.20,0
01,universal-posit,512,mul,3804,0,369,0.20,0.00,0.20,0
01,binary-software,4,sub,72256,0,2281,3.04,0.00,3.04,0
01,universal-posit,2048,sub,3908,0,421,0.20,0.00,0.20,0
01,flocq-reference,8,sqrt,6108,0,960,0.18,0.00,0.19,0
01,mpfr-reference,8,sub,2324,0,307,0.19,0.00,0.20,0
01,flocq-reference,5,sqrt,6108,0,964,0.19,0.00,0.19,0
01,flocq-reference,16,add,6200,0,961,0.19,0.00,0.19,0
01,universal-posit,2048,add,3908,0,418,0.20,0.00,0.20,0
01,posit-software,16,div,67592,0,2286,3.04,0.00,3.04,0
01,mpfr-reference,5,fma,2520,0,313,0.20,0.00,0.20,0
01,posit-software,2,div,67752,0,2232,3.02,0.01,3.04,0
01,binary-native-c,32,mul,2908,0,321,0.20,0.00,0.20,0
01,mpfr-reference,6,add,2544,0,309,0.20,0.00,0.20,0
01,universal-posit,512,add,3696,0,371,0.20,0.00,0.20,0
01,binary-software,4,fma,67608,0,2223,2.98,0.02,3.01,0
01,posit-software,8,sqrt,68148,0,2282,3.02,0.01,3.04,0
01,binary-software,5,add,68292,0,2283,3.04,0.00,3.04,0
01,binary-software,2048,add,67872,0,2236,3.03,0.00,3.04,0
01,softfloat-reference,64,fma,2308,0,306,0.20,0.00,0.20,0
01,universal-posit,2048,fma,3844,0,422,0.24,0.00,0.25,0
01,binary-software,7,sub,70852,0,2242,3.05,0.00,3.06,0
01,flocq-reference,2048,div,6296,0,991,0.27,0.00,0.27,0
01,flocq-reference,256,add,6164,0,975,0.20,0.00,0.20,0
01,binary-software,8,sqrt,68276,0,2223,3.03,0.00,3.03,0
01,flocq-reference,7,sub,6188,0,960,0.19,0.00,0.19,0
01,binary-software,512,mul,67460,0,2280,3.03,0.00,3.04,0
01,posit-software,256,div,67596,0,2255,3.03,0.00,3.05,0
01,binary-software,512,fma,71360,0,2285,2.97,0.00,2.98,0
01,mpfr-reference,1024,mul,2624,0,314,0.19,0.00,0.20,0
01,universal-posit,7,sub,3684,0,350,0.19,0.00,0.19,0
01,flocq-reference,4096,div,6416,0,999,0.45,0.00,0.45,0
01,binary-software,4096,fma,70924,0,2252,3.03,0.00,3.04,0
01,posit-software,64,sqrt,70692,0,2244,3.04,0.00,3.04,0
01,flocq-reference,8,sub,6032,0,956,0.18,0.00,0.19,0
01,flocq-reference,16,div,6036,0,963,0.20,0.00,0.20,0
01,posit-software,1024,add,68140,0,2287,3.03,0.00,3.04,0
01,binary-software,6,div,68988,0,2219,3.04,0.00,3.05,0
01,posit-software,4,div,70968,0,2277,3.02,0.00,3.03,0
01,posit-software,6,mul,67384,0,2277,3.03,0.00,3.04,0
01,universal-posit,8,sqrt,3620,0,354,0.20,0.00,0.20,0
01,posit-software,128,sub,68800,0,2273,3.03,0.00,3.04,0
01,posit-software,512,fma,69956,0,2325,3.00,0.01,3.02,0
01,universal-posit,64,add,3624,0,354,0.20,0.00,0.20,0
01,flocq-reference,2048,add,6336,0,992,0.27,0.00,0.28,0
01,binary-software,1024,add,68216,0,2286,3.03,0.00,3.04,0
01,binary-software,512,add,69256,0,2298,3.04,0.00,3.04,0
01,binary-software,128,fma,67540,0,2279,3.03,0.01,3.04,0
01,flocq-reference,16,mul,6096,0,962,0.18,0.00,0.19,0
01,posit-software,3,fma,72012,0,2280,3.03,0.00,3.05,0
01,binary-software,32,div,67760,0,2274,3.04,0.00,3.04,0
01,binary-software,4096,sqrt,69772,0,2277,3.04,0.01,3.06,0
01,softfloat-reference,64,div,2292,0,308,0.20,0.00,0.20,0
01,flocq-reference,512,sqrt,6252,0,972,0.33,0.00,0.33,0
01,universal-posit,16,sub,3616,0,355,0.20,0.00,0.20,0
01,flocq-reference,5,sub,6096,0,962,0.18,0.00,0.18,0
01,universal-posit,2048,div,3936,0,419,0.87,0.00,0.87,0
01,mpfr-reference,2048,div,2624,0,311,0.20,0.00,0.20,0
01,binary-software,1024,div,71900,0,2224,3.02,0.00,3.04,0
01,posit-software,16,mul,69252,0,2299,3.03,0.01,3.04,0
01,binary-native-c,64,div,2792,0,318,0.19,0.00,0.20,0
01,posit-software,8,add,72040,0,2278,3.14,0.00,3.14,0
01,mpfr-reference,1024,sub,2272,0,310,0.19,0.00,0.19,0
01,mpfr-reference,16,mul,2464,0,311,0.20,0.00,0.20,0
01,universal-posit,128,fma,3744,0,356,0.20,0.00,0.20,0
01,posit-software,1024,div,71208,0,2286,3.05,0.00,3.06,0
01,posit-software,1024,sub,70956,0,2293,3.02,0.00,3.04,0
01,binary-software,64,fma,67704,0,2226,3.04,0.00,3.04,0
01,flocq-reference,64,sub,6100,0,959,0.20,0.00,0.20,0
01,mpfr-reference,6,div,2372,0,305,0.20,0.00,0.20,0
01,universal-posit,7,div,3608,0,349,0.19,0.00,0.20,0
01,flocq-reference,8,add,6080,0,962,0.19,0.00,0.19,0
01,mpfr-reference,512,sqrt,2608,0,311,0.20,0.00,0.20,0
01,universal-posit,128,div,3632,0,352,0.20,0.00,0.20,0
01,universal-posit,16,fma,3688,0,355,0.19,0.00,0.20,0
01,binary-software,512,div,71016,0,2295,3.02,0.00,3.03,0
01,flocq-reference,5,div,5976,0,959,0.19,0.00,0.19,0
01,mpfr-reference,6,fma,2448,0,311,0.20,0.00,0.20,0
01,mpfr-reference,2048,sub,2556,0,316,0.19,0.00,0.19,0
01,binary-software,1024,sqrt,69124,0,2224,3.03,0.00,3.05,0
01,cpython-float64,64,sub,11264,0,1574,0.20,0.01,0.21,0
01,flocq-reference,512,div,6172,0,980,0.20,0.00,0.21,0
01,mpfr-reference,1024,div,2332,0,306,0.20,0.00,0.20,0
01,universal-posit,128,add,3576,0,358,0.20,0.00,0.20,0
01,binary-software,512,sub,67328,0,2227,3.04,0.00,3.05,0
01,binary-software,128,mul,71024,0,2291,3.03,0.00,3.03,0
01,flocq-reference,6,fma,6216,0,956,0.19,0.00,0.19,0
01,binary-software,64,mul,67588,0,2285,3.04,0.00,3.04,0
01,posit-software,512,sub,72004,0,2301,3.06,0.00,3.06,0
01,mpfr-reference,7,mul,2392,0,307,0.20,0.00,0.20,0
01,posit-software,128,mul,71132,0,2228,3.03,0.00,3.05,0
01,posit-software,4,fma,67880,0,2287,3.03,0.00,3.04,0
01,binary-software,16,sqrt,67740,0,2231,3.04,0.00,3.04,0
01,posit-software,256,mul,69940,0,2318,3.04,0.00,3.04,0
01,posit-software,3,mul,68200,0,2231,3.01,0.01,3.03,0
01,universal-posit,6,fma,3556,0,352,0.20,0.00,0.20,0
01,flocq-reference,6,sqrt,6084,0,959,0.18,0.00,0.19,0
01,posit-software,128,div,71068,0,2276,3.03,0.00,3.04,0
01,flocq-reference,1024,sqrt,6192,0,982,0.40,0.00,0.40,0
01,flocq-reference,7,sqrt,6040,0,959,0.19,0.00,0.19,0
01,universal-posit,128,mul,3628,0,355,0.20,0.00,0.20,0
01,posit-software,4,sqrt,67400,0,2277,3.04,0.00,3.05,0
01,flocq-reference,256,fma,6208,0,977,0.20,0.00,0.20,0
01,universal-posit,512,sub,3696,0,368,0.20,0.00,0.20,0
01,mpfr-reference,8,div,2520,0,311,0.20,0.00,0.20,0
01,posit-software,4,add,69708,0,2274,3.03,0.00,3.04,0
01,binary-software,32,sub,71992,0,2226,3.03,0.00,3.04,0
01,posit-software,128,fma,67672,0,2252,3.04,0.00,3.04,0
01,flocq-reference,6,add,6096,0,963,0.18,0.00,0.19,0
01,binary-software,32,sqrt,71104,0,2275,3.03,0.00,3.04,0
01,posit-software,6,div,68052,0,2287,3.03,0.01,3.05,0
01,flocq-reference,1024,fma,6304,0,984,0.22,0.00,0.22,0
01,flocq-reference,256,div,6184,0,972,0.20,0.00,0.20,0
01,posit-software,4096,mul,68248,0,2239,3.03,0.00,3.04,0
01,universal-posit,32,div,3720,0,353,0.19,0.00,0.20,0
01,binary-software,4,sqrt,67972,0,2282,3.02,0.01,3.03,0
01,cpython-float64,64,add,11160,0,1573,0.22,0.00,0.22,0
01,binary-software,16,sub,71112,0,2219,3.04,0.00,3.04,0
01,mpfr-reference,256,sub,2500,0,306,0.19,0.00,0.20,0
01,posit-software,1024,mul,67696,0,2228,3.02,0.00,3.03,0
01,universal-posit,1024,mul,3800,0,386,0.22,0.00,0.22,0
01,mpfr-reference,128,sub,2500,0,313,0.19,0.00,0.20,0
01,flocq-reference,256,mul,6244,0,973,0.20,0.00,0.20,0
01,universal-posit,512,div,3648,0,373,0.25,0.00,0.25,0
01,softfloat-reference,64,mul,2616,0,308,0.20,0.00,0.20,0
01,flocq-reference,4096,sub,6376,0,1008,0.43,0.00,0.45,0
01,posit-software,2048,sqrt,72044,0,2278,3.04,0.00,3.04,0
01,mpfr-reference,512,add,2560,0,306,0.20,0.00,0.20,0
01,posit-software,128,add,67592,0,2277,3.02,0.01,3.04,0
01,posit-software,256,add,70724,0,2268,3.04,0.00,3.04,0
01,binary-software,5,fma,67940,0,2284,3.08,0.01,3.11,0
01,posit-software,32,sub,69760,0,2271,3.04,0.00,3.04,0
01,binary-native-c,32,fma,3020,0,317,0.20,0.00,0.20,0
01,universal-posit,5,sub,3616,0,355,0.19,0.00,0.19,0
01,posit-software,4096,sqrt,67360,0,2286,3.05,0.01,3.06,0
01,posit-software,1024,fma,71120,0,2220,3.02,0.02,3.04,0
01,mpfr-reference,8,mul,2308,0,303,0.20,0.00,0.20,0
01,posit-software,2048,add,68988,0,2293,3.04,0.00,3.04,0
01,mpfr-reference,128,div,2620,0,309,0.19,0.00,0.20,0
01,universal-posit,6,add,3552,0,354,0.15,0.00,0.15,0
01,universal-posit,8,add,3720,0,353,0.20,0.00,0.20,0
01,universal-posit,64,mul,3636,0,355,0.20,0.00,0.20,0
01,flocq-reference,16,sub,6092,0,958,0.18,0.00,0.19,0
01,binary-native-c,32,div,2820,0,322,0.19,0.00,0.20,0
01,posit-software,4096,add,69816,0,2297,3.03,0.00,3.04,0
01,universal-posit,64,div,3636,0,358,0.19,0.00,0.20,0
01,mpfr-reference,6,sqrt,2608,0,307,0.20,0.00,0.20,0
01,mpfr-reference,512,sub,2328,0,307,0.19,0.00,0.20,0
01,posit-software,5,mul,69172,0,2296,3.04,0.00,3.04,0
01,binary-software,64,add,69044,0,2221,3.03,0.00,3.04,0
01,posit-software,3,sub,67916,0,2280,3.04,0.00,3.05,0
01,flocq-reference,16,fma,6168,0,955,0.20,0.00,0.20,0
01,binary-software,256,sub,68316,0,2215,3.01,0.02,3.04,0
01,posit-software,2048,fma,72080,0,2280,3.01,0.02,3.04,0
02,posit-software,5,fma,69756,0,2219,3.02,0.01,3.04,0
02,flocq-reference,128,fma,6164,0,972,0.19,0.00,0.20,0
02,mpfr-reference,128,sqrt,2612,0,314,0.20,0.00,0.20,0
02,mpfr-reference,64,mul,2244,0,309,0.20,0.00,0.20,0
02,flocq-reference,128,div,6180,0,969,0.20,0.00,0.20,0
02,mpfr-reference,6,mul,2408,0,307,0.20,0.00,0.20,0
02,universal-posit,2048,mul,3900,0,420,0.24,0.00,0.25,0
02,softfloat-reference,32,mul,2380,0,310,0.20,0.00,0.20,0
02,flocq-reference,6,div,6212,0,960,0.18,0.00,0.18,0
02,posit-software,8,sub,67704,0,2225,3.12,0.00,3.14,0
02,binary-native-c,32,sub,2756,0,314,0.19,0.00,0.20,0
02,posit-software,2048,sub,67504,0,2227,3.02,0.00,3.03,0
02,mpfr-reference,256,mul,2520,0,306,0.19,0.00,0.19,0
02,mpfr-reference,8,sqrt,2536,0,315,0.20,0.00,0.20,0
02,flocq-reference,4096,sqrt,6416,0,1001,2.59,0.00,2.59,0
02,binary-software,1024,sub,68012,0,2228,3.04,0.00,3.04,0
02,flocq-reference,512,sub,6248,0,981,0.21,0.00,0.21,0
02,softfloat-reference,32,div,2448,0,304,0.20,0.00,0.20,0
02,universal-posit,6,sub,3744,0,359,0.19,0.00,0.19,0
02,universal-posit,32,sqrt,3624,0,360,0.20,0.00,0.20,0
02,mpfr-reference,5,div,2332,0,308,0.20,0.00,0.20,0
02,binary-software,6,sub,70912,0,2299,3.04,0.00,3.04,0
02,softfloat-reference,64,sub,2336,0,308,0.19,0.00,0.20,0
02,universal-posit,256,fma,3684,0,359,0.20,0.00,0.20,0
02,posit-software,2,sqrt,67516,0,2282,3.04,0.00,3.04,0
02,binary-native-c,64,add,2952,0,319,0.20,0.00,0.20,0
02,universal-posit,4096,div,4080,0,483,2.86,0.00,2.87,0
02,binary-software,1024,mul,67672,0,2285,3.04,0.00,3.04,0
02,mpfr-reference,1024,add,2460,0,306,0.19,0.00,0.20,0
02,posit-software,7,fma,71100,0,2237,3.04,0.00,3.04,0
02,posit-software,2,add,71988,0,2277,3.03,0.00,3.04,0
02,cpython-float64,64,div,11200,0,1573,0.22,0.00,0.22,0
02,flocq-reference,2048,fma,6256,0,993,0.27,0.00,0.27,0
02,mpfr-reference,128,fma,2428,0,311,0.19,0.00,0.19,0
02,binary-software,6,fma,67820,0,2280,3.46,0.00,3.47,0
02,posit-software,1024,sqrt,69132,0,2239,3.14,0.00,3.14,0
02,binary-software,4096,sub,72060,0,2279,3.02,0.00,3.03,0
02,mpfr-reference,4096,add,2588,0,317,0.20,0.00,0.20,0
02,posit-software,512,mul,69244,0,2270,3.04,0.00,3.04,0
02,flocq-reference,4,mul,6048,0,960,0.17,0.00,0.18,0
02,posit-software,7,sub,68220,0,2215,3.05,0.00,3.06,0
02,binary-software,4,mul,69908,0,2245,3.03,0.00,3.04,0
02,softfloat-reference,32,add,2576,0,307,0.20,0.00,0.20,0
02,mpfr-reference,5,add,2276,0,305,0.20,0.00,0.20,0
02,posit-software,5,div,69012,0,2223,3.04,0.00,3.04,0
02,posit-software,5,add,71256,0,2228,3.04,0.00,3.04,0
02,mpfr-reference,4,fma,2396,0,309,0.20,0.00,0.20,0
02,mpfr-reference,16,sqrt,2456,0,311,0.19,0.01,0.20,0
02,mpfr-reference,2048,mul,2464,0,310,0.20,0.00,0.20,0
02,mpfr-reference,4096,div,2596,0,321,0.19,0.00,0.20,0
02,mpfr-reference,7,sub,2276,0,306,0.20,0.00,0.20,0
02,binary-software,5,sub,69948,0,2301,3.02,0.01,3.05,0
02,posit-software,7,mul,67492,0,2226,3.04,0.02,3.06,0
02,flocq-reference,1024,div,6268,0,979,0.22,0.00,0.23,0
02,softfloat-reference,64,add,2620,0,312,0.20,0.00,0.20,0
02,mpfr-reference,128,mul,2548,0,310,0.19,0.00,0.20,0
02,softfloat-reference,32,fma,2340,0,307,0.20,0.00,0.20,0
02,posit-software,7,sqrt,69916,0,2301,3.03,0.00,3.05,0
02,binary-native-c,32,add,2816,0,319,0.20,0.00,0.20,0
02,universal-posit,5,mul,3600,0,347,0.19,0.00,0.20,0
02,mpfr-reference,8,fma,2520,0,311,0.20,0.00,0.20,0
02,universal-posit,256,div,3764,0,360,0.20,0.00,0.20,0
02,universal-posit,7,mul,3724,0,353,0.20,0.00,0.20,0
02,posit-software,64,div,68272,0,2232,3.02,0.00,3.04,0
02,binary-software,2048,mul,68160,0,2269,3.05,0.00,3.05,0
02,binary-software,4,add,69232,0,2294,3.04,0.00,3.04,0
02,flocq-reference,7,fma,6096,0,963,0.19,0.00,0.19,0
02,universal-posit,64,fma,3632,0,351,0.19,0.00,0.20,0
02,binary-software,256,fma,71212,0,2293,3.03,0.01,3.04,0
02,flocq-reference,128,sub,6228,0,969,0.20,0.00,0.20,0
02,flocq-reference,64,mul,6224,0,969,0.18,0.00,0.19,0
02,posit-software,32,add,70604,0,2296,3.04,0.00,3.04,0
02,flocq-reference,4096,mul,6448,0,1023,0.44,0.00,0.45,0
02,flocq-reference,5,fma,6144,0,956,0.19,0.00,0.19,0
02,posit-software,8,div,67476,0,2281,3.15,0.01,3.16,0
02,mpfr-reference,2048,fma,2576,0,314,0.19,0.00,0.20,0
02,binary-software,32,mul,71044,0,2276,3.04,0.00,3.04,0
02,binary-software,256,sqrt,71052,0,2273,3.02,0.02,3.04,0
02,posit-software,5,sub,69008,0,2274,3.05,0.00,3.05,0
02,flocq-reference,256,sqrt,6248,0,972,0.21,0.00,0.22,0
02,universal-posit,512,fma,3808,0,368,0.20,0.00,0.20,0
02,posit-software,16,sub,67964,0,2279,3.04,0.00,3.04,0
02,posit-software,128,sqrt,71300,0,2260,3.03,0.00,3.05,0
02,binary-software,6,mul,67204,0,2274,3.04,0.00,3.05,0
02,posit-software,8,mul,69192,0,2242,3.11,0.00,3.12,0
02,mpfr-reference,16,fma,2524,0,310,0.20,0.00,0.20,0
02,flocq-reference,512,add,6324,0,980,0.21,0.00,0.21,0
02,softfloat-reference,32,sqrt,2572,0,312,0.20,0.00,0.20,0
02,universal-posit,16,sqrt,3696,0,356,0.20,0.00,0.20,0
02,flocq-reference,32,add,6124,0,955,0.20,0.00,0.20,0
02,mpfr-reference,64,fma,2504,0,311,0.20,0.00,0.20,0
02,mpfr-reference,7,fma,2500,0,309,0.20,0.00,0.20,0
02,flocq-reference,4096,add,6336,0,997,0.44,0.00,0.45,0
02,flocq-reference,64,sqrt,6196,0,963,0.20,0.00,0.20,0
02,posit-software,64,sub,70996,0,2239,3.03,0.01,3.04,0
02,binary-software,256,div,71164,0,2225,3.03,0.00,3.04,0
02,mpfr-reference,64,div,2536,0,307,0.20,0.00,0.20,0
02,posit-software,64,fma,67880,0,2231,3.04,0.00,3.04,0
02,flocq-reference,32,fma,6032,0,962,0.19,0.00,0.19,0
02,mpfr-reference,16,sub,2232,0,304,0.20,0.00,0.20,0
02,universal-posit,128,sub,3608,0,355,0.20,0.00,0.20,0
02,mpfr-reference,5,mul,2456,0,308,0.20,0.00,0.20,0
02,universal-posit,7,fma,3724,0,353,0.20,0.00,0.20,0
02,softfloat-reference,64,sqrt,2532,0,308,0.20,0.00,0.20,0
02,binary-software,16,add,70968,0,2236,3.04,0.00,3.04,0
02,mpfr-reference,4096,sub,2556,0,317,0.20,0.00,0.20,0
02,universal-posit,1024,div,3780,0,379,0.36,0.00,0.36,0
02,posit-software,64,add,67580,0,2285,3.05,0.01,3.06,0
02,posit-software,256,sub,67508,0,2229,3.00,0.03,3.04,0
02,posit-software,4096,div,68188,0,2288,3.05,0.00,3.05,0
02,mpfr-reference,4096,mul,2488,0,317,0.20,0.00,0.20,0
02,posit-software,64,mul,70600,0,2295,3.04,0.00,3.04,0
02,flocq-reference,1024,mul,6284,0,987,0.21,0.00,0.22,0
02,binary-native-c,64,mul,2796,0,317,0.20,0.00,0.20,0
02,softfloat-reference,32,sub,2624,0,309,0.20,0.00,0.20,0
02,flocq-reference,4,add,6108,0,961,0.18,0.01,0.19,0
02,posit-software,2,fma,69188,0,2278,3.02,0.01,3.04,0
02,posit-software,4096,sub,68172,0,2214,3.02,0.01,3.03,0
02,posit-software,3,div,69500,0,2268,3.03,0.01,3.04,0
02,flocq-reference,4,sqrt,6104,0,961,0.17,0.00,0.18,0
02,posit-software,4,mul,69144,0,2297,2.98,0.04,3.04,0
02,mpfr-reference,32,mul,2364,0,309,0.20,0.00,0.20,0
02,universal-posit,256,add,3672,0,362,0.19,0.00,0.19,0
02,mpfr-reference,512,div,2328,0,306,0.20,0.00,0.20,0
02,mpfr-reference,64,add,2500,0,310,0.20,0.00,0.20,0
02,binary-software,512,sqrt,71032,0,2223,3.04,0.00,3.05,0
02,universal-posit,16,add,3564,0,355,0.20,0.00,0.20,0
02,universal-posit,4096,sub,3984,0,490,0.21,0.00,0.21,0
02,mpfr-reference,256,div,2504,0,311,0.19,0.00,0.20,0
02,mpfr-reference,4096,sqrt,2504,0,317,0.20,0.00,0.20,0
02,posit-software,32,div,67812,0,2226,3.04,0.00,3.04,0
02,universal-posit,1024,fma,3724,0,387,0.21,0.01,0.22,0
02,mpfr-reference,7,sqrt,2404,0,309,0.20,0.00,0.20,0
02,binary-software,7,add,68224,0,2270,3.08,0.00,3.08,0
02,universal-posit,7,sqrt,3792,0,358,0.19,0.00,0.19,0
02,mpfr-reference,32,div,2564,0,309,0.19,0.00,0.19,0
02,mpfr-reference,7,div,2612,0,308,0.20,0.00,0.20,0
02,mpfr-reference,256,sqrt,2440,0,308,0.20,0.00,0.20,0
02,flocq-reference,1024,sub,6264,0,984,0.22,0.00,0.22,0
02,flocq-reference,4,fma,6096,0,961,0.19,0.00,0.19,0
02,binary-software,16,mul,67440,0,2226,3.02,0.00,3.03,0
02,universal-posit,16,div,3636,0,354,0.19,0.00,0.20,0
02,flocq-reference,512,mul,6268,0,978,0.21,0.00,0.21,0
02,flocq-reference,8,mul,6132,0,962,0.19,0.00,0.19,0
02,mpfr-reference,4,sqrt,2456,0,305,0.20,0.00,0.20,0
02,mpfr-reference,256,add,2556,0,311,0.20,0.00,0.20,0
02,flocq-reference,8,div,6120,0,960,0.18,0.00,0.19,0
02,flocq-reference,32,mul,6148,0,961,0.19,0.00,0.19,0
02,mpfr-reference,5,sub,2396,0,308,0.19,0.00,0.20,0
02,flocq-reference,32,div,6020,0,959,0.21,0.00,0.22,0
02,mpfr-reference,4,mul,2560,0,310,0.20,0.00,0.20,0
02,flocq-reference,2048,sub,6236,0,987,0.27,0.01,0.28,0
02,mpfr-reference,256,fma,2388,0,309,0.20,0.00,0.20,0
02,posit-software,6,add,67520,0,2280,3.03,0.02,3.05,0
02,flocq-reference,128,mul,6176,0,974,0.20,0.00,0.20,0
02,mpfr-reference,32,fma,2304,0,309,0.20,0.00,0.20,0
02,posit-software,6,fma,69828,0,2267,3.02,0.00,3.02,0
02,flocq-reference,6,mul,6052,0,957,0.17,0.00,0.18,0
02,posit-software,512,sqrt,71044,0,2216,3.03,0.01,3.05,0
02,binary-software,64,sub,69120,0,2276,3.03,0.00,3.04,0
02,flocq-reference,32,sub,6092,0,959,0.20,0.00,0.20,0
02,universal-posit,8,div,3560,0,355,0.20,0.00,0.20,0
02,binary-software,4096,div,70728,0,2301,3.03,0.01,3.04,0
02,mpfr-reference,4,add,2276,0,309,0.19,0.00,0.20,0
02,binary-software,8,add,68008,0,2281,3.14,0.00,3.14,0
02,flocq-reference,5,mul,6096,0,963,0.18,0.00,0.19,0
02,universal-posit,6,sqrt,3808,0,358,0.19,0.00,0.19,0
02,flocq-reference,32,sqrt,6140,0,960,0.19,0.00,0.20,0
02,binary-software,32,add,67596,0,2278,3.04,0.00,3.04,0
02,flocq-reference,128,add,6160,0,971,0.18,0.00,0.20,0
02,universal-posit,32,mul,3724,0,359,0.19,0.00,0.19,0
02,mpfr-reference,64,sqrt,2540,0,314,0.20,0.00,0.20,0
02,binary-software,4096,mul,68808,0,2274,3.04,0.00,3.04,0
02,binary-software,5,sqrt,72016,0,2228,3.05,0.00,3.05,0
02,mpfr-reference,1024,sqrt,2684,0,313,0.20,0.00,0.20,0
02,universal-posit,4096,add,4088,0,485,0.21,0.00,0.21,0
02,binary-software,8,sub,71068,0,2293,3.07,0.01,3.09,0
02,universal-posit,7,add,3556,0,356,0.20,0.00,0.20,0
02,universal-posit,4096,fma,3988,0,489,0.44,0.01,0.45,0
02,binary-software,64,sqrt,69724,0,2272,3.04,0.00,3.04,0
02,binary-software,4096,add,70540,0,2297,3.03,0.00,3.04,0
02,flocq-reference,64,add,6164,0,962,0.20,0.00,0.20,0
02,universal-posit,64,sub,3764,0,356,0.20,0.00,0.20,0
02,mpfr-reference,7,add,2556,0,309,0.19,0.00,0.20,0
02,posit-software,7,add,69192,0,2243,3.06,0.00,3.06,0
02,binary-software,7,mul,67908,0,2222,3.06,0.00,3.06,0
02,binary-software,32,fma,69708,0,2269,3.03,0.00,3.04,0
02,posit-software,2048,mul,69140,0,2242,3.04,0.00,3.05,0
02,flocq-reference,6,sub,6064,0,962,0.18,0.00,0.18,0
02,binary-software,16,div,67688,0,2280,3.03,0.00,3.03,0
02,mpfr-reference,32,sqrt,2352,0,306,0.20,0.00,0.20,0
02,binary-software,128,sub,67476,0,2224,3.03,0.01,3.05,0
02,mpfr-reference,512,fma,2536,0,312,0.20,0.00,0.20,0
02,binary-native-c,64,sqrt,2944,0,321,0.19,0.00,0.20,0
02,binary-software,2048,fma,70788,0,2249,3.03,0.01,3.04,0
02,mpfr-reference,512,mul,2544,0,309,0.20,0.00,0.20,0
02,binary-software,128,div,69088,0,2239,3.02,0.00,3.04,0
02,flocq-reference,8,fma,6188,0,962,0.19,0.00,0.19,0
02,posit-software,16,sqrt,67660,0,2285,3.03,0.01,3.04,0
02,mpfr-reference,2048,sqrt,2476,0,317,0.20,0.00,0.20,0
02,mpfr-reference,32,add,2276,0,305,0.19,0.00,0.20,0
02,universal-posit,6,mul,3624,0,355,0.20,0.00,0.20,0
02,flocq-reference,4,div,6092,0,962,0.18,0.00,0.18,0
02,posit-software,32,sqrt,69048,0,2298,3.04,0.00,3.04,0
02,flocq-reference,128,sqrt,6120,0,974,0.21,0.00,0.21,0
02,universal-posit,1024,add,3724,0,387,0.20,0.00,0.20,0
02,posit-software,2048,div,68148,0,2221,3.04,0.00,3.05,0
02,flocq-reference,1024,add,6148,0,976,0.21,0.00,0.22,0
02,binary-software,16,fma,69124,0,2290,3.02,0.00,3.03,0
02,universal-posit,5,add,3712,0,354,0.20,0.00,0.20,0
02,posit-software,3,add,69704,0,2272,3.02,0.00,3.04,0
02,mpfr-reference,2048,add,2348,0,314,0.19,0.00,0.20,0
02,mpfr-reference,6,sub,2500,0,307,0.20,0.00,0.20,0
02,posit-software,8,fma,67580,0,2283,3.02,0.00,3.03,0
02,posit-software,256,fma,67816,0,2300,3.04,0.00,3.04,0
02,posit-software,6,sub,67492,0,2230,3.04,0.00,3.06,0
02,universal-posit,5,fma,3552,0,351,0.20,0.00,0.20,0
02,universal-posit,256,sub,3604,0,361,0.19,0.00,0.20,0
02,flocq-reference,5,add,6168,0,960,0.18,0.00,0.19,0
02,posit-software,512,add,69884,0,2295,3.04,0.00,3.04,0
02,flocq-reference,16,sqrt,6112,0,960,0.20,0.00,0.20,0
02,posit-software,32,mul,67824,0,2284,3.04,0.00,3.04,0
02,flocq-reference,4,sub,6168,0,963,0.18,0.00,0.18,0
02,universal-posit,4096,mul,4024,0,482,0.43,0.00,0.43,0
02,universal-posit,256,mul,3772,0,361,0.19,0.00,0.20,0
02,mpfr-reference,4096,fma,2492,0,316,0.20,0.00,0.20,0
02,binary-software,2048,sqrt,67276,0,2279,3.04,0.00,3.06,0
02,posit-software,16,fma,69284,0,2240,3.04,0.00,3.04,0
02,binary-software,1024,fma,67892,0,2288,3.05,0.00,3.05,0
02,binary-software,5,div,70628,0,2240,3.03,0.01,3.04,0
02,binary-software,64,div,69796,0,2292,3.01,0.02,3.04,0
02,binary-software,2048,div,71108,0,2276,3.03,0.00,3.04,0
02,flocq-reference,64,fma,6240,0,973,0.20,0.00,0.20,0
02,binary-software,8,fma,70656,0,2243,3.03,0.01,3.04,0
02,universal-posit,5,div,3604,0,350,0.19,0.00,0.20,0
02,universal-posit,32,add,3556,0,351,0.19,0.00,0.20,0
02,posit-software,2,mul,68080,0,2218,3.02,0.00,3.03,0
02,flocq-reference,256,sub,6260,0,976,0.20,0.00,0.20,0
02,universal-posit,8,mul,3680,0,353,0.20,0.00,0.20,0
02,universal-posit,8,sub,3612,0,354,0.19,0.00,0.19,0
02,binary-software,2048,sub,70956,0,2289,3.04,0.00,3.04,0
02,mpfr-reference,64,sub,2500,0,310,0.20,0.00,0.20,0
02,universal-posit,32,fma,3724,0,352,0.20,0.00,0.20,0
02,posit-software,5,sqrt,69824,0,2242,3.04,0.00,3.04,0
02,universal-posit,5,sqrt,3660,0,353,0.20,0.00,0.20,0
02,mpfr-reference,128,add,2456,0,305,0.20,0.00,0.20,0
02,universal-posit,512,mul,3696,0,369,0.20,0.00,0.20,0
02,binary-software,4,sub,71308,0,2242,3.06,0.00,3.07,0
02,universal-posit,2048,sub,3792,0,417,0.19,0.00,0.20,0
02,flocq-reference,8,sqrt,6224,0,962,0.19,0.00,0.19,0
02,mpfr-reference,8,sub,2552,0,308,0.19,0.00,0.20,0
02,flocq-reference,5,sqrt,6020,0,960,0.19,0.00,0.19,0
02,flocq-reference,16,add,6108,0,960,0.19,0.00,0.19,0
02,universal-posit,2048,add,3792,0,414,0.20,0.00,0.20,0
02,posit-software,16,div,69172,0,2298,3.04,0.01,3.05,0
02,mpfr-reference,5,fma,2336,0,309,0.20,0.00,0.20,0
02,posit-software,2,div,67412,0,2278,3.01,0.02,3.04,0
02,binary-native-c,32,mul,2664,0,318,0.20,0.00,0.20,0
02,mpfr-reference,6,add,2388,0,308,0.19,0.00,0.20,0
02,universal-posit,512,add,3692,0,367,0.20,0.00,0.20,0
02,binary-software,4,fma,68192,0,2270,3.00,0.00,3.01,0
02,posit-software,8,sqrt,70672,0,2296,3.03,0.01,3.04,0
02,binary-software,5,add,71052,0,2291,3.03,0.00,3.04,0
02,binary-software,2048,add,67984,0,2223,3.03,0.00,3.04,0
02,softfloat-reference,64,fma,2532,0,313,0.20,0.00,0.20,0
02,universal-posit,2048,fma,3740,0,415,0.25,0.00,0.25,0
02,binary-software,7,sub,70100,0,2300,3.06,0.00,3.06,0
02,flocq-reference,2048,div,6188,0,985,0.26,0.00,0.27,0
02,flocq-reference,256,add,6176,0,976,0.19,0.00,0.20,0
02,binary-software,8,sqrt,70928,0,2239,3.01,0.00,3.02,0
02,flocq-reference,7,sub,6044,0,959,0.19,0.00,0.19,0
02,binary-software,512,mul,67644,0,2283,3.04,0.00,3.04,0
02,posit-software,256,div,69156,0,2268,3.05,0.00,3.05,0
02,binary-software,512,fma,67864,0,2237,2.99,0.00,2.99,0
02,mpfr-reference,1024,mul,2508,0,315,0.20,0.00,0.20,0
02,universal-posit,7,sub,3724,0,352,0.19,0.00,0.19,0
02,flocq-reference,4096,div,6324,0,1001,0.44,0.01,0.45,0
02,binary-software,4096,fma,69240,0,2282,3.03,0.01,3.04,0
02,posit-software,64,sqrt,70716,0,2300,3.04,0.00,3.05,0
02,flocq-reference,8,sub,6108,0,957,0.19,0.00,0.19,0
02,flocq-reference,16,div,6144,0,961,0.19,0.00,0.19,0
02,posit-software,1024,add,71832,0,2276,3.02,0.01,3.03,0
02,binary-software,6,div,67392,0,2226,3.04,0.00,3.05,0
02,posit-software,4,div,67452,0,2283,3.04,0.00,3.04,0
02,posit-software,6,mul,70772,0,2234,3.04,0.00,3.04,0
02,universal-posit,8,sqrt,3684,0,356,0.20,0.00,0.20,0
02,posit-software,128,sub,71200,0,2284,3.01,0.02,3.04,0
02,posit-software,512,fma,68020,0,2303,3.01,0.00,3.02,0
02,universal-posit,64,add,3692,0,356,0.20,0.00,0.20,0
02,flocq-reference,2048,add,6324,0,990,0.28,0.00,0.28,0
02,binary-software,1024,add,71896,0,2274,3.03,0.00,3.04,0
02,binary-software,512,add,69780,0,2272,3.03,0.01,3.04,0
02,binary-software,128,fma,68132,0,2283,3.03,0.00,3.04,0
02,flocq-reference,16,mul,6140,0,965,0.20,0.00,0.20,0
02,posit-software,3,fma,69128,0,2273,3.03,0.00,3.04,0
02,binary-software,32,div,71132,0,2280,3.27,0.00,3.28,0
02,binary-software,4096,sqrt,71056,0,2280,3.05,0.01,3.06,0
02,softfloat-reference,64,div,2464,0,307,0.20,0.00,0.20,0
02,flocq-reference,512,sqrt,6224,0,977,0.33,0.00,0.33,0
02,universal-posit,16,sub,3640,0,354,0.19,0.01,0.20,0
02,flocq-reference,5,sub,6064,0,957,0.17,0.00,0.18,0
02,universal-posit,2048,div,3844,0,417,0.84,0.00,0.84,0
02,mpfr-reference,2048,div,2540,0,317,0.19,0.00,0.20,0
02,binary-software,1024,div,68020,0,2212,3.04,0.00,3.04,0
02,posit-software,16,mul,67980,0,2279,3.02,0.01,3.05,0
02,binary-native-c,64,div,2904,0,319,0.20,0.00,0.20,0
02,posit-software,8,add,71056,0,2223,3.14,0.01,3.15,0
02,mpfr-reference,1024,sub,2332,0,309,0.19,0.00,0.19,0
02,mpfr-reference,16,mul,2332,0,308,0.20,0.00,0.20,0
02,universal-posit,128,fma,3740,0,360,0.20,0.00,0.20,0
02,posit-software,1024,div,68076,0,2230,3.03,0.00,3.04,0
02,posit-software,1024,sub,68200,0,2273,3.02,0.00,3.03,0
02,binary-software,64,fma,67644,0,2224,3.01,0.01,3.04,0
02,flocq-reference,64,sub,6108,0,959,0.20,0.00,0.20,0
02,mpfr-reference,6,div,2536,0,313,0.19,0.00,0.20,0
02,universal-posit,7,div,3728,0,351,0.20,0.00,0.20,0
02,flocq-reference,8,add,6124,0,963,0.19,0.00,0.19,0
02,mpfr-reference,512,sqrt,2524,0,313,0.20,0.00,0.20,0
02,universal-posit,128,div,3740,0,359,0.20,0.00,0.20,0
02,universal-posit,16,fma,3736,0,355,0.20,0.00,0.20,0
02,binary-software,512,div,67924,0,2276,3.04,0.01,3.05,0
02,flocq-reference,5,div,6192,0,964,0.19,0.00,0.19,0
02,mpfr-reference,6,fma,2564,0,310,0.20,0.00,0.20,0
02,mpfr-reference,2048,sub,2380,0,312,0.19,0.00,0.19,0
02,binary-software,1024,sqrt,72044,0,2229,3.06,0.00,3.06,0
02,cpython-float64,64,sub,11176,0,1570,0.20,0.01,0.21,0
02,flocq-reference,512,div,6268,0,980,0.21,0.00,0.21,0
02,mpfr-reference,1024,div,2568,0,313,0.19,0.00,0.20,0
02,universal-posit,128,add,3652,0,355,0.20,0.00,0.20,0
02,binary-software,512,sub,67508,0,2227,3.03,0.00,3.04,0
02,binary-software,128,mul,67628,0,2229,3.04,0.00,3.04,0
02,flocq-reference,6,fma,6104,0,959,0.19,0.00,0.19,0
02,binary-software,64,mul,72012,0,2223,3.02,0.00,3.04,0
02,posit-software,512,sub,70724,0,2272,3.05,0.00,3.05,0
02,mpfr-reference,7,mul,2324,0,308,0.20,0.00,0.20,0
02,posit-software,128,mul,69764,0,2244,3.03,0.01,3.05,0
02,posit-software,4,fma,67440,0,2229,3.02,0.01,3.04,0
02,binary-software,16,sqrt,69708,0,2272,3.04,0.00,3.04,0
02,posit-software,256,mul,67584,0,2310,3.03,0.00,3.04,0
02,posit-software,3,mul,68188,0,2282,3.01,0.01,3.04,0
02,universal-posit,6,fma,3720,0,353,0.20,0.00,0.20,0
02,flocq-reference,6,sqrt,6052,0,958,0.19,0.00,0.19,0
02,posit-software,128,div,69640,0,2269,3.04,0.00,3.04,0
02,flocq-reference,1024,sqrt,6260,0,979,0.40,0.00,0.40,0
02,flocq-reference,7,sqrt,6168,0,957,0.19,0.00,0.19,0
02,universal-posit,128,mul,3740,0,358,0.20,0.00,0.20,0
02,posit-software,4,sqrt,69616,0,2215,3.03,0.00,3.04,0
02,flocq-reference,256,fma,6308,0,979,0.20,0.00,0.20,0
02,universal-posit,512,sub,3644,0,367,0.20,0.00,0.20,0
02,mpfr-reference,8,div,2556,0,308,0.20,0.00,0.20,0
02,posit-software,4,add,67488,0,2232,3.04,0.00,3.05,0
02,binary-software,32,sub,68112,0,2263,3.03,0.00,3.04,0
02,posit-software,128,fma,67740,0,2256,3.03,0.00,3.03,0
02,flocq-reference,6,add,6096,0,962,0.19,0.00,0.19,0
02,binary-software,32,sqrt,68124,0,2283,3.03,0.00,3.03,0
02,posit-software,6,div,69148,0,2296,3.03,0.01,3.06,0
02,flocq-reference,1024,fma,6224,0,985,0.22,0.00,0.22,0
02,flocq-reference,256,div,6228,0,974,0.20,0.00,0.20,0
02,posit-software,4096,mul,67480,0,2229,3.04,0.00,3.04,0
02,universal-posit,32,div,3608,0,352,0.20,0.00,0.20,0
02,binary-software,4,sqrt,71200,0,2227,3.02,0.00,3.04,0
02,cpython-float64,64,add,11180,0,1572,0.22,0.00,0.23,0
02,binary-software,16,sub,69844,0,2298,3.03,0.00,3.04,0
02,mpfr-reference,256,sub,2260,0,305,0.20,0.00,0.20,0
02,posit-software,1024,mul,67332,0,2230,3.02,0.00,3.03,0
02,universal-posit,1024,mul,3852,0,386,0.22,0.00,0.22,0
02,mpfr-reference,128,sub,2392,0,304,0.19,0.00,0.20,0
02,flocq-reference,256,mul,6192,0,974,0.20,0.00,0.20,0
02,universal-posit,512,div,3712,0,376,0.25,0.00,0.25,0
02,softfloat-reference,64,mul,2580,0,313,0.20,0.00,0.20,0
02,flocq-reference,4096,sub,6364,0,1005,0.44,0.00,0.45,0
02,posit-software,2048,sqrt,72040,0,2230,3.04,0.00,3.04,0
02,mpfr-reference,512,add,2500,0,311,0.20,0.00,0.20,0
02,posit-software,128,add,71108,0,2274,3.03,0.00,3.03,0
02,posit-software,256,add,69124,0,2303,3.02,0.01,3.04,0
02,binary-software,5,fma,67744,0,2223,3.11,0.00,3.11,0
02,posit-software,32,sub,69828,0,2243,3.04,0.00,3.06,0
02,binary-native-c,32,fma,2724,0,313,0.20,0.00,0.20,0
02,universal-posit,5,sub,3608,0,355,0.19,0.00,0.19,0
02,posit-software,4096,sqrt,68168,0,2274,3.04,0.01,3.05,0
02,posit-software,1024,fma,68812,0,2221,3.03,0.00,3.04,0
02,mpfr-reference,8,mul,2456,0,307,0.20,0.00,0.20,0
02,posit-software,2048,add,69168,0,2296,3.01,0.01,3.04,0
02,mpfr-reference,128,div,2560,0,308,0.20,0.00,0.20,0
02,universal-posit,6,add,3748,0,356,0.14,0.01,0.15,0
02,universal-posit,8,add,3608,0,355,0.20,0.00,0.20,0
02,universal-posit,64,mul,3636,0,353,0.20,0.00,0.20,0
02,flocq-reference,16,sub,6156,0,960,0.19,0.00,0.19,0
02,binary-native-c,32,div,2904,0,315,0.20,0.00,0.20,0
02,posit-software,4096,add,71012,0,2229,3.02,0.00,3.04,0
02,universal-posit,64,div,3624,0,358,0.20,0.00,0.20,0
02,mpfr-reference,6,sqrt,2448,0,311,0.19,0.00,0.20,0
02,mpfr-reference,512,sub,2608,0,312,0.20,0.00,0.20,0
02,posit-software,5,mul,69740,0,2220,3.04,0.00,3.04,0
02,binary-software,64,add,67332,0,2280,3.03,0.01,3.05,0
02,posit-software,3,sub,67688,0,2226,3.06,0.00,3.06,0
02,flocq-reference,16,fma,6108,0,961,0.19,0.00,0.20,0
02,binary-software,256,sub,70736,0,2298,3.03,0.00,3.04,0
02,posit-software,2048,fma,67676,0,2285,3.04,0.00,3.04,0
02,cpython-float64,64,sqrt,11204,0,1573,0.21,0.01,0.22,0
02,mpfr-reference,5,sqrt,2652,0,312,0.20,0.00,0.20,0
02,posit-software,512,div,69128,0,2249,3.04,0.00,3.04,0
02,binary-software,7,fma,71344,0,2243,6.37,0.00,6.38,0
02,universal-posit,16,mul,3692,0,355,0.19,0.00,0.20,0
02,mpfr-reference,16,div,2432,0,309,0.20,0.00,0.20,0
02,mpfr-reference,8,add,2504,0,309,0.19,0.01,0.20,0
02,binary-software,5,mul,70604,0,2297,3.04,0.01,3.05,0
02,posit-software,3,sqrt,69184,0,2241,3.02,0.00,3.04,0
02,mpfr-reference,4,sub,2460,0,309,0.20,0.00,0.20,0
02,flocq-reference,512,fma,6196,0,976,0.21,0.00,0.21,0
02,universal-posit,1024,sub,3884,0,386,0.20,0.00,0.20,0
02,binary-software,7,div,67668,0,2288,3.05,0.00,3.06,0
02,universal-posit,8,fma,3604,0,354,0.20,0.00,0.20,0
02,binary-native-c,32,sqrt,2904,0,320,0.20,0.00,0.20,0
02,posit-software,6,sqrt,71988,0,2278,3.02,0.00,3.04,0
02,mpfr-reference,32,sub,2428,0,311,0.20,0.00,0.20,0
02,universal-posit,6,div,3608,0,353,0.20,0.00,0.20,0
02,posit-software,4096,fma,67352,0,2227,3.02,0.02,3.05,0
02,binary-software,8,div,67408,0,2279,3.12,0.00,3.13,0
02,binary-software,256,mul,69004,0,2268,3.03,0.00,3.04,0
02,binary-native-c,64,fma,2732,0,315,0.19,0.00,0.20,0
02,binary-software,256,add,67512,0,2283,3.04,0.00,3.04,0
02,universal-posit,32,sub,3620,0,354,0.20,0.00,0.20,0
02,cpython-float64,64,mul,11260,0,1574,0.22,0.00,0.22,0
02,binary-native-c,64,sub,2864,0,318,0.20,0.00,0.20,0
02,binary-software,7,sqrt,67640,0,2284,3.02,0.00,3.03,0
02,flocq-reference,7,div,6176,0,962,0.19,0.00,0.19,0
02,mpfr-reference,1024,fma,2532,0,315,0.19,0.00,0.20,0
02,binary-software,128,add,69720,0,2271,3.05,0.00,3.05,0
02,binary-software,6,add,72032,0,2273,3.05,0.00,3.05,0
02,posit-software,256,sqrt,69176,0,2269,3.03,0.01,3.04,0
02,posit-software,16,add,69172,0,2242,3.04,0.00,3.04,0
02,flocq-reference,2048,mul,6244,0,994,0.26,0.00,0.27,0
02,binary-software,4,div,67768,0,2221,3.04,0.00,3.05,0
02,posit-software,2,sub,67468,0,2283,3.04,0.00,3.04,0
02,binary-software,6,sqrt,70768,0,2293,3.02,0.00,3.03,0
02,posit-software,32,fma,71324,0,2229,3.02,0.00,3.04,0
02,flocq-reference,7,mul,6152,0,964,0.19,0.00,0.19,0
02,binary-software,8,mul,67908,0,2275,3.13,0.00,3.13,0
02,flocq-reference,4096,fma,6396,0,1024,0.45,0.00,0.45,0
02,flocq-reference,7,add,6032,0,959,0.18,0.00,0.19,0
02,flocq-reference,2048,sqrt,6332,0,986,0.67,0.00,0.67,0
02,flocq-reference,64,div,6168,0,958,0.21,0.00,0.21,0
02,posit-software,4,sub,69756,0,2274,3.04,0.00,3.05,0
02,mpfr-reference,4,div,2564,0,311,0.20,0.00,0.20,0
02,binary-software,128,sqrt,67464,0,2226,3.03,0.00,3.04,0
02,posit-software,7,div,71092,0,2221,3.06,0.00,3.06,0
02,mpfr-reference,16,add,2556,0,311,0.20,0.00,0.20,0
03,mpfr-reference,7,sub,2328,0,308,0.20,0.00,0.20,0
03,binary-software,5,sub,69992,0,2271,3.02,0.01,3.04,0
03,posit-software,7,mul,69712,0,2300,3.06,0.00,3.06,0
03,flocq-reference,1024,div,6192,0,979,0.22,0.00,0.23,0
03,softfloat-reference,64,add,2568,0,307,0.20,0.00,0.20,0
03,mpfr-reference,128,mul,2268,0,312,0.20,0.00,0.20,0
03,softfloat-reference,32,fma,2440,0,306,0.20,0.00,0.20,0
03,posit-software,7,sqrt,67332,0,2285,3.04,0.00,3.04,0
03,binary-native-c,32,add,2900,0,319,0.19,0.00,0.20,0
03,universal-posit,5,mul,3596,0,354,0.20,0.00,0.20,0
03,mpfr-reference,8,fma,2392,0,307,0.20,0.00,0.20,0
03,universal-posit,256,div,3692,0,359,0.20,0.00,0.20,0
03,universal-posit,7,mul,3608,0,351,0.19,0.00,0.20,0
03,posit-software,64,div,69688,0,2216,3.04,0.00,3.04,0
03,binary-software,2048,mul,71044,0,2295,3.04,0.00,3.04,0
03,binary-software,4,add,68208,0,2230,3.01,0.01,3.04,0
03,flocq-reference,7,fma,6136,0,958,0.19,0.00,0.19,0
03,universal-posit,64,fma,3636,0,357,0.20,0.00,0.20,0
03,binary-software,256,fma,70864,0,2246,3.03,0.00,3.04,0
03,flocq-reference,128,sub,6224,0,971,0.20,0.00,0.20,0
03,flocq-reference,64,mul,6192,0,970,0.20,0.00,0.20,0
03,posit-software,32,add,68216,0,2220,3.03,0.00,3.04,0
03,flocq-reference,4096,mul,6488,0,1022,0.44,0.00,0.45,0
03,flocq-reference,5,fma,6020,0,960,0.18,0.00,0.19,0
03,posit-software,8,div,68956,0,2271,3.15,0.00,3.16,0
03,mpfr-reference,2048,fma,2580,0,314,0.20,0.00,0.20,0
03,binary-software,32,mul,69704,0,2268,3.04,0.00,3.04,0
03,binary-software,256,sqrt,68136,0,2284,3.03,0.00,3.04,0
03,posit-software,5,sub,69228,0,2301,3.04,0.00,3.05,0
03,flocq-reference,256,sqrt,6240,0,974,0.22,0.00,0.22,0
03,universal-posit,512,fma,3768,0,368,0.20,0.00,0.20,0
03,posit-software,16,sub,69188,0,2226,3.04,0.00,3.04,0
03,posit-software,128,sqrt,69172,0,2308,3.04,0.00,3.04,0
03,binary-software,6,mul,70952,0,2242,3.06,0.00,3.06,0
03,posit-software,8,mul,71112,0,2271,3.11,0.00,3.12,0
03,mpfr-reference,16,fma,2608,0,310,0.19,0.00,0.20,0
03,flocq-reference,512,add,6260,0,976,0.21,0.00,0.21,0
03,softfloat-reference,32,sqrt,2336,0,306,0.20,0.00,0.20,0
03,universal-posit,16,sqrt,3688,0,353,0.20,0.00,0.20,0
03,flocq-reference,32,add,6024,0,957,0.20,0.00,0.20,0
03,mpfr-reference,64,fma,2560,0,307,0.20,0.00,0.20,0
03,mpfr-reference,7,fma,2588,0,314,0.19,0.00,0.20,0
03,flocq-reference,4096,add,6296,0,1002,0.45,0.00,0.45,0
03,flocq-reference,64,sqrt,6236,0,966,0.19,0.00,0.20,0
03,posit-software,64,sub,69832,0,2216,3.03,0.01,3.04,0
03,binary-software,256,div,71088,0,2295,3.04,0.00,3.04,0
03,mpfr-reference,64,div,2520,0,311,0.20,0.00,0.20,0
03,posit-software,64,fma,71168,0,2272,3.04,0.00,3.04,0
03,flocq-reference,32,fma,6168,0,960,0.19,0.00,0.19,0
03,mpfr-reference,16,sub,2432,0,316,0.20,0.00,0.20,0
03,universal-posit,128,sub,3740,0,355,0.19,0.00,0.20,0
03,mpfr-reference,5,mul,2392,0,311,0.20,0.00,0.20,0
03,universal-posit,7,fma,3628,0,356,0.20,0.00,0.20,0
03,softfloat-reference,64,sqrt,2336,0,307,0.20,0.00,0.20,0
03,binary-software,16,add,69056,0,2273,3.03,0.01,3.04,0
03,mpfr-reference,4096,sub,2400,0,319,0.20,0.00,0.20,0
03,universal-posit,1024,div,3784,0,390,0.36,0.00,0.36,0
03,posit-software,64,add,71200,0,2230,3.02,0.01,3.04,0
03,posit-software,256,sub,69740,0,2273,3.01,0.02,3.04,0
03,posit-software,4096,div,67348,0,2232,3.05,0.00,3.06,0
03,mpfr-reference,4096,mul,2580,0,319,0.19,0.00,0.20,0
03,posit-software,64,mul,67596,0,2286,3.01,0.02,3.04,0
03,flocq-reference,1024,mul,6208,0,987,0.22,0.00,0.22,0
03,binary-native-c,64,mul,2916,0,321,0.20,0.00,0.20,0
03,softfloat-reference,32,sub,2448,0,306,0.20,0.00,0.20,0
03,flocq-reference,4,add,6172,0,963,0.19,0.00,0.19,0
03,posit-software,2,fma,70036,0,2301,3.03,0.00,3.04,0
03,posit-software,4096,sub,69808,0,2240,3.03,0.00,3.03,0
03,posit-software,3,div,71004,0,2283,3.04,0.00,3.04,0
03,flocq-reference,4,sqrt,6100,0,959,0.18,0.00,0.18,0
03,posit-software,4,mul,67484,0,2227,3.02,0.01,3.04,0
03,mpfr-reference,32,mul,2456,0,310,0.20,0.00,0.20,0
03,universal-posit,256,add,3764,0,361,0.19,0.00,0.19,0
03,mpfr-reference,512,div,2464,0,312,0.20,0.00,0.20,0
03,mpfr-reference,64,add,2428,0,310,0.20,0.00,0.20,0
03,binary-software,512,sqrt,70908,0,2292,3.03,0.01,3.04,0
03,universal-posit,16,add,3640,0,352,0.20,0.00,0.20,0
03,universal-posit,4096,sub,4164,0,483,0.20,0.00,0.21,0
03,mpfr-reference,256,div,2424,0,310,0.20,0.00,0.20,0
03,mpfr-reference,4096,sqrt,2536,0,316,0.20,0.00,0.20,0
03,posit-software,32,div,68096,0,2228,3.03,0.00,3.04,0
03,universal-posit,1024,fma,3776,0,385,0.22,0.00,0.22,0
03,mpfr-reference,7,sqrt,2344,0,308,0.20,0.00,0.20,0
03,binary-software,7,add,69124,0,2223,3.06,0.00,3.06,0
03,universal-posit,7,sqrt,3692,0,357,0.19,0.00,0.19,0
03,mpfr-reference,32,div,2448,0,310,0.19,0.00,0.19,0
03,mpfr-reference,7,div,2392,0,308,0.20,0.00,0.20,0
03,mpfr-reference,256,sqrt,2404,0,305,0.20,0.00,0.20,0
03,flocq-reference,1024,sub,6212,0,977,0.21,0.00,0.22,0
03,flocq-reference,4,fma,6048,0,961,0.19,0.00,0.19,0
03,binary-software,16,mul,69776,0,2239,3.01,0.01,3.03,0
03,universal-posit,16,div,3688,0,357,0.20,0.00,0.20,0
03,flocq-reference,512,mul,6220,0,974,0.21,0.00,0.21,0
03,flocq-reference,8,mul,6108,0,959,0.19,0.00,0.19,0
03,mpfr-reference,4,sqrt,2400,0,308,0.19,0.00,0.20,0
03,mpfr-reference,256,add,2524,0,314,0.20,0.00,0.20,0
03,flocq-reference,8,div,6172,0,963,0.19,0.00,0.19,0
03,flocq-reference,32,mul,6032,0,959,0.19,0.00,0.19,0
03,mpfr-reference,5,sub,2560,0,310,0.20,0.00,0.20,0
03,flocq-reference,32,div,6112,0,963,0.19,0.00,0.20,0
03,mpfr-reference,4,mul,2372,0,308,0.19,0.00,0.20,0
03,flocq-reference,2048,sub,6216,0,985,0.28,0.00,0.28,0
03,mpfr-reference,256,fma,2460,0,308,0.20,0.00,0.20,0
03,posit-software,6,add,67448,0,2228,3.05,0.00,3.05,0
03,flocq-reference,128,mul,6124,0,973,0.20,0.00,0.20,0
03,mpfr-reference,32,fma,2556,0,309,0.20,0.00,0.20,0
03,posit-software,6,fma,67560,0,2224,3.02,0.00,3.02,0
03,flocq-reference,6,mul,6104,0,962,0.17,0.00,0.18,0
03,posit-software,512,sqrt,67704,0,2222,3.03,0.00,3.04,0
03,binary-software,64,sub,70540,0,2240,3.03,0.00,3.04,0
03,flocq-reference,32,sub,6076,0,962,0.20,0.00,0.20,0
03,universal-posit,8,div,3680,0,351,0.20,0.00,0.20,0
03,binary-software,4096,div,67976,0,2281,3.04,0.00,3.04,0
03,mpfr-reference,4,add,2612,0,310,0.20,0.00,0.20,0
03,binary-software,8,add,71288,0,2223,3.14,0.01,3.15,0
03,flocq-reference,5,mul,5984,0,960,0.18,0.00,0.18,0
03,universal-posit,6,sqrt,3788,0,353,0.19,0.00,0.19,0
03,flocq-reference,32,sqrt,6108,0,963,0.20,0.00,0.20,0
03,binary-software,32,add,67924,0,2227,3.04,0.00,3.04,0
03,flocq-reference,128,add,6188,0,969,0.19,0.00,0.20,0
03,universal-posit,32,mul,3728,0,356,0.19,0.00,0.19,0
03,mpfr-reference,64,sqrt,2556,0,309,0.20,0.00,0.20,0
03,binary-software,4096,mul,69632,0,2273,3.02,0.01,3.04,0
03,binary-software,5,sqrt,67760,0,2288,3.04,0.00,3.05,0
03,mpfr-reference,1024,sqrt,2464,0,310,0.20,0.00,0.20,0
03,universal-posit,4096,add,4108,0,486,0.21,0.00,0.21,0
03,binary-software,8,sub,68056,0,2234,3.08,0.00,3.08,0
03,universal-posit,7,add,3596,0,348,0.18,0.00,0.19,0
03,universal-posit,4096,fma,4020,0,488,0.45,0.00,0.45,0
03,binary-software,64,sqrt,69668,0,2214,3.04,0.00,3.04,0
03,binary-software,4096,add,68264,0,2231,3.02,0.00,3.03,0
03,flocq-reference,64,add,6108,0,961,0.19,0.00,0.20,0
03,universal-posit,64,sub,3696,0,358,0.20,0.00,0.20,0
03,mpfr-reference,7,add,2544,0,309,0.20,0.00,0.20,0
03,posit-software,7,add,67536,0,2281,3.06,0.01,3.07,0
03,binary-software,7,mul,68136,0,2226,3.04,0.01,3.06,0
03,binary-software,32,fma,69088,0,2236,3.02,0.00,3.04,0
03,posit-software,2048,mul,71124,0,2275,3.03,0.01,3.05,0
03,flocq-reference,6,sub,6108,0,958,0.18,0.00,0.18,0
03,binary-software,16,div,67644,0,2227,3.03,0.01,3.05,0
03,mpfr-reference,32,sqrt,2560,0,309,0.20,0.00,0.20,0
03,binary-software,128,sub,67740,0,2286,3.04,0.00,3.04,0
03,mpfr-reference,512,fma,2464,0,312,0.20,0.00,0.20,0
03,binary-native-c,64,sqrt,2908,0,313,0.20,0.00,0.20,0
03,binary-software,2048,fma,68020,0,2236,3.02,0.00,3.04,0
03,mpfr-reference,512,mul,2376,0,306,0.20,0.00,0.20,0
03,binary-software,128,div,69160,0,2239,3.04,0.00,3.04,0
03,flocq-reference,8,fma,6100,0,958,0.19,0.00,0.19,0
03,posit-software,16,sqrt,70716,0,2299,3.03,0.00,3.04,0
03,mpfr-reference,2048,sqrt,2444,0,316,0.20,0.00,0.20,0
03,mpfr-reference,32,add,2472,0,309,0.20,0.00,0.20,0
03,universal-posit,6,mul,3628,0,355,0.19,0.00,0.20,0
03,flocq-reference,4,div,6108,0,963,0.17,0.00,0.18,0
03,posit-software,32,sqrt,71076,0,2238,3.03,0.00,3.04,0
03,flocq-reference,128,sqrt,6124,0,973,0.20,0.00,0.21,0
03,universal-posit,1024,add,3888,0,389,0.19,0.00,0.20,0
03,posit-software,2048,div,67476,0,2286,3.02,0.01,3.04,0
03,flocq-reference,1024,add,6336,0,985,0.22,0.00,0.22,0
03,binary-software,16,fma,69840,0,2296,3.03,0.00,3.04,0
03,universal-posit,5,add,3604,0,354,0.19,0.00,0.20,0
03,posit-software,3,add,68196,0,2229,3.05,0.01,3.08,0
03,mpfr-reference,2048,add,2340,0,309,0.20,0.00,0.20,0
03,mpfr-reference,6,sub,2556,0,308,0.20,0.00,0.20,0
03,posit-software,8,fma,68096,0,2224,3.04,0.00,3.04,0
03,posit-software,256,fma,67696,0,2251,3.03,0.00,3.04,0
03,posit-software,6,sub,69652,0,2271,3.02,0.02,3.04,0
03,universal-posit,5,fma,3548,0,357,0.20,0.00,0.20,0
03,universal-posit,256,sub,3680,0,363,0.19,0.00,0.20,0
03,flocq-reference,5,add,6064,0,956,0.19,0.00,0.19,0
03,posit-software,512,add,71188,0,2287,3.02,0.00,3.03,0
03,flocq-reference,16,sqrt,6056,0,962,0.20,0.00,0.20,0
03,posit-software,32,mul,69772,0,2275,3.01,0.01,3.04,0
03,flocq-reference,4,sub,6040,0,959,0.18,0.00,0.18,0
03,universal-posit,4096,mul,3968,0,488,0.43,0.00,0.43,0
03,universal-posit,256,mul,3672,0,363,0.20,0.00,0.20,0
03,mpfr-reference,4096,fma,2660,0,320,0.20,0.00,0.20,0
03,binary-software,2048,sqrt,68184,0,2216,3.05,0.00,3.05,0
03,posit-software,16,fma,70732,0,2243,3.03,0.00,3.04,0
03,binary-software,1024,fma,67924,0,2285,3.02,0.01,3.04,0
03,binary-software,5,div,71088,0,2299,3.04,0.00,3.04,0
03,binary-software,64,div,72100,0,2277,3.06,0.00,3.06,0
03,binary-software,2048,div,71044,0,2298,3.04,0.00,3.04,0
03,flocq-reference,64,fma,6064,0,968,0.20,0.00,0.20,0
03,binary-software,8,fma,67608,0,2283,3.03,0.01,3.04,0
03,universal-posit,5,div,3708,0,354,0.20,0.00,0.20,0
03,universal-posit,32,add,3632,0,357,0.19,0.00,0.19,0
03,posit-software,2,mul,67452,0,2280,3.03,0.00,3.03,0
03,flocq-reference,256,sub,6160,0,969,0.20,0.00,0.20,0
03,universal-posit,8,mul,3620,0,355,0.20,0.00,0.20,0
03,universal-posit,8,sub,3748,0,354,0.18,0.00,0.19,0
03,binary-software,2048,sub,69240,0,2294,3.03,0.00,3.04,0
03,mpfr-reference,64,sub,2432,0,304,0.20,0.00,0.20,0
03,universal-posit,32,fma,3556,0,352,0.19,0.00,0.20,0
03,posit-software,5,sqrt,69700,0,2267,3.02,0.00,3.03,0
03,universal-posit,5,sqrt,3688,0,357,0.20,0.00,0.20,0
03,mpfr-reference,128,add,2436,0,307,0.20,0.00,0.20,0
03,universal-posit,512,mul,3712,0,371,0.20,0.00,0.20,0
03,binary-software,4,sub,68036,0,2237,3.03,0.01,3.04,0
03,universal-posit,2048,sub,3804,0,423,0.19,0.00,0.20,0
03,flocq-reference,8,sqrt,6124,0,960,0.19,0.00,0.19,0
03,mpfr-reference,8,sub,2432,0,305,0.20,0.00,0.20,0
03,flocq-reference,5,sqrt,6176,0,964,0.19,0.00,0.19,0
03,flocq-reference,16,add,6080,0,956,0.19,0.00,0.19,0
03,universal-posit,2048,add,3792,0,418,0.20,0.00,0.20,0
03,posit-software,16,div,69696,0,2272,3.02,0.01,3.04,0
03,mpfr-reference,5,fma,2396,0,309,0.20,0.00,0.20,0
03,posit-software,2,div,67620,0,2228,3.04,0.00,3.04,0
03,binary-native-c,32,mul,2736,0,318,0.20,0.00,0.20,0
03,mpfr-reference,6,add,2456,0,310,0.20,0.00,0.20,0
03,universal-posit,512,add,3768,0,373,0.20,0.00,0.20,0
03,binary-software,4,fma,67876,0,2285,3.01,0.01,3.02,0
03,posit-software,8,sqrt,70908,0,2291,3.03,0.01,3.04,0
03,binary-software,5,add,67956,0,2219,3.04,0.00,3.04,0
03,binary-software,2048,add,67536,0,2231,3.02,0.01,3.04,0
03,softfloat-reference,64,fma,2520,0,311,0.20,0.00,0.20,0
03,universal-posit,2048,fma,3840,0,418,0.25,0.00,0.25,0
03,binary-software,7,sub,68436,0,2218,3.05,0.00,3.06,0
03,flocq-reference,2048,div,6180,0,986,0.27,0.00,0.27,0
03,flocq-reference,256,add,6248,0,978,0.20,0.00,0.20,0
03,binary-software,8,sqrt,70604,0,2299,3.01,0.00,3.02,0
03,flocq-reference,7,sub,6076,0,958,0.19,0.00,0.19,0
03,binary-software,512,mul,69048,0,2290,3.04,0.00,3.04,0
03,posit-software,256,div,69816,0,2321,3.04,0.00,3.04,0
03,binary-software,512,fma,68380,0,2277,2.98,0.01,2.99,0
03,mpfr-reference,1024,mul,2544,0,314,0.19,0.00,0.20,0
03,universal-posit,7,sub,3748,0,357,0.19,0.00,0.19,0
03,flocq-reference,4096,div,6292,0,1002,0.44,0.01,0.45,0
03,binary-software,4096,fma,71316,0,2280,3.03,0.00,3.04,0
03,posit-software,64,sqrt,68320,0,2230,3.04,0.00,3.04,0
03,flocq-reference,8,sub,6180,0,961,0.18,0.00,0.19,0
03,flocq-reference,16,div,6032,0,958,0.20,0.00,0.20,0
03,posit-software,1024,add,67424,0,2281,3.03,0.00,3.03,0
03,binary-software,6,div,71272,0,2286,3.04,0.00,3.05,0
03,posit-software,4,div,67448,0,2287,3.07,0.00,3.07,0
03,posit-software,6,mul,67680,0,2229,3.04,0.01,3.05,0
03,universal-posit,8,sqrt,3784,0,356,0.20,0.00,0.20,0
03,posit-software,128,sub,71892,0,2221,3.04,0.00,3.04,0
03,posit-software,512,fma,71232,0,2304,3.00,0.00,3.02,0
03,universal-posit,64,add,3740,0,360,0.20,0.00,0.20,0
03,flocq-reference,2048,add,6284,0,986,0.27,0.00,0.27,0
03,binary-software,1024,add,67528,0,2279,3.04,0.00,3.04,0
03,binary-software,512,add,71336,0,2228,3.05,0.00,3.05,0
03,binary-software,128,fma,70640,0,2294,3.02,0.02,3.05,0
03,flocq-reference,16,mul,6160,0,963,0.20,0.00,0.20,0
03,posit-software,3,fma,68084,0,2216,3.04,0.00,3.04,0
03,binary-software,32,div,67260,0,2223,3.04,0.00,3.04,0
03,binary-software,4096,sqrt,67824,0,2237,3.05,0.00,3.06,0
03,softfloat-reference,64,div,2276,0,304,0.20,0.00,0.20,0
03,flocq-reference,512,sqrt,6160,0,976,0.32,0.00,0.33,0
03,universal-posit,16,sub,3632,0,360,0.19,0.01,0.20,0
03,flocq-reference,5,sub,6168,0,962,0.18,0.00,0.18,0
03,universal-posit,2048,div,3804,0,419,0.86,0.00,0.87,0
03,mpfr-reference,2048,div,2628,0,314,0.20,0.00,0.20,0
03,binary-software,1024,div,70992,0,2242,3.04,0.00,3.04,0
03,posit-software,16,mul,69048,0,2276,3.03,0.00,3.04,0
03,binary-native-c,64,div,2908,0,317,0.19,0.00,0.20,0
03,posit-software,8,add,68172,0,2213,3.14,0.00,3.14,0
03,mpfr-reference,1024,sub,2508,0,314,0.18,0.00,0.19,0
03,mpfr-reference,16,mul,2432,0,306,0.19,0.00,0.20,0
03,universal-posit,128,fma,3644,0,356,0.20,0.00,0.20,0
03,posit-software,1024,div,68136,0,2285,3.04,0.00,3.04,0
03,posit-software,1024,sub,68932,0,2238,3.02,0.01,3.03,0
03,binary-software,64,fma,68168,0,2230,3.04,0.00,3.04,0
03,flocq-reference,64,sub,6128,0,961,0.21,0.00,0.22,0
03,mpfr-reference,6,div,2392,0,310,0.20,0.00,0.20,0
03,universal-posit,7,div,3624,0,356,0.20,0.00,0.20,0
03,flocq-reference,8,add,6136,0,963,0.19,0.00,0.19,0
03,mpfr-reference,512,sqrt,2528,0,312,0.20,0.00,0.20,0
03,universal-posit,128,div,3640,0,358,0.19,0.00,0.20,0
03,universal-posit,16,fma,3692,0,355,0.20,0.00,0.20,0
03,binary-software,512,div,67912,0,2225,3.03,0.00,3.04,0
03,flocq-reference,5,div,6108,0,962,0.19,0.00,0.19,0
03,mpfr-reference,6,fma,2536,0,312,0.20,0.00,0.20,0
03,mpfr-reference,2048,sub,2620,0,312,0.19,0.00,0.19,0
03,binary-software,1024,sqrt,67756,0,2285,3.04,0.00,3.04,0
03,cpython-float64,64,sub,11200,0,1571,0.20,0.01,0.21,0
03,flocq-reference,512,div,6208,0,978,0.21,0.00,0.21,0
03,mpfr-reference,1024,div,2504,0,312,0.20,0.00,0.20,0
03,universal-posit,128,add,3744,0,358,0.20,0.00,0.20,0
03,binary-software,512,sub,69304,0,2239,3.04,0.00,3.04,0
03,binary-software,128,mul,67724,0,2229,3.04,0.00,3.04,0
03,flocq-reference,6,fma,6112,0,962,0.19,0.00,0.19,0
03,binary-software,64,mul,67736,0,2282,3.03,0.00,3.04,0
03,posit-software,512,sub,71024,0,2243,3.00,0.03,3.04,0
03,mpfr-reference,7,mul,2388,0,312,0.20,0.00,0.20,0
03,posit-software,128,mul,67460,0,2230,2.99,0.03,3.04,0
03,posit-software,4,fma,67880,0,2227,3.04,0.00,3.05,0
03,binary-software,16,sqrt,67644,0,2281,3.04,0.00,3.05,0
03,posit-software,256,mul,67536,0,2307,3.04,0.00,3.04,0
03,posit-software,3,mul,69680,0,2271,3.03,0.00,3.04,0
03,universal-posit,6,fma,3616,0,354,0.20,0.00,0.20,0
03,flocq-reference,6,sqrt,6132,0,955,0.19,0.00,0.19,0
03,posit-software,128,div,70884,0,2288,3.04,0.00,3.04,0
03,flocq-reference,1024,sqrt,6200,0,983,0.40,0.00,0.40,0
03,flocq-reference,7,sqrt,6220,0,964,0.18,0.00,0.19,0
03,universal-posit,128,mul,3648,0,361,0.20,0.00,0.20,0
03,posit-software,4,sqrt,69892,0,2247,3.03,0.00,3.04,0
03,flocq-reference,256,fma,6224,0,979,0.19,0.00,0.20,0
03,universal-posit,512,sub,3644,0,367,0.20,0.00,0.20,0
03,mpfr-reference,8,div,2608,0,313,0.19,0.00,0.20,0
03,posit-software,4,add,70972,0,2290,3.04,0.00,3.05,0
03,binary-software,32,sub,68156,0,2271,3.03,0.00,3.05,0
03,posit-software,128,fma,69816,0,2244,3.04,0.00,3.04,0
03,flocq-reference,6,add,6156,0,961,0.19,0.00,0.19,0
03,binary-software,32,sqrt,71144,0,2278,3.02,0.00,3.03,0
03,posit-software,6,div,71148,0,2277,3.02,0.01,3.05,0
03,flocq-reference,1024,fma,6268,0,983,0.22,0.00,0.22,0
03,flocq-reference,256,div,6192,0,976,0.21,0.00,0.21,0
03,posit-software,4096,mul,71980,0,2228,3.04,0.00,3.04,0
03,universal-posit,32,div,3728,0,355,0.19,0.00,0.20,0
03,binary-software,4,sqrt,67748,0,2234,3.02,0.00,3.03,0
03,cpython-float64,64,add,11204,0,1572,0.21,0.00,0.22,0
03,binary-software,16,sub,69844,0,2300,3.04,0.00,3.04,0
03,mpfr-reference,256,sub,2264,0,304,0.19,0.00,0.20,0
03,posit-software,1024,mul,67708,0,2229,3.03,0.00,3.03,0
03,universal-posit,1024,mul,3796,0,380,0.21,0.01,0.22,0
03,mpfr-reference,128,sub,2448,0,308,0.20,0.00,0.20,0
03,flocq-reference,256,mul,6192,0,975,0.20,0.00,0.20,0
03,universal-posit,512,div,3648,0,370,0.25,0.00,0.25,0
03,softfloat-reference,64,mul,2464,0,308,0.20,0.00,0.20,0
03,flocq-reference,4096,sub,6272,0,1002,0.45,0.00,0.45,0
03,posit-software,2048,sqrt,67712,0,2276,3.03,0.00,3.04,0
03,mpfr-reference,512,add,2568,0,311,0.20,0.00,0.20,0
03,posit-software,128,add,68180,0,2287,3.04,0.00,3.04,0
03,posit-software,256,add,71312,0,2256,3.03,0.00,3.04,0
03,binary-software,5,fma,71148,0,2275,3.11,0.00,3.11,0
03,posit-software,32,sub,71012,0,2241,3.04,0.00,3.04,0
03,binary-native-c,32,fma,3012,0,322,0.20,0.00,0.20,0
03,universal-posit,5,sub,3708,0,349,0.19,0.00,0.19,0
03,posit-software,4096,sqrt,70980,0,2278,3.06,0.00,3.06,0
03,posit-software,1024,fma,67268,0,2281,3.04,0.00,3.04,0
03,mpfr-reference,8,mul,2440,0,304,0.20,0.00,0.20,0
03,posit-software,2048,add,67964,0,2216,3.01,0.01,3.03,0
03,mpfr-reference,128,div,2428,0,310,0.20,0.00,0.20,0
03,universal-posit,6,add,3556,0,356,0.14,0.00,0.15,0
03,universal-posit,8,add,3620,0,349,0.20,0.00,0.20,0
03,universal-posit,64,mul,3624,0,358,0.20,0.00,0.20,0
03,flocq-reference,16,sub,6092,0,962,0.19,0.00,0.19,0
03,binary-native-c,32,div,2660,0,314,0.20,0.00,0.20,0
03,posit-software,4096,add,71016,0,2288,3.04,0.01,3.05,0
03,universal-posit,64,div,3572,0,357,0.20,0.00,0.20,0
03,mpfr-reference,6,sqrt,2344,0,312,0.20,0.00,0.20,0
03,mpfr-reference,512,sub,2564,0,308,0.20,0.00,0.20,0
03,posit-software,5,mul,68228,0,2230,3.02,0.00,3.03,0
03,binary-software,64,add,68112,0,2227,3.04,0.00,3.04,0
03,posit-software,3,sub,72040,0,2220,3.04,0.00,3.06,0
03,flocq-reference,16,fma,6156,0,961,0.20,0.00,0.20,0
03,binary-software,256,sub,67532,0,2280,3.04,0.00,3.04,0
03,posit-software,2048,fma,69916,0,2304,3.13,0.00,3.15,0
03,cpython-float64,64,sqrt,11204,0,1571,0.22,0.00,0.22,0
03,mpfr-reference,5,sqrt,2456,0,305,0.20,0.00,0.20,0
03,posit-software,512,div,71324,0,2312,3.06,0.01,3.08,0
03,binary-software,7,fma,73492,0,2332,6.36,0.00,6.37,0
03,universal-posit,16,mul,3616,0,351,0.20,0.00,0.20,0
03,mpfr-reference,16,div,2612,0,313,0.19,0.00,0.20,0
03,mpfr-reference,8,add,2492,0,308,0.20,0.00,0.20,0
03,binary-software,5,mul,69764,0,2299,3.02,0.01,3.04,0
03,posit-software,3,sqrt,69704,0,2240,3.03,0.00,3.04,0
03,mpfr-reference,4,sub,2324,0,305,0.20,0.00,0.20,0
03,flocq-reference,512,fma,6284,0,984,0.21,0.00,0.21,0
03,universal-posit,1024,sub,3780,0,385,0.20,0.00,0.20,0
03,binary-software,7,div,71092,0,2278,3.07,0.00,3.07,0
03,universal-posit,8,fma,3612,0,353,0.19,0.00,0.20,0
03,binary-native-c,32,sqrt,2664,0,312,0.19,0.00,0.20,0
03,posit-software,6,sqrt,68196,0,2284,3.02,0.00,3.03,0
03,mpfr-reference,32,sub,2236,0,309,0.20,0.00,0.20,0
03,universal-posit,6,div,3616,0,349,0.20,0.00,0.20,0
03,posit-software,4096,fma,71972,0,2279,3.04,0.00,3.05,0
03,binary-software,8,div,71032,0,2292,3.12,0.00,3.13,0
03,binary-software,256,mul,69192,0,2240,3.04,0.00,3.04,0
03,binary-native-c,64,fma,2672,0,316,0.20,0.00,0.20,0
03,binary-software,256,add,67328,0,2276,3.04,0.00,3.04,0
03,universal-posit,32,sub,3680,0,354,0.20,0.00,0.20,0
03,cpython-float64,64,mul,11204,0,1570,0.21,0.00,0.22,0
03,binary-native-c,64,sub,2864,0,319,0.20,0.00,0.20,0
03,binary-software,7,sqrt,67500,0,2281,3.04,0.00,3.04,0
03,flocq-reference,7,div,6020,0,960,0.19,0.00,0.19,0
03,mpfr-reference,1024,fma,2468,0,309,0.20,0.00,0.20,0
03,binary-software,128,add,69080,0,2294,3.03,0.01,3.04,0
03,binary-software,6,add,67748,0,2283,3.04,0.00,3.04,0
03,posit-software,256,sqrt,72156,0,2307,3.03,0.00,3.04,0
03,posit-software,16,add,69972,0,2297,3.04,0.00,3.04,0
03,flocq-reference,2048,mul,6332,0,994,0.27,0.00,0.27,0
03,binary-software,4,div,67768,0,2223,3.03,0.00,3.04,0
03,posit-software,2,sub,67388,0,2225,3.03,0.00,3.04,0
03,binary-software,6,sqrt,69048,0,2275,3.04,0.00,3.04,0
03,posit-software,32,fma,68044,0,2278,3.02,0.01,3.05,0
03,flocq-reference,7,mul,6108,0,964,0.19,0.00,0.19,0
03,binary-software,8,mul,68860,0,2219,3.13,0.01,3.14,0
03,flocq-reference,4096,fma,6420,0,1018,0.44,0.00,0.45,0
03,flocq-reference,7,add,6140,0,957,0.19,0.00,0.19,0
03,flocq-reference,2048,sqrt,6180,0,986,0.67,0.00,0.67,0
03,flocq-reference,64,div,6096,0,960,0.20,0.00,0.20,0
03,posit-software,4,sub,70668,0,2292,3.01,0.02,3.04,0
03,mpfr-reference,4,div,2456,0,311,0.20,0.00,0.20,0
03,binary-software,128,sqrt,67324,0,2224,3.04,0.01,3.05,0
03,posit-software,7,div,69624,0,2270,3.05,0.01,3.06,0
03,mpfr-reference,16,add,2472,0,307,0.20,0.00,0.20,0
03,posit-software,5,fma,67600,0,2226,3.02,0.00,3.03,0
03,flocq-reference,128,fma,6224,0,972,0.19,0.00,0.20,0
03,mpfr-reference,128,sqrt,2520,0,308,0.19,0.00,0.20,0
03,mpfr-reference,64,mul,2500,0,305,0.20,0.00,0.20,0
03,flocq-reference,128,div,6176,0,974,0.20,0.01,0.21,0
03,mpfr-reference,6,mul,2476,0,307,0.20,0.00,0.20,0
03,universal-posit,2048,mul,3812,0,422,0.25,0.00,0.25,0
03,softfloat-reference,32,mul,2568,0,305,0.19,0.00,0.20,0
03,flocq-reference,6,div,6092,0,963,0.19,0.00,0.19,0
03,posit-software,8,sub,68176,0,2289,3.12,0.01,3.14,0
03,binary-native-c,32,sub,2904,0,320,0.19,0.00,0.20,0
03,posit-software,2048,sub,70612,0,2298,3.03,0.00,3.04,0
03,mpfr-reference,256,mul,2548,0,309,0.19,0.00,0.19,0
03,mpfr-reference,8,sqrt,2368,0,312,0.20,0.00,0.20,0
03,flocq-reference,4096,sqrt,6384,0,1000,2.59,0.00,2.59,0
03,binary-software,1024,sub,70736,0,2241,3.02,0.02,3.04,0
03,flocq-reference,512,sub,6188,0,976,0.19,0.01,0.21,0
03,softfloat-reference,32,div,2404,0,308,0.20,0.00,0.20,0
03,universal-posit,6,sub,3608,0,354,0.18,0.00,0.19,0
03,universal-posit,32,sqrt,3620,0,355,0.20,0.00,0.20,0
03,mpfr-reference,5,div,2524,0,314,0.20,0.00,0.20,0
03,binary-software,6,sub,70828,0,2300,3.03,0.00,3.04,0
03,softfloat-reference,64,sub,2628,0,312,0.19,0.00,0.20,0
03,universal-posit,256,fma,3676,0,358,0.20,0.00,0.20,0
03,posit-software,2,sqrt,69140,0,2239,3.03,0.00,3.04,0
03,binary-native-c,64,add,2904,0,321,0.20,0.00,0.20,0
03,universal-posit,4096,div,4048,0,483,2.85,0.00,2.85,0
03,binary-software,1024,mul,69228,0,2240,3.04,0.01,3.05,0
03,mpfr-reference,1024,add,2380,0,308,0.20,0.00,0.20,0
03,posit-software,7,fma,69952,0,2301,3.03,0.01,3.04,0
03,posit-software,2,add,69880,0,2245,3.04,0.00,3.05,0
03,cpython-float64,64,div,11204,0,1571,0.21,0.00,0.22,0
03,flocq-reference,2048,fma,6316,0,995,0.27,0.00,0.27,0
03,mpfr-reference,128,fma,2608,0,312,0.18,0.00,0.19,0
03,binary-software,6,fma,71188,0,2294,3.47,0.00,3.48,0
03,posit-software,1024,sqrt,68156,0,2287,3.03,0.00,3.04,0
03,binary-software,4096,sub,70596,0,2299,3.02,0.00,3.03,0
03,mpfr-reference,4096,add,2488,0,321,0.19,0.00,0.20,0
03,posit-software,512,mul,68180,0,2261,3.04,0.00,3.05,0
03,flocq-reference,4,mul,6052,0,963,0.17,0.00,0.18,0
03,posit-software,7,sub,69712,0,2241,3.05,0.00,3.06,0
03,binary-software,4,mul,67412,0,2280,3.04,0.00,3.04,0
03,softfloat-reference,32,add,2532,0,314,0.20,0.00,0.20,0
03,mpfr-reference,5,add,2612,0,309,0.20,0.00,0.20,0
03,posit-software,5,div,68804,0,2218,3.00,0.02,3.04,0
03,posit-software,5,add,68136,0,2269,3.04,0.00,3.04,0
03,mpfr-reference,4,fma,2448,0,311,0.20,0.00,0.20,0
03,mpfr-reference,16,sqrt,2560,0,314,0.20,0.00,0.20,0
03,mpfr-reference,2048,mul,2576,0,314,0.20,0.00,0.20,0
03,mpfr-reference,4096,div,2492,0,318,0.20,0.00,0.20,0
04,universal-posit,128,sub,3572,0,356,0.19,0.00,0.20,0
04,mpfr-reference,5,mul,2616,0,312,0.20,0.00,0.20,0
04,universal-posit,7,fma,3556,0,348,0.20,0.00,0.20,0
04,softfloat-reference,64,sqrt,2340,0,312,0.20,0.00,0.20,0
04,binary-software,16,add,69504,0,2269,3.02,0.01,3.04,0
04,mpfr-reference,4096,sub,2416,0,313,0.20,0.00,0.20,0
04,universal-posit,1024,div,3732,0,387,0.35,0.00,0.36,0
04,posit-software,64,add,67808,0,2229,3.04,0.00,3.04,0
04,posit-software,256,sub,67412,0,2226,3.04,0.00,3.04,0
04,posit-software,4096,div,67588,0,2289,3.05,0.00,3.05,0
04,mpfr-reference,4096,mul,2536,0,314,0.20,0.00,0.20,0
04,posit-software,64,mul,67820,0,2226,3.03,0.00,3.04,0
04,flocq-reference,1024,mul,6260,0,983,0.22,0.00,0.22,0
04,binary-native-c,64,mul,2900,0,321,0.20,0.00,0.20,0
04,softfloat-reference,32,sub,2276,0,303,0.20,0.00,0.20,0
04,flocq-reference,4,add,6108,0,960,0.19,0.00,0.19,0
04,posit-software,2,fma,67596,0,2227,3.01,0.01,3.03,0
04,posit-software,4096,sub,67712,0,2225,2.99,0.03,3.03,0
04,posit-software,3,div,69664,0,2215,3.01,0.01,3.03,0
04,flocq-reference,4,sqrt,6020,0,954,0.18,0.00,0.18,0
04,posit-software,4,mul,71184,0,2230,3.01,0.02,3.04,0
04,mpfr-reference,32,mul,2324,0,308,0.20,0.00,0.20,0
04,universal-posit,256,add,3608,0,357,0.19,0.00,0.19,0
04,mpfr-reference,512,div,2356,0,304,0.22,0.00,0.22,0
04,mpfr-reference,64,add,2556,0,310,0.20,0.00,0.20,0
04,binary-software,512,sqrt,70924,0,2293,3.04,0.00,3.04,0
04,universal-posit,16,add,3692,0,357,0.20,0.00,0.20,0
04,universal-posit,4096,sub,3944,0,484,0.21,0.00,0.21,0
04,mpfr-reference,256,div,2524,0,306,0.20,0.00,0.20,0
04,mpfr-reference,4096,sqrt,2712,0,323,0.20,0.00,0.20,0
04,posit-software,32,div,68072,0,2279,3.03,0.01,3.04,0
04,universal-posit,1024,fma,3792,0,390,0.21,0.00,0.22,0
04,mpfr-reference,7,sqrt,2520,0,313,0.20,0.00,0.20,0
04,binary-software,7,add,69108,0,2222,3.05,0.00,3.06,0
04,universal-posit,7,sqrt,3696,0,356,0.19,0.00,0.19,0
04,mpfr-reference,32,div,2620,0,311,0.19,0.00,0.19,0
04,mpfr-reference,7,div,2336,0,309,0.20,0.00,0.20,0
04,mpfr-reference,256,sqrt,2396,0,310,0.20,0.00,0.20,0
04,flocq-reference,1024,sub,6340,0,983,0.22,0.00,0.22,0
04,flocq-reference,4,fma,6108,0,962,0.19,0.00,0.19,0
04,binary-software,16,mul,70884,0,2291,3.02,0.01,3.04,0
04,universal-posit,16,div,3620,0,352,0.20,0.00,0.20,0
04,flocq-reference,512,mul,6268,0,978,0.21,0.00,0.21,0
04,flocq-reference,8,mul,6044,0,959,0.19,0.00,0.19,0
04,mpfr-reference,4,sqrt,2584,0,313,0.20,0.00,0.20,0
04,mpfr-reference,256,add,2388,0,307,0.20,0.00,0.20,0
04,flocq-reference,8,div,6108,0,962,0.19,0.00,0.19,0
04,flocq-reference,32,mul,6100,0,959,0.19,0.00,0.20,0
04,mpfr-reference,5,sub,2500,0,307,0.20,0.00,0.20,0
04,flocq-reference,32,div,6156,0,961,0.20,0.00,0.20,0
04,mpfr-reference,4,mul,2388,0,307,0.20,0.00,0.20,0
04,flocq-reference,2048,sub,6300,0,983,0.28,0.00,0.28,0
04,mpfr-reference,256,fma,2564,0,309,0.19,0.00,0.20,0
04,posit-software,6,add,69048,0,2295,3.04,0.01,3.05,0
04,flocq-reference,128,mul,6168,0,970,0.20,0.00,0.20,0
04,mpfr-reference,32,fma,2328,0,310,0.20,0.00,0.20,0
04,posit-software,6,fma,69860,0,2271,3.01,0.00,3.03,0
04,flocq-reference,6,mul,6084,0,961,0.17,0.00,0.18,0
04,posit-software,512,sqrt,68076,0,2219,3.04,0.01,3.05,0
04,binary-software,64,sub,69024,0,2276,3.04,0.01,3.05,0
04,flocq-reference,32,sub,6164,0,964,0.20,0.00,0.20,0
04,universal-posit,8,div,3560,0,355,0.20,0.00,0.20,0
04,binary-software,4096,div,72036,0,2279,3.04,0.00,3.04,0
04,mpfr-reference,4,add,2280,0,308,0.20,0.00,0.20,0
04,binary-software,8,add,67388,0,2219,3.12,0.00,3.14,0
04,flocq-reference,5,mul,6096,0,962,0.17,0.00,0.18,0
04,universal-posit,6,sqrt,3616,0,354,0.19,0.00,0.19,0
04,flocq-reference,32,sqrt,6200,0,962,0.20,0.00,0.20,0
04,binary-software,32,add,67592,0,2219,3.04,0.00,3.04,0
04,flocq-reference,128,add,6104,0,968,0.20,0.00,0.20,0
04,universal-posit,32,mul,3724,0,359,0.19,0.00,0.19,0
04,mpfr-reference,64,sqrt,2616,0,311,0.20,0.00,0.20,0
04,binary-software,4096,mul,69264,0,2299,3.06,0.00,3.06,0
04,binary-software,5,sqrt,70608,0,2244,3.04,0.00,3.04,0
04,mpfr-reference,1024,sqrt,2692,0,315,0.20,0.00,0.20,0
04,universal-posit,4096,add,4124,0,484,0.21,0.00,0.21,0
04,binary-software,8,sub,72312,0,2285,3.07,0.00,3.08,0
04,universal-posit,7,add,3728,0,357,0.20,0.00,0.20,0
04,universal-posit,4096,fma,4020,0,486,0.44,0.00,0.44,0
04,binary-software,64,sqrt,67512,0,2225,3.02,0.01,3.04,0
04,binary-software,4096,add,71180,0,2220,3.02,0.00,3.03,0
04,flocq-reference,64,add,6160,0,961,0.20,0.00,0.20,0
04,universal-posit,64,sub,3696,0,355,0.20,0.00,0.20,0
04,mpfr-reference,7,add,2520,0,309,0.20,0.00,0.20,0
04,posit-software,7,add,67764,0,2276,3.10,0.00,3.10,0
04,binary-software,7,mul,71032,0,2280,3.06,0.01,3.07,0
04,binary-software,32,fma,69684,0,2218,3.02,0.00,3.04,0
04,posit-software,2048,mul,67752,0,2291,3.03,0.00,3.05,0
04,flocq-reference,6,sub,6152,0,959,0.17,0.00,0.19,0
04,binary-software,16,div,67208,0,2270,3.02,0.01,3.04,0
04,mpfr-reference,32,sqrt,2428,0,310,0.20,0.00,0.20,0
04,binary-software,128,sub,70900,0,2288,3.04,0.00,3.04,0
04,mpfr-reference,512,fma,2624,0,314,0.19,0.00,0.20,0
04,binary-native-c,64,sqrt,2608,0,318,0.20,0.00,0.20,0
04,binary-software,2048,fma,67828,0,2231,3.04,0.00,3.04,0
04,mpfr-reference,512,mul,2480,0,312,0.20,0.00,0.20,0
04,binary-software,128,div,72120,0,2280,3.02,0.01,3.04,0
04,flocq-reference,8,fma,6020,0,955,0.18,0.00,0.19,0
04,posit-software,16,sqrt,71432,0,2231,3.04,0.00,3.04,0
04,mpfr-reference,2048,sqrt,2648,0,317,0.20,0.00,0.20,0
04,mpfr-reference,32,add,2548,0,311,0.20,0.00,0.20,0
04,universal-posit,6,mul,3612,0,351,0.19,0.00,0.20,0
04,flocq-reference,4,div,6116,0,959,0.18,0.00,0.18,0
04,posit-software,32,sqrt,67768,0,2282,3.03,0.00,3.04,0
04,flocq-reference,128,sqrt,6232,0,972,0.20,0.00,0.21,0
04,universal-posit,1024,add,3780,0,384,0.20,0.00,0.20,0
04,posit-software,2048,div,71124,0,2229,3.04,0.00,3.04,0
04,flocq-reference,1024,add,6204,0,980,0.21,0.00,0.22,0
04,binary-software,16,fma,71184,0,2282,3.02,0.00,3.03,0
04,universal-posit,5,add,3668,0,352,0.19,0.00,0.20,0
04,posit-software,3,add,71040,0,2270,3.02,0.00,3.04,0
04,mpfr-reference,2048,add,2392,0,310,0.20,0.00,0.20,0
04,mpfr-reference,6,sub,2308,0,304,0.19,0.00,0.20,0
04,posit-software,8,fma,70596,0,2297,3.01,0.02,3.04,0
04,posit-software,256,fma,67500,0,2255,3.04,0.00,3.04,0
04,posit-software,6,sub,71000,0,2281,3.05,0.00,3.05,0
04,universal-posit,5,fma,3604,0,350,0.20,0.00,0.20,0
04,universal-posit,256,sub,3672,0,361,0.20,0.00,0.20,0
04,flocq-reference,5,add,6096,0,961,0.19,0.00,0.19,0
04,posit-software,512,add,69128,0,2243,3.04,0.00,3.04,0
04,flocq-reference,16,sqrt,6164,0,962,0.19,0.00,0.20,0
04,posit-software,32,mul,69172,0,2279,3.03,0.00,3.04,0
04,flocq-reference,4,sub,6096,0,963,0.18,0.00,0.18,0
04,universal-posit,4096,mul,4152,0,489,0.42,0.00,0.43,0
04,universal-posit,256,mul,3732,0,362,0.20,0.00,0.20,0
04,mpfr-reference,4096,fma,2620,0,320,0.20,0.00,0.20,0
04,binary-software,2048,sqrt,68200,0,2231,3.05,0.00,3.05,0
04,posit-software,16,fma,69888,0,2218,3.10,0.00,3.10,0
04,binary-software,1024,fma,67840,0,2280,3.03,0.01,3.04,0
04,binary-software,5,div,71116,0,2221,3.03,0.00,3.04,0
04,binary-software,64,div,67540,0,2283,3.04,0.00,3.04,0
04,binary-software,2048,div,67688,0,2231,3.04,0.00,3.05,0
04,flocq-reference,64,fma,6220,0,972,0.20,0.00,0.20,0
04,binary-software,8,fma,67936,0,2285,3.05,0.00,3.05,0
04,universal-posit,5,div,3716,0,354,0.19,0.00,0.20,0
04,universal-posit,32,add,3604,0,350,0.19,0.00,0.20,0
04,posit-software,2,mul,70948,0,2229,3.02,0.00,3.03,0
04,flocq-reference,256,sub,6232,0,975,0.20,0.00,0.20,0
04,universal-posit,8,mul,3612,0,351,0.19,0.00,0.20,0
04,universal-posit,8,sub,3676,0,350,0.19,0.00,0.19,0
04,binary-software,2048,sub,69980,0,2295,3.05,0.00,3.05,0
04,mpfr-reference,64,sub,2472,0,311,0.20,0.00,0.20,0
04,universal-posit,32,fma,3556,0,356,0.20,0.00,0.20,0
04,posit-software,5,sqrt,71948,0,2222,3.02,0.01,3.04,0
04,universal-posit,5,sqrt,3664,0,354,0.20,0.00,0.20,0
04,mpfr-reference,128,add,2496,0,308,0.20,0.00,0.20,0
04,universal-posit,512,mul,3808,0,372,0.19,0.00,0.20,0
04,binary-software,4,sub,70864,0,2247,3.03,0.00,3.04,0
04,universal-posit,2048,sub,3792,0,419,0.20,0.00,0.20,0
04,flocq-reference,8,sqrt,6164,0,963,0.19,0.00,0.19,0
04,mpfr-reference,8,sub,2280,0,311,0.20,0.00,0.20,0
04,flocq-reference,5,sqrt,6020,0,956,0.18,0.00,0.19,0
04,flocq-reference,16,add,6108,0,961,0.18,0.00,0.19,0
04,universal-posit,2048,add,3900,0,418,0.20,0.00,0.20,0
04,posit-software,16,div,69748,0,2272,3.02,0.01,3.04,0
04,mpfr-reference,5,fma,2368,0,307,0.19,0.00,0.20,0
04,posit-software,2,div,67764,0,2277,3.03,0.01,3.04,0
04,binary-native-c,32,mul,2952,0,321,0.20,0.00,0.20,0
04,mpfr-reference,6,add,2472,0,310,0.19,0.00,0.20,0
04,universal-posit,512,add,3716,0,373,0.20,0.00,0.20,0
04,binary-software,4,fma,71444,0,2283,3.02,0.00,3.02,0
04,posit-software,8,sqrt,67924,0,2224,3.04,0.00,3.04,0
04,binary-software,5,add,72152,0,2281,3.03,0.00,3.05,0
04,binary-software,2048,add,69748,0,2275,3.04,0.00,3.04,0
04,softfloat-reference,64,fma,2452,0,309,0.20,0.00,0.20,0
04,universal-posit,2048,fma,3908,0,418,0.25,0.00,0.25,0
04,binary-software,7,sub,68472,0,2277,3.04,0.00,3.06,0
04,flocq-reference,2048,div,6228,0,988,0.27,0.00,0.27,0
04,flocq-reference,256,add,6164,0,977,0.20,0.00,0.20,0
04,binary-software,8,sqrt,67476,0,2284,3.03,0.00,3.03,0
04,flocq-reference,7,sub,6152,0,957,0.19,0.00,0.19,0
04,binary-software,512,mul,72156,0,2229,3.02,0.01,3.04,0
04,posit-software,256,div,70704,0,2274,3.04,0.00,3.04,0
04,binary-software,512,fma,72280,0,2278,2.99,0.00,2.99,0
04,mpfr-reference,1024,mul,2568,0,313,0.20,0.00,0.20,0
04,universal-posit,7,sub,3620,0,352,0.19,0.00,0.19,0
04,flocq-reference,4096,div,6360,0,1002,0.45,0.00,0.45,0
04,binary-software,4096,fma,68092,0,2281,3.02,0.02,3.05,0
04,posit-software,64,sqrt,68260,0,2287,3.04,0.00,3.04,0
04,flocq-reference,8,sub,6080,0,960,0.19,0.00,0.19,0
04,flocq-reference,16,div,6136,0,956,0.19,0.00,0.19,0
04,posit-software,1024,add,67472,0,2284,3.03,0.01,3.04,0
04,binary-software,6,div,67532,0,2281,3.04,0.00,3.05,0
04,posit-software,4,div,67424,0,2280,3.01,0.01,3.04,0
04,posit-software,6,mul,69916,0,2298,3.03,0.00,3.05,0
04,universal-posit,8,sqrt,3676,0,357,0.19,0.00,0.20,0
04,posit-software,128,sub,67440,0,2229,3.04,0.00,3.04,0
04,posit-software,512,fma,67572,0,2252,3.02,0.00,3.02,0
04,universal-posit,64,add,3620,0,352,0.19,0.00,0.20,0
04,flocq-reference,2048,add,6224,0,986,0.27,0.01,0.28,0
04,binary-software,1024,add,69916,0,2241,3.02,0.01,3.04,0
04,binary-software,512,add,67764,0,2227,3.03,0.00,3.05,0
04,binary-software,128,fma,67712,0,2229,3.04,0.00,3.04,0
04,flocq-reference,16,mul,6036,0,959,0.20,0.00,0.20,0
04,posit-software,3,fma,67868,0,2287,3.04,0.00,3.04,0
04,binary-software,32,div,70520,0,2235,3.03,0.00,3.04,0
04,binary-software,4096,sqrt,68228,0,2218,3.04,0.01,3.06,0
04,softfloat-reference,64,div,2620,0,312,0.20,0.00,0.20,0
04,flocq-reference,512,sqrt,6172,0,972,0.32,0.00,0.33,0
04,universal-posit,16,sub,3624,0,354,0.20,0.00,0.20,0
04,flocq-reference,5,sub,6108,0,958,0.18,0.00,0.18,0
04,universal-posit,2048,div,3808,0,418,0.84,0.00,0.84,0
04,mpfr-reference,2048,div,2344,0,309,0.20,0.00,0.20,0
04,binary-software,1024,div,69916,0,2299,3.03,0.00,3.04,0
04,posit-software,16,mul,71312,0,2285,3.03,0.00,3.04,0
04,binary-native-c,64,div,2904,0,321,0.20,0.00,0.20,0
04,posit-software,8,add,70888,0,2237,3.14,0.00,3.14,0
04,mpfr-reference,1024,sub,2560,0,315,0.18,0.00,0.19,0
04,mpfr-reference,16,mul,2392,0,309,0.20,0.00,0.20,0
04,universal-posit,128,fma,3632,0,356,0.19,0.00,0.20,0
04,posit-software,1024,div,71832,0,2276,3.05,0.00,3.05,0
04,posit-software,1024,sub,67564,0,2225,3.02,0.00,3.03,0
04,binary-software,64,fma,70612,0,2243,3.02,0.01,3.05,0
04,flocq-reference,64,sub,6168,0,964,0.20,0.00,0.20,0
04,mpfr-reference,6,div,2608,0,314,0.20,0.00,0.20,0
04,universal-posit,7,div,3556,0,354,0.20,0.00,0.20,0
04,flocq-reference,8,add,6148,0,960,0.18,0.01,0.19,0
04,mpfr-reference,512,sqrt,2588,0,314,0.20,0.00,0.20,0
04,universal-posit,128,div,3640,0,359,0.19,0.00,0.20,0
04,universal-posit,16,fma,3724,0,353,0.20,0.00,0.20,0
04,binary-software,512,div,68152,0,2284,3.03,0.00,3.03,0
04,flocq-reference,5,div,6108,0,957,0.19,0.00,0.19,0
04,mpfr-reference,6,fma,2384,0,305,0.19,0.00,0.20,0
04,mpfr-reference,2048,sub,2384,0,317,0.19,0.00,0.19,0
04,binary-software,1024,sqrt,68984,0,2242,3.03,0.00,3.05,0
04,cpython-float64,64,sub,11160,0,1572,0.20,0.01,0.21,0
04,flocq-reference,512,div,6268,0,979,0.20,0.00,0.21,0
04,mpfr-reference,1024,div,2504,0,312,0.20,0.00,0.20,0
04,universal-posit,128,add,3636,0,355,0.20,0.00,0.20,0
04,binary-software,512,sub,71152,0,2295,3.01,0.01,3.03,0
04,binary-software,128,mul,69848,0,2300,3.04,0.00,3.04,0
04,flocq-reference,6,fma,6044,0,955,0.19,0.00,0.19,0
04,binary-software,64,mul,68088,0,2229,3.03,0.01,3.04,0
04,posit-software,512,sub,68020,0,2310,3.03,0.00,3.04,0
04,mpfr-reference,7,mul,2284,0,305,0.20,0.00,0.20,0
04,posit-software,128,mul,67952,0,2213,3.03,0.00,3.04,0
04,posit-software,4,fma,72160,0,2224,3.04,0.00,3.04,0
04,binary-software,16,sqrt,69756,0,2273,3.04,0.00,3.04,0
04,posit-software,256,mul,68248,0,2310,3.05,0.00,3.05,0
04,posit-software,3,mul,69948,0,2301,3.06,0.00,3.07,0
04,universal-posit,6,fma,3720,0,351,0.18,0.01,0.20,0
04,flocq-reference,6,sqrt,6040,0,960,0.19,0.00,0.19,0
04,posit-software,128,div,67620,0,2275,3.04,0.00,3.04,0
04,flocq-reference,1024,sqrt,6240,0,978,0.39,0.00,0.40,0
04,flocq-reference,7,sqrt,6112,0,963,0.18,0.00,0.19,0
04,universal-posit,128,mul,3576,0,357,0.20,0.00,0.20,0
04,posit-software,4,sqrt,67388,0,2222,3.03,0.00,3.04,0
04,flocq-reference,256,fma,6184,0,973,0.20,0.00,0.20,0
04,universal-posit,512,sub,3716,0,372,0.20,0.00,0.20,0
04,mpfr-reference,8,div,2384,0,305,0.19,0.00,0.20,0
04,posit-software,4,add,67412,0,2220,3.04,0.00,3.04,0
04,binary-software,32,sub,68068,0,2277,3.03,0.01,3.04,0
04,posit-software,128,fma,67592,0,2257,3.03,0.00,3.03,0
04,flocq-reference,6,add,6040,0,958,0.19,0.00,0.19,0
04,binary-software,32,sqrt,71252,0,2223,3.04,0.00,3.04,0
04,posit-software,6,div,67468,0,2280,3.04,0.00,3.04,0
04,flocq-reference,1024,fma,6276,0,980,0.22,0.00,0.22,0
04,flocq-reference,256,div,6180,0,978,0.20,0.00,0.20,0
04,posit-software,4096,mul,68208,0,2235,3.02,0.00,3.04,0
04,universal-posit,32,div,3620,0,357,0.20,0.00,0.20,0
04,binary-software,4,sqrt,71008,0,2240,3.02,0.01,3.04,0
04,cpython-float64,64,add,11212,0,1574,0.22,0.00,0.22,0
04,binary-software,16,sub,69752,0,2273,3.04,0.00,3.05,0
04,mpfr-reference,256,sub,2524,0,313,0.20,0.00,0.20,0
04,posit-software,1024,mul,71988,0,2227,3.03,0.00,3.04,0
04,universal-posit,1024,mul,3916,0,385,0.22,0.00,0.22,0
04,mpfr-reference,128,sub,2540,0,310,0.19,0.00,0.20,0
04,flocq-reference,256,mul,6192,0,973,0.19,0.00,0.20,0
04,universal-posit,512,div,3840,0,372,0.25,0.00,0.25,0
04,softfloat-reference,64,mul,2632,0,313,0.20,0.00,0.20,0
04,flocq-reference,4096,sub,6328,0,1003,0.44,0.00,0.45,0
04,posit-software,2048,sqrt,69016,0,2276,3.03,0.00,3.04,0
04,mpfr-reference,512,add,2504,0,309,0.19,0.00,0.20,0
04,posit-software,128,add,67268,0,2280,3.01,0.02,3.04,0
04,posit-software,256,add,70724,0,2325,3.04,0.00,3.04,0
04,binary-software,5,fma,71304,0,2279,3.10,0.00,3.11,0
04,posit-software,32,sub,69256,0,2295,3.04,0.00,3.04,0
04,binary-native-c,32,fma,3008,0,322,0.20,0.00,0.20,0
04,universal-posit,5,sub,3712,0,356,0.19,0.00,0.19,0
04,posit-software,4096,sqrt,69156,0,2245,3.04,0.00,3.05,0
04,posit-software,1024,fma,69048,0,2298,3.04,0.00,3.05,0
04,mpfr-reference,8,mul,2328,0,307,0.19,0.00,0.20,0
04,posit-software,2048,add,68088,0,2229,3.02,0.01,3.04,0
04,mpfr-reference,128,div,2524,0,310,0.20,0.00,0.20,0
04,universal-posit,6,add,3616,0,352,0.15,0.00,0.15,0
04,universal-posit,8,add,3620,0,355,0.20,0.00,0.20,0
04,universal-posit,64,mul,3696,0,358,0.20,0.00,0.20,0
04,flocq-reference,16,sub,6168,0,962,0.19,0.00,0.19,0
04,binary-native-c,32,div,2828,0,320,0.20,0.00,0.20,0
04,posit-software,4096,add,69140,0,2244,3.01,0.01,3.03,0
04,universal-posit,64,div,3740,0,358,0.19,0.00,0.20,0
04,mpfr-reference,6,sqrt,2372,0,307,0.20,0.00,0.20,0
04,mpfr-reference,512,sub,2540,0,311,0.20,0.00,0.20,0
04,posit-software,5,mul,68176,0,2233,3.02,0.00,3.03,0
04,binary-software,64,add,69708,0,2214,3.02,0.01,3.04,0
04,posit-software,3,sub,67448,0,2229,3.04,0.00,3.04,0
04,flocq-reference,16,fma,6132,0,961,0.19,0.00,0.19,0
04,binary-software,256,sub,67868,0,2288,3.03,0.00,3.04,0
04,posit-software,2048,fma,68992,0,2276,3.03,0.00,3.05,0
04,cpython-float64,64,sqrt,11264,0,1579,0.22,0.00,0.22,0
04,mpfr-reference,5,sqrt,2456,0,308,0.20,0.00,0.20,0
04,posit-software,512,div,67536,0,2309,3.04,0.01,3.05,0
04,binary-software,7,fma,73492,0,2331,6.36,0.00,6.38,0
04,universal-posit,16,mul,3564,0,357,0.20,0.00,0.20,0
04,mpfr-reference,16,div,2516,0,312,0.20,0.00,0.20,0
04,mpfr-reference,8,add,2344,0,311,0.19,0.00,0.20,0
04,binary-software,5,mul,67648,0,2223,3.06,0.00,3.06,0
04,posit-software,3,sqrt,67608,0,2285,3.04,0.00,3.04,0
04,mpfr-reference,4,sub,2524,0,314,0.20,0.00,0.20,0
04,flocq-reference,512,fma,6336,0,980,0.20,0.00,0.21,0
04,universal-posit,1024,sub,3868,0,387,0.20,0.00,0.20,0
04,binary-software,7,div,71224,0,2283,3.12,0.00,3.12,0
04,universal-posit,8,fma,3560,0,350,0.19,0.00,0.20,0
04,binary-native-c,32,sqrt,2820,0,322,0.20,0.00,0.20,0
04,posit-software,6,sqrt,69056,0,2218,3.03,0.00,3.04,0
04,mpfr-reference,32,sub,2312,0,306,0.20,0.00,0.20,0
04,universal-posit,6,div,3628,0,354,0.20,0.00,0.20,0
04,posit-software,4096,fma,69120,0,2242,3.04,0.00,3.05,0
04,binary-software,8,div,68224,0,2219,3.14,0.00,3.14,0
04,binary-software,256,mul,69948,0,2246,3.04,0.00,3.04,0
04,binary-native-c,64,fma,2664,0,316,0.20,0.00,0.20,0
04,binary-software,256,add,71240,0,2280,3.03,0.00,3.04,0
04,universal-posit,32,sub,3728,0,356,0.19,0.00,0.20,0
04,cpython-float64,64,mul,11208,0,1574,0.22,0.00,0.22,0
04,binary-native-c,64,sub,2904,0,317,0.20,0.00,0.20,0
04,binary-software,7,sqrt,70976,0,2241,3.03,0.00,3.05,0
04,flocq-reference,7,div,6108,0,959,0.19,0.00,0.19,0
04,mpfr-reference,1024,fma,2528,0,315,0.19,0.00,0.20,0
04,binary-software,128,add,67472,0,2225,3.03,0.00,3.04,0
04,binary-software,6,add,68320,0,2217,3.04,0.00,3.05,0
04,posit-software,256,sqrt,67624,0,2312,3.03,0.00,3.04,0
04,posit-software,16,add,67744,0,2287,3.04,0.00,3.05,0
04,flocq-reference,2048,mul,6308,0,999,0.27,0.00,0.27,0
04,binary-software,4,div,68932,0,2240,3.03,0.00,3.04,0
04,posit-software,2,sub,68220,0,2218,3.03,0.00,3.04,0
04,binary-software,6,sqrt,69852,0,2299,3.02,0.01,3.04,0
04,posit-software,32,fma,72140,0,2227,3.04,0.00,3.04,0
04,flocq-reference,7,mul,6108,0,961,0.18,0.01,0.19,0
04,binary-software,8,mul,67692,0,2226,3.13,0.00,3.13,0
04,flocq-reference,4096,fma,6404,0,1019,0.44,0.00,0.45,0
04,flocq-reference,7,add,6112,0,965,0.18,0.01,0.19,0
04,flocq-reference,2048,sqrt,6240,0,990,0.67,0.00,0.67,0
04,flocq-reference,64,div,6100,0,957,0.20,0.00,0.20,0
04,posit-software,4,sub,67704,0,2288,3.03,0.00,3.04,0
04,mpfr-reference,4,div,2440,0,308,0.20,0.00,0.20,0
04,binary-software,128,sqrt,68220,0,2275,3.03,0.01,3.04,0
04,posit-software,7,div,70972,0,2240,3.08,0.00,3.09,0
04,mpfr-reference,16,add,2304,0,305,0.20,0.00,0.20,0
04,posit-software,5,fma,68164,0,2282,3.04,0.00,3.04,0
04,flocq-reference,128,fma,6220,0,968,0.20,0.00,0.20,0
04,mpfr-reference,128,sqrt,2532,0,311,0.20,0.00,0.20,0
04,mpfr-reference,64,mul,2456,0,312,0.20,0.00,0.20,0
04,flocq-reference,128,div,6140,0,969,0.20,0.00,0.20,0
04,mpfr-reference,6,mul,2460,0,312,0.19,0.00,0.20,0
04,universal-posit,2048,mul,3904,0,419,0.26,0.00,0.26,0
04,softfloat-reference,32,mul,2532,0,310,0.20,0.00,0.20,0
04,flocq-reference,6,div,6032,0,962,0.17,0.00,0.19,0
04,posit-software,8,sub,68228,0,2232,3.14,0.01,3.15,0
04,binary-native-c,32,sub,2820,0,320,0.19,0.00,0.20,0
04,posit-software,2048,sub,68164,0,2216,3.02,0.00,3.04,0
04,mpfr-reference,256,mul,2436,0,309,0.19,0.00,0.19,0
04,mpfr-reference,8,sqrt,2448,0,312,0.20,0.00,0.20,0
04,flocq-reference,4096,sqrt,6272,0,1000,2.58,0.00,2.59,0
04,binary-software,1024,sub,71132,0,2280,3.03,0.00,3.05,0
04,flocq-reference,512,sub,6196,0,976,0.21,0.00,0.21,0
04,softfloat-reference,32,div,2568,0,309,0.20,0.00,0.20,0
04,universal-posit,6,sub,3620,0,353,0.19,0.00,0.19,0
04,universal-posit,32,sqrt,3816,0,356,0.20,0.00,0.20,0
04,mpfr-reference,5,div,2440,0,306,0.20,0.00,0.20,0
04,binary-software,6,sub,69300,0,2274,3.04,0.00,3.05,0
04,softfloat-reference,64,sub,2548,0,311,0.20,0.00,0.20,0
04,universal-posit,256,fma,3604,0,362,0.19,0.00,0.20,0
04,posit-software,2,sqrt,70972,0,2295,3.04,0.00,3.04,0
04,binary-native-c,64,add,2956,0,317,0.20,0.00,0.20,0
04,universal-posit,4096,div,4112,0,482,2.86,0.00,2.86,0
04,binary-software,1024,mul,67460,0,2227,3.04,0.00,3.04,0
04,mpfr-reference,1024,add,2508,0,312,0.20,0.00,0.20,0
04,posit-software,7,fma,68400,0,2216,3.04,0.00,3.04,0
04,posit-software,2,add,69104,0,2294,3.03,0.00,3.04,0
04,cpython-float64,64,div,11168,0,1573,0.22,0.00,0.22,0
04,flocq-reference,2048,fma,6312,0,994,0.27,0.00,0.27,0
04,mpfr-reference,128,fma,2368,0,307,0.19,0.00,0.19,0
04,binary-software,6,fma,69416,0,2243,3.46,0.00,3.48,0
04,posit-software,1024,sqrt,71164,0,2285,3.04,0.01,3.05,0
04,binary-software,4096,sub,67532,0,2287,3.03,0.00,3.04,0
04,mpfr-reference,4096,add,2592,0,316,0.20,0.00,0.20,0
04,posit-software,512,mul,68248,0,2257,3.04,0.00,3.05,0
04,flocq-reference,4,mul,6156,0,960,0.17,0.00,0.18,0
04,posit-software,7,sub,67764,0,2274,3.05,0.01,3.06,0
04,binary-software,4,mul,67596,0,2221,3.03,0.01,3.04,0
04,softfloat-reference,32,add,2408,0,307,0.20,0.00,0.20,0
04,mpfr-reference,5,add,2496,0,306,0.20,0.00,0.20,0
04,posit-software,5,div,67684,0,2224,3.03,0.00,3.04,0
04,posit-software,5,add,69004,0,2220,3.03,0.00,3.04,0
04,mpfr-reference,4,fma,2400,0,310,0.20,0.00,0.20,0
04,mpfr-reference,16,sqrt,2560,0,313,0.20,0.00,0.20,0
04,mpfr-reference,2048,mul,2508,0,317,0.20,0.00,0.20,0
04,mpfr-reference,4096,div,2492,0,316,0.20,0.00,0.20,0
04,mpfr-reference,7,sub,2380,0,308,0.20,0.00,0.20,0
04,binary-software,5,sub,67776,0,2232,3.03,0.00,3.04,0
04,posit-software,7,mul,70676,0,2241,3.05,0.01,3.07,0
04,flocq-reference,1024,div,6200,0,977,0.23,0.00,0.23,0
04,softfloat-reference,64,add,2472,0,312,0.20,0.00,0.20,0
04,mpfr-reference,128,mul,2540,0,306,0.19,0.00,0.20,0
04,softfloat-reference,32,fma,2336,0,309,0.20,0.00,0.20,0
04,posit-software,7,sqrt,71004,0,2223,3.03,0.00,3.05,0
04,binary-native-c,32,add,2904,0,317,0.20,0.00,0.20,0
04,universal-posit,5,mul,3672,0,355,0.20,0.00,0.20,0
04,mpfr-reference,8,fma,2564,0,312,0.20,0.00,0.20,0
04,universal-posit,256,div,3664,0,361,0.20,0.00,0.20,0
04,universal-posit,7,mul,3728,0,355,0.19,0.00,0.20,0
04,posit-software,64,div,67460,0,2284,3.01,0.02,3.04,0
04,binary-software,2048,mul,69056,0,2293,3.05,0.00,3.05,0
04,binary-software,4,add,67468,0,2222,3.02,0.00,3.04,0
04,flocq-reference,7,fma,6036,0,954,0.19,0.00,0.19,0
04,universal-posit,64,fma,3628,0,355,0.20,0.00,0.20,0
04,binary-software,256,fma,68188,0,2282,3.03,0.00,3.04,0
04,flocq-reference,128,sub,6156,0,970,0.18,0.00,0.19,0
04,flocq-reference,64,mul,6104,0,972,0.18,0.00,0.19,0
04,posit-software,32,add,69132,0,2300,3.04,0.00,3.04,0
04,flocq-reference,4096,mul,6440,0,1020,0.45,0.00,0.45,0
04,flocq-reference,5,fma,6088,0,960,0.19,0.00,0.19,0
04,posit-software,8,div,68016,0,2268,3.14,0.01,3.16,0
04,mpfr-reference,2048,fma,2476,0,311,0.20,0.00,0.20,0
04,binary-software,32,mul,70964,0,2287,3.03,0.00,3.04,0
04,binary-software,256,sqrt,71108,0,2278,3.04,0.00,3.05,0
04,posit-software,5,sub,69864,0,2299,3.04,0.00,3.05,0
04,flocq-reference,256,sqrt,6120,0,969,0.22,0.00,0.22,0
04,universal-posit,512,fma,3804,0,370,0.20,0.00,0.20,0
04,posit-software,16,sub,69048,0,2295,3.04,0.00,3.04,0
04,posit-software,128,sqrt,69756,0,2245,3.04,0.00,3.04,0
04,binary-software,6,mul,71208,0,2274,3.04,0.00,3.04,0
04,posit-software,8,mul,71984,0,2275,3.09,0.04,3.14,0
04,mpfr-reference,16,fma,2388,0,309,0.19,0.00,0.20,0
04,flocq-reference,512,add,6256,0,978,0.21,0.00,0.21,0
04,softfloat-reference,32,sqrt,2444,0,309,0.20,0.00,0.20,0
04,universal-posit,16,sqrt,3684,0,357,0.19,0.00,0.20,0
04,flocq-reference,32,add,6012,0,958,0.20,0.00,0.20,0
04,mpfr-reference,64,fma,2612,0,313,0.19,0.00,0.20,0
04,mpfr-reference,7,fma,2560,0,308,0.20,0.00,0.20,0
04,flocq-reference,4096,add,6356,0,1001,0.45,0.00,0.45,0
04,flocq-reference,64,sqrt,6152,0,962,0.19,0.00,0.20,0
04,posit-software,64,sub,67588,0,2225,3.02,0.01,3.05,0
04,binary-software,256,div,67920,0,2279,3.03,0.00,3.04,0
04,mpfr-reference,64,div,2560,0,308,0.20,0.00,0.20,0
04,posit-software,64,fma,68280,0,2230,3.03,0.01,3.04,0
04,flocq-reference,32,fma,6152,0,959,0.19,0.00,0.19,0
04,mpfr-reference,16,sub,2500,0,307,0.20,0.00,0.20,0
05,mpfr-reference,4,mul,2280,0,307,0.20,0.00,0.20,0
05,flocq-reference,2048,sub,6240,0,987,0.28,0.00,0.28,0
05,mpfr-reference,256,fma,2440,0,307,0.19,0.00,0.20,0
05,posit-software,6,add,68020,0,2214,3.03,0.00,3.05,0
05,flocq-reference,128,mul,6052,0,971,0.19,0.00,0.20,0
05,mpfr-reference,32,fma,2328,0,306,0.20,0.00,0.20,0
05,posit-software,6,fma,71172,0,2272,3.01,0.00,3.02,0
05,flocq-reference,6,mul,6088,0,964,0.18,0.00,0.18,0
05,posit-software,512,sqrt,72036,0,2222,3.02,0.01,3.05,0
05,binary-software,64,sub,70464,0,2296,3.03,0.01,3.04,0
05,flocq-reference,32,sub,6168,0,959,0.20,0.00,0.20,0
05,universal-posit,8,div,3612,0,353,0.19,0.00,0.20,0
05,binary-software,4096,div,67620,0,2229,3.03,0.00,3.04,0
05,mpfr-reference,4,add,2556,0,304,0.20,0.00,0.20,0
05,binary-software,8,add,68216,0,2231,3.14,0.00,3.14,0
05,flocq-reference,5,mul,6032,0,959,0.18,0.00,0.18,0
05,universal-posit,6,sqrt,3616,0,351,0.19,0.00,0.19,0
05,flocq-reference,32,sqrt,6032,0,957,0.20,0.00,0.20,0
05,binary-software,32,add,68192,0,2213,3.02,0.01,3.04,0
05,flocq-reference,128,add,6124,0,974,0.19,0.00,0.19,0
05,universal-posit,32,mul,3556,0,354,0.19,0.00,0.19,0
05,mpfr-reference,64,sqrt,2504,0,305,0.20,0.00,0.20,0
05,binary-software,4096,mul,68172,0,2218,3.03,0.00,3.05,0
05,binary-software,5,sqrt,67508,0,2284,3.05,0.00,3.05,0
05,mpfr-reference,1024,sqrt,2536,0,315,0.19,0.00,0.20,0
05,universal-posit,4096,add,4108,0,488,0.21,0.00,0.21,0
05,binary-software,8,sub,70912,0,2243,3.09,0.00,3.09,0
05,universal-posit,7,add,3716,0,355,0.19,0.01,0.20,0
05,universal-posit,4096,fma,4116,0,490,0.45,0.00,0.45,0
05,binary-software,64,sqrt,67624,0,2227,3.01,0.02,3.04,0
05,binary-software,4096,add,67532,0,2227,3.03,0.00,3.03,0
05,flocq-reference,64,add,6088,0,958,0.19,0.01,0.20,0
05,universal-posit,64,sub,3636,0,357,0.20,0.00,0.20,0
05,mpfr-reference,7,add,2272,0,309,0.19,0.00,0.20,0
05,posit-software,7,add,69120,0,2236,3.06,0.00,3.06,0
05,binary-software,7,mul,69564,0,2268,3.06,0.00,3.06,0
05,binary-software,32,fma,68808,0,2275,3.02,0.00,3.03,0
05,posit-software,2048,mul,69508,0,2213,3.03,0.00,3.04,0
05,flocq-reference,6,sub,6168,0,965,0.18,0.00,0.18,0
05,binary-software,16,div,67200,0,2220,3.03,0.00,3.04,0
05,mpfr-reference,32,sqrt,2424,0,309,0.20,0.00,0.20,0
05,binary-software,128,sub,69564,0,2272,3.02,0.01,3.04,0
05,mpfr-reference,512,fma,2432,0,309,0.20,0.00,0.20,0
05,binary-native-c,64,sqrt,2772,0,318,0.19,0.00,0.20,0
05,binary-software,2048,fma,69196,0,2281,3.04,0.00,3.04,0
05,mpfr-reference,512,mul,2480,0,311,0.20,0.00,0.20,0
05,binary-software,128,div,69016,0,2241,3.02,0.00,3.04,0
05,flocq-reference,8,fma,6096,0,960,0.19,0.00,0.19,0
05,posit-software,16,sqrt,68284,0,2273,3.04,0.00,3.04,0
05,mpfr-reference,2048,sqrt,2412,0,313,0.20,0.00,0.20,0
05,mpfr-reference,32,add,2308,0,305,0.20,0.00,0.20,0
05,universal-posit,6,mul,3720,0,355,0.20,0.00,0.20,0
05,flocq-reference,4,div,6048,0,959,0.18,0.00,0.18,0
05,posit-software,32,sqrt,67552,0,2281,3.04,0.00,3.04,0
05,flocq-reference,128,sqrt,6180,0,975,0.21,0.00,0.21,0
05,universal-posit,1024,add,3772,0,385,0.20,0.00,0.20,0
05,posit-software,2048,div,67412,0,2285,3.04,0.00,3.04,0
05,flocq-reference,1024,add,6264,0,984,0.21,0.00,0.22,0
05,binary-software,16,fma,67644,0,2227,3.03,0.00,3.03,0
05,universal-posit,5,add,3704,0,358,0.19,0.00,0.20,0
05,posit-software,3,add,71200,0,2228,3.04,0.00,3.04,0
05,mpfr-reference,2048,add,2636,0,319,0.19,0.00,0.20,0
05,mpfr-reference,6,sub,2324,0,308,0.20,0.00,0.20,0
05,posit-software,8,fma,72112,0,2228,3.04,0.00,3.04,0
05,posit-software,256,fma,68920,0,2301,3.04,0.00,3.05,0
05,posit-software,6,sub,70952,0,2292,3.04,0.00,3.05,0
05,universal-posit,5,fma,3708,0,355,0.19,0.00,0.20,0
05,universal-posit,256,sub,3664,0,362,0.19,0.00,0.20,0
05,flocq-reference,5,add,6184,0,962,0.19,0.00,0.19,0
05,posit-software,512,add,69648,0,2239,3.02,0.01,3.04,0
05,flocq-reference,16,sqrt,6144,0,961,0.20,0.00,0.20,0
05,posit-software,32,mul,70788,0,2302,3.02,0.01,3.04,0
05,flocq-reference,4,sub,6172,0,962,0.18,0.00,0.18,0
05,universal-posit,4096,mul,4056,0,484,0.43,0.00,0.43,0
05,universal-posit,256,mul,3772,0,363,0.20,0.00,0.20,0
05,mpfr-reference,4096,fma,2636,0,325,0.20,0.00,0.20,0
05,binary-software,2048,sqrt,69772,0,2271,3.04,0.00,3.04,0
05,posit-software,16,fma,70736,0,2295,3.01,0.02,3.04,0
05,binary-software,1024,fma,67524,0,2281,3.04,0.00,3.04,0
05,binary-software,5,div,67708,0,2285,3.04,0.00,3.04,0
05,binary-software,64,div,71896,0,2218,3.04,0.01,3.06,0
05,binary-software,2048,div,68196,0,2227,3.02,0.00,3.04,0
05,flocq-reference,64,fma,6108,0,967,0.20,0.00,0.20,0
05,binary-software,8,fma,68328,0,2233,3.03,0.00,3.05,0
05,universal-posit,5,div,3668,0,351,0.20,0.00,0.20,0
05,universal-posit,32,add,3556,0,356,0.18,0.00,0.20,0
05,posit-software,2,mul,68188,0,2283,3.03,0.00,3.03,0
05,flocq-reference,256,sub,6264,0,977,0.20,0.00,0.20,0
05,universal-posit,8,mul,3608,0,349,0.20,0.00,0.20,0
05,universal-posit,8,sub,3620,0,358,0.19,0.00,0.19,0
05,binary-software,2048,sub,68084,0,2216,3.04,0.00,3.04,0
05,mpfr-reference,64,sub,2352,0,307,0.20,0.00,0.20,0
05,universal-posit,32,fma,3724,0,352,0.19,0.00,0.20,0
05,posit-software,5,sqrt,71008,0,2292,3.03,0.01,3.04,0
05,universal-posit,5,sqrt,3664,0,355,0.20,0.00,0.20,0
05,mpfr-reference,128,add,2264,0,306,0.20,0.00,0.20,0
05,universal-posit,512,mul,3712,0,370,0.20,0.00,0.20,0
05,binary-software,4,sub,68060,0,2287,3.02,0.01,3.04,0
05,universal-posit,2048,sub,3788,0,418,0.20,0.00,0.20,0
05,flocq-reference,8,sqrt,6144,0,962,0.18,0.00,0.19,0
05,mpfr-reference,8,sub,2396,0,307,0.20,0.00,0.20,0
05,flocq-reference,5,sqrt,6156,0,961,0.19,0.00,0.19,0
05,flocq-reference,16,add,6048,0,962,0.19,0.00,0.19,0
05,universal-posit,2048,add,3736,0,415,0.19,0.00,0.20,0
05,posit-software,16,div,67528,0,2285,3.03,0.00,3.04,0
05,mpfr-reference,5,fma,2452,0,305,0.19,0.00,0.20,0
05,posit-software,2,div,71108,0,2273,3.03,0.00,3.04,0
05,binary-native-c,32,mul,2944,0,324,0.20,0.00,0.20,0
05,mpfr-reference,6,add,2432,0,305,0.20,0.00,0.20,0
05,universal-posit,512,add,3812,0,368,0.20,0.00,0.20,0
05,binary-software,4,fma,71240,0,2284,3.01,0.00,3.02,0
05,posit-software,8,sqrt,70972,0,2289,3.04,0.00,3.04,0
05,binary-software,5,add,71260,0,2225,3.03,0.01,3.04,0
05,binary-software,2048,add,70692,0,2298,3.04,0.00,3.04,0
05,softfloat-reference,64,fma,2528,0,306,0.20,0.00,0.20,0
05,universal-posit,2048,fma,3736,0,422,0.25,0.00,0.25,0
05,binary-software,7,sub,68260,0,2229,3.04,0.01,3.05,0
05,flocq-reference,2048,div,6228,0,988,0.26,0.00,0.27,0
05,flocq-reference,256,add,6160,0,973,0.20,0.00,0.20,0
05,binary-software,8,sqrt,67748,0,2286,3.03,0.00,3.03,0
05,flocq-reference,7,sub,6100,0,957,0.19,0.00,0.19,0
05,binary-software,512,mul,67444,0,2226,3.04,0.00,3.04,0
05,posit-software,256,div,67560,0,2310,3.04,0.00,3.04,0
05,binary-software,512,fma,67748,0,2288,3.28,0.00,3.28,0
05,mpfr-reference,1024,mul,2532,0,311,0.20,0.00,0.20,0
05,universal-posit,7,sub,3720,0,352,0.19,0.00,0.19,0
05,flocq-reference,4096,div,6352,0,1000,0.45,0.00,0.45,0
05,binary-software,4096,fma,71384,0,2289,3.03,0.00,3.05,0
05,posit-software,64,sqrt,70040,0,2244,3.03,0.00,3.05,0
05,flocq-reference,8,sub,6160,0,958,0.18,0.00,0.19,0
05,flocq-reference,16,div,6176,0,963,0.19,0.00,0.19,0
05,posit-software,1024,add,72044,0,2222,3.05,0.01,3.07,0
05,binary-software,6,div,69192,0,2241,3.02,0.01,3.04,0
05,posit-software,4,div,67468,0,2228,3.04,0.00,3.05,0
05,posit-software,6,mul,69708,0,2297,3.03,0.00,3.05,0
05,universal-posit,8,sqrt,3792,0,355,0.20,0.00,0.20,0
05,posit-software,128,sub,71204,0,2281,3.03,0.00,3.05,0
05,posit-software,512,fma,69040,0,2325,3.02,0.01,3.03,0
05,universal-posit,64,add,3740,0,355,0.20,0.00,0.20,0
05,flocq-reference,2048,add,6312,0,988,0.27,0.00,0.28,0
05,binary-software,1024,add,69068,0,2218,3.02,0.00,3.03,0
05,binary-software,512,add,71148,0,2272,3.05,0.00,3.05,0
05,binary-software,128,fma,71244,0,2287,3.02,0.01,3.04,0
05,flocq-reference,16,mul,6176,0,963,0.18,0.00,0.19,0
05,posit-software,3,fma,69316,0,2239,3.01,0.02,3.04,0
05,binary-software,32,div,71180,0,2282,3.04,0.00,3.04,0
05,binary-software,4096,sqrt,68216,0,2232,3.06,0.00,3.06,0
05,softfloat-reference,64,div,2572,0,313,0.20,0.00,0.20,0
05,flocq-reference,512,sqrt,6236,0,973,0.33,0.00,0.33,0
05,universal-posit,16,sub,3568,0,356,0.19,0.01,0.20,0
05,flocq-reference,5,sub,6020,0,956,0.18,0.00,0.18,0
05,universal-posit,2048,div,3844,0,416,0.87,0.00,0.87,0
05,mpfr-reference,2048,div,2624,0,318,0.20,0.00,0.20,0
05,binary-software,1024,div,67272,0,2279,3.04,0.00,3.04,0
05,posit-software,16,mul,68220,0,2216,3.02,0.01,3.05,0
05,binary-native-c,64,div,2796,0,313,0.20,0.00,0.20,0
05,posit-software,8,add,67708,0,2227,3.14,0.00,3.14,0
05,mpfr-reference,1024,sub,2440,0,309,0.19,0.00,0.19,0
05,mpfr-reference,16,mul,2468,0,310,0.20,0.00,0.20,0
05,universal-posit,128,fma,3572,0,357,0.19,0.00,0.20,0
05,posit-software,1024,div,70980,0,2294,3.03,0.00,3.04,0
05,posit-software,1024,sub,71064,0,2276,3.02,0.00,3.03,0
05,binary-software,64,fma,70648,0,2244,3.02,0.00,3.04,0
05,flocq-reference,64,sub,6196,0,955,0.20,0.00,0.20,0
05,mpfr-reference,6,div,2404,0,307,0.19,0.00,0.20,0
05,universal-posit,7,div,3680,0,355,0.20,0.00,0.20,0
05,flocq-reference,8,add,6080,0,965,0.18,0.00,0.19,0
05,mpfr-reference,512,sqrt,2608,0,312,0.20,0.00,0.20,0
05,universal-posit,128,div,3744,0,358,0.20,0.00,0.20,0
05,universal-posit,16,fma,3632,0,353,0.19,0.00,0.20,0
05,binary-software,512,div,70956,0,2238,3.03,0.00,3.03,0
05,flocq-reference,5,div,6208,0,965,0.18,0.01,0.19,0
05,mpfr-reference,6,fma,2560,0,308,0.20,0.00,0.20,0
05,mpfr-reference,2048,sub,2476,0,312,0.19,0.00,0.19,0
05,binary-software,1024,sqrt,67756,0,2235,3.05,0.00,3.05,0
05,cpython-float64,64,sub,11184,0,1575,0.20,0.01,0.21,0
05,flocq-reference,512,div,6284,0,977,0.21,0.00,0.21,0
05,mpfr-reference,1024,div,2532,0,310,0.20,0.00,0.20,0
05,universal-posit,128,add,3636,0,358,0.20,0.00,0.20,0
05,binary-software,512,sub,71896,0,2276,3.04,0.00,3.04,0
05,binary-software,128,mul,69044,0,2235,3.04,0.00,3.04,0
05,flocq-reference,6,fma,6052,0,963,0.18,0.00,0.19,0
05,binary-software,64,mul,68132,0,2230,3.04,0.00,3.04,0
05,posit-software,512,sub,69104,0,2252,3.03,0.00,3.05,0
05,mpfr-reference,7,mul,2320,0,308,0.20,0.00,0.20,0
05,posit-software,128,mul,71144,0,2225,3.04,0.00,3.04,0
05,posit-software,4,fma,68308,0,2286,3.04,0.00,3.04,0
05,binary-software,16,sqrt,68128,0,2281,3.04,0.00,3.04,0
05,posit-software,256,mul,67740,0,2311,3.02,0.01,3.04,0
05,posit-software,3,mul,68960,0,2276,3.02,0.00,3.03,0
05,universal-posit,6,fma,3604,0,352,0.19,0.00,0.20,0
05,flocq-reference,6,sqrt,6156,0,959,0.19,0.00,0.19,0
05,posit-software,128,div,67460,0,2222,3.02,0.01,3.04,0
05,flocq-reference,1024,sqrt,6192,0,975,0.40,0.00,0.40,0
05,flocq-reference,7,sqrt,6012,0,957,0.18,0.00,0.19,0
05,universal-posit,128,mul,3740,0,357,0.20,0.00,0.20,0
05,posit-software,4,sqrt,71160,0,2285,3.02,0.01,3.05,0
05,flocq-reference,256,fma,6312,0,980,0.20,0.00,0.20,0
05,universal-posit,512,sub,3768,0,372,0.20,0.00,0.20,0
05,mpfr-reference,8,div,2564,0,312,0.20,0.00,0.20,0
05,posit-software,4,add,67584,0,2284,3.02,0.01,3.04,0
05,binary-software,32,sub,69044,0,2237,3.02,0.01,3.04,0
05,posit-software,128,fma,68180,0,2260,3.03,0.00,3.03,0
05,flocq-reference,6,add,6148,0,965,0.18,0.00,0.19,0
05,binary-software,32,sqrt,69640,0,2269,3.04,0.00,3.04,0
05,posit-software,6,div,67468,0,2284,3.04,0.00,3.04,0
05,flocq-reference,1024,fma,6292,0,986,0.21,0.00,0.22,0
05,flocq-reference,256,div,6244,0,975,0.20,0.00,0.20,0
05,posit-software,4096,mul,67360,0,2288,3.03,0.00,3.03,0
05,universal-posit,32,div,3624,0,355,0.20,0.00,0.20,0
05,binary-software,4,sqrt,67452,0,2285,3.03,0.00,3.03,0
05,cpython-float64,64,add,11208,0,1570,0.21,0.01,0.22,0
05,binary-software,16,sub,67648,0,2219,3.03,0.00,3.03,0
05,mpfr-reference,256,sub,2260,0,304,0.20,0.00,0.20,0
05,posit-software,1024,mul,67344,0,2224,3.02,0.00,3.04,0
05,universal-posit,1024,mul,3848,0,386,0.22,0.00,0.22,0
05,mpfr-reference,128,sub,2548,0,306,0.20,0.00,0.20,0
05,flocq-reference,256,mul,6232,0,975,0.19,0.00,0.20,0
05,universal-posit,512,div,3716,0,369,0.27,0.00,0.27,0
05,softfloat-reference,64,mul,2628,0,309,0.19,0.01,0.20,0
05,flocq-reference,4096,sub,6308,0,1003,0.44,0.00,0.44,0
05,posit-software,2048,sqrt,67648,0,2277,3.04,0.00,3.05,0
05,mpfr-reference,512,add,2320,0,303,0.19,0.00,0.20,0
05,posit-software,128,add,67324,0,2278,3.04,0.00,3.04,0
05,posit-software,256,add,69124,0,2305,3.03,0.01,3.04,0
05,binary-software,5,fma,69248,0,2277,3.10,0.00,3.11,0
05,posit-software,32,sub,69912,0,2295,3.02,0.01,3.04,0
05,binary-native-c,32,fma,2728,0,321,0.20,0.00,0.20,0
05,universal-posit,5,sub,3612,0,355,0.19,0.00,0.19,0
05,posit-software,4096,sqrt,67424,0,2229,3.05,0.00,3.05,0
05,posit-software,1024,fma,68068,0,2229,3.03,0.00,3.04,0
05,mpfr-reference,8,mul,2460,0,312,0.20,0.00,0.20,0
05,posit-software,2048,add,67464,0,2227,3.09,0.00,3.09,0
05,mpfr-reference,128,div,2432,0,311,0.19,0.00,0.20,0
05,universal-posit,6,add,3624,0,353,0.15,0.00,0.15,0
05,universal-posit,8,add,3624,0,352,0.20,0.00,0.20,0
05,universal-posit,64,mul,3572,0,362,0.20,0.00,0.20,0
05,flocq-reference,16,sub,6028,0,956,0.19,0.00,0.20,0
05,binary-native-c,32,div,2796,0,316,0.20,0.00,0.20,0
05,posit-software,4096,add,68144,0,2286,3.02,0.00,3.03,0
05,universal-posit,64,div,3764,0,362,0.19,0.00,0.20,0
05,mpfr-reference,6,sqrt,2524,0,310,0.20,0.00,0.20,0
05,mpfr-reference,512,sub,2564,0,309,0.20,0.00,0.20,0
05,posit-software,5,mul,71952,0,2278,3.03,0.00,3.04,0
05,binary-software,64,add,67596,0,2223,3.03,0.00,3.04,0
05,posit-software,3,sub,72036,0,2279,3.03,0.00,3.05,0
05,flocq-reference,16,fma,6036,0,958,0.19,0.00,0.20,0
05,binary-software,256,sub,71048,0,2238,3.03,0.00,3.04,0
05,posit-software,2048,fma,67444,0,2229,3.03,0.00,3.04,0
05,cpython-float64,64,sqrt,11160,0,1570,0.21,0.01,0.22,0
05,mpfr-reference,5,sqrt,2600,0,310,0.20,0.00,0.20,0
05,posit-software,512,div,68248,0,2318,3.06,0.00,3.07,0
05,binary-software,7,fma,71276,0,2326,6.36,0.01,6.39,0
05,universal-posit,16,mul,3632,0,356,0.20,0.00,0.20,0
05,mpfr-reference,16,div,2520,0,310,0.20,0.00,0.20,0
05,mpfr-reference,8,add,2268,0,310,0.20,0.00,0.20,0
05,binary-software,5,mul,70972,0,2292,3.04,0.00,3.04,0
05,posit-software,3,sqrt,69912,0,2298,3.02,0.01,3.04,0
05,mpfr-reference,4,sub,2616,0,310,0.19,0.00,0.20,0
05,flocq-reference,512,fma,6320,0,981,0.21,0.00,0.21,0
05,universal-posit,1024,sub,3724,0,384,0.20,0.00,0.20,0
05,binary-software,7,div,69708,0,2242,3.05,0.01,3.06,0
05,universal-posit,8,fma,3632,0,355,0.20,0.00,0.20,0
05,binary-native-c,32,sqrt,2732,0,315,0.20,0.00,0.20,0
05,posit-software,6,sqrt,69008,0,2219,3.02,0.01,3.04,0
05,mpfr-reference,32,sub,2472,0,313,0.20,0.00,0.20,0
05,universal-posit,6,div,3716,0,353,0.20,0.00,0.20,0
05,posit-software,4096,fma,67916,0,2278,3.05,0.00,3.05,0
05,binary-software,8,div,69192,0,2241,3.13,0.00,3.13,0
05,binary-software,256,mul,67412,0,2230,3.01,0.01,3.03,0
05,binary-native-c,64,fma,2784,0,313,0.20,0.00,0.20,0
05,binary-software,256,add,67608,0,2226,3.02,0.01,3.05,0
05,universal-posit,32,sub,3556,0,352,0.20,0.00,0.20,0
05,cpython-float64,64,mul,11208,0,1573,0.22,0.00,0.22,0
05,binary-native-c,64,sub,2792,0,317,0.20,0.00,0.20,0
05,binary-software,7,sqrt,68924,0,2275,3.04,0.00,3.04,0
05,flocq-reference,7,div,6092,0,960,0.19,0.00,0.19,0
05,mpfr-reference,1024,fma,2532,0,316,0.19,0.00,0.20,0
05,binary-software,128,add,68072,0,2284,3.04,0.00,3.04,0
05,binary-software,6,add,68208,0,2229,3.03,0.00,3.04,0
05,posit-software,256,sqrt,68248,0,2255,3.03,0.00,3.05,0
05,posit-software,16,add,69908,0,2241,3.03,0.00,3.05,0
05,flocq-reference,2048,mul,6300,0,998,0.27,0.00,0.27,0
05,binary-software,4,div,69960,0,2298,3.04,0.00,3.04,0
05,posit-software,2,sub,69132,0,2293,3.03,0.00,3.04,0
05,binary-software,6,sqrt,70968,0,2278,3.04,0.00,3.04,0
05,posit-software,32,fma,67748,0,2279,3.03,0.00,3.04,0
05,flocq-reference,7,mul,6092,0,959,0.19,0.00,0.19,0
05,binary-software,8,mul,67412,0,2226,3.13,0.00,3.13,0
05,flocq-reference,4096,fma,6296,0,1018,0.45,0.00,0.45,0
05,flocq-reference,7,add,6016,0,955,0.19,0.00,0.19,0
05,flocq-reference,2048,sqrt,6300,0,986,0.67,0.00,0.67,0
05,flocq-reference,64,div,6176,0,959,0.19,0.00,0.20,0
05,posit-software,4,sub,67564,0,2273,3.03,0.01,3.04,0
05,mpfr-reference,4,div,2520,0,309,0.20,0.00,0.20,0
05,binary-software,128,sqrt,69720,0,2217,3.04,0.00,3.04,0
05,posit-software,7,div,70888,0,2233,3.06,0.01,3.07,0
05,mpfr-reference,16,add,2260,0,308,0.19,0.00,0.20,0
05,posit-software,5,fma,70032,0,2303,3.03,0.01,3.04,0
05,flocq-reference,128,fma,6156,0,966,0.20,0.00,0.20,0
05,mpfr-reference,128,sqrt,2532,0,313,0.20,0.00,0.20,0
05,mpfr-reference,64,mul,2264,0,307,0.20,0.00,0.20,0
05,flocq-reference,128,div,6104,0,968,0.20,0.00,0.20,0
05,mpfr-reference,6,mul,2464,0,314,0.20,0.00,0.20,0
05,universal-posit,2048,mul,3808,0,423,0.25,0.00,0.26,0
05,softfloat-reference,32,mul,2272,0,302,0.20,0.00,0.20,0
05,flocq-reference,6,div,6076,0,958,0.18,0.01,0.19,0
05,posit-software,8,sub,69964,0,2300,3.14,0.00,3.14,0
05,binary-native-c,32,sub,2944,0,326,0.20,0.00,0.20,0
05,posit-software,2048,sub,70956,0,2295,3.03,0.00,3.04,0
05,mpfr-reference,256,mul,2428,0,306,0.19,0.00,0.19,0
05,mpfr-reference,8,sqrt,2520,0,311,0.20,0.00,0.20,0
05,flocq-reference,4096,sqrt,6420,0,1007,2.58,0.01,2.59,0
05,binary-software,1024,sub,70680,0,2245,3.05,0.00,3.06,0
05,flocq-reference,512,sub,6256,0,982,0.20,0.00,0.21,0
05,softfloat-reference,32,div,2532,0,308,0.20,0.00,0.20,0
05,universal-posit,6,sub,3748,0,353,0.19,0.00,0.19,0
05,universal-posit,32,sqrt,3692,0,355,0.20,0.00,0.20,0
05,mpfr-reference,5,div,2340,0,305,0.20,0.00,0.20,0
05,binary-software,6,sub,71456,0,2284,3.03,0.01,3.04,0
05,softfloat-reference,64,sub,2372,0,309,0.20,0.00,0.20,0
05,universal-posit,256,fma,3800,0,363,0.20,0.00,0.20,0
05,posit-software,2,sqrt,68940,0,2221,3.03,0.00,3.04,0
05,binary-native-c,64,add,2908,0,319,0.20,0.00,0.20,0
05,universal-posit,4096,div,4116,0,484,2.88,0.00,2.89,0
05,binary-software,1024,mul,69912,0,2297,3.04,0.00,3.05,0
05,mpfr-reference,1024,add,2400,0,310,0.20,0.00,0.20,0
05,posit-software,7,fma,69312,0,2300,3.01,0.01,3.03,0
05,posit-software,2,add,71116,0,2228,3.03,0.00,3.04,0
05,cpython-float64,64,div,11204,0,1571,0.21,0.01,0.22,0
05,flocq-reference,2048,fma,6320,0,995,0.27,0.00,0.27,0
05,mpfr-reference,128,fma,2504,0,306,0.19,0.00,0.19,0
05,binary-software,6,fma,67888,0,2283,3.48,0.00,3.48,0
05,posit-software,1024,sqrt,67448,0,2229,3.04,0.00,3.05,0
05,binary-software,4096,sub,69880,0,2220,3.03,0.00,3.04,0
05,mpfr-reference,4096,add,2568,0,320,0.20,0.00,0.20,0
05,posit-software,512,mul,67760,0,2259,3.02,0.01,3.04,0
05,flocq-reference,4,mul,6104,0,959,0.17,0.00,0.18,0
05,posit-software,7,sub,67272,0,2279,3.06,0.00,3.07,0
05,binary-software,4,mul,69056,0,2273,3.02,0.01,3.05,0
05,softfloat-reference,32,add,2372,0,310,0.20,0.00,0.20,0
05,mpfr-reference,5,add,2340,0,312,0.19,0.00,0.20,0
05,posit-software,5,div,69848,0,2240,3.04,0.00,3.04,0
05,posit-software,5,add,67748,0,2227,3.04,0.00,3.04,0
05,mpfr-reference,4,fma,2560,0,308,0.20,0.00,0.20,0
05,mpfr-reference,16,sqrt,2540,0,313,0.19,0.00,0.20,0
05,mpfr-reference,2048,mul,2512,0,313,0.20,0.00,0.20,0
05,mpfr-reference,4096,div,2552,0,316,0.20,0.00,0.20,0
05,mpfr-reference,7,sub,2272,0,302,0.20,0.00,0.20,0
05,binary-software,5,sub,71460,0,2226,3.02,0.00,3.04,0
05,posit-software,7,mul,68128,0,2285,3.04,0.00,3.05,0
05,flocq-reference,1024,div,6252,0,983,0.22,0.00,0.23,0
05,softfloat-reference,64,add,2272,0,302,0.20,0.00,0.20,0
05,mpfr-reference,128,mul,2436,0,307,0.19,0.00,0.20,0
05,softfloat-reference,32,fma,2688,0,315,0.20,0.00,0.20,0
05,posit-software,7,sqrt,71112,0,2273,3.04,0.00,3.04,0
05,binary-native-c,32,add,2960,0,319,0.20,0.00,0.20,0
05,universal-posit,5,mul,3608,0,353,0.20,0.00,0.20,0
05,mpfr-reference,8,fma,2560,0,309,0.20,0.00,0.20,0
05,universal-posit,256,div,3768,0,366,0.19,0.00,0.20,0
05,universal-posit,7,mul,3752,0,359,0.20,0.00,0.20,0
05,posit-software,64,div,68012,0,2227,3.03,0.00,3.04,0
05,binary-software,2048,mul,70016,0,2299,3.03,0.00,3.04,0
05,binary-software,4,add,69912,0,2296,3.02,0.00,3.04,0
05,flocq-reference,7,fma,6036,0,963,0.18,0.00,0.19,0
05,universal-posit,64,fma,3644,0,356,0.20,0.00,0.20,0
05,binary-software,256,fma,68400,0,2216,3.03,0.00,3.04,0
05,flocq-reference,128,sub,6108,0,972,0.18,0.00,0.19,0
05,flocq-reference,64,mul,6040,0,968,0.20,0.00,0.20,0
05,posit-software,32,add,68144,0,2228,3.03,0.00,3.04,0
05,flocq-reference,4096,mul,6348,0,1015,0.44,0.00,0.45,0
05,flocq-reference,5,fma,6144,0,961,0.19,0.00,0.19,0
05,posit-software,8,div,69916,0,2294,3.15,0.00,3.16,0
05,mpfr-reference,2048,fma,2544,0,315,0.20,0.00,0.20,0
05,binary-software,32,mul,69644,0,2272,3.03,0.01,3.04,0
05,binary-software,256,sqrt,69024,0,2276,3.05,0.00,3.06,0
05,posit-software,5,sub,67968,0,2277,3.05,0.00,3.05,0
05,flocq-reference,256,sqrt,6292,0,973,0.22,0.00,0.22,0
05,universal-posit,512,fma,3712,0,369,0.20,0.00,0.20,0
05,posit-software,16,sub,68292,0,2289,3.02,0.00,3.04,0
05,posit-software,128,sqrt,71224,0,2305,3.02,0.01,3.04,0
05,binary-software,6,mul,68100,0,2267,3.04,0.00,3.04,0
05,posit-software,8,mul,68228,0,2273,3.11,0.00,3.13,0
05,mpfr-reference,16,fma,2608,0,308,0.20,0.00,0.20,0
05,flocq-reference,512,add,6184,0,977,0.21,0.00,0.21,0
05,softfloat-reference,32,sqrt,2376,0,309,0.20,0.00,0.20,0
05,universal-posit,16,sqrt,3816,0,359,0.20,0.00,0.20,0
05,flocq-reference,32,add,6180,0,964,0.20,0.00,0.20,0
05,mpfr-reference,64,fma,2332,0,305,0.19,0.00,0.20,0
05,mpfr-reference,7,fma,2340,0,305,0.20,0.00,0.20,0
05,flocq-reference,4096,add,6352,0,999,0.44,0.00,0.45,0
05,flocq-reference,64,sqrt,6204,0,965,0.20,0.00,0.20,0
05,posit-software,64,sub,71068,0,2285,3.03,0.00,3.05,0
05,binary-software,256,div,67996,0,2280,3.03,0.00,3.04,0
05,mpfr-reference,64,div,2328,0,306,0.20,0.00,0.20,0
05,posit-software,64,fma,69372,0,2297,3.04,0.00,3.04,0
05,flocq-reference,32,fma,6020,0,957,0.19,0.00,0.19,0
05,mpfr-reference,16,sub,2328,0,308,0.20,0.00,0.20,0
05,universal-posit,128,sub,3640,0,361,0.20,0.00,0.20,0
05,mpfr-reference,5,mul,2500,0,309,0.19,0.00,0.20,0
05,universal-posit,7,fma,3556,0,355,0.20,0.00,0.20,0
05,softfloat-reference,64,sqrt,2464,0,307,0.20,0.00,0.20,0
05,binary-software,16,add,69844,0,2301,3.04,0.00,3.04,0
05,mpfr-reference,4096,sub,2292,0,311,0.20,0.00,0.20,0
05,universal-posit,1024,div,3896,0,389,0.37,0.00,0.37,0
05,posit-software,64,add,70968,0,2289,3.04,0.00,3.04,0
05,posit-software,256,sub,68172,0,2287,3.04,0.00,3.04,0
05,posit-software,4096,div,69924,0,2305,3.03,0.01,3.05,0
05,mpfr-reference,4096,mul,2660,0,323,0.20,0.00,0.20,0
05,posit-software,64,mul,69208,0,2242,3.03,0.00,3.04,0
05,flocq-reference,1024,mul,6348,0,987,0.21,0.00,0.22,0
05,binary-native-c,64,mul,2908,0,320,0.20,0.00,0.20,0
05,softfloat-reference,32,sub,2544,0,310,0.20,0.00,0.20,0
05,flocq-reference,4,add,6044,0,957,0.19,0.00,0.19,0
05,posit-software,2,fma,68268,0,2280,3.02,0.01,3.04,0
05,posit-software,4096,sub,70420,0,2293,2.99,0.02,3.02,0
05,posit-software,3,div,68020,0,2226,3.03,0.00,3.03,0
05,flocq-reference,4,sqrt,6136,0,962,0.18,0.00,0.18,0
05,posit-software,4,mul,71196,0,2283,3.08,0.00,3.09,0
05,mpfr-reference,32,mul,2492,0,306,0.19,0.00,0.20,0
05,universal-posit,256,add,3768,0,368,0.19,0.00,0.19,0
05,mpfr-reference,512,div,2492,0,311,0.20,0.00,0.20,0
05,mpfr-reference,64,add,2552,0,308,0.20,0.00,0.20,0
05,binary-software,512,sqrt,71184,0,2285,3.02,0.01,3.04,0
05,universal-posit,16,add,3736,0,352,0.20,0.00,0.20,0
05,universal-posit,4096,sub,3908,0,485,0.21,0.00,0.21,0
05,mpfr-reference,256,div,2388,0,310,0.20,0.00,0.20,0
05,mpfr-reference,4096,sqrt,2532,0,321,0.20,0.00,0.20,0
05,posit-software,32,div,67816,0,2232,3.03,0.00,3.04,0
05,universal-posit,1024,fma,3728,0,386,0.22,0.00,0.22,0
05,mpfr-reference,7,sqrt,2528,0,314,0.20,0.00,0.20,0
05,binary-software,7,add,71148,0,2294,3.05,0.00,3.06,0
05,universal-posit,7,sqrt,3656,0,356,0.19,0.00,0.19,0
05,mpfr-reference,32,div,2516,0,307,0.19,0.00,0.19,0
05,mpfr-reference,7,div,2560,0,305,0.20,0.00,0.20,0
05,mpfr-reference,256,sqrt,2624,0,310,0.20,0.00,0.20,0
05,flocq-reference,1024,sub,6140,0,979,0.21,0.00,0.22,0
05,flocq-reference,4,fma,6016,0,955,0.19,0.00,0.19,0
05,binary-software,16,mul,69008,0,2216,3.04,0.00,3.04,0
05,universal-posit,16,div,3728,0,356,0.19,0.00,0.20,0
05,flocq-reference,512,mul,6252,0,980,0.21,0.00,0.21,0
05,flocq-reference,8,mul,6096,0,962,0.19,0.00,0.19,0
05,mpfr-reference,4,sqrt,2404,0,309,0.19,0.00,0.20,0
05,mpfr-reference,256,add,2528,0,315,0.20,0.00,0.20,0
05,flocq-reference,8,div,6056,0,960,0.18,0.01,0.19,0
05,flocq-reference,32,mul,6116,0,960,0.20,0.00,0.20,0
05,mpfr-reference,5,sub,2504,0,313,0.20,0.00,0.20,0
05,flocq-reference,32,div,6096,0,959,0.19,0.00,0.20,0
06,mpfr-reference,2048,sqrt,2616,0,316,0.20,0.00,0.20,0
06,mpfr-reference,32,add,2364,0,309,0.20,0.00,0.20,0
06,universal-posit,6,mul,3620,0,352,0.20,0.00,0.20,0
06,flocq-reference,4,div,6124,0,958,0.18,0.00,0.18,0
06,posit-software,32,sqrt,68204,0,2268,3.04,0.01,3.05,0
06,flocq-reference,128,sqrt,6116,0,972,0.22,0.00,0.22,0
06,universal-posit,1024,add,3892,0,389,0.19,0.00,0.20,0
06,posit-software,2048,div,69644,0,2298,3.01,0.02,3.04,0
06,flocq-reference,1024,add,6172,0,979,0.21,0.00,0.22,0
06,binary-software,16,fma,68012,0,2210,3.03,0.01,3.04,0
06,universal-posit,5,add,3620,0,353,0.20,0.00,0.20,0
06,posit-software,3,add,69864,0,2296,3.04,0.00,3.04,0
06,mpfr-reference,2048,add,2404,0,312,0.19,0.00,0.20,0
06,mpfr-reference,6,sub,2276,0,310,0.20,0.00,0.20,0
06,posit-software,8,fma,67588,0,2229,3.01,0.01,3.04,0
06,posit-software,256,fma,69124,0,2302,3.04,0.00,3.04,0
06,posit-software,6,sub,67752,0,2288,3.04,0.00,3.04,0
06,universal-posit,5,fma,3704,0,351,0.20,0.00,0.20,0
06,universal-posit,256,sub,3660,0,358,0.20,0.00,0.20,0
06,flocq-reference,5,add,6100,0,959,0.18,0.00,0.19,0
06,posit-software,512,add,71072,0,2274,3.03,0.00,3.03,0
06,flocq-reference,16,sqrt,6168,0,960,0.20,0.00,0.20,0
06,posit-software,32,mul,68012,0,2281,3.03,0.00,3.04,0
06,flocq-reference,4,sub,6100,0,958,0.18,0.00,0.18,0
06,universal-posit,4096,mul,4024,0,484,0.43,0.00,0.43,0
06,universal-posit,256,mul,3676,0,364,0.20,0.00,0.20,0
06,mpfr-reference,4096,fma,2492,0,317,0.20,0.00,0.20,0
06,binary-software,2048,sqrt,68156,0,2218,3.04,0.00,3.04,0
06,posit-software,16,fma,69196,0,2277,3.02,0.00,3.03,0
06,binary-software,1024,fma,70804,0,2246,3.03,0.00,3.05,0
06,binary-software,5,div,70832,0,2233,3.04,0.00,3.04,0
06,binary-software,64,div,71184,0,2234,3.04,0.00,3.04,0
06,binary-software,2048,div,68176,0,2230,3.04,0.00,3.04,0
06,flocq-reference,64,fma,6176,0,968,0.20,0.00,0.20,0
06,binary-software,8,fma,71348,0,2286,3.04,0.00,3.05,0
06,universal-posit,5,div,3600,0,355,0.20,0.00,0.20,0
06,universal-posit,32,add,3628,0,356,0.20,0.00,0.20,0
06,posit-software,2,mul,71088,0,2219,3.04,0.00,3.04,0
06,flocq-reference,256,sub,6164,0,976,0.20,0.00,0.20,0
06,universal-posit,8,mul,3620,0,353,0.20,0.00,0.20,0
06,universal-posit,8,sub,3724,0,354,0.19,0.00,0.19,0
06,binary-software,2048,sub,70032,0,2246,3.04,0.00,3.04,0
06,mpfr-reference,64,sub,2328,0,303,0.19,0.00,0.20,0
06,universal-posit,32,fma,3556,0,354,0.20,0.00,0.20,0
06,posit-software,5,sqrt,67404,0,2281,3.04,0.01,3.05,0
06,universal-posit,5,sqrt,3664,0,349,0.20,0.00,0.20,0
06,mpfr-reference,128,add,2544,0,309,0.19,0.00,0.20,0
06,universal-posit,512,mul,3644,0,368,0.20,0.00,0.20,0
06,binary-software,4,sub,71348,0,2274,3.04,0.00,3.04,0
06,universal-posit,2048,sub,3812,0,416,0.19,0.00,0.20,0
06,flocq-reference,8,sqrt,6040,0,957,0.19,0.00,0.19,0
06,mpfr-reference,8,sub,2388,0,313,0.20,0.00,0.20,0
06,flocq-reference,5,sqrt,6100,0,963,0.19,0.00,0.19,0
06,flocq-reference,16,add,6208,0,963,0.19,0.00,0.19,0
06,universal-posit,2048,add,3736,0,415,0.20,0.00,0.20,0
06,posit-software,16,div,69932,0,2218,3.04,0.00,3.04,0
06,mpfr-reference,5,fma,2500,0,310,0.20,0.00,0.20,0
06,posit-software,2,div,67756,0,2285,3.04,0.00,3.04,0
06,binary-native-c,32,mul,2860,0,319,0.20,0.00,0.20,0
06,mpfr-reference,6,add,2308,0,303,0.20,0.00,0.20,0
06,universal-posit,512,add,3772,0,375,0.20,0.00,0.20,0
06,binary-software,4,fma,69976,0,2219,3.00,0.00,3.01,0
06,posit-software,8,sqrt,69652,0,2266,3.03,0.00,3.04,0
06,binary-software,5,add,69108,0,2275,3.04,0.00,3.04,0
06,binary-software,2048,add,71332,0,2233,3.03,0.00,3.05,0
06,softfloat-reference,64,fma,2452,0,305,0.20,0.00,0.20,0
06,universal-posit,2048,fma,3808,0,420,0.25,0.00,0.25,0
06,binary-software,7,sub,71280,0,2242,3.05,0.00,3.06,0
06,flocq-reference,2048,div,6296,0,988,0.26,0.00,0.27,0
06,flocq-reference,256,add,6308,0,979,0.20,0.00,0.20,0
06,binary-software,8,sqrt,67756,0,2284,3.01,0.00,3.02,0
06,flocq-reference,7,sub,6144,0,957,0.19,0.00,0.19,0
06,binary-software,512,mul,68156,0,2272,3.04,0.00,3.04,0
06,posit-software,256,div,67712,0,2307,3.03,0.00,3.03,0
06,binary-software,512,fma,67804,0,2228,2.98,0.00,2.98,0
06,mpfr-reference,1024,mul,2508,0,313,0.20,0.00,0.20,0
06,universal-posit,7,sub,3620,0,352,0.18,0.00,0.19,0
06,flocq-reference,4096,div,6332,0,1000,0.45,0.00,0.45,0
06,binary-software,4096,fma,67644,0,2289,3.04,0.00,3.04,0
06,posit-software,64,sqrt,72196,0,2280,3.04,0.00,3.04,0
06,flocq-reference,8,sub,6160,0,960,0.19,0.00,0.19,0
06,flocq-reference,16,div,6108,0,959,0.19,0.00,0.19,0
06,posit-software,1024,add,67348,0,2230,3.03,0.00,3.04,0
06,binary-software,6,div,68144,0,2282,3.05,0.00,3.05,0
06,posit-software,4,div,67504,0,2225,3.04,0.00,3.04,0
06,posit-software,6,mul,71024,0,2221,3.05,0.01,3.06,0
06,universal-posit,8,sqrt,3672,0,349,0.20,0.00,0.20,0
06,posit-software,128,sub,67596,0,2281,3.02,0.01,3.04,0
06,posit-software,512,fma,67592,0,2317,3.03,0.00,3.03,0
06,universal-posit,64,add,3572,0,354,0.20,0.00,0.20,0
06,flocq-reference,2048,add,6308,0,984,0.28,0.00,0.28,0
06,binary-software,1024,add,68064,0,2279,3.04,0.00,3.04,0
06,binary-software,512,add,71012,0,2236,3.02,0.00,3.04,0
06,binary-software,128,fma,67964,0,2218,3.02,0.01,3.04,0
06,flocq-reference,16,mul,6044,0,957,0.19,0.00,0.19,0
06,posit-software,3,fma,68144,0,2218,3.03,0.00,3.04,0
06,binary-software,32,div,68088,0,2285,3.03,0.01,3.04,0
06,binary-software,4096,sqrt,68028,0,2272,3.06,0.00,3.06,0
06,softfloat-reference,64,div,2396,0,310,0.20,0.00,0.20,0
06,flocq-reference,512,sqrt,6172,0,970,0.33,0.00,0.33,0
06,universal-posit,16,sub,3692,0,357,0.20,0.00,0.20,0
06,flocq-reference,5,sub,6024,0,956,0.17,0.00,0.18,0
06,universal-posit,2048,div,3912,0,422,0.86,0.00,0.86,0
06,mpfr-reference,2048,div,2348,0,313,0.20,0.00,0.20,0
06,binary-software,1024,div,71224,0,2230,3.03,0.00,3.04,0
06,posit-software,16,mul,67724,0,2230,3.04,0.00,3.04,0
06,binary-native-c,64,div,2792,0,314,0.20,0.00,0.20,0
06,posit-software,8,add,69008,0,2220,3.14,0.00,3.14,0
06,mpfr-reference,1024,sub,2332,0,305,0.19,0.00,0.19,0
06,mpfr-reference,16,mul,2260,0,308,0.19,0.00,0.20,0
06,universal-posit,128,fma,3740,0,359,0.20,0.00,0.20,0
06,posit-software,1024,div,67644,0,2280,3.04,0.00,3.04,0
06,posit-software,1024,sub,68020,0,2214,3.02,0.00,3.03,0
06,binary-software,64,fma,69648,0,2296,3.04,0.00,3.04,0
06,flocq-reference,64,sub,6200,0,957,0.20,0.00,0.20,0
06,mpfr-reference,6,div,2504,0,309,0.20,0.00,0.20,0
06,universal-posit,7,div,3556,0,354,0.20,0.00,0.20,0
06,flocq-reference,8,add,6212,0,964,0.19,0.00,0.19,0
06,mpfr-reference,512,sqrt,2332,0,310,0.20,0.00,0.20,0
06,universal-posit,128,div,3736,0,361,0.20,0.00,0.20,0
06,universal-posit,16,fma,3564,0,355,0.20,0.00,0.20,0
06,binary-software,512,div,70968,0,2236,3.05,0.00,3.06,0
06,flocq-reference,5,div,6056,0,956,0.18,0.01,0.19,0
06,mpfr-reference,6,fma,2336,0,309,0.19,0.00,0.20,0
06,mpfr-reference,2048,sub,2476,0,315,0.19,0.00,0.19,0
06,binary-software,1024,sqrt,68080,0,2274,3.04,0.00,3.05,0
06,cpython-float64,64,sub,11156,0,1570,0.21,0.00,0.21,0
06,flocq-reference,512,div,6252,0,978,0.21,0.00,0.21,0
06,mpfr-reference,1024,div,2568,0,313,0.20,0.00,0.20,0
06,universal-posit,128,add,3644,0,356,0.19,0.00,0.20,0
06,binary-software,512,sub,72100,0,2277,3.05,0.00,3.05,0
06,binary-software,128,mul,67924,0,2278,3.03,0.00,3.04,0
06,flocq-reference,6,fma,6144,0,960,0.18,0.00,0.19,0
06,binary-software,64,mul,70672,0,2238,3.04,0.00,3.04,0
06,posit-software,512,sub,69760,0,2300,3.02,0.01,3.04,0
06,mpfr-reference,7,mul,2500,0,311,0.20,0.00,0.20,0
06,posit-software,128,mul,67436,0,2279,3.01,0.01,3.03,0
06,posit-software,4,fma,70896,0,2293,3.02,0.02,3.04,0
06,binary-software,16,sqrt,69132,0,2295,3.03,0.01,3.04,0
06,posit-software,256,mul,67584,0,2315,3.04,0.00,3.04,0
06,posit-software,3,mul,67272,0,2280,3.03,0.00,3.04,0
06,universal-posit,6,fma,3608,0,348,0.20,0.00,0.20,0
06,flocq-reference,6,sqrt,6032,0,962,0.19,0.00,0.19,0
06,posit-software,128,div,67328,0,2224,3.05,0.00,3.06,0
06,flocq-reference,1024,sqrt,6240,0,981,0.40,0.00,0.40,0
06,flocq-reference,7,sqrt,6140,0,960,0.19,0.00,0.19,0
06,universal-posit,128,mul,3652,0,358,0.19,0.00,0.20,0
06,posit-software,4,sqrt,68076,0,2213,3.03,0.00,3.04,0
06,flocq-reference,256,fma,6256,0,976,0.19,0.00,0.20,0
06,universal-posit,512,sub,3692,0,369,0.19,0.00,0.20,0
06,mpfr-reference,8,div,2308,0,309,0.20,0.00,0.20,0
06,posit-software,4,add,67884,0,2221,3.04,0.00,3.04,0
06,binary-software,32,sub,68892,0,2218,3.03,0.00,3.04,0
06,posit-software,128,fma,67588,0,2258,3.04,0.00,3.04,0
06,flocq-reference,6,add,6172,0,961,0.18,0.01,0.19,0
06,binary-software,32,sqrt,67156,0,2222,3.05,0.00,3.05,0
06,posit-software,6,div,67708,0,2225,3.04,0.00,3.05,0
06,flocq-reference,1024,fma,6300,0,983,0.22,0.00,0.22,0
06,flocq-reference,256,div,6260,0,974,0.20,0.00,0.20,0
06,posit-software,4096,mul,67504,0,2232,3.04,0.00,3.04,0
06,universal-posit,32,div,3724,0,353,0.19,0.00,0.20,0
06,binary-software,4,sqrt,68196,0,2288,3.02,0.00,3.03,0
06,cpython-float64,64,add,11172,0,1572,0.23,0.00,0.23,0
06,binary-software,16,sub,67692,0,2285,3.04,0.00,3.04,0
06,mpfr-reference,256,sub,2564,0,311,0.20,0.00,0.20,0
06,posit-software,1024,mul,68088,0,2283,3.02,0.00,3.03,0
06,universal-posit,1024,mul,3788,0,382,0.21,0.00,0.21,0
06,mpfr-reference,128,sub,2436,0,311,0.20,0.00,0.20,0
06,flocq-reference,256,mul,6192,0,976,0.20,0.00,0.20,0
06,universal-posit,512,div,3644,0,371,0.25,0.00,0.25,0
06,softfloat-reference,64,mul,2288,0,305,0.20,0.00,0.20,0
06,flocq-reference,4096,sub,6272,0,1001,0.44,0.00,0.44,0
06,posit-software,2048,sqrt,71172,0,2222,3.04,0.00,3.05,0
06,mpfr-reference,512,add,2364,0,304,0.20,0.00,0.20,0
06,posit-software,128,add,72036,0,2220,3.03,0.00,3.04,0
06,posit-software,256,add,68328,0,2247,3.03,0.00,3.04,0
06,binary-software,5,fma,72216,0,2279,3.09,0.01,3.10,0
06,posit-software,32,sub,70652,0,2242,3.02,0.02,3.04,0
06,binary-native-c,32,fma,2660,0,316,0.20,0.00,0.20,0
06,universal-posit,5,sub,3704,0,355,0.18,0.00,0.19,0
06,posit-software,4096,sqrt,69028,0,2223,3.04,0.00,3.05,0
06,posit-software,1024,fma,71112,0,2220,3.02,0.00,3.03,0
06,mpfr-reference,8,mul,2264,0,306,0.19,0.00,0.20,0
06,posit-software,2048,add,71012,0,2242,3.02,0.00,3.03,0
06,mpfr-reference,128,div,2524,0,309,0.20,0.00,0.20,0
06,universal-posit,6,add,3628,0,352,0.15,0.00,0.15,0
06,universal-posit,8,add,3560,0,357,0.20,0.00,0.20,0
06,universal-posit,64,mul,3696,0,355,0.20,0.00,0.20,0
06,flocq-reference,16,sub,6212,0,959,0.19,0.00,0.19,0
06,binary-native-c,32,div,2956,0,319,0.20,0.00,0.20,0
06,posit-software,4096,add,68932,0,2296,3.01,0.01,3.03,0
06,universal-posit,64,div,3572,0,359,0.20,0.00,0.20,0
06,mpfr-reference,6,sqrt,2404,0,311,0.20,0.00,0.20,0
06,mpfr-reference,512,sub,2620,0,312,0.19,0.00,0.20,0
06,posit-software,5,mul,67524,0,2286,3.02,0.00,3.03,0
06,binary-software,64,add,69632,0,2266,3.04,0.00,3.04,0
06,posit-software,3,sub,69196,0,2302,3.04,0.00,3.05,0
06,flocq-reference,16,fma,6168,0,963,0.20,0.00,0.20,0
06,binary-software,256,sub,69952,0,2244,3.03,0.01,3.04,0
06,posit-software,2048,fma,71168,0,2231,3.04,0.00,3.04,0
06,cpython-float64,64,sqrt,11256,0,1571,0.22,0.00,0.22,0
06,mpfr-reference,5,sqrt,2516,0,308,0.19,0.00,0.20,0
06,posit-software,512,div,70760,0,2325,3.04,0.00,3.04,0
06,binary-software,7,fma,71288,0,2327,6.39,0.00,6.39,0
06,universal-posit,16,mul,3688,0,355,0.20,0.00,0.20,0
06,mpfr-reference,16,div,2528,0,310,0.20,0.00,0.20,0
06,mpfr-reference,8,add,2452,0,314,0.19,0.01,0.20,0
06,binary-software,5,mul,68136,0,2282,3.04,0.00,3.04,0
06,posit-software,3,sqrt,67464,0,2227,3.03,0.00,3.04,0
06,mpfr-reference,4,sub,2456,0,312,0.19,0.00,0.20,0
06,flocq-reference,512,fma,6180,0,979,0.21,0.00,0.21,0
06,universal-posit,1024,sub,3852,0,386,0.20,0.00,0.20,0
06,binary-software,7,div,67992,0,2227,3.07,0.00,3.07,0
06,universal-posit,8,fma,3680,0,354,0.19,0.00,0.20,0
06,binary-native-c,32,sqrt,2904,0,316,0.20,0.00,0.20,0
06,posit-software,6,sqrt,69740,0,2275,3.04,0.00,3.04,0
06,mpfr-reference,32,sub,2456,0,310,0.20,0.00,0.20,0
06,universal-posit,6,div,3608,0,354,0.19,0.00,0.20,0
06,posit-software,4096,fma,67716,0,2223,3.04,0.01,3.05,0
06,binary-software,8,div,69908,0,2301,3.13,0.00,3.13,0
06,binary-software,256,mul,72036,0,2224,3.02,0.00,3.03,0
06,binary-native-c,64,fma,2728,0,319,0.20,0.00,0.20,0
06,binary-software,256,add,67820,0,2282,3.03,0.01,3.04,0
06,universal-posit,32,sub,3680,0,354,0.20,0.00,0.20,0
06,cpython-float64,64,mul,11208,0,1568,0.21,0.01,0.22,0
06,binary-native-c,64,sub,2780,0,318,0.20,0.00,0.20,0
06,binary-software,7,sqrt,69620,0,2275,3.03,0.00,3.05,0
06,flocq-reference,7,div,6168,0,962,0.19,0.00,0.19,0
06,mpfr-reference,1024,fma,2536,0,315,0.20,0.00,0.20,0
06,binary-software,128,add,69884,0,2245,3.04,0.00,3.04,0
06,binary-software,6,add,69212,0,2293,3.02,0.01,3.04,0
06,posit-software,256,sqrt,68248,0,2314,3.03,0.01,3.04,0
06,posit-software,16,add,71040,0,2290,3.04,0.00,3.04,0
06,flocq-reference,2048,mul,6248,0,994,0.27,0.00,0.27,0
06,binary-software,4,div,67712,0,2283,3.04,0.00,3.04,0
06,posit-software,2,sub,71204,0,2228,3.03,0.00,3.04,0
06,binary-software,6,sqrt,69068,0,2276,3.01,0.01,3.03,0
06,posit-software,32,fma,69112,0,2224,3.04,0.00,3.04,0
06,flocq-reference,7,mul,6168,0,958,0.18,0.00,0.19,0
06,binary-software,8,mul,67404,0,2281,3.11,0.01,3.14,0
06,flocq-reference,4096,fma,6488,0,1015,0.44,0.00,0.45,0
06,flocq-reference,7,add,6104,0,961,0.18,0.01,0.19,0
06,flocq-reference,2048,sqrt,6212,0,987,0.67,0.00,0.67,0
06,flocq-reference,64,div,6208,0,963,0.19,0.00,0.19,0
06,posit-software,4,sub,69756,0,2220,3.04,0.00,3.04,0
06,mpfr-reference,4,div,2524,0,310,0.20,0.00,0.20,0
06,binary-software,128,sqrt,71264,0,2232,3.03,0.01,3.04,0
06,posit-software,7,div,67584,0,2233,3.07,0.00,3.07,0
06,mpfr-reference,16,add,2456,0,313,0.20,0.00,0.20,0
06,posit-software,5,fma,68128,0,2283,3.02,0.00,3.04,0
06,flocq-reference,128,fma,6152,0,975,0.19,0.00,0.20,0
06,mpfr-reference,128,sqrt,2396,0,312,0.20,0.00,0.20,0
06,mpfr-reference,64,mul,2308,0,304,0.20,0.00,0.20,0
06,flocq-reference,128,div,6172,0,973,0.20,0.00,0.20,0
06,mpfr-reference,6,mul,2552,0,308,0.19,0.00,0.20,0
06,universal-posit,2048,mul,3844,0,418,0.25,0.00,0.25,0
06,softfloat-reference,32,mul,2276,0,308,0.20,0.00,0.20,0
06,flocq-reference,6,div,6172,0,960,0.18,0.00,0.19,0
06,posit-software,8,sub,67688,0,2284,3.13,0.00,3.14,0
06,binary-native-c,32,sub,2908,0,318,0.19,0.00,0.20,0
06,posit-software,2048,sub,71044,0,2274,3.02,0.00,3.03,0
06,mpfr-reference,256,mul,2456,0,311,0.20,0.00,0.20,0
06,mpfr-reference,8,sqrt,2396,0,307,0.20,0.00,0.20,0
06,flocq-reference,4096,sqrt,6276,0,1000,2.59,0.00,2.59,0
06,binary-software,1024,sub,67468,0,2281,3.03,0.01,3.05,0
06,flocq-reference,512,sub,6268,0,979,0.21,0.00,0.21,0
06,softfloat-reference,32,div,2404,0,311,0.19,0.00,0.20,0
06,universal-posit,6,sub,3608,0,349,0.19,0.00,0.19,0
06,universal-posit,32,sqrt,3688,0,351,0.20,0.00,0.20,0
06,mpfr-reference,5,div,2648,0,313,0.20,0.00,0.20,0
06,binary-software,6,sub,69308,0,2281,3.04,0.00,3.04,0
06,softfloat-reference,64,sub,2572,0,307,0.20,0.00,0.20,0
06,universal-posit,256,fma,3668,0,364,0.19,0.00,0.20,0
06,posit-software,2,sqrt,69008,0,2221,3.04,0.00,3.04,0
06,binary-native-c,64,add,2532,0,316,0.20,0.00,0.20,0
06,universal-posit,4096,div,4052,0,484,2.85,0.00,2.86,0
06,binary-software,1024,mul,72104,0,2225,3.05,0.00,3.05,0
06,mpfr-reference,1024,add,2240,0,308,0.19,0.00,0.20,0
06,posit-software,7,fma,67832,0,2284,3.04,0.00,3.04,0
06,posit-software,2,add,67428,0,2224,3.03,0.01,3.04,0
06,cpython-float64,64,div,11156,0,1572,0.22,0.00,0.22,0
06,flocq-reference,2048,fma,6388,0,996,0.27,0.00,0.27,0
06,mpfr-reference,128,fma,2528,0,314,0.19,0.00,0.19,0
06,binary-software,6,fma,68080,0,2278,3.46,0.00,3.48,0
06,posit-software,1024,sqrt,67748,0,2230,3.05,0.00,3.05,0
06,binary-software,4096,sub,70676,0,2294,3.03,0.02,3.05,0
06,mpfr-reference,4096,add,2296,0,314,0.20,0.00,0.20,0
06,posit-software,512,mul,69076,0,2300,3.02,0.01,3.05,0
06,flocq-reference,4,mul,5996,0,961,0.18,0.00,0.18,0
06,posit-software,7,sub,67504,0,2284,3.03,0.02,3.06,0
06,binary-software,4,mul,71176,0,2273,3.04,0.00,3.04,0
06,softfloat-reference,32,add,2576,0,312,0.20,0.00,0.20,0
06,mpfr-reference,5,add,2384,0,306,0.20,0.00,0.20,0
06,posit-software,5,div,69700,0,2213,3.02,0.00,3.03,0
06,posit-software,5,add,71044,0,2274,3.01,0.01,3.04,0
06,mpfr-reference,4,fma,2608,0,311,0.20,0.00,0.20,0
06,mpfr-reference,16,sqrt,2388,0,310,0.20,0.00,0.20,0
06,mpfr-reference,2048,mul,2580,0,314,0.19,0.00,0.20,0
06,mpfr-reference,4096,div,2464,0,318,0.20,0.00,0.20,0
06,mpfr-reference,7,sub,2456,0,311,0.20,0.00,0.20,0
06,binary-software,5,sub,72256,0,2280,3.02,0.01,3.04,0
06,posit-software,7,mul,71140,0,2276,3.03,0.01,3.05,0
06,flocq-reference,1024,div,6256,0,979,0.23,0.00,0.23,0
06,softfloat-reference,64,add,2572,0,311,0.20,0.00,0.20,0
06,mpfr-reference,128,mul,2496,0,306,0.20,0.00,0.20,0
06,softfloat-reference,32,fma,2532,0,307,0.20,0.00,0.20,0
06,posit-software,7,sqrt,67752,0,2284,3.04,0.00,3.04,0
06,binary-native-c,32,add,2904,0,318,0.20,0.00,0.20,0
06,universal-posit,5,mul,3620,0,354,0.20,0.00,0.20,0
06,mpfr-reference,8,fma,2336,0,308,0.20,0.00,0.20,0
06,universal-posit,256,div,3608,0,362,0.20,0.00,0.20,0
06,universal-posit,7,mul,3620,0,358,0.19,0.00,0.20,0
06,posit-software,64,div,69824,0,2301,3.03,0.00,3.04,0
06,binary-software,2048,mul,68200,0,2230,3.04,0.00,3.04,0
06,binary-software,4,add,67720,0,2224,3.03,0.00,3.03,0
06,flocq-reference,7,fma,6156,0,965,0.19,0.00,0.19,0
06,universal-posit,64,fma,3644,0,358,0.20,0.00,0.20,0
06,binary-software,256,fma,70104,0,2248,3.03,0.00,3.04,0
06,flocq-reference,128,sub,6168,0,968,0.20,0.00,0.20,0
06,flocq-reference,64,mul,6144,0,970,0.20,0.00,0.20,0
06,posit-software,32,add,69188,0,2291,3.01,0.01,3.04,0
06,flocq-reference,4096,mul,6416,0,1016,0.45,0.00,0.45,0
06,flocq-reference,5,fma,6172,0,961,0.19,0.00,0.19,0
06,posit-software,8,div,69560,0,2216,3.15,0.00,3.16,0
06,mpfr-reference,2048,fma,2540,0,312,0.20,0.00,0.20,0
06,binary-software,32,mul,69132,0,2295,3.03,0.00,3.04,0
06,binary-software,256,sqrt,69900,0,2248,3.03,0.00,3.04,0
06,posit-software,5,sub,68984,0,2278,3.05,0.00,3.05,0
06,flocq-reference,256,sqrt,6184,0,974,0.22,0.00,0.22,0
06,universal-posit,512,fma,3836,0,369,0.20,0.00,0.20,0
06,posit-software,16,sub,71236,0,2224,3.03,0.00,3.04,0
06,posit-software,128,sqrt,68180,0,2261,3.03,0.01,3.04,0
06,binary-software,6,mul,67580,0,2276,3.05,0.00,3.05,0
06,posit-software,8,mul,67388,0,2281,3.12,0.00,3.12,0
06,mpfr-reference,16,fma,2532,0,309,0.20,0.00,0.20,0
06,flocq-reference,512,add,6204,0,977,0.21,0.00,0.21,0
06,softfloat-reference,32,sqrt,2340,0,310,0.20,0.00,0.20,0
06,universal-posit,16,sqrt,3752,0,357,0.20,0.00,0.20,0
06,flocq-reference,32,add,6152,0,960,0.20,0.00,0.20,0
06,mpfr-reference,64,fma,2408,0,308,0.20,0.00,0.20,0
06,mpfr-reference,7,fma,2452,0,304,0.19,0.00,0.20,0
06,flocq-reference,4096,add,6308,0,1002,0.45,0.00,0.45,0
06,flocq-reference,64,sqrt,6224,0,963,0.19,0.00,0.20,0
06,posit-software,64,sub,70832,0,2236,3.03,0.00,3.03,0
06,binary-software,256,div,67648,0,2279,3.03,0.00,3.03,0
06,mpfr-reference,64,div,2604,0,309,0.20,0.00,0.20,0
06,posit-software,64,fma,72100,0,2278,3.04,0.00,3.04,0
06,flocq-reference,32,fma,6148,0,962,0.17,0.01,0.19,0
06,mpfr-reference,16,sub,2260,0,309,0.20,0.00,0.20,0
06,universal-posit,128,sub,3640,0,356,0.20,0.00,0.20,0
06,mpfr-reference,5,mul,2384,0,303,0.20,0.00,0.20,0
06,universal-posit,7,fma,3624,0,357,0.20,0.00,0.20,0
06,softfloat-reference,64,sqrt,2404,0,306,0.20,0.00,0.20,0
06,binary-software,16,add,67692,0,2230,3.00,0.02,3.04,0
06,mpfr-reference,4096,sub,2428,0,319,0.20,0.00,0.20,0
06,universal-posit,1024,div,3728,0,391,0.37,0.00,0.37,0
06,posit-software,64,add,72100,0,2277,3.02,0.01,3.04,0
06,posit-software,256,sub,71972,0,2280,3.00,0.03,3.04,0
06,posit-software,4096,div,71024,0,2295,3.04,0.00,3.05,0
06,mpfr-reference,4096,mul,2688,0,321,0.19,0.00,0.20,0
06,posit-software,64,mul,69956,0,2246,3.05,0.00,3.05,0
06,flocq-reference,1024,mul,6260,0,986,0.22,0.00,0.22,0
06,binary-native-c,64,mul,2740,0,322,0.19,0.00,0.20,0
06,softfloat-reference,32,sub,2460,0,305,0.20,0.00,0.20,0
06,flocq-reference,4,add,6108,0,959,0.19,0.00,0.19,0
06,posit-software,2,fma,69044,0,2224,3.02,0.01,3.04,0
06,posit-software,4096,sub,67424,0,2284,3.02,0.00,3.02,0
06,posit-software,3,div,67412,0,2225,3.02,0.00,3.03,0
06,flocq-reference,4,sqrt,6200,0,963,0.18,0.00,0.18,0
06,posit-software,4,mul,67372,0,2222,3.04,0.00,3.04,0
06,mpfr-reference,32,mul,2496,0,304,0.20,0.00,0.20,0
06,universal-posit,256,add,3672,0,364,0.19,0.00,0.19,0
06,mpfr-reference,512,div,2536,0,307,0.19,0.01,0.20,0
06,mpfr-reference,64,add,2360,0,308,0.20,0.00,0.20,0
06,binary-software,512,sqrt,71256,0,2230,3.03,0.02,3.05,0
06,universal-posit,16,add,3772,0,358,0.20,0.00,0.20,0
06,universal-posit,4096,sub,3964,0,483,0.21,0.00,0.21,0
06,mpfr-reference,256,div,2524,0,313,0.19,0.00,0.20,0
06,mpfr-reference,4096,sqrt,2636,0,321,0.20,0.00,0.20,0
06,posit-software,32,div,69256,0,2239,3.03,0.01,3.04,0
06,universal-posit,1024,fma,3896,0,388,0.22,0.00,0.22,0
06,mpfr-reference,7,sqrt,2616,0,307,0.20,0.00,0.20,0
06,binary-software,7,add,67608,0,2223,3.08,0.00,3.08,0
06,universal-posit,7,sqrt,3684,0,354,0.18,0.00,0.19,0
06,mpfr-reference,32,div,2500,0,310,0.19,0.00,0.19,0
06,mpfr-reference,7,div,2616,0,310,0.20,0.00,0.20,0
06,mpfr-reference,256,sqrt,2496,0,310,0.20,0.00,0.20,0
06,flocq-reference,1024,sub,6220,0,976,0.22,0.00,0.22,0
06,flocq-reference,4,fma,6044,0,956,0.18,0.00,0.19,0
06,binary-software,16,mul,67908,0,2277,3.04,0.00,3.04,0
06,universal-posit,16,div,3736,0,358,0.20,0.00,0.20,0
06,flocq-reference,512,mul,6200,0,980,0.21,0.00,0.21,0
06,flocq-reference,8,mul,6180,0,961,0.19,0.00,0.19,0
06,mpfr-reference,4,sqrt,2588,0,313,0.20,0.00,0.20,0
06,mpfr-reference,256,add,2460,0,309,0.19,0.00,0.20,0
06,flocq-reference,8,div,6112,0,960,0.19,0.00,0.19,0
06,flocq-reference,32,mul,6028,0,963,0.18,0.00,0.19,0
06,mpfr-reference,5,sub,2412,0,310,0.19,0.00,0.20,0
06,flocq-reference,32,div,6084,0,963,0.20,0.00,0.20,0
06,mpfr-reference,4,mul,2284,0,310,0.19,0.01,0.20,0
06,flocq-reference,2048,sub,6296,0,988,0.28,0.00,0.28,0
06,mpfr-reference,256,fma,2496,0,313,0.20,0.00,0.20,0
06,posit-software,6,add,67948,0,2227,3.05,0.00,3.05,0
06,flocq-reference,128,mul,6172,0,969,0.19,0.00,0.20,0
06,mpfr-reference,32,fma,2328,0,304,0.20,0.00,0.20,0
06,posit-software,6,fma,70592,0,2298,3.01,0.01,3.03,0
06,flocq-reference,6,mul,6108,0,963,0.18,0.00,0.18,0
06,posit-software,512,sqrt,68188,0,2288,3.03,0.00,3.04,0
06,binary-software,64,sub,69056,0,2240,3.02,0.00,3.04,0
06,flocq-reference,32,sub,6144,0,955,0.19,0.01,0.20,0
06,universal-posit,8,div,3728,0,349,0.20,0.00,0.20,0
06,binary-software,4096,div,69716,0,2222,3.02,0.01,3.04,0
06,mpfr-reference,4,add,2280,0,307,0.20,0.00,0.20,0
06,binary-software,8,add,69828,0,2296,3.14,0.00,3.14,0
06,flocq-reference,5,mul,6172,0,963,0.18,0.00,0.18,0
06,universal-posit,6,sqrt,3776,0,357,0.18,0.00,0.19,0
06,flocq-reference,32,sqrt,6172,0,962,0.20,0.00,0.20,0
06,binary-software,32,add,67692,0,2283,3.04,0.00,3.04,0
06,flocq-reference,128,add,6160,0,970,0.19,0.01,0.20,0
06,universal-posit,32,mul,3628,0,357,0.19,0.00,0.19,0
06,mpfr-reference,64,sqrt,2560,0,310,0.20,0.00,0.20,0
06,binary-software,4096,mul,67444,0,2278,3.04,0.00,3.04,0
06,binary-software,5,sqrt,69084,0,2297,3.05,0.00,3.05,0
06,mpfr-reference,1024,sqrt,2640,0,315,0.20,0.00,0.20,0
06,universal-posit,4096,add,4164,0,490,0.20,0.00,0.21,0
06,binary-software,8,sub,71356,0,2228,3.08,0.00,3.08,0
06,universal-posit,7,add,3684,0,355,0.19,0.00,0.19,0
06,universal-posit,4096,fma,3984,0,484,0.43,0.00,0.44,0
06,binary-software,64,sqrt,69560,0,2214,3.02,0.00,3.03,0
06,binary-software,4096,add,68264,0,2289,3.15,0.00,3.15,0
06,flocq-reference,64,add,6192,0,957,0.20,0.00,0.20,0
06,universal-posit,64,sub,3624,0,353,0.19,0.00,0.20,0
06,mpfr-reference,7,add,2548,0,309,0.20,0.00,0.20,0
06,posit-software,7,add,71160,0,2275,3.06,0.00,3.06,0
06,binary-software,7,mul,68988,0,2220,3.07,0.00,3.07,0
06,binary-software,32,fma,69164,0,2238,3.04,0.00,3.04,0
06,posit-software,2048,mul,70772,0,2240,3.04,0.00,3.04,0
06,flocq-reference,6,sub,6016,0,961,0.17,0.00,0.18,0
06,binary-software,16,div,70644,0,2239,3.04,0.00,3.05,0
06,mpfr-reference,32,sqrt,2392,0,309,0.20,0.00,0.20,0
06,binary-software,128,sub,67400,0,2227,3.04,0.00,3.04,0
06,mpfr-reference,512,fma,2400,0,312,0.19,0.00,0.20,0
06,binary-native-c,64,sqrt,2948,0,317,0.20,0.00,0.20,0
06,binary-software,2048,fma,72224,0,2280,3.03,0.00,3.03,0
06,mpfr-reference,512,mul,2504,0,309,0.20,0.00,0.20,0
06,binary-software,128,div,68928,0,2278,3.03,0.00,3.04,0
06,flocq-reference,8,fma,6104,0,963,0.19,0.00,0.19,0
06,posit-software,16,sqrt,69368,0,2295,3.04,0.00,3.04,0
07,flocq-reference,8,sqrt,6208,0,962,0.18,0.00,0.19,0
07,mpfr-reference,8,sub,2452,0,307,0.19,0.00,0.20,0
07,flocq-reference,5,sqrt,6168,0,965,0.19,0.00,0.19,0
07,flocq-reference,16,add,6112,0,962,0.19,0.00,0.19,0
07,universal-posit,2048,add,3804,0,418,0.20,0.00,0.20,0
07,posit-software,16,div,67492,0,2281,3.04,0.00,3.04,0
07,mpfr-reference,5,fma,2380,0,311,0.20,0.00,0.20,0
07,posit-software,2,div,72036,0,2224,3.04,0.00,3.04,0
07,binary-native-c,32,mul,2592,0,316,0.20,0.00,0.20,0
07,mpfr-reference,6,add,2460,0,312,0.19,0.00,0.20,0
07,universal-posit,512,add,3708,0,372,0.20,0.00,0.20,0
07,binary-software,4,fma,72228,0,2278,3.00,0.01,3.01,0
07,posit-software,8,sqrt,72036,0,2278,3.04,0.00,3.04,0
07,binary-software,5,add,71092,0,2238,3.02,0.02,3.05,0
07,binary-software,2048,add,67704,0,2283,3.03,0.01,3.04,0
07,softfloat-reference,64,fma,2612,0,312,0.20,0.00,0.20,0
07,universal-posit,2048,fma,3844,0,420,0.25,0.00,0.25,0
07,binary-software,7,sub,69308,0,2279,3.05,0.00,3.05,0
07,flocq-reference,2048,div,6224,0,986,0.27,0.00,0.27,0
07,flocq-reference,256,add,6184,0,973,0.20,0.00,0.20,0
07,binary-software,8,sqrt,67900,0,2281,3.03,0.00,3.05,0
07,flocq-reference,7,sub,6052,0,961,0.19,0.00,0.19,0
07,binary-software,512,mul,71272,0,2225,3.04,0.00,3.04,0
07,posit-software,256,div,71272,0,2310,3.02,0.00,3.04,0
07,binary-software,512,fma,67588,0,2277,2.99,0.00,3.00,0
07,mpfr-reference,1024,mul,2504,0,311,0.20,0.00,0.20,0
07,universal-posit,7,sub,3724,0,358,0.19,0.00,0.19,0
07,flocq-reference,4096,div,6276,0,1002,0.45,0.00,0.45,0
07,binary-software,4096,fma,70036,0,2246,3.03,0.01,3.04,0
07,posit-software,64,sqrt,68048,0,2282,3.02,0.01,3.04,0
07,flocq-reference,8,sub,6208,0,962,0.19,0.00,0.19,0
07,flocq-reference,16,div,6064,0,958,0.19,0.00,0.20,0
07,posit-software,1024,add,69764,0,2301,3.03,0.00,3.04,0
07,binary-software,6,div,70468,0,2240,3.05,0.00,3.05,0
07,posit-software,4,div,70720,0,2243,3.06,0.00,3.06,0
07,posit-software,6,mul,69700,0,2217,3.04,0.00,3.05,0
07,universal-posit,8,sqrt,3784,0,357,0.19,0.00,0.20,0
07,posit-software,128,sub,69128,0,2296,3.04,0.00,3.04,0
07,posit-software,512,fma,69904,0,2271,3.02,0.00,3.02,0
07,universal-posit,64,add,3636,0,355,0.20,0.00,0.20,0
07,flocq-reference,2048,add,6316,0,991,0.27,0.00,0.27,0
07,binary-software,1024,add,67760,0,2226,3.03,0.00,3.03,0
07,binary-software,512,add,72136,0,2276,3.03,0.01,3.04,0
07,binary-software,128,fma,68004,0,2277,3.04,0.00,3.04,0
07,flocq-reference,16,mul,6156,0,961,0.19,0.00,0.19,0
07,posit-software,3,fma,67832,0,2226,3.02,0.01,3.04,0
07,binary-software,32,div,69104,0,2241,3.03,0.00,3.04,0
07,binary-software,4096,sqrt,69080,0,2285,3.05,0.00,3.07,0
07,softfloat-reference,64,div,2568,0,309,0.20,0.00,0.20,0
07,flocq-reference,512,sqrt,6164,0,976,0.33,0.00,0.33,0
07,universal-posit,16,sub,3736,0,354,0.20,0.00,0.20,0
07,flocq-reference,5,sub,6148,0,962,0.18,0.00,0.18,0
07,universal-posit,2048,div,3932,0,419,0.85,0.00,0.85,0
07,mpfr-reference,2048,div,2320,0,310,0.19,0.00,0.20,0
07,binary-software,1024,div,67452,0,2283,3.01,0.01,3.03,0
07,posit-software,16,mul,69956,0,2304,3.02,0.01,3.04,0
07,binary-native-c,64,div,2780,0,315,0.20,0.00,0.20,0
07,posit-software,8,add,69192,0,2295,3.14,0.00,3.14,0
07,mpfr-reference,1024,sub,2316,0,310,0.19,0.00,0.19,0
07,mpfr-reference,16,mul,2464,0,311,0.20,0.00,0.20,0
07,universal-posit,128,fma,3572,0,361,0.19,0.00,0.20,0
07,posit-software,1024,div,67596,0,2229,3.08,0.00,3.08,0
07,posit-software,1024,sub,67668,0,2280,3.02,0.00,3.03,0
07,binary-software,64,fma,69844,0,2242,3.04,0.00,3.05,0
07,flocq-reference,64,sub,6232,0,961,0.19,0.00,0.20,0
07,mpfr-reference,6,div,2448,0,310,0.20,0.00,0.20,0
07,universal-posit,7,div,3624,0,351,0.20,0.00,0.20,0
07,flocq-reference,8,add,6216,0,960,0.19,0.00,0.19,0
07,mpfr-reference,512,sqrt,2436,0,310,0.20,0.00,0.20,0
07,universal-posit,128,div,3736,0,358,0.20,0.00,0.20,0
07,universal-posit,16,fma,3628,0,355,0.20,0.00,0.20,0
07,binary-software,512,div,67648,0,2276,3.02,0.00,3.03,0
07,flocq-reference,5,div,6168,0,959,0.19,0.00,0.19,0
07,mpfr-reference,6,fma,2388,0,305,0.19,0.00,0.20,0
07,mpfr-reference,2048,sub,2392,0,308,0.19,0.00,0.19,0
07,binary-software,1024,sqrt,70408,0,2300,3.05,0.00,3.05,0
07,cpython-float64,64,sub,11292,0,1573,0.21,0.00,0.21,0
07,flocq-reference,512,div,6144,0,978,0.20,0.00,0.21,0
07,mpfr-reference,1024,div,2544,0,312,0.20,0.00,0.20,0
07,universal-posit,128,add,3744,0,360,0.20,0.00,0.20,0
07,binary-software,512,sub,71332,0,2229,3.02,0.01,3.04,0
07,binary-software,128,mul,68024,0,2218,3.03,0.01,3.04,0
07,flocq-reference,6,fma,6104,0,963,0.18,0.00,0.19,0
07,binary-software,64,mul,69120,0,2276,3.03,0.00,3.03,0
07,posit-software,512,sub,69768,0,2295,3.03,0.00,3.04,0
07,mpfr-reference,7,mul,2268,0,307,0.20,0.00,0.20,0
07,posit-software,128,mul,69844,0,2242,3.02,0.00,3.03,0
07,posit-software,4,fma,70100,0,2245,3.04,0.00,3.04,0
07,binary-software,16,sqrt,70992,0,2278,3.03,0.00,3.04,0
07,posit-software,256,mul,71228,0,2249,3.02,0.01,3.04,0
07,posit-software,3,mul,69768,0,2294,3.03,0.01,3.04,0
07,universal-posit,6,fma,3680,0,354,0.20,0.00,0.20,0
07,flocq-reference,6,sqrt,6228,0,965,0.19,0.00,0.19,0
07,posit-software,128,div,68112,0,2219,3.03,0.00,3.04,0
07,flocq-reference,1024,sqrt,6248,0,977,0.40,0.00,0.40,0
07,flocq-reference,7,sqrt,6152,0,958,0.19,0.00,0.19,0
07,universal-posit,128,mul,3740,0,364,0.20,0.00,0.20,0
07,posit-software,4,sqrt,71044,0,2220,3.04,0.00,3.04,0
07,flocq-reference,256,fma,6284,0,974,0.19,0.00,0.20,0
07,universal-posit,512,sub,3644,0,366,0.20,0.00,0.20,0
07,mpfr-reference,8,div,2400,0,307,0.19,0.01,0.20,0
07,posit-software,4,add,67464,0,2282,3.03,0.01,3.04,0
07,binary-software,32,sub,70548,0,2295,3.02,0.01,3.04,0
07,posit-software,128,fma,67808,0,2259,3.03,0.01,3.04,0
07,flocq-reference,6,add,6032,0,960,0.19,0.00,0.19,0
07,binary-software,32,sqrt,71184,0,2232,3.02,0.01,3.03,0
07,posit-software,6,div,68944,0,2270,3.04,0.00,3.05,0
07,flocq-reference,1024,fma,6268,0,979,0.22,0.00,0.22,0
07,flocq-reference,256,div,6244,0,976,0.20,0.00,0.20,0
07,posit-software,4096,mul,69164,0,2301,3.04,0.00,3.04,0
07,universal-posit,32,div,3648,0,357,0.20,0.00,0.20,0
07,binary-software,4,sqrt,67624,0,2231,3.04,0.00,3.04,0
07,cpython-float64,64,add,11196,0,1576,0.22,0.00,0.22,0
07,binary-software,16,sub,69636,0,2271,3.04,0.00,3.04,0
07,mpfr-reference,256,sub,2264,0,308,0.19,0.00,0.20,0
07,posit-software,1024,mul,67508,0,2230,3.03,0.00,3.03,0
07,universal-posit,1024,mul,3792,0,385,0.22,0.00,0.22,0
07,mpfr-reference,128,sub,2548,0,305,0.20,0.00,0.20,0
07,flocq-reference,256,mul,6192,0,977,0.20,0.00,0.20,0
07,universal-posit,512,div,3812,0,369,0.24,0.00,0.25,0
07,softfloat-reference,64,mul,2280,0,307,0.20,0.00,0.20,0
07,flocq-reference,4096,sub,6340,0,1006,0.44,0.00,0.45,0
07,posit-software,2048,sqrt,72036,0,2223,3.04,0.00,3.04,0
07,mpfr-reference,512,add,2368,0,308,0.19,0.01,0.20,0
07,posit-software,128,add,71156,0,2226,3.02,0.00,3.04,0
07,posit-software,256,add,71372,0,2313,3.02,0.00,3.03,0
07,binary-software,5,fma,68328,0,2217,3.10,0.00,3.11,0
07,posit-software,32,sub,68056,0,2231,3.04,0.00,3.04,0
07,binary-native-c,32,fma,3008,0,318,0.20,0.00,0.20,0
07,universal-posit,5,sub,3552,0,356,0.19,0.00,0.19,0
07,posit-software,4096,sqrt,71084,0,2280,3.04,0.00,3.05,0
07,posit-software,1024,fma,69760,0,2276,3.03,0.00,3.04,0
07,mpfr-reference,8,mul,2456,0,312,0.20,0.00,0.20,0
07,posit-software,2048,add,68128,0,2282,3.03,0.00,3.03,0
07,mpfr-reference,128,div,2496,0,312,0.20,0.00,0.20,0
07,universal-posit,6,add,3720,0,357,0.15,0.00,0.15,0
07,universal-posit,8,add,3604,0,349,0.20,0.00,0.20,0
07,universal-posit,64,mul,3632,0,357,0.19,0.00,0.20,0
07,flocq-reference,16,sub,6164,0,960,0.18,0.00,0.19,0
07,binary-native-c,32,div,2752,0,313,0.20,0.00,0.20,0
07,posit-software,4096,add,67920,0,2225,3.02,0.00,3.03,0
07,universal-posit,64,div,3644,0,353,0.20,0.00,0.20,0
07,mpfr-reference,6,sqrt,2520,0,309,0.20,0.00,0.20,0
07,mpfr-reference,512,sub,2388,0,304,0.20,0.00,0.20,0
07,posit-software,5,mul,71156,0,2281,3.03,0.00,3.03,0
07,binary-software,64,add,69044,0,2221,3.05,0.00,3.05,0
07,posit-software,3,sub,67968,0,2278,3.04,0.00,3.05,0
07,flocq-reference,16,fma,6072,0,960,0.19,0.00,0.19,0
07,binary-software,256,sub,70532,0,2243,3.01,0.01,3.04,0
07,posit-software,2048,fma,69508,0,2270,3.04,0.00,3.04,0
07,cpython-float64,64,sqrt,11208,0,1570,0.20,0.01,0.22,0
07,mpfr-reference,5,sqrt,2676,0,311,0.20,0.00,0.20,0
07,posit-software,512,div,67444,0,2312,3.02,0.01,3.04,0
07,binary-software,7,fma,70224,0,2251,6.35,0.01,6.37,0
07,universal-posit,16,mul,3624,0,356,0.20,0.00,0.20,0
07,mpfr-reference,16,div,2492,0,311,0.20,0.00,0.20,0
07,mpfr-reference,8,add,2324,0,303,0.20,0.00,0.20,0
07,binary-software,5,mul,71268,0,2229,3.04,0.00,3.05,0
07,posit-software,3,sqrt,67708,0,2227,3.02,0.01,3.04,0
07,mpfr-reference,4,sub,2564,0,309,0.20,0.00,0.20,0
07,flocq-reference,512,fma,6264,0,980,0.20,0.00,0.21,0
07,universal-posit,1024,sub,3848,0,384,0.19,0.00,0.20,0
07,binary-software,7,div,69824,0,2299,3.05,0.00,3.06,0
07,universal-posit,8,fma,3680,0,354,0.19,0.00,0.20,0
07,binary-native-c,32,sqrt,2904,0,319,0.20,0.00,0.20,0
07,posit-software,6,sqrt,70912,0,2273,3.03,0.00,3.04,0
07,mpfr-reference,32,sub,2364,0,305,0.20,0.00,0.20,0
07,universal-posit,6,div,3716,0,351,0.20,0.00,0.20,0
07,posit-software,4096,fma,67804,0,2290,3.04,0.00,3.04,0
07,binary-software,8,div,67740,0,2284,3.12,0.02,3.14,0
07,binary-software,256,mul,71168,0,2220,3.03,0.00,3.04,0
07,binary-native-c,64,fma,2904,0,322,0.19,0.00,0.20,0
07,binary-software,256,add,67388,0,2232,3.05,0.00,3.05,0
07,universal-posit,32,sub,3628,0,356,0.20,0.00,0.20,0
07,cpython-float64,64,mul,11268,0,1576,0.20,0.02,0.22,0
07,binary-native-c,64,sub,2740,0,318,0.20,0.00,0.20,0
07,binary-software,7,sqrt,69180,0,2242,3.02,0.01,3.04,0
07,flocq-reference,7,div,6228,0,961,0.19,0.00,0.19,0
07,mpfr-reference,1024,fma,2560,0,315,0.20,0.00,0.20,0
07,binary-software,128,add,67408,0,2281,3.03,0.00,3.04,0
07,binary-software,6,add,71032,0,2221,3.03,0.00,3.04,0
07,posit-software,256,sqrt,67544,0,2256,3.03,0.00,3.04,0
07,posit-software,16,add,69184,0,2225,3.04,0.00,3.05,0
07,flocq-reference,2048,mul,6312,0,998,0.26,0.00,0.27,0
07,binary-software,4,div,68144,0,2281,3.02,0.00,3.03,0
07,posit-software,2,sub,67400,0,2278,3.03,0.01,3.05,0
07,binary-software,6,sqrt,67768,0,2281,3.03,0.00,3.03,0
07,posit-software,32,fma,72228,0,2229,3.04,0.00,3.04,0
07,flocq-reference,7,mul,6084,0,960,0.19,0.00,0.19,0
07,binary-software,8,mul,69228,0,2241,3.10,0.02,3.13,0
07,flocq-reference,4096,fma,6244,0,1015,0.45,0.00,0.45,0
07,flocq-reference,7,add,6152,0,960,0.18,0.00,0.19,0
07,flocq-reference,2048,sqrt,6232,0,986,0.67,0.00,0.67,0
07,flocq-reference,64,div,6100,0,960,0.19,0.00,0.19,0
07,posit-software,4,sub,71120,0,2229,3.03,0.00,3.04,0
07,mpfr-reference,4,div,2464,0,309,0.20,0.00,0.20,0
07,binary-software,128,sqrt,69084,0,2235,3.02,0.01,3.04,0
07,posit-software,7,div,68180,0,2273,3.06,0.01,3.07,0
07,mpfr-reference,16,add,2268,0,306,0.20,0.00,0.20,0
07,posit-software,5,fma,67892,0,2277,3.04,0.00,3.04,0
07,flocq-reference,128,fma,6296,0,976,0.20,0.00,0.20,0
07,mpfr-reference,128,sqrt,2324,0,306,0.19,0.00,0.20,0
07,mpfr-reference,64,mul,2264,0,305,0.20,0.00,0.20,0
07,flocq-reference,128,div,6284,0,973,0.20,0.00,0.20,0
07,mpfr-reference,6,mul,2336,0,307,0.19,0.00,0.20,0
07,universal-posit,2048,mul,3928,0,420,0.25,0.00,0.25,0
07,softfloat-reference,32,mul,2536,0,309,0.20,0.00,0.20,0
07,flocq-reference,6,div,6160,0,961,0.19,0.00,0.19,0
07,posit-software,8,sub,67756,0,2285,3.13,0.01,3.14,0
07,binary-native-c,32,sub,2964,0,320,0.20,0.00,0.20,0
07,posit-software,2048,sub,67440,0,2280,3.03,0.00,3.03,0
07,mpfr-reference,256,mul,2552,0,306,0.19,0.00,0.19,0
07,mpfr-reference,8,sqrt,2556,0,309,0.20,0.00,0.20,0
07,flocq-reference,4096,sqrt,6396,0,1000,2.58,0.00,2.59,0
07,binary-software,1024,sub,72060,0,2223,3.01,0.02,3.05,0
07,flocq-reference,512,sub,6236,0,974,0.21,0.00,0.21,0
07,softfloat-reference,32,div,2548,0,314,0.20,0.00,0.20,0
07,universal-posit,6,sub,3624,0,354,0.19,0.00,0.19,0
07,universal-posit,32,sqrt,3744,0,358,0.20,0.00,0.20,0
07,mpfr-reference,5,div,2448,0,309,0.20,0.00,0.20,0
07,binary-software,6,sub,69308,0,2222,3.04,0.00,3.04,0
07,softfloat-reference,64,sub,2464,0,313,0.20,0.00,0.20,0
07,universal-posit,256,fma,3608,0,363,0.18,0.01,0.20,0
07,posit-software,2,sqrt,70968,0,2235,3.03,0.01,3.04,0
07,binary-native-c,64,add,2864,0,320,0.19,0.00,0.20,0
07,universal-posit,4096,div,4060,0,485,2.87,0.00,2.87,0
07,binary-software,1024,mul,71176,0,2276,3.04,0.00,3.06,0
07,mpfr-reference,1024,add,2268,0,310,0.20,0.00,0.20,0
07,posit-software,7,fma,67840,0,2284,3.00,0.02,3.04,0
07,posit-software,2,add,67392,0,2282,3.02,0.01,3.04,0
07,cpython-float64,64,div,11204,0,1574,0.22,0.00,0.22,0
07,flocq-reference,2048,fma,6264,0,991,0.27,0.00,0.27,0
07,mpfr-reference,128,fma,2524,0,316,0.19,0.00,0.19,0
07,binary-software,6,fma,70016,0,2300,3.46,0.00,3.47,0
07,posit-software,1024,sqrt,67688,0,2281,3.03,0.01,3.05,0
07,binary-software,4096,sub,68036,0,2225,3.03,0.00,3.04,0
07,mpfr-reference,4096,add,2400,0,316,0.20,0.00,0.20,0
07,posit-software,512,mul,71088,0,2321,3.05,0.00,3.05,0
07,flocq-reference,4,mul,6112,0,961,0.17,0.00,0.18,0
07,posit-software,7,sub,71088,0,2219,3.05,0.00,3.06,0
07,binary-software,4,mul,67688,0,2232,3.04,0.00,3.04,0
07,softfloat-reference,32,add,2576,0,306,0.20,0.00,0.20,0
07,mpfr-reference,5,add,2456,0,310,0.19,0.00,0.20,0
07,posit-software,5,div,69148,0,2293,3.04,0.00,3.04,0
07,posit-software,5,add,69916,0,2297,3.04,0.00,3.04,0
07,mpfr-reference,4,fma,2340,0,307,0.20,0.00,0.20,0
07,mpfr-reference,16,sqrt,2496,0,311,0.20,0.00,0.20,0
07,mpfr-reference,2048,mul,2572,0,316,0.19,0.00,0.20,0
07,mpfr-reference,4096,div,2648,0,316,0.19,0.00,0.20,0
07,mpfr-reference,7,sub,2276,0,310,0.20,0.00,0.20,0
07,binary-software,5,sub,68264,0,2226,3.03,0.01,3.05,0
07,posit-software,7,mul,70912,0,2237,3.05,0.00,3.06,0
07,flocq-reference,1024,div,6180,0,977,0.23,0.00,0.23,0
07,softfloat-reference,64,add,2576,0,312,0.20,0.00,0.20,0
07,mpfr-reference,128,mul,2384,0,309,0.19,0.00,0.20,0
07,softfloat-reference,32,fma,2448,0,309,0.20,0.00,0.20,0
07,posit-software,7,sqrt,69912,0,2245,3.02,0.01,3.04,0
07,binary-native-c,32,add,2904,0,318,0.20,0.00,0.20,0
07,universal-posit,5,mul,3612,0,355,0.20,0.00,0.20,0
07,mpfr-reference,8,fma,2608,0,309,0.20,0.00,0.20,0
07,universal-posit,256,div,3696,0,361,0.20,0.00,0.20,0
07,universal-posit,7,mul,3624,0,354,0.19,0.00,0.20,0
07,posit-software,64,div,71056,0,2241,3.03,0.01,3.04,0
07,binary-software,2048,mul,67448,0,2285,3.04,0.00,3.04,0
07,binary-software,4,add,71036,0,2289,3.02,0.01,3.04,0
07,flocq-reference,7,fma,6180,0,965,0.19,0.00,0.19,0
07,universal-posit,64,fma,3740,0,357,0.20,0.00,0.20,0
07,binary-software,256,fma,69876,0,2217,3.02,0.01,3.04,0
07,flocq-reference,128,sub,6228,0,972,0.19,0.00,0.20,0
07,flocq-reference,64,mul,6116,0,965,0.19,0.00,0.20,0
07,posit-software,32,add,68320,0,2274,3.03,0.00,3.04,0
07,flocq-reference,4096,mul,6420,0,1021,0.45,0.00,0.45,0
07,flocq-reference,5,fma,6172,0,965,0.19,0.00,0.19,0
07,posit-software,8,div,69192,0,2297,3.12,0.02,3.16,0
07,mpfr-reference,2048,fma,2636,0,315,0.20,0.00,0.20,0
07,binary-software,32,mul,70404,0,2293,3.04,0.00,3.04,0
07,binary-software,256,sqrt,70972,0,2294,3.03,0.00,3.05,0
07,posit-software,5,sub,69240,0,2296,3.04,0.00,3.04,0
07,flocq-reference,256,sqrt,6144,0,975,0.21,0.00,0.22,0
07,universal-posit,512,fma,3808,0,370,0.20,0.00,0.20,0
07,posit-software,16,sub,67668,0,2227,3.04,0.00,3.04,0
07,posit-software,128,sqrt,67800,0,2258,3.04,0.00,3.04,0
07,binary-software,6,mul,70708,0,2299,3.04,0.00,3.05,0
07,posit-software,8,mul,68272,0,2269,3.10,0.01,3.13,0
07,mpfr-reference,16,fma,2496,0,311,0.20,0.00,0.20,0
07,flocq-reference,512,add,6244,0,976,0.21,0.00,0.21,0
07,softfloat-reference,32,sqrt,2572,0,309,0.20,0.00,0.20,0
07,universal-posit,16,sqrt,3688,0,356,0.20,0.00,0.20,0
07,flocq-reference,32,add,6084,0,962,0.20,0.00,0.20,0
07,mpfr-reference,64,fma,2536,0,308,0.19,0.00,0.20,0
07,mpfr-reference,7,fma,2588,0,313,0.20,0.00,0.20,0
07,flocq-reference,4096,add,6340,0,1002,0.45,0.00,0.45,0
07,flocq-reference,64,sqrt,6180,0,962,0.20,0.00,0.20,0
07,posit-software,64,sub,67568,0,2280,3.03,0.01,3.04,0
07,binary-software,256,div,69816,0,2218,3.04,0.00,3.04,0
07,mpfr-reference,64,div,2332,0,312,0.20,0.00,0.20,0
07,posit-software,64,fma,68032,0,2278,3.02,0.01,3.04,0
07,flocq-reference,32,fma,6208,0,963,0.19,0.00,0.19,0
07,mpfr-reference,16,sub,2452,0,307,0.20,0.00,0.20,0
07,universal-posit,128,sub,3640,0,361,0.20,0.00,0.20,0
07,mpfr-reference,5,mul,2384,0,308,0.19,0.00,0.20,0
07,universal-posit,7,fma,3592,0,354,0.20,0.00,0.20,0
07,softfloat-reference,64,sqrt,2352,0,306,0.20,0.00,0.20,0
07,binary-software,16,add,67496,0,2222,3.03,0.01,3.04,0
07,mpfr-reference,4096,sub,2420,0,317,0.20,0.00,0.20,0
07,universal-posit,1024,div,3908,0,391,0.36,0.00,0.36,0
07,posit-software,64,add,68240,0,2217,3.04,0.00,3.04,0
07,posit-software,256,sub,69636,0,2217,3.02,0.00,3.03,0
07,posit-software,4096,div,69672,0,2276,3.04,0.00,3.05,0
07,mpfr-reference,4096,mul,2704,0,317,0.20,0.00,0.20,0
07,posit-software,64,mul,67964,0,2283,3.04,0.00,3.04,0
07,flocq-reference,1024,mul,6256,0,984,0.22,0.00,0.22,0
07,binary-native-c,64,mul,2864,0,319,0.20,0.00,0.20,0
07,softfloat-reference,32,sub,2276,0,304,0.20,0.00,0.20,0
07,flocq-reference,4,add,5964,0,954,0.19,0.00,0.19,0
07,posit-software,2,fma,68096,0,2278,3.03,0.00,3.04,0
07,posit-software,4096,sub,67456,0,2227,3.00,0.01,3.03,0
07,posit-software,3,div,67684,0,2223,3.02,0.01,3.03,0
07,flocq-reference,4,sqrt,6088,0,959,0.18,0.00,0.18,0
07,posit-software,4,mul,69124,0,2296,3.03,0.01,3.04,0
07,mpfr-reference,32,mul,2464,0,312,0.20,0.00,0.20,0
07,universal-posit,256,add,3608,0,366,0.19,0.00,0.19,0
07,mpfr-reference,512,div,2500,0,306,0.20,0.00,0.20,0
07,mpfr-reference,64,add,2552,0,308,0.20,0.00,0.20,0
07,binary-software,512,sqrt,67536,0,2231,3.04,0.00,3.04,0
07,universal-posit,16,add,3732,0,359,0.19,0.00,0.20,0
07,universal-posit,4096,sub,4036,0,483,0.20,0.00,0.21,0
07,mpfr-reference,256,div,2500,0,312,0.20,0.00,0.20,0
07,mpfr-reference,4096,sqrt,2428,0,318,0.20,0.00,0.20,0
07,posit-software,32,div,69236,0,2282,3.02,0.01,3.04,0
07,universal-posit,1024,fma,3792,0,386,0.22,0.00,0.22,0
07,mpfr-reference,7,sqrt,2448,0,309,0.19,0.01,0.20,0
07,binary-software,7,add,67580,0,2280,3.05,0.01,3.06,0
07,universal-posit,7,sqrt,3812,0,359,0.18,0.00,0.19,0
07,mpfr-reference,32,div,2416,0,305,0.19,0.00,0.19,0
07,mpfr-reference,7,div,2336,0,310,0.20,0.00,0.20,0
07,mpfr-reference,256,sqrt,2524,0,311,0.19,0.00,0.20,0
07,flocq-reference,1024,sub,6208,0,979,0.22,0.00,0.22,0
07,flocq-reference,4,fma,6092,0,956,0.19,0.00,0.19,0
07,binary-software,16,mul,71156,0,2282,3.02,0.01,3.04,0
07,universal-posit,16,div,3632,0,352,0.20,0.00,0.20,0
07,flocq-reference,512,mul,6204,0,981,0.21,0.00,0.21,0
07,flocq-reference,8,mul,6136,0,960,0.18,0.01,0.19,0
07,mpfr-reference,4,sqrt,2444,0,310,0.20,0.00,0.20,0
07,mpfr-reference,256,add,2500,0,310,0.19,0.00,0.20,0
07,flocq-reference,8,div,6044,0,957,0.19,0.00,0.19,0
07,flocq-reference,32,mul,6184,0,960,0.21,0.00,0.21,0
07,mpfr-reference,5,sub,2412,0,311,0.20,0.00,0.20,0
07,flocq-reference,32,div,6032,0,959,0.20,0.00,0.20,0
07,mpfr-reference,4,mul,2608,0,313,0.20,0.00,0.20,0
07,flocq-reference,2048,sub,6292,0,988,0.28,0.00,0.28,0
07,mpfr-reference,256,fma,2496,0,315,0.20,0.00,0.20,0
07,posit-software,6,add,69660,0,2214,3.04,0.00,3.04,0
07,flocq-reference,128,mul,6116,0,973,0.20,0.00,0.20,0
07,mpfr-reference,32,fma,2392,0,309,0.20,0.00,0.20,0
07,posit-software,6,fma,71012,0,2293,3.02,0.00,3.02,0
07,flocq-reference,6,mul,6144,0,964,0.18,0.00,0.18,0
07,posit-software,512,sqrt,69852,0,2241,3.03,0.00,3.04,0
07,binary-software,64,sub,68272,0,2221,3.04,0.00,3.04,0
07,flocq-reference,32,sub,6100,0,963,0.18,0.00,0.19,0
07,universal-posit,8,div,3620,0,354,0.19,0.00,0.20,0
07,binary-software,4096,div,67532,0,2233,3.03,0.00,3.04,0
07,mpfr-reference,4,add,2452,0,307,0.20,0.00,0.20,0
07,binary-software,8,add,67548,0,2225,3.11,0.01,3.14,0
07,flocq-reference,5,mul,6160,0,957,0.18,0.00,0.18,0
07,universal-posit,6,sqrt,3788,0,354,0.19,0.00,0.19,0
07,flocq-reference,32,sqrt,6108,0,957,0.19,0.00,0.20,0
07,binary-software,32,add,71052,0,2273,3.02,0.00,3.03,0
07,flocq-reference,128,add,6156,0,974,0.18,0.00,0.19,0
07,universal-posit,32,mul,3684,0,352,0.19,0.00,0.19,0
07,mpfr-reference,64,sqrt,2388,0,310,0.19,0.00,0.20,0
07,binary-software,4096,mul,71204,0,2287,3.03,0.00,3.05,0
07,binary-software,5,sqrt,67704,0,2229,3.03,0.01,3.05,0
07,mpfr-reference,1024,sqrt,2344,0,313,0.20,0.00,0.20,0
07,universal-posit,4096,add,4160,0,484,0.21,0.00,0.21,0
07,binary-software,8,sub,68124,0,2228,3.07,0.00,3.08,0
07,universal-posit,7,add,3748,0,357,0.19,0.00,0.19,0
07,universal-posit,4096,fma,3996,0,487,0.45,0.00,0.45,0
07,binary-software,64,sqrt,67820,0,2219,3.03,0.00,3.04,0
07,binary-software,4096,add,67856,0,2289,3.02,0.01,3.03,0
07,flocq-reference,64,add,6072,0,958,0.20,0.00,0.20,0
07,universal-posit,64,sub,3568,0,358,0.20,0.00,0.20,0
07,mpfr-reference,7,add,2340,0,311,0.20,0.00,0.20,0
07,posit-software,7,add,67760,0,2286,3.05,0.00,3.07,0
07,binary-software,7,mul,70948,0,2236,3.07,0.00,3.07,0
07,binary-software,32,fma,69704,0,2295,3.04,0.00,3.04,0
07,posit-software,2048,mul,67904,0,2225,3.04,0.00,3.04,0
07,flocq-reference,6,sub,6076,0,959,0.18,0.00,0.18,0
07,binary-software,16,div,67424,0,2283,3.03,0.00,3.04,0
07,mpfr-reference,32,sqrt,2324,0,308,0.20,0.00,0.20,0
07,binary-software,128,sub,71120,0,2228,3.04,0.00,3.04,0
07,mpfr-reference,512,fma,2500,0,312,0.20,0.00,0.20,0
07,binary-native-c,64,sqrt,2664,0,319,0.20,0.00,0.20,0
07,binary-software,2048,fma,68340,0,2275,3.02,0.01,3.04,0
07,mpfr-reference,512,mul,2552,0,311,0.20,0.00,0.20,0
07,binary-software,128,div,69872,0,2243,3.03,0.01,3.04,0
07,flocq-reference,8,fma,6084,0,962,0.19,0.00,0.19,0
07,posit-software,16,sqrt,69056,0,2220,3.03,0.00,3.04,0
07,mpfr-reference,2048,sqrt,2520,0,318,0.20,0.00,0.20,0
07,mpfr-reference,32,add,2264,0,307,0.20,0.00,0.20,0
07,universal-posit,6,mul,3616,0,350,0.20,0.00,0.20,0
07,flocq-reference,4,div,6116,0,960,0.18,0.00,0.18,0
07,posit-software,32,sqrt,69916,0,2242,3.04,0.00,3.04,0
07,flocq-reference,128,sqrt,6180,0,967,0.21,0.00,0.21,0
07,universal-posit,1024,add,3896,0,387,0.20,0.00,0.20,0
07,posit-software,2048,div,69008,0,2224,3.03,0.01,3.04,0
07,flocq-reference,1024,add,6140,0,975,0.21,0.00,0.22,0
07,binary-software,16,fma,67408,0,2222,3.04,0.00,3.04,0
07,universal-posit,5,add,3552,0,353,0.20,0.00,0.20,0
07,posit-software,3,add,70924,0,2234,3.02,0.00,3.03,0
07,mpfr-reference,2048,add,2580,0,314,0.20,0.00,0.20,0
07,mpfr-reference,6,sub,2452,0,310,0.20,0.00,0.20,0
07,posit-software,8,fma,70752,0,2303,3.03,0.00,3.04,0
07,posit-software,256,fma,67812,0,2247,3.03,0.01,3.05,0
07,posit-software,6,sub,67988,0,2230,3.04,0.00,3.04,0
07,universal-posit,5,fma,3712,0,355,0.20,0.00,0.20,0
07,universal-posit,256,sub,3668,0,360,0.19,0.00,0.20,0
07,flocq-reference,5,add,6092,0,960,0.19,0.00,0.19,0
07,posit-software,512,add,67576,0,2278,3.02,0.01,3.05,0
07,flocq-reference,16,sqrt,6028,0,961,0.20,0.00,0.20,0
07,posit-software,32,mul,69096,0,2221,3.11,0.00,3.11,0
07,flocq-reference,4,sub,6100,0,963,0.17,0.00,0.18,0
07,universal-posit,4096,mul,4120,0,487,0.42,0.00,0.43,0
07,universal-posit,256,mul,3700,0,366,0.20,0.00,0.20,0
07,mpfr-reference,4096,fma,2588,0,321,0.20,0.00,0.20,0
07,binary-software,2048,sqrt,67472,0,2282,3.02,0.01,3.05,0
07,posit-software,16,fma,71332,0,2278,3.03,0.00,3.03,0
07,binary-software,1024,fma,70664,0,2299,3.03,0.01,3.04,0
07,binary-software,5,div,71040,0,2241,3.04,0.00,3.04,0
07,binary-software,64,div,67712,0,2283,3.04,0.00,3.04,0
07,binary-software,2048,div,68872,0,2274,3.02,0.00,3.04,0
07,flocq-reference,64,fma,6132,0,971,0.19,0.00,0.20,0
07,binary-software,8,fma,70960,0,2234,3.04,0.00,3.05,0
07,universal-posit,5,div,3592,0,350,0.20,0.00,0.20,0
07,universal-posit,32,add,3556,0,356,0.18,0.00,0.19,0
07,posit-software,2,mul,68992,0,2294,3.02,0.01,3.03,0
07,flocq-reference,256,sub,6116,0,976,0.20,0.00,0.21,0
07,universal-posit,8,mul,3712,0,350,0.20,0.00,0.20,0
07,universal-posit,8,sub,3708,0,354,0.19,0.00,0.19,0
07,binary-software,2048,sub,69896,0,2296,3.03,0.00,3.04,0
07,mpfr-reference,64,sub,2260,0,306,0.20,0.00,0.20,0
07,universal-posit,32,fma,3608,0,354,0.20,0.00,0.20,0
07,posit-software,5,sqrt,68132,0,2285,3.02,0.00,3.04,0
07,universal-posit,5,sqrt,3680,0,354,0.20,0.00,0.20,0
07,mpfr-reference,128,add,2456,0,307,0.19,0.00,0.20,0
07,universal-posit,512,mul,3772,0,369,0.20,0.00,0.20,0
07,binary-software,4,sub,68264,0,2225,3.04,0.00,3.04,0
07,universal-posit,2048,sub,3860,0,421,0.20,0.00,0.20,0
08,universal-posit,16,sub,3640,0,353,0.20,0.00,0.20,0
08,flocq-reference,5,sub,6160,0,964,0.18,0.00,0.18,0
08,universal-posit,2048,div,3812,0,417,0.86,0.00,0.87,0
08,mpfr-reference,2048,div,2508,0,315,0.20,0.00,0.20,0
08,binary-software,1024,div,72060,0,2224,3.03,0.01,3.04,0
08,posit-software,16,mul,71276,0,2223,3.04,0.00,3.04,0
08,binary-native-c,64,div,2660,0,317,0.19,0.00,0.20,0
08,posit-software,8,add,71144,0,2225,3.15,0.00,3.15,0
08,mpfr-reference,1024,sub,2436,0,312,0.19,0.00,0.19,0
08,mpfr-reference,16,mul,2496,0,305,0.20,0.00,0.20,0
08,universal-posit,128,fma,3640,0,358,0.20,0.00,0.20,0
08,posit-software,1024,div,72040,0,2276,3.04,0.00,3.04,0
08,posit-software,1024,sub,68164,0,2271,3.02,0.00,3.03,0
08,binary-software,64,fma,67508,0,2280,3.02,0.01,3.04,0
08,flocq-reference,64,sub,6224,0,960,0.20,0.00,0.20,0
08,mpfr-reference,6,div,2528,0,313,0.20,0.00,0.20,0
08,universal-posit,7,div,3680,0,352,0.20,0.00,0.20,0
08,flocq-reference,8,add,6100,0,962,0.19,0.00,0.19,0
08,mpfr-reference,512,sqrt,2528,0,313,0.20,0.00,0.20,0
08,universal-posit,128,div,3572,0,361,0.19,0.00,0.20,0
08,universal-posit,16,fma,3724,0,351,0.20,0.00,0.20,0
08,binary-software,512,div,67752,0,2283,3.02,0.01,3.03,0
08,flocq-reference,5,div,6192,0,962,0.19,0.00,0.19,0
08,mpfr-reference,6,fma,2520,0,313,0.20,0.00,0.20,0
08,mpfr-reference,2048,sub,2540,0,319,0.19,0.00,0.19,0
08,binary-software,1024,sqrt,72040,0,2281,3.04,0.00,3.05,0
08,cpython-float64,64,sub,11208,0,1572,0.19,0.00,0.21,0
08,flocq-reference,512,div,6184,0,977,0.21,0.00,0.21,0
08,mpfr-reference,1024,div,2464,0,311,0.19,0.00,0.20,0
08,universal-posit,128,add,3648,0,359,0.19,0.00,0.20,0
08,binary-software,512,sub,69928,0,2294,3.05,0.00,3.05,0
08,binary-software,128,mul,69044,0,2238,3.04,0.00,3.04,0
08,flocq-reference,6,fma,6092,0,960,0.19,0.00,0.19,0
08,binary-software,64,mul,71172,0,2274,3.04,0.00,3.04,0
08,posit-software,512,sub,67516,0,2256,3.04,0.00,3.04,0
08,mpfr-reference,7,mul,2472,0,307,0.20,0.00,0.20,0
08,posit-software,128,mul,67640,0,2281,3.03,0.00,3.04,0
08,posit-software,4,fma,68096,0,2277,3.02,0.01,3.04,0
08,binary-software,16,sqrt,71256,0,2288,3.05,0.00,3.05,0
08,posit-software,256,mul,69916,0,2322,3.02,0.01,3.04,0
08,posit-software,3,mul,71160,0,2276,3.04,0.00,3.04,0
08,universal-posit,6,fma,3616,0,353,0.20,0.00,0.20,0
08,flocq-reference,6,sqrt,6148,0,963,0.18,0.00,0.19,0
08,posit-software,128,div,71044,0,2275,3.05,0.00,3.05,0
08,flocq-reference,1024,sqrt,6244,0,977,0.40,0.00,0.40,0
08,flocq-reference,7,sqrt,6180,0,963,0.19,0.00,0.19,0
08,universal-posit,128,mul,3736,0,360,0.20,0.00,0.20,0
08,posit-software,4,sqrt,68232,0,2232,3.02,0.01,3.04,0
08,flocq-reference,256,fma,6192,0,971,0.19,0.00,0.20,0
08,universal-posit,512,sub,3804,0,368,0.19,0.00,0.20,0
08,mpfr-reference,8,div,2564,0,309,0.20,0.00,0.20,0
08,posit-software,4,add,69176,0,2300,3.04,0.00,3.04,0
08,binary-software,32,sub,68168,0,2282,3.04,0.01,3.05,0
08,posit-software,128,fma,68016,0,2308,3.02,0.02,3.04,0
08,flocq-reference,6,add,6036,0,960,0.18,0.00,0.19,0
08,binary-software,32,sqrt,67688,0,2228,3.02,0.00,3.04,0
08,posit-software,6,div,69496,0,2215,3.05,0.00,3.05,0
08,flocq-reference,1024,fma,6332,0,986,0.21,0.00,0.22,0
08,flocq-reference,256,div,6200,0,974,0.21,0.00,0.21,0
08,posit-software,4096,mul,72056,0,2280,3.03,0.01,3.04,0
08,universal-posit,32,div,3520,0,355,0.20,0.00,0.20,0
08,binary-software,4,sqrt,68176,0,2272,3.02,0.00,3.03,0
08,cpython-float64,64,add,11176,0,1571,0.22,0.00,0.22,0
08,binary-software,16,sub,68100,0,2268,3.04,0.00,3.04,0
08,mpfr-reference,256,sub,2264,0,308,0.19,0.00,0.20,0
08,posit-software,1024,mul,69740,0,2267,3.02,0.01,3.03,0
08,universal-posit,1024,mul,3780,0,386,0.22,0.00,0.22,0
08,mpfr-reference,128,sub,2436,0,308,0.20,0.00,0.20,0
08,flocq-reference,256,mul,6176,0,978,0.20,0.00,0.20,0
08,universal-posit,512,div,3644,0,369,0.25,0.00,0.25,0
08,softfloat-reference,64,mul,2620,0,309,0.20,0.00,0.20,0
08,flocq-reference,4096,sub,6408,0,1005,0.44,0.00,0.45,0
08,posit-software,2048,sqrt,67544,0,2230,3.03,0.00,3.04,0
08,mpfr-reference,512,add,2564,0,310,0.20,0.00,0.20,0
08,posit-software,128,add,71984,0,2274,3.01,0.01,3.04,0
08,posit-software,256,add,72156,0,2308,3.04,0.01,3.05,0
08,binary-software,5,fma,67568,0,2282,3.09,0.00,3.10,0
08,posit-software,32,sub,72072,0,2276,3.04,0.00,3.04,0
08,binary-native-c,32,fma,2636,0,317,0.20,0.00,0.20,0
08,universal-posit,5,sub,3608,0,355,0.18,0.00,0.19,0
08,posit-software,4096,sqrt,67460,0,2232,3.05,0.00,3.05,0
08,posit-software,1024,fma,68144,0,2272,3.03,0.00,3.04,0
08,mpfr-reference,8,mul,2500,0,309,0.19,0.00,0.20,0
08,posit-software,2048,add,72036,0,2279,3.03,0.00,3.04,0
08,mpfr-reference,128,div,2532,0,313,0.20,0.00,0.20,0
08,universal-posit,6,add,3552,0,351,0.14,0.00,0.15,0
08,universal-posit,8,add,3680,0,355,0.20,0.00,0.20,0
08,universal-posit,64,mul,3620,0,358,0.20,0.00,0.20,0
08,flocq-reference,16,sub,6148,0,958,0.19,0.00,0.19,0
08,binary-native-c,32,div,2904,0,319,0.20,0.00,0.20,0
08,posit-software,4096,add,67712,0,2275,3.03,0.00,3.03,0
08,universal-posit,64,div,3636,0,355,0.20,0.00,0.20,0
08,mpfr-reference,6,sqrt,2496,0,308,0.19,0.00,0.20,0
08,mpfr-reference,512,sub,2460,0,312,0.20,0.00,0.20,0
08,posit-software,5,mul,67512,0,2227,3.04,0.00,3.04,0
08,binary-software,64,add,70964,0,2289,3.01,0.02,3.04,0
08,posit-software,3,sub,70924,0,2290,3.03,0.01,3.04,0
08,flocq-reference,16,fma,6176,0,965,0.20,0.00,0.20,0
08,binary-software,256,sub,70532,0,2296,3.05,0.00,3.05,0
08,posit-software,2048,fma,69112,0,2296,3.04,0.00,3.04,0
08,cpython-float64,64,sqrt,11200,0,1570,0.22,0.00,0.22,0
08,mpfr-reference,5,sqrt,2404,0,311,0.20,0.00,0.20,0
08,posit-software,512,div,67544,0,2312,3.03,0.01,3.04,0
08,binary-software,7,fma,71948,0,2321,6.37,0.00,6.38,0
08,universal-posit,16,mul,3692,0,356,0.19,0.00,0.20,0
08,mpfr-reference,16,div,2456,0,309,0.20,0.00,0.20,0
08,mpfr-reference,8,add,2328,0,306,0.18,0.01,0.20,0
08,binary-software,5,mul,69132,0,2238,3.03,0.00,3.04,0
08,posit-software,3,sqrt,68804,0,2217,3.02,0.01,3.04,0
08,mpfr-reference,4,sub,2272,0,307,0.20,0.00,0.20,0
08,flocq-reference,512,fma,6252,0,978,0.21,0.00,0.21,0
08,universal-posit,1024,sub,3780,0,385,0.20,0.00,0.20,0
08,binary-software,7,div,69192,0,2294,3.06,0.00,3.06,0
08,universal-posit,8,fma,3724,0,355,0.19,0.00,0.20,0
08,binary-native-c,32,sqrt,2908,0,322,0.20,0.00,0.20,0
08,posit-software,6,sqrt,69484,0,2267,3.04,0.00,3.04,0
08,mpfr-reference,32,sub,2312,0,305,0.19,0.00,0.20,0
08,universal-posit,6,div,3616,0,350,0.20,0.00,0.20,0
08,posit-software,4096,fma,67700,0,2288,3.04,0.00,3.05,0
08,binary-software,8,div,68224,0,2272,3.11,0.01,3.13,0
08,binary-software,256,mul,70600,0,2236,3.02,0.00,3.04,0
08,binary-native-c,64,fma,2736,0,315,0.20,0.00,0.20,0
08,binary-software,256,add,69252,0,2243,3.03,0.00,3.04,0
08,universal-posit,32,sub,3728,0,359,0.19,0.00,0.20,0
08,cpython-float64,64,mul,11184,0,1577,0.22,0.00,0.22,0
08,binary-native-c,64,sub,2608,0,317,0.19,0.00,0.20,0
08,binary-software,7,sqrt,69124,0,2242,3.10,0.00,3.10,0
08,flocq-reference,7,div,6168,0,962,0.19,0.00,0.19,0
08,mpfr-reference,1024,fma,2628,0,313,0.20,0.00,0.20,0
08,binary-software,128,add,68004,0,2226,3.03,0.00,3.04,0
08,binary-software,6,add,69260,0,2245,3.04,0.01,3.05,0
08,posit-software,256,sqrt,69824,0,2305,3.01,0.01,3.04,0
08,posit-software,16,add,69256,0,2242,3.04,0.00,3.04,0
08,flocq-reference,2048,mul,6340,0,999,0.27,0.00,0.27,0
08,binary-software,4,div,67660,0,2281,3.04,0.00,3.04,0
08,posit-software,2,sub,69004,0,2275,3.03,0.01,3.04,0
08,binary-software,6,sqrt,71000,0,2228,3.03,0.00,3.03,0
08,posit-software,32,fma,71300,0,2277,3.03,0.00,3.04,0
08,flocq-reference,7,mul,6032,0,957,0.19,0.00,0.19,0
08,binary-software,8,mul,67640,0,2223,3.14,0.00,3.14,0
08,flocq-reference,4096,fma,6424,0,1020,0.45,0.00,0.45,0
08,flocq-reference,7,add,6096,0,955,0.19,0.00,0.19,0
08,flocq-reference,2048,sqrt,6296,0,988,0.67,0.00,0.67,0
08,flocq-reference,64,div,6184,0,963,0.21,0.00,0.21,0
08,posit-software,4,sub,69912,0,2302,3.03,0.01,3.04,0
08,mpfr-reference,4,div,2428,0,308,0.20,0.00,0.20,0
08,binary-software,128,sqrt,67500,0,2275,3.03,0.01,3.04,0
08,posit-software,7,div,69188,0,2293,3.06,0.00,3.06,0
08,mpfr-reference,16,add,2440,0,308,0.20,0.00,0.20,0
08,posit-software,5,fma,68104,0,2228,3.03,0.00,3.03,0
08,flocq-reference,128,fma,6212,0,970,0.20,0.00,0.20,0
08,mpfr-reference,128,sqrt,2524,0,311,0.20,0.00,0.20,0
08,mpfr-reference,64,mul,2324,0,310,0.20,0.00,0.20,0
08,flocq-reference,128,div,6216,0,967,0.20,0.00,0.20,0
08,mpfr-reference,6,mul,2456,0,308,0.19,0.00,0.20,0
08,universal-posit,2048,mul,3788,0,413,0.26,0.00,0.26,0
08,softfloat-reference,32,mul,2616,0,305,0.18,0.01,0.20,0
08,flocq-reference,6,div,6040,0,959,0.19,0.00,0.19,0
08,posit-software,8,sub,71836,0,2221,3.13,0.00,3.15,0
08,binary-native-c,32,sub,2908,0,314,0.19,0.00,0.20,0
08,posit-software,2048,sub,68932,0,2291,3.03,0.00,3.03,0
08,mpfr-reference,256,mul,2500,0,313,0.18,0.00,0.19,0
08,mpfr-reference,8,sqrt,2516,0,312,0.19,0.00,0.20,0
08,flocq-reference,4096,sqrt,6284,0,998,2.58,0.00,2.59,0
08,binary-software,1024,sub,69780,0,2244,3.03,0.00,3.04,0
08,flocq-reference,512,sub,6108,0,981,0.20,0.00,0.21,0
08,softfloat-reference,32,div,2272,0,306,0.20,0.00,0.20,0
08,universal-posit,6,sub,3676,0,353,0.18,0.00,0.19,0
08,universal-posit,32,sqrt,3788,0,356,0.20,0.00,0.20,0
08,mpfr-reference,5,div,2624,0,311,0.20,0.00,0.20,0
08,binary-software,6,sub,71296,0,2282,3.06,0.00,3.06,0
08,softfloat-reference,64,sub,2568,0,308,0.20,0.00,0.20,0
08,universal-posit,256,fma,3800,0,368,0.20,0.00,0.20,0
08,posit-software,2,sqrt,69764,0,2299,3.01,0.02,3.04,0
08,binary-native-c,64,add,2904,0,319,0.19,0.00,0.20,0
08,universal-posit,4096,div,3976,0,484,2.85,0.00,2.86,0
08,binary-software,1024,mul,67644,0,2230,3.04,0.00,3.04,0
08,mpfr-reference,1024,add,2548,0,314,0.20,0.00,0.20,0
08,posit-software,7,fma,69832,0,2218,3.03,0.00,3.04,0
08,posit-software,2,add,70948,0,2237,3.03,0.00,3.04,0
08,cpython-float64,64,div,11332,0,1571,0.21,0.00,0.22,0
08,flocq-reference,2048,fma,6328,0,994,0.27,0.00,0.27,0
08,mpfr-reference,128,fma,2388,0,312,0.19,0.00,0.19,0
08,binary-software,6,fma,67704,0,2281,3.46,0.00,3.47,0
08,posit-software,1024,sqrt,68156,0,2284,3.05,0.00,3.05,0
08,binary-software,4096,sub,71216,0,2224,3.04,0.00,3.04,0
08,mpfr-reference,4096,add,2600,0,319,0.19,0.00,0.20,0
08,posit-software,512,mul,69096,0,2267,3.04,0.00,3.04,0
08,flocq-reference,4,mul,6216,0,963,0.18,0.00,0.18,0
08,posit-software,7,sub,67660,0,2282,3.04,0.00,3.05,0
08,binary-software,4,mul,68156,0,2212,3.04,0.00,3.05,0
08,softfloat-reference,32,add,2440,0,311,0.20,0.00,0.20,0
08,mpfr-reference,5,add,2556,0,313,0.20,0.00,0.20,0
08,posit-software,5,div,68000,0,2226,3.02,0.00,3.04,0
08,posit-software,5,add,67516,0,2284,3.03,0.00,3.04,0
08,mpfr-reference,4,fma,2616,0,314,0.20,0.00,0.20,0
08,mpfr-reference,16,sqrt,2348,0,309,0.20,0.00,0.20,0
08,mpfr-reference,2048,mul,2556,0,314,0.20,0.00,0.20,0
08,mpfr-reference,4096,div,2488,0,316,0.20,0.00,0.20,0
08,mpfr-reference,7,sub,2380,0,310,0.19,0.00,0.20,0
08,binary-software,5,sub,68432,0,2233,3.03,0.00,3.04,0
08,posit-software,7,mul,67748,0,2227,3.04,0.00,3.05,0
08,flocq-reference,1024,div,6268,0,977,0.23,0.00,0.23,0
08,softfloat-reference,64,add,2628,0,308,0.20,0.00,0.20,0
08,mpfr-reference,128,mul,2500,0,309,0.20,0.00,0.20,0
08,softfloat-reference,32,fma,2464,0,307,0.20,0.00,0.20,0
08,posit-software,7,sqrt,69848,0,2238,3.02,0.01,3.04,0
08,binary-native-c,32,add,2796,0,313,0.20,0.00,0.20,0
08,universal-posit,5,mul,3608,0,353,0.20,0.00,0.20,0
08,mpfr-reference,8,fma,2452,0,308,0.19,0.00,0.20,0
08,universal-posit,256,div,3796,0,363,0.20,0.00,0.20,0
08,universal-posit,7,mul,3616,0,354,0.20,0.00,0.20,0
08,posit-software,64,div,68276,0,2230,3.04,0.00,3.04,0
08,binary-software,2048,mul,72056,0,2226,3.03,0.00,3.04,0
08,binary-software,4,add,70952,0,2291,3.03,0.00,3.04,0
08,flocq-reference,7,fma,6116,0,958,0.19,0.00,0.19,0
08,universal-posit,64,fma,3568,0,358,0.20,0.00,0.20,0
08,binary-software,256,fma,67944,0,2232,3.03,0.00,3.04,0
08,flocq-reference,128,sub,6216,0,970,0.20,0.00,0.20,0
08,flocq-reference,64,mul,6208,0,970,0.19,0.00,0.20,0
08,posit-software,32,add,68244,0,2284,3.03,0.00,3.04,0
08,flocq-reference,4096,mul,6340,0,1014,0.45,0.00,0.45,0
08,flocq-reference,5,fma,6152,0,961,0.19,0.00,0.19,0
08,posit-software,8,div,68112,0,2231,3.13,0.01,3.15,0
08,mpfr-reference,2048,fma,2616,0,319,0.20,0.00,0.20,0
08,binary-software,32,mul,68164,0,2283,3.03,0.00,3.05,0
08,binary-software,256,sqrt,69124,0,2300,3.03,0.00,3.04,0
08,posit-software,5,sub,69560,0,2274,3.04,0.00,3.05,0
08,flocq-reference,256,sqrt,6172,0,970,0.22,0.00,0.22,0
08,universal-posit,512,fma,3712,0,369,0.20,0.00,0.20,0
08,posit-software,16,sub,69132,0,2275,3.01,0.02,3.04,0
08,posit-software,128,sqrt,67592,0,2259,3.04,0.00,3.05,0
08,binary-software,6,mul,67644,0,2228,3.02,0.01,3.04,0
08,posit-software,8,mul,71116,0,2279,3.12,0.00,3.12,0
08,mpfr-reference,16,fma,2500,0,312,0.20,0.00,0.20,0
08,flocq-reference,512,add,6316,0,981,0.20,0.00,0.21,0
08,softfloat-reference,32,sqrt,2620,0,310,0.20,0.00,0.20,0
08,universal-posit,16,sqrt,3688,0,354,0.19,0.00,0.20,0
08,flocq-reference,32,add,6076,0,957,0.19,0.00,0.20,0
08,mpfr-reference,64,fma,2376,0,304,0.20,0.00,0.20,0
08,mpfr-reference,7,fma,2588,0,313,0.20,0.00,0.20,0
08,flocq-reference,4096,add,6356,0,1000,0.45,0.00,0.45,0
08,flocq-reference,64,sqrt,6220,0,960,0.20,0.00,0.20,0
08,posit-software,64,sub,67568,0,2284,3.02,0.01,3.04,0
08,binary-software,256,div,72092,0,2224,3.05,0.00,3.05,0
08,mpfr-reference,64,div,2524,0,310,0.20,0.00,0.20,0
08,posit-software,64,fma,67604,0,2286,3.04,0.00,3.04,0
08,flocq-reference,32,fma,6144,0,965,0.20,0.00,0.20,0
08,mpfr-reference,16,sub,2496,0,309,0.20,0.00,0.20,0
08,universal-posit,128,sub,3740,0,361,0.19,0.00,0.20,0
08,mpfr-reference,5,mul,2584,0,313,0.20,0.00,0.20,0
08,universal-posit,7,fma,3684,0,354,0.20,0.00,0.20,0
08,softfloat-reference,64,sqrt,2336,0,308,0.20,0.00,0.20,0
08,binary-software,16,add,71144,0,2227,3.04,0.00,3.05,0
08,mpfr-reference,4096,sub,2552,0,318,0.20,0.00,0.20,0
08,universal-posit,1024,div,3892,0,388,0.38,0.00,0.38,0
08,posit-software,64,add,71236,0,2285,3.04,0.00,3.04,0
08,posit-software,256,sub,67928,0,2281,3.03,0.00,3.03,0
08,posit-software,4096,div,71156,0,2233,3.03,0.00,3.05,0
08,mpfr-reference,4096,mul,2652,0,320,0.20,0.00,0.20,0
08,posit-software,64,mul,71036,0,2276,3.02,0.01,3.05,0
08,flocq-reference,1024,mul,6216,0,981,0.22,0.00,0.22,0
08,binary-native-c,64,mul,2776,0,315,0.20,0.00,0.20,0
08,softfloat-reference,32,sub,2572,0,306,0.20,0.00,0.20,0
08,flocq-reference,4,add,6052,0,958,0.19,0.00,0.19,0
08,posit-software,2,fma,68400,0,2277,3.02,0.00,3.03,0
08,posit-software,4096,sub,69188,0,2298,3.00,0.02,3.03,0
08,posit-software,3,div,68164,0,2269,3.03,0.00,3.03,0
08,flocq-reference,4,sqrt,6204,0,959,0.18,0.00,0.18,0
08,posit-software,4,mul,69656,0,2216,3.03,0.00,3.04,0
08,mpfr-reference,32,mul,2548,0,312,0.20,0.00,0.20,0
08,universal-posit,256,add,3784,0,364,0.18,0.00,0.19,0
08,mpfr-reference,512,div,2432,0,309,0.20,0.00,0.20,0
08,mpfr-reference,64,add,2456,0,314,0.20,0.00,0.20,0
08,binary-software,512,sqrt,67572,0,2234,3.05,0.00,3.05,0
08,universal-posit,16,add,3688,0,355,0.19,0.00,0.20,0
08,universal-posit,4096,sub,4088,0,485,0.21,0.00,0.21,0
08,mpfr-reference,256,div,2532,0,308,0.20,0.00,0.20,0
08,mpfr-reference,4096,sqrt,2556,0,319,0.19,0.00,0.20,0
08,posit-software,32,div,69116,0,2277,3.02,0.01,3.04,0
08,universal-posit,1024,fma,3800,0,388,0.21,0.00,0.22,0
08,mpfr-reference,7,sqrt,2372,0,308,0.20,0.00,0.20,0
08,binary-software,7,add,72080,0,2281,3.04,0.02,3.07,0
08,universal-posit,7,sqrt,3680,0,350,0.19,0.00,0.19,0
08,mpfr-reference,32,div,2372,0,307,0.19,0.00,0.19,0
08,mpfr-reference,7,div,2448,0,314,0.20,0.00,0.20,0
08,mpfr-reference,256,sqrt,2488,0,311,0.20,0.00,0.20,0
08,flocq-reference,1024,sub,6204,0,980,0.21,0.00,0.22,0
08,flocq-reference,4,fma,5984,0,962,0.19,0.00,0.19,0
08,binary-software,16,mul,67360,0,2221,3.04,0.00,3.04,0
08,universal-posit,16,div,3628,0,351,0.20,0.00,0.20,0
08,flocq-reference,512,mul,6184,0,974,0.21,0.00,0.21,0
08,flocq-reference,8,mul,6168,0,959,0.17,0.01,0.19,0
08,mpfr-reference,4,sqrt,2404,0,311,0.20,0.00,0.20,0
08,mpfr-reference,256,add,2388,0,308,0.19,0.00,0.20,0
08,flocq-reference,8,div,6052,0,960,0.19,0.00,0.19,0
08,flocq-reference,32,mul,6188,0,960,0.20,0.00,0.20,0
08,mpfr-reference,5,sub,2400,0,309,0.20,0.00,0.20,0
08,flocq-reference,32,div,5980,0,956,0.22,0.00,0.22,0
08,mpfr-reference,4,mul,2372,0,307,0.20,0.00,0.20,0
08,flocq-reference,2048,sub,6272,0,987,0.28,0.00,0.28,0
08,mpfr-reference,256,fma,2456,0,309,0.20,0.00,0.20,0
08,posit-software,6,add,70952,0,2294,3.04,0.01,3.05,0
08,flocq-reference,128,mul,6220,0,968,0.19,0.00,0.20,0
08,mpfr-reference,32,fma,2524,0,308,0.20,0.00,0.20,0
08,posit-software,6,fma,72208,0,2281,3.02,0.00,3.03,0
08,flocq-reference,6,mul,6088,0,960,0.18,0.00,0.18,0
08,posit-software,512,sqrt,67348,0,2221,3.02,0.01,3.04,0
08,binary-software,64,sub,72052,0,2278,3.01,0.01,3.04,0
08,flocq-reference,32,sub,6028,0,956,0.19,0.00,0.19,0
08,universal-posit,8,div,3684,0,351,0.20,0.00,0.20,0
08,binary-software,4096,div,67608,0,2235,3.03,0.00,3.04,0
08,mpfr-reference,4,add,2388,0,308,0.20,0.00,0.20,0
08,binary-software,8,add,67744,0,2227,3.12,0.00,3.13,0
08,flocq-reference,5,mul,6188,0,961,0.18,0.00,0.18,0
08,universal-posit,6,sqrt,3784,0,359,0.19,0.00,0.19,0
08,flocq-reference,32,sqrt,6220,0,963,0.20,0.00,0.20,0
08,binary-software,32,add,71060,0,2221,3.04,0.00,3.04,0
08,flocq-reference,128,add,6116,0,970,0.20,0.00,0.20,0
08,universal-posit,32,mul,3724,0,353,0.19,0.00,0.19,0
08,mpfr-reference,64,sqrt,2520,0,309,0.20,0.00,0.20,0
08,binary-software,4096,mul,67328,0,2281,3.04,0.00,3.04,0
08,binary-software,5,sqrt,71236,0,2229,3.04,0.00,3.05,0
08,mpfr-reference,1024,sqrt,2572,0,306,0.20,0.00,0.20,0
08,universal-posit,4096,add,4032,0,483,0.21,0.00,0.21,0
08,binary-software,8,sub,71360,0,2229,3.08,0.00,3.08,0
08,universal-posit,7,add,3560,0,353,0.19,0.00,0.20,0
08,universal-posit,4096,fma,3992,0,485,0.45,0.00,0.45,0
08,binary-software,64,sqrt,70608,0,2295,3.02,0.01,3.04,0
08,binary-software,4096,add,71240,0,2221,3.02,0.01,3.03,0
08,flocq-reference,64,add,6168,0,961,0.20,0.00,0.20,0
08,universal-posit,64,sub,3632,0,355,0.20,0.00,0.20,0
08,mpfr-reference,7,add,2276,0,309,0.20,0.00,0.20,0
08,posit-software,7,add,69704,0,2238,3.05,0.01,3.07,0
08,binary-software,7,mul,67272,0,2287,3.07,0.00,3.07,0
08,binary-software,32,fma,69008,0,2219,3.01,0.03,3.04,0
08,posit-software,2048,mul,67592,0,2287,3.04,0.00,3.05,0
08,flocq-reference,6,sub,6176,0,960,0.19,0.00,0.19,0
08,binary-software,16,div,67836,0,2221,3.04,0.00,3.04,0
08,mpfr-reference,32,sqrt,2500,0,310,0.20,0.00,0.20,0
08,binary-software,128,sub,67328,0,2224,3.03,0.00,3.04,0
08,mpfr-reference,512,fma,2564,0,310,0.19,0.00,0.20,0
08,binary-native-c,64,sqrt,2732,0,318,0.20,0.00,0.20,0
08,binary-software,2048,fma,70212,0,2251,3.03,0.00,3.04,0
08,mpfr-reference,512,mul,2500,0,308,0.20,0.00,0.20,0
08,binary-software,128,div,67560,0,2223,3.09,0.00,3.11,0
08,flocq-reference,8,fma,6108,0,958,0.19,0.00,0.19,0
08,posit-software,16,sqrt,67772,0,2226,3.04,0.00,3.04,0
08,mpfr-reference,2048,sqrt,2644,0,314,0.19,0.00,0.20,0
08,mpfr-reference,32,add,2432,0,307,0.20,0.00,0.20,0
08,universal-posit,6,mul,3708,0,353,0.19,0.00,0.20,0
08,flocq-reference,4,div,6076,0,962,0.17,0.00,0.18,0
08,posit-software,32,sqrt,71252,0,2275,3.03,0.01,3.04,0
08,flocq-reference,128,sqrt,6236,0,973,0.21,0.00,0.21,0
08,universal-posit,1024,add,3792,0,385,0.20,0.00,0.20,0
08,posit-software,2048,div,67564,0,2224,3.04,0.00,3.04,0
08,flocq-reference,1024,add,6192,0,979,0.22,0.00,0.22,0
08,binary-software,16,fma,69640,0,2265,3.03,0.00,3.04,0
08,universal-posit,5,add,3608,0,353,0.20,0.00,0.20,0
08,posit-software,3,add,70708,0,2298,3.02,0.01,3.04,0
08,mpfr-reference,2048,add,2624,0,314,0.19,0.01,0.20,0
08,mpfr-reference,6,sub,2456,0,309,0.20,0.00,0.20,0
08,posit-software,8,fma,68140,0,2267,3.04,0.00,3.05,0
08,posit-software,256,fma,67712,0,2252,3.03,0.01,3.05,0
08,posit-software,6,sub,67968,0,2222,3.04,0.00,3.05,0
08,universal-posit,5,fma,3712,0,349,0.19,0.00,0.20,0
08,universal-posit,256,sub,3796,0,360,0.19,0.00,0.20,0
08,flocq-reference,5,add,6068,0,962,0.18,0.01,0.19,0
08,posit-software,512,add,72032,0,2229,3.02,0.00,3.03,0
08,flocq-reference,16,sqrt,6180,0,959,0.20,0.00,0.20,0
08,posit-software,32,mul,67628,0,2226,3.02,0.00,3.03,0
08,flocq-reference,4,sub,6100,0,962,0.17,0.00,0.18,0
08,universal-posit,4096,mul,4052,0,485,0.42,0.00,0.43,0
08,universal-posit,256,mul,3660,0,364,0.19,0.00,0.20,0
08,mpfr-reference,4096,fma,2708,0,324,0.20,0.00,0.20,0
08,binary-software,2048,sqrt,71980,0,2224,3.05,0.00,3.05,0
08,posit-software,16,fma,71248,0,2284,3.03,0.01,3.04,0
08,binary-software,1024,fma,68104,0,2228,3.02,0.01,3.05,0
08,binary-software,5,div,70624,0,2297,3.03,0.00,3.04,0
08,binary-software,64,div,69132,0,2294,3.03,0.00,3.04,0
08,binary-software,2048,div,71224,0,2283,3.05,0.00,3.07,0
08,flocq-reference,64,fma,6088,0,971,0.20,0.00,0.20,0
08,binary-software,8,fma,71148,0,2273,3.04,0.00,3.04,0
08,universal-posit,5,div,3668,0,354,0.19,0.00,0.20,0
08,universal-posit,32,add,3560,0,357,0.19,0.00,0.19,0
08,posit-software,2,mul,67392,0,2285,3.02,0.00,3.03,0
08,flocq-reference,256,sub,6224,0,975,0.19,0.00,0.20,0
08,universal-posit,8,mul,3560,0,356,0.20,0.00,0.20,0
08,universal-posit,8,sub,3588,0,352,0.19,0.00,0.19,0
08,binary-software,2048,sub,67528,0,2281,3.04,0.00,3.04,0
08,mpfr-reference,64,sub,2328,0,305,0.20,0.00,0.20,0
08,universal-posit,32,fma,3680,0,357,0.20,0.00,0.20,0
08,posit-software,5,sqrt,71156,0,2230,3.04,0.00,3.04,0
08,universal-posit,5,sqrt,3676,0,354,0.20,0.00,0.20,0
08,mpfr-reference,128,add,2320,0,304,0.20,0.00,0.20,0
08,universal-posit,512,mul,3712,0,374,0.20,0.00,0.20,0
08,binary-software,4,sub,71256,0,2297,3.04,0.00,3.04,0
08,universal-posit,2048,sub,3884,0,419,0.19,0.00,0.20,0
08,flocq-reference,8,sqrt,6084,0,958,0.19,0.00,0.19,0
08,mpfr-reference,8,sub,2276,0,307,0.20,0.00,0.20,0
08,flocq-reference,5,sqrt,6088,0,960,0.19,0.00,0.19,0
08,flocq-reference,16,add,6104,0,960,0.19,0.00,0.19,0
08,universal-posit,2048,add,3812,0,420,0.20,0.00,0.20,0
08,posit-software,16,div,67820,0,2231,3.05,0.00,3.05,0
08,mpfr-reference,5,fma,2448,0,312,0.19,0.00,0.20,0
08,posit-software,2,div,71196,0,2228,3.05,0.00,3.05,0
08,binary-native-c,32,mul,2956,0,322,0.20,0.00,0.20,0
08,mpfr-reference,6,add,2460,0,311,0.20,0.00,0.20,0
08,universal-posit,512,add,3708,0,372,0.20,0.00,0.20,0
08,binary-software,4,fma,67724,0,2233,3.01,0.01,3.02,0
08,posit-software,8,sqrt,67468,0,2224,3.03,0.00,3.03,0
08,binary-software,5,add,71128,0,2283,3.02,0.01,3.04,0
08,binary-software,2048,add,70960,0,2239,3.03,0.00,3.04,0
08,softfloat-reference,64,fma,2496,0,310,0.19,0.00,0.20,0
08,universal-posit,2048,fma,3932,0,422,0.25,0.00,0.25,0
08,binary-software,7,sub,68200,0,2280,3.04,0.00,3.06,0
08,flocq-reference,2048,div,6280,0,988,0.27,0.00,0.27,0
08,flocq-reference,256,add,6252,0,973,0.20,0.00,0.20,0
08,binary-software,8,sqrt,71180,0,2284,3.02,0.00,3.02,0
08,flocq-reference,7,sub,6040,0,959,0.19,0.00,0.19,0
08,binary-software,512,mul,67408,0,2279,3.03,0.00,3.04,0
08,posit-software,256,div,68920,0,2248,3.04,0.00,3.06,0
08,binary-software,512,fma,71428,0,2233,3.04,0.00,3.05,0
08,mpfr-reference,1024,mul,2572,0,309,0.19,0.00,0.20,0
08,universal-posit,7,sub,3608,0,353,0.19,0.00,0.19,0
08,flocq-reference,4096,div,6396,0,1003,0.44,0.01,0.45,0
08,binary-software,4096,fma,69296,0,2228,3.03,0.00,3.05,0
08,posit-software,64,sqrt,69204,0,2280,3.01,0.02,3.04,0
08,flocq-reference,8,sub,6028,0,957,0.19,0.00,0.19,0
08,flocq-reference,16,div,6108,0,960,0.19,0.00,0.20,0
08,posit-software,1024,add,67388,0,2280,3.03,0.00,3.03,0
08,binary-software,6,div,71088,0,2239,3.03,0.01,3.04,0
08,posit-software,4,div,69012,0,2216,3.04,0.00,3.04,0
08,posit-software,6,mul,67664,0,2231,3.03,0.00,3.04,0
08,universal-posit,8,sqrt,3816,0,359,0.20,0.00,0.20,0
08,posit-software,128,sub,67456,0,2281,3.01,0.01,3.04,0
08,posit-software,512,fma,71144,0,2306,3.02,0.00,3.02,0
08,universal-posit,64,add,3640,0,358,0.19,0.00,0.20,0
08,flocq-reference,2048,add,6228,0,988,0.28,0.00,0.28,0
08,binary-software,1024,add,67820,0,2286,3.03,0.00,3.05,0
08,binary-software,512,add,68216,0,2283,3.04,0.00,3.05,0
08,binary-software,128,fma,68220,0,2217,3.03,0.01,3.04,0
08,flocq-reference,16,mul,6116,0,959,0.19,0.00,0.19,0
08,posit-software,3,fma,68028,0,2281,3.04,0.00,3.04,0
08,binary-software,32,div,67388,0,2225,3.01,0.02,3.04,0
08,binary-software,4096,sqrt,69776,0,2223,3.10,0.00,3.10,0
08,softfloat-reference,64,div,2572,0,307,0.19,0.01,0.20,0
08,flocq-reference,512,sqrt,6224,0,977,0.33,0.00,0.33,0
09,mpfr-reference,8,div,2564,0,313,0.20,0.00,0.20,0
09,posit-software,4,add,70672,0,2241,3.01,0.02,3.04,0
09,binary-software,32,sub,67880,0,2275,3.02,0.00,3.04,0
09,posit-software,128,fma,72148,0,2253,3.03,0.00,3.04,0
09,flocq-reference,6,add,6176,0,965,0.19,0.00,0.19,0
09,binary-software,32,sqrt,67600,0,2281,3.04,0.00,3.04,0
09,posit-software,6,div,67428,0,2281,3.04,0.00,3.05,0
09,flocq-reference,1024,fma,6284,0,986,0.22,0.00,0.22,0
09,flocq-reference,256,div,6148,0,978,0.20,0.00,0.20,0
09,posit-software,4096,mul,68140,0,2286,3.01,0.01,3.03,0
09,universal-posit,32,div,3628,0,352,0.19,0.00,0.20,0
09,binary-software,4,sqrt,67752,0,2231,3.02,0.01,3.03,0
09,cpython-float64,64,add,11244,0,1569,0.22,0.00,0.22,0
09,binary-software,16,sub,68088,0,2284,3.03,0.00,3.04,0
09,mpfr-reference,256,sub,2532,0,310,0.20,0.00,0.20,0
09,posit-software,1024,mul,67680,0,2225,3.02,0.00,3.04,0
09,universal-posit,1024,mul,3852,0,388,0.22,0.00,0.22,0
09,mpfr-reference,128,sub,2260,0,303,0.19,0.00,0.20,0
09,flocq-reference,256,mul,6232,0,974,0.20,0.00,0.20,0
09,universal-posit,512,div,3772,0,371,0.25,0.00,0.25,0
09,softfloat-reference,64,mul,2276,0,304,0.19,0.01,0.20,0
09,flocq-reference,4096,sub,6320,0,1004,0.45,0.00,0.45,0
09,posit-software,2048,sqrt,71264,0,2286,3.04,0.00,3.04,0
09,mpfr-reference,512,add,2460,0,307,0.20,0.00,0.20,0
09,posit-software,128,add,70928,0,2289,3.02,0.00,3.03,0
09,posit-software,256,add,68020,0,2307,3.04,0.00,3.04,0
09,binary-software,5,fma,67924,0,2231,3.10,0.00,3.11,0
09,posit-software,32,sub,69772,0,2302,3.02,0.01,3.04,0
09,binary-native-c,32,fma,2792,0,318,0.20,0.00,0.20,0
09,universal-posit,5,sub,3716,0,358,0.19,0.00,0.19,0
09,posit-software,4096,sqrt,72016,0,2223,3.04,0.01,3.05,0
09,posit-software,1024,fma,69712,0,2273,3.01,0.01,3.04,0
09,mpfr-reference,8,mul,2396,0,311,0.20,0.00,0.20,0
09,posit-software,2048,add,69164,0,2296,3.02,0.01,3.03,0
09,mpfr-reference,128,div,2564,0,310,0.19,0.00,0.20,0
09,universal-posit,6,add,3696,0,358,0.15,0.00,0.15,0
09,universal-posit,8,add,3628,0,355,0.20,0.00,0.20,0
09,universal-posit,64,mul,3736,0,356,0.20,0.00,0.20,0
09,flocq-reference,16,sub,6048,0,957,0.18,0.00,0.19,0
09,binary-native-c,32,div,2864,0,317,0.19,0.00,0.20,0
09,posit-software,4096,add,67492,0,2285,3.04,0.00,3.04,0
09,universal-posit,64,div,3776,0,357,0.19,0.00,0.20,0
09,mpfr-reference,6,sqrt,2388,0,306,0.20,0.00,0.20,0
09,mpfr-reference,512,sub,2396,0,312,0.20,0.00,0.20,0
09,posit-software,5,mul,67964,0,2273,3.03,0.00,3.04,0
09,binary-software,64,add,67484,0,2277,3.03,0.01,3.04,0
09,posit-software,3,sub,69192,0,2297,3.04,0.00,3.04,0
09,flocq-reference,16,fma,6104,0,957,0.18,0.00,0.20,0
09,binary-software,256,sub,72096,0,2223,3.04,0.00,3.04,0
09,posit-software,2048,fma,70652,0,2242,3.04,0.00,3.04,0
09,cpython-float64,64,sqrt,11116,0,1572,0.22,0.00,0.22,0
09,mpfr-reference,5,sqrt,2624,0,306,0.20,0.00,0.20,0
09,posit-software,512,div,69116,0,2300,3.03,0.00,3.05,0
09,binary-software,7,fma,73400,0,2324,6.36,0.00,6.37,0
09,universal-posit,16,mul,3732,0,357,0.19,0.01,0.20,0
09,mpfr-reference,16,div,2532,0,310,0.20,0.00,0.20,0
09,mpfr-reference,8,add,2320,0,305,0.19,0.00,0.20,0
09,binary-software,5,mul,69768,0,2297,3.04,0.00,3.04,0
09,posit-software,3,sqrt,68860,0,2279,3.03,0.00,3.04,0
09,mpfr-reference,4,sub,2532,0,310,0.19,0.00,0.20,0
09,flocq-reference,512,fma,6192,0,976,0.20,0.00,0.21,0
09,universal-posit,1024,sub,3852,0,389,0.20,0.00,0.20,0
09,binary-software,7,div,67820,0,2221,3.07,0.00,3.07,0
09,universal-posit,8,fma,3604,0,350,0.20,0.00,0.20,0
09,binary-native-c,32,sqrt,2952,0,317,0.20,0.00,0.20,0
09,posit-software,6,sqrt,67968,0,2280,3.03,0.01,3.04,0
09,mpfr-reference,32,sub,2328,0,311,0.20,0.00,0.20,0
09,universal-posit,6,div,3556,0,354,0.20,0.00,0.20,0
09,posit-software,4096,fma,69928,0,2305,3.02,0.02,3.06,0
09,binary-software,8,div,70472,0,2240,3.13,0.00,3.13,0
09,binary-software,256,mul,69128,0,2294,3.04,0.00,3.04,0
09,binary-native-c,64,fma,3012,0,320,0.19,0.00,0.20,0
09,binary-software,256,add,67812,0,2226,3.04,0.00,3.04,0
09,universal-posit,32,sub,3628,0,355,0.19,0.00,0.20,0
09,cpython-float64,64,mul,11200,0,1570,0.21,0.00,0.21,0
09,binary-native-c,64,sub,2864,0,318,0.20,0.00,0.20,0
09,binary-software,7,sqrt,67748,0,2233,3.01,0.02,3.04,0
09,flocq-reference,7,div,6096,0,961,0.19,0.00,0.19,0
09,mpfr-reference,1024,fma,2504,0,309,0.20,0.00,0.20,0
09,binary-software,128,add,67412,0,2281,3.03,0.00,3.04,0
09,binary-software,6,add,70648,0,2290,3.02,0.01,3.04,0
09,posit-software,256,sqrt,67852,0,2264,3.04,0.00,3.04,0
09,posit-software,16,add,71220,0,2226,3.02,0.01,3.04,0
09,flocq-reference,2048,mul,6324,0,996,0.27,0.00,0.27,0
09,binary-software,4,div,67948,0,2279,3.03,0.01,3.04,0
09,posit-software,2,sub,68196,0,2228,3.05,0.00,3.05,0
09,binary-software,6,sqrt,67392,0,2231,3.03,0.00,3.05,0
09,posit-software,32,fma,67688,0,2228,3.03,0.00,3.04,0
09,flocq-reference,7,mul,6092,0,959,0.18,0.01,0.19,0
09,binary-software,8,mul,68948,0,2222,3.12,0.01,3.13,0
09,flocq-reference,4096,fma,6468,0,1020,0.44,0.00,0.45,0
09,flocq-reference,7,add,6184,0,962,0.18,0.01,0.19,0
09,flocq-reference,2048,sqrt,6312,0,988,0.67,0.00,0.67,0
09,flocq-reference,64,div,6200,0,958,0.19,0.00,0.20,0
09,posit-software,4,sub,69700,0,2216,3.03,0.00,3.04,0
09,mpfr-reference,4,div,2336,0,309,0.20,0.00,0.20,0
09,binary-software,128,sqrt,70404,0,2235,3.04,0.00,3.04,0
09,posit-software,7,div,69700,0,2269,3.06,0.00,3.06,0
09,mpfr-reference,16,add,2452,0,311,0.20,0.00,0.20,0
09,posit-software,5,fma,67864,0,2230,3.03,0.00,3.03,0
09,flocq-reference,128,fma,6180,0,971,0.20,0.00,0.20,0
09,mpfr-reference,128,sqrt,2392,0,310,0.20,0.00,0.20,0
09,mpfr-reference,64,mul,2360,0,308,0.20,0.00,0.20,0
09,flocq-reference,128,div,6112,0,965,0.20,0.00,0.20,0
09,mpfr-reference,6,mul,2468,0,308,0.20,0.00,0.20,0
09,universal-posit,2048,mul,3844,0,420,0.26,0.00,0.26,0
09,softfloat-reference,32,mul,2536,0,317,0.20,0.00,0.20,0
09,flocq-reference,6,div,6088,0,959,0.18,0.01,0.19,0
09,posit-software,8,sub,69640,0,2214,3.15,0.00,3.15,0
09,binary-native-c,32,sub,2904,0,319,0.20,0.00,0.20,0
09,posit-software,2048,sub,70916,0,2278,3.04,0.00,3.04,0
09,mpfr-reference,256,mul,2436,0,308,0.19,0.00,0.19,0
09,mpfr-reference,8,sqrt,2612,0,314,0.20,0.00,0.20,0
09,flocq-reference,4096,sqrt,6356,0,1000,2.59,0.00,2.59,0
09,binary-software,1024,sub,69060,0,2292,3.03,0.00,3.04,0
09,flocq-reference,512,sub,6252,0,976,0.20,0.01,0.21,0
09,softfloat-reference,32,div,2548,0,311,0.20,0.00,0.20,0
09,universal-posit,6,sub,3556,0,355,0.18,0.00,0.19,0
09,universal-posit,32,sqrt,3744,0,357,0.20,0.00,0.20,0
09,mpfr-reference,5,div,2448,0,312,0.20,0.00,0.20,0
09,binary-software,6,sub,70156,0,2302,3.03,0.01,3.04,0
09,softfloat-reference,64,sub,2616,0,311,0.20,0.00,0.20,0
09,universal-posit,256,fma,3608,0,364,0.20,0.00,0.20,0
09,posit-software,2,sqrt,70968,0,2276,3.02,0.00,3.04,0
09,binary-native-c,64,add,2864,0,317,0.20,0.00,0.20,0
09,universal-posit,4096,div,4112,0,486,2.85,0.00,2.86,0
09,binary-software,1024,mul,70468,0,2237,3.00,0.02,3.04,0
09,mpfr-reference,1024,add,2464,0,310,0.20,0.00,0.20,0
09,posit-software,7,fma,70836,0,2236,3.09,0.00,3.09,0
09,posit-software,2,add,68148,0,2286,3.02,0.00,3.03,0
09,cpython-float64,64,div,11160,0,1573,0.22,0.00,0.22,0
09,flocq-reference,2048,fma,6376,0,997,0.26,0.00,0.27,0
09,mpfr-reference,128,fma,2496,0,316,0.19,0.00,0.19,0
09,binary-software,6,fma,69948,0,2276,3.45,0.01,3.48,0
09,posit-software,1024,sqrt,69232,0,2300,3.04,0.00,3.04,0
09,binary-software,4096,sub,67816,0,2286,3.03,0.00,3.04,0
09,mpfr-reference,4096,add,2592,0,318,0.19,0.00,0.20,0
09,posit-software,512,mul,71120,0,2313,3.02,0.01,3.04,0
09,flocq-reference,4,mul,6084,0,960,0.17,0.00,0.18,0
09,posit-software,7,sub,70972,0,2237,3.06,0.00,3.06,0
09,binary-software,4,mul,67412,0,2278,3.03,0.00,3.04,0
09,softfloat-reference,32,add,2572,0,308,0.20,0.00,0.20,0
09,mpfr-reference,5,add,2456,0,309,0.20,0.00,0.20,0
09,posit-software,5,div,67572,0,2287,3.02,0.00,3.04,0
09,posit-software,5,add,67464,0,2283,3.03,0.01,3.04,0
09,mpfr-reference,4,fma,2500,0,306,0.19,0.00,0.20,0
09,mpfr-reference,16,sqrt,2564,0,312,0.20,0.00,0.20,0
09,mpfr-reference,2048,mul,2624,0,311,0.19,0.00,0.20,0
09,mpfr-reference,4096,div,2424,0,316,0.20,0.00,0.20,0
09,mpfr-reference,7,sub,2400,0,312,0.20,0.00,0.20,0
09,binary-software,5,sub,68560,0,2282,3.03,0.00,3.05,0
09,posit-software,7,mul,72036,0,2282,3.04,0.02,3.06,0
09,flocq-reference,1024,div,6172,0,980,0.23,0.00,0.23,0
09,softfloat-reference,64,add,2532,0,312,0.19,0.00,0.20,0
09,mpfr-reference,128,mul,2552,0,306,0.20,0.00,0.20,0
09,softfloat-reference,32,fma,2608,0,313,0.20,0.00,0.20,0
09,posit-software,7,sqrt,67656,0,2277,3.03,0.00,3.04,0
09,binary-native-c,32,add,2596,0,315,0.20,0.00,0.20,0
09,universal-posit,5,mul,3708,0,352,0.20,0.00,0.20,0
09,mpfr-reference,8,fma,2560,0,311,0.20,0.00,0.20,0
09,universal-posit,256,div,3548,0,359,0.19,0.00,0.20,0
09,universal-posit,7,mul,3624,0,354,0.20,0.00,0.20,0
09,posit-software,64,div,67616,0,2283,3.02,0.00,3.03,0
09,binary-software,2048,mul,67340,0,2227,3.04,0.00,3.04,0
09,binary-software,4,add,69776,0,2298,3.04,0.00,3.04,0
09,flocq-reference,7,fma,6092,0,958,0.18,0.00,0.19,0
09,universal-posit,64,fma,3620,0,356,0.19,0.00,0.20,0
09,binary-software,256,fma,70796,0,2300,3.04,0.00,3.05,0
09,flocq-reference,128,sub,6132,0,969,0.20,0.00,0.20,0
09,flocq-reference,64,mul,6168,0,970,0.20,0.00,0.20,0
09,posit-software,32,add,71268,0,2227,3.03,0.00,3.04,0
09,flocq-reference,4096,mul,6416,0,1021,0.44,0.00,0.45,0
09,flocq-reference,5,fma,6096,0,958,0.19,0.00,0.19,0
09,posit-software,8,div,69124,0,2242,3.14,0.00,3.15,0
09,mpfr-reference,2048,fma,2688,0,313,0.20,0.00,0.20,0
09,binary-software,32,mul,72040,0,2222,3.02,0.00,3.04,0
09,binary-software,256,sqrt,69040,0,2240,3.04,0.01,3.05,0
09,posit-software,5,sub,68020,0,2219,3.02,0.01,3.05,0
09,flocq-reference,256,sqrt,6220,0,968,0.22,0.00,0.22,0
09,universal-posit,512,fma,3708,0,369,0.20,0.00,0.20,0
09,posit-software,16,sub,71072,0,2293,3.02,0.00,3.04,0
09,posit-software,128,sqrt,71372,0,2259,3.03,0.00,3.04,0
09,binary-software,6,mul,70664,0,2243,3.02,0.00,3.04,0
09,posit-software,8,mul,70524,0,2240,3.11,0.00,3.12,0
09,mpfr-reference,16,fma,2460,0,309,0.19,0.00,0.20,0
09,flocq-reference,512,add,6216,0,981,0.21,0.00,0.21,0
09,softfloat-reference,32,sqrt,2536,0,309,0.20,0.00,0.20,0
09,universal-posit,16,sqrt,3680,0,349,0.20,0.00,0.20,0
09,flocq-reference,32,add,6104,0,961,0.20,0.00,0.20,0
09,mpfr-reference,64,fma,2564,0,309,0.20,0.00,0.20,0
09,mpfr-reference,7,fma,2408,0,315,0.19,0.00,0.20,0
09,flocq-reference,4096,add,6248,0,998,0.45,0.00,0.45,0
09,flocq-reference,64,sqrt,6272,0,966,0.19,0.00,0.20,0
09,posit-software,64,sub,71264,0,2279,3.03,0.00,3.04,0
09,binary-software,256,div,68108,0,2230,3.03,0.00,3.04,0
09,mpfr-reference,64,div,2608,0,311,0.20,0.00,0.20,0
09,posit-software,64,fma,68348,0,2220,3.02,0.01,3.04,0
09,flocq-reference,32,fma,6168,0,962,0.19,0.00,0.19,0
09,mpfr-reference,16,sub,2440,0,309,0.19,0.00,0.20,0
09,universal-posit,128,sub,3636,0,357,0.20,0.00,0.20,0
09,mpfr-reference,5,mul,2576,0,308,0.20,0.00,0.20,0
09,universal-posit,7,fma,3624,0,357,0.19,0.00,0.20,0
09,softfloat-reference,64,sqrt,2548,0,312,0.19,0.00,0.20,0
09,binary-software,16,add,72036,0,2277,3.03,0.00,3.04,0
09,mpfr-reference,4096,sub,2596,0,315,0.20,0.00,0.20,0
09,universal-posit,1024,div,3732,0,392,0.36,0.00,0.36,0
09,posit-software,64,add,71140,0,2222,3.04,0.00,3.04,0
09,posit-software,256,sub,68216,0,2220,3.02,0.01,3.04,0
09,posit-software,4096,div,67716,0,2280,3.04,0.01,3.05,0
09,mpfr-reference,4096,mul,2660,0,318,0.20,0.00,0.20,0
09,posit-software,64,mul,67816,0,2285,3.03,0.00,3.03,0
09,flocq-reference,1024,mul,6216,0,985,0.22,0.00,0.22,0
09,binary-native-c,64,mul,2900,0,318,0.20,0.00,0.20,0
09,softfloat-reference,32,sub,2576,0,314,0.20,0.00,0.20,0
09,flocq-reference,4,add,6172,0,965,0.19,0.00,0.19,0
09,posit-software,2,fma,67640,0,2225,3.03,0.00,3.03,0
09,posit-software,4096,sub,69140,0,2297,3.02,0.00,3.03,0
09,posit-software,3,div,71972,0,2278,3.03,0.00,3.03,0
09,flocq-reference,4,sqrt,6100,0,960,0.18,0.00,0.18,0
09,posit-software,4,mul,67704,0,2281,3.03,0.01,3.04,0
09,mpfr-reference,32,mul,2328,0,309,0.20,0.00,0.20,0
09,universal-posit,256,add,3676,0,362,0.19,0.00,0.19,0
09,mpfr-reference,512,div,2500,0,311,0.20,0.00,0.20,0
09,mpfr-reference,64,add,2496,0,309,0.20,0.00,0.20,0
09,binary-software,512,sqrt,68988,0,2277,3.03,0.00,3.05,0
09,universal-posit,16,add,3760,0,359,0.20,0.00,0.20,0
09,universal-posit,4096,sub,4064,0,491,0.21,0.00,0.21,0
09,mpfr-reference,256,div,2428,0,311,0.20,0.00,0.20,0
09,mpfr-reference,4096,sqrt,2516,0,317,0.20,0.00,0.20,0
09,posit-software,32,div,71248,0,2289,3.04,0.00,3.04,0
09,universal-posit,1024,fma,3892,0,385,0.22,0.00,0.22,0
09,mpfr-reference,7,sqrt,2404,0,307,0.20,0.00,0.20,0
09,binary-software,7,add,69976,0,2246,3.04,0.01,3.07,0
09,universal-posit,7,sqrt,3680,0,351,0.19,0.00,0.19,0
09,mpfr-reference,32,div,2388,0,306,0.19,0.00,0.19,0
09,mpfr-reference,7,div,2464,0,311,0.20,0.00,0.20,0
09,mpfr-reference,256,sqrt,2536,0,310,0.19,0.00,0.20,0
09,flocq-reference,1024,sub,6240,0,979,0.22,0.00,0.22,0
09,flocq-reference,4,fma,6060,0,962,0.19,0.00,0.19,0
09,binary-software,16,mul,69084,0,2238,3.04,0.00,3.04,0
09,universal-posit,16,div,3628,0,354,0.20,0.00,0.20,0
09,flocq-reference,512,mul,6260,0,979,0.20,0.00,0.21,0
09,flocq-reference,8,mul,6092,0,961,0.19,0.00,0.19,0
09,mpfr-reference,4,sqrt,2600,0,314,0.20,0.00,0.20,0
09,mpfr-reference,256,add,2612,0,308,0.19,0.00,0.20,0
09,flocq-reference,8,div,6048,0,957,0.19,0.00,0.19,0
09,flocq-reference,32,mul,6164,0,960,0.19,0.00,0.20,0
09,mpfr-reference,5,sub,2280,0,309,0.19,0.00,0.20,0
09,flocq-reference,32,div,6116,0,962,0.21,0.00,0.22,0
09,mpfr-reference,4,mul,2340,0,312,0.20,0.00,0.20,0
09,flocq-reference,2048,sub,6344,0,989,0.28,0.00,0.28,0
09,mpfr-reference,256,fma,2460,0,310,0.20,0.00,0.20,0
09,posit-software,6,add,67756,0,2230,3.03,0.00,3.04,0
09,flocq-reference,128,mul,6188,0,975,0.20,0.00,0.20,0
09,mpfr-reference,32,fma,2556,0,309,0.20,0.00,0.20,0
09,posit-software,6,fma,67780,0,2291,3.03,0.00,3.03,0
09,flocq-reference,6,mul,6040,0,960,0.18,0.00,0.18,0
09,posit-software,512,sqrt,67360,0,2223,3.02,0.00,3.03,0
09,binary-software,64,sub,67392,0,2281,3.03,0.00,3.04,0
09,flocq-reference,32,sub,6008,0,955,0.20,0.00,0.20,0
09,universal-posit,8,div,3616,0,350,0.20,0.00,0.20,0
09,binary-software,4096,div,72024,0,2228,3.03,0.00,3.04,0
09,mpfr-reference,4,add,2380,0,310,0.19,0.00,0.20,0
09,binary-software,8,add,71312,0,2233,3.13,0.00,3.13,0
09,flocq-reference,5,mul,6068,0,961,0.18,0.00,0.18,0
09,universal-posit,6,sqrt,3688,0,354,0.19,0.00,0.19,0
09,flocq-reference,32,sqrt,6040,0,961,0.20,0.00,0.20,0
09,binary-software,32,add,67956,0,2267,3.03,0.01,3.04,0
09,flocq-reference,128,add,6208,0,970,0.19,0.00,0.19,0
09,universal-posit,32,mul,3628,0,353,0.19,0.00,0.19,0
09,mpfr-reference,64,sqrt,2484,0,312,0.20,0.00,0.20,0
09,binary-software,4096,mul,67416,0,2225,3.00,0.02,3.04,0
09,binary-software,5,sqrt,67712,0,2282,3.03,0.00,3.05,0
09,mpfr-reference,1024,sqrt,2508,0,316,0.20,0.00,0.20,0
09,universal-posit,4096,add,4088,0,488,0.20,0.00,0.21,0
09,binary-software,8,sub,67788,0,2232,3.07,0.00,3.08,0
09,universal-posit,7,add,3604,0,347,0.19,0.00,0.20,0
09,universal-posit,4096,fma,4012,0,482,0.44,0.00,0.45,0
09,binary-software,64,sqrt,69124,0,2295,3.04,0.00,3.04,0
09,binary-software,4096,add,71220,0,2277,3.02,0.00,3.03,0
09,flocq-reference,64,add,6072,0,959,0.20,0.00,0.20,0
09,universal-posit,64,sub,3644,0,355,0.20,0.00,0.20,0
09,mpfr-reference,7,add,2460,0,307,0.20,0.00,0.20,0
09,posit-software,7,add,69008,0,2274,3.06,0.00,3.06,0
09,binary-software,7,mul,69712,0,2244,3.06,0.00,3.06,0
09,binary-software,32,fma,67360,0,2221,3.04,0.00,3.04,0
09,posit-software,2048,mul,68968,0,2220,3.04,0.00,3.04,0
09,flocq-reference,6,sub,6064,0,957,0.17,0.00,0.18,0
09,binary-software,16,div,67452,0,2228,3.03,0.00,3.04,0
09,mpfr-reference,32,sqrt,2524,0,313,0.20,0.00,0.20,0
09,binary-software,128,sub,72032,0,2221,3.04,0.00,3.04,0
09,mpfr-reference,512,fma,2564,0,309,0.20,0.00,0.20,0
09,binary-native-c,64,sqrt,2612,0,315,0.20,0.00,0.20,0
09,binary-software,2048,fma,69868,0,2275,3.02,0.00,3.03,0
09,mpfr-reference,512,mul,2432,0,309,0.19,0.00,0.20,0
09,binary-software,128,div,69704,0,2213,3.04,0.00,3.04,0
09,flocq-reference,8,fma,6012,0,957,0.18,0.00,0.19,0
09,posit-software,16,sqrt,67540,0,2283,3.04,0.00,3.04,0
09,mpfr-reference,2048,sqrt,2700,0,318,0.20,0.00,0.20,0
09,mpfr-reference,32,add,2460,0,311,0.20,0.00,0.20,0
09,universal-posit,6,mul,3716,0,349,0.20,0.00,0.20,0
09,flocq-reference,4,div,6120,0,960,0.18,0.00,0.18,0
09,posit-software,32,sqrt,67576,0,2279,3.03,0.01,3.04,0
09,flocq-reference,128,sqrt,6296,0,974,0.20,0.00,0.21,0
09,universal-posit,1024,add,3892,0,386,0.19,0.00,0.20,0
09,posit-software,2048,div,69128,0,2294,3.00,0.02,3.04,0
09,flocq-reference,1024,add,6204,0,981,0.22,0.00,0.22,0
09,binary-software,16,fma,67984,0,2226,3.04,0.00,3.04,0
09,universal-posit,5,add,3708,0,356,0.20,0.00,0.20,0
09,posit-software,3,add,67664,0,2230,3.02,0.01,3.04,0
09,mpfr-reference,2048,add,2452,0,316,0.20,0.00,0.20,0
09,mpfr-reference,6,sub,2328,0,309,0.19,0.00,0.20,0
09,posit-software,8,fma,67580,0,2229,3.04,0.00,3.04,0
09,posit-software,256,fma,71320,0,2312,3.04,0.01,3.05,0
09,posit-software,6,sub,70768,0,2289,3.02,0.01,3.05,0
09,universal-posit,5,fma,3712,0,357,0.19,0.00,0.20,0
09,universal-posit,256,sub,3656,0,357,0.20,0.00,0.20,0
09,flocq-reference,5,add,6108,0,961,0.19,0.00,0.19,0
09,posit-software,512,add,68136,0,2284,3.03,0.00,3.04,0
09,flocq-reference,16,sqrt,6048,0,962,0.19,0.00,0.20,0
09,posit-software,32,mul,68992,0,2274,3.04,0.00,3.04,0
09,flocq-reference,4,sub,6072,0,960,0.18,0.00,0.18,0
09,universal-posit,4096,mul,4072,0,488,0.43,0.00,0.43,0
09,universal-posit,256,mul,3640,0,361,0.20,0.00,0.20,0
09,mpfr-reference,4096,fma,2492,0,317,0.20,0.00,0.20,0
09,binary-software,2048,sqrt,68024,0,2269,3.12,0.01,3.14,0
09,posit-software,16,fma,68992,0,2274,3.03,0.00,3.03,0
09,binary-software,1024,fma,67724,0,2286,3.04,0.00,3.04,0
09,binary-software,5,div,67744,0,2228,3.03,0.00,3.04,0
09,binary-software,64,div,67932,0,2286,3.03,0.00,3.04,0
09,binary-software,2048,div,71040,0,2293,3.04,0.00,3.04,0
09,flocq-reference,64,fma,6204,0,967,0.19,0.00,0.20,0
09,binary-software,8,fma,70664,0,2297,3.03,0.00,3.04,0
09,universal-posit,5,div,3576,0,357,0.20,0.00,0.20,0
09,universal-posit,32,add,3680,0,358,0.20,0.00,0.20,0
09,posit-software,2,mul,71028,0,2219,3.02,0.00,3.03,0
09,flocq-reference,256,sub,6156,0,973,0.20,0.00,0.20,0
09,universal-posit,8,mul,3684,0,356,0.20,0.00,0.20,0
09,universal-posit,8,sub,3556,0,354,0.19,0.00,0.19,0
09,binary-software,2048,sub,67476,0,2282,3.03,0.01,3.04,0
09,mpfr-reference,64,sub,2452,0,307,0.20,0.00,0.20,0
09,universal-posit,32,fma,3748,0,358,0.20,0.00,0.20,0
09,posit-software,5,sqrt,69948,0,2246,3.04,0.00,3.04,0
09,universal-posit,5,sqrt,3676,0,354,0.20,0.00,0.20,0
09,mpfr-reference,128,add,2312,0,304,0.20,0.00,0.20,0
09,universal-posit,512,mul,3812,0,372,0.19,0.00,0.20,0
09,binary-software,4,sub,68316,0,2273,3.02,0.00,3.04,0
09,universal-posit,2048,sub,3904,0,418,0.20,0.00,0.20,0
09,flocq-reference,8,sqrt,6100,0,964,0.18,0.00,0.19,0
09,mpfr-reference,8,sub,2268,0,304,0.20,0.00,0.20,0
09,flocq-reference,5,sqrt,6084,0,960,0.19,0.00,0.19,0
09,flocq-reference,16,add,6092,0,954,0.18,0.00,0.19,0
09,universal-posit,2048,add,3804,0,422,0.19,0.00,0.20,0
09,posit-software,16,div,70956,0,2240,3.02,0.00,3.04,0
09,mpfr-reference,5,fma,2396,0,310,0.20,0.00,0.20,0
09,posit-software,2,div,68200,0,2284,3.04,0.00,3.04,0
09,binary-native-c,32,mul,2948,0,321,0.19,0.00,0.20,0
09,mpfr-reference,6,add,2308,0,303,0.20,0.00,0.20,0
09,universal-posit,512,add,3812,0,373,0.20,0.00,0.20,0
09,binary-software,4,fma,71476,0,2286,3.01,0.00,3.01,0
09,posit-software,8,sqrt,69652,0,2265,3.03,0.00,3.04,0
09,binary-software,5,add,68288,0,2274,3.03,0.02,3.05,0
09,binary-software,2048,add,71956,0,2224,3.04,0.00,3.04,0
09,softfloat-reference,64,fma,2308,0,305,0.19,0.00,0.20,0
09,universal-posit,2048,fma,3808,0,424,0.25,0.00,0.25,0
09,binary-software,7,sub,70648,0,2248,3.05,0.00,3.06,0
09,flocq-reference,2048,div,6312,0,987,0.27,0.00,0.27,0
09,flocq-reference,256,add,6204,0,972,0.20,0.00,0.20,0
09,binary-software,8,sqrt,67712,0,2284,3.02,0.00,3.03,0
09,flocq-reference,7,sub,6160,0,959,0.19,0.00,0.19,0
09,binary-software,512,mul,67740,0,2230,3.02,0.01,3.04,0
09,posit-software,256,div,70576,0,2266,3.02,0.00,3.04,0
09,binary-software,512,fma,71208,0,2292,2.99,0.00,2.99,0
09,mpfr-reference,1024,mul,2536,0,312,0.19,0.00,0.20,0
09,universal-posit,7,sub,3612,0,353,0.19,0.00,0.19,0
09,flocq-reference,4096,div,6312,0,1001,0.45,0.00,0.45,0
09,binary-software,4096,fma,67756,0,2292,3.02,0.01,3.04,0
09,posit-software,64,sqrt,69156,0,2279,3.04,0.00,3.05,0
09,flocq-reference,8,sub,6164,0,961,0.19,0.00,0.19,0
09,flocq-reference,16,div,6112,0,958,0.18,0.00,0.19,0
09,posit-software,1024,add,67900,0,2224,3.03,0.00,3.04,0
09,binary-software,6,div,68120,0,2218,3.03,0.00,3.04,0
09,posit-software,4,div,69008,0,2220,3.02,0.00,3.03,0
09,posit-software,6,mul,67784,0,2283,3.03,0.00,3.04,0
09,universal-posit,8,sqrt,3676,0,351,0.20,0.00,0.20,0
09,posit-software,128,sub,67640,0,2286,3.03,0.01,3.04,0
09,posit-software,512,fma,71232,0,2307,3.00,0.01,3.02,0
09,universal-posit,64,add,3640,0,356,0.20,0.00,0.20,0
09,flocq-reference,2048,add,6292,0,989,0.27,0.00,0.28,0
09,binary-software,1024,add,71036,0,2219,3.04,0.00,3.05,0
09,binary-software,512,add,71284,0,2285,3.04,0.00,3.04,0
09,binary-software,128,fma,70836,0,2236,3.04,0.00,3.04,0
09,flocq-reference,16,mul,6176,0,961,0.20,0.00,0.20,0
09,posit-software,3,fma,67876,0,2283,3.03,0.01,3.04,0
09,binary-software,32,div,68924,0,2292,3.03,0.01,3.04,0
09,binary-software,4096,sqrt,69968,0,2247,3.13,0.00,3.13,0
09,softfloat-reference,64,div,2272,0,305,0.20,0.00,0.20,0
09,flocq-reference,512,sqrt,6256,0,971,0.33,0.00,0.33,0
09,universal-posit,16,sub,3756,0,356,0.19,0.01,0.20,0
09,flocq-reference,5,sub,6148,0,958,0.17,0.00,0.18,0
09,universal-posit,2048,div,3800,0,418,0.84,0.00,0.84,0
09,mpfr-reference,2048,div,2388,0,307,0.19,0.00,0.20,0
09,binary-software,1024,div,68196,0,2290,3.04,0.00,3.04,0
09,posit-software,16,mul,68176,0,2217,3.04,0.00,3.04,0
09,binary-native-c,64,div,2960,0,316,0.20,0.00,0.20,0
09,posit-software,8,add,70972,0,2286,3.13,0.01,3.15,0
09,mpfr-reference,1024,sub,2316,0,310,0.18,0.00,0.19,0
09,mpfr-reference,16,mul,2492,0,308,0.19,0.00,0.20,0
09,universal-posit,128,fma,3744,0,356,0.20,0.00,0.20,0
09,posit-software,1024,div,69656,0,2269,3.04,0.00,3.04,0
09,posit-software,1024,sub,70560,0,2298,3.03,0.01,3.04,0
09,binary-software,64,fma,71204,0,2281,3.03,0.00,3.04,0
09,flocq-reference,64,sub,6176,0,959,0.19,0.01,0.20,0
09,mpfr-reference,6,div,2504,0,315,0.20,0.00,0.20,0
09,universal-posit,7,div,3624,0,353,0.19,0.00,0.20,0
09,flocq-reference,8,add,6056,0,960,0.19,0.00,0.19,0
09,mpfr-reference,512,sqrt,2632,0,311,0.20,0.00,0.20,0
09,universal-posit,128,div,3632,0,353,0.20,0.00,0.20,0
09,universal-posit,16,fma,3636,0,355,0.20,0.00,0.20,0
09,binary-software,512,div,69128,0,2280,3.03,0.00,3.04,0
09,flocq-reference,5,div,6204,0,960,0.19,0.00,0.19,0
09,mpfr-reference,6,fma,2452,0,309,0.19,0.00,0.20,0
09,mpfr-reference,2048,sub,2280,0,309,0.19,0.00,0.19,0
09,binary-software,1024,sqrt,69072,0,2282,3.05,0.00,3.05,0
09,cpython-float64,64,sub,11204,0,1572,0.20,0.00,0.21,0
09,flocq-reference,512,div,6268,0,980,0.21,0.00,0.21,0
09,mpfr-reference,1024,div,2620,0,311,0.20,0.00,0.20,0
09,universal-posit,128,add,3640,0,358,0.19,0.00,0.20,0
09,binary-software,512,sub,67764,0,2280,3.03,0.00,3.04,0
09,binary-software,128,mul,71152,0,2279,3.03,0.00,3.03,0
09,flocq-reference,6,fma,6044,0,961,0.19,0.00,0.19,0
09,binary-software,64,mul,72056,0,2224,3.03,0.00,3.04,0
09,posit-software,512,sub,71272,0,2311,3.03,0.00,3.04,0
09,mpfr-reference,7,mul,2492,0,308,0.20,0.00,0.20,0
09,posit-software,128,mul,67884,0,2283,3.04,0.00,3.04,0
09,posit-software,4,fma,70096,0,2245,3.01,0.02,3.04,0
09,binary-software,16,sqrt,70608,0,2299,3.03,0.00,3.04,0
09,posit-software,256,mul,68268,0,2300,3.02,0.02,3.04,0
09,posit-software,3,mul,67884,0,2281,3.03,0.00,3.04,0
09,universal-posit,6,fma,3604,0,349,0.19,0.00,0.20,0
09,flocq-reference,6,sqrt,5976,0,957,0.19,0.00,0.19,0
09,posit-software,128,div,71060,0,2227,3.03,0.01,3.04,0
09,flocq-reference,1024,sqrt,6188,0,981,0.40,0.00,0.40,0
09,flocq-reference,7,sqrt,6116,0,959,0.19,0.00,0.19,0
09,universal-posit,128,mul,3736,0,356,0.20,0.00,0.20,0
09,posit-software,4,sqrt,69948,0,2243,3.03,0.00,3.04,0
09,flocq-reference,256,fma,6184,0,973,0.19,0.00,0.20,0
09,universal-posit,512,sub,3708,0,371,0.19,0.00,0.20,0
