path	bytes	sha256
benchmark/MANIFEST.tsv	521682	8ee0f9d299aba0fafa939da81f80fc2bf3edf273aac8cdd1d04f2c58351d0765
benchmark/calibration/pilot-binary-native-c-32-add.csv	402	1001bbeeae3904522f0a7ae7a8eacbb42b355662238c2fe53620735a1547287e
benchmark/calibration/pilot-binary-native-c-32-div.csv	403	6404f6a8f91528d8b22dc72a1e670de0fd8e8ec2a62acee4e7faf11b22c35150
benchmark/calibration/pilot-binary-native-c-32-fma.csv	404	c1f0af5f22e6fa67c328a762ea2f8839ff89dfdc561e6b4b6a7f063bb1202fae
benchmark/calibration/pilot-binary-native-c-32-mul.csv	403	9e4d483223a91918f9506f0e33b2496f8d023ced4d36ca8af52d558941db961b
benchmark/calibration/pilot-binary-native-c-32-sqrt.csv	405	39bc732f79d8ed2a83297d5e6fef8dc9cd047e8978df910ae08398180c7e6144
benchmark/calibration/pilot-binary-native-c-32-sub.csv	402	99aeb92d12398f119fc799a8f8229cf70432d76f016baf79587cced96a1b73fa
benchmark/calibration/pilot-binary-native-c-64-add.csv	404	a32f35015c1c762e5ac6652be659efc077be76652a5a7180c41679f695ef6bef
benchmark/calibration/pilot-binary-native-c-64-div.csv	406	adec24dbaec25b87f9789b2efbf7a409b823b6b0a809c59e3b4dbf0f280c3469
benchmark/calibration/pilot-binary-native-c-64-fma.csv	404	577d7eeeb03609ec13bde9b6301f0801ed5505ea88d1befa795edbe8cfc447e4
benchmark/calibration/pilot-binary-native-c-64-mul.csv	405	86b799f2b638d0c0f5dd0e88b6a1b70d20968b21d99698252acffb27f7b32384
benchmark/calibration/pilot-binary-native-c-64-sqrt.csv	406	ba77999c4f1fa756e3ac331c05dac06fbefe03b74eb6deed546c9d7ed73a31d7
benchmark/calibration/pilot-binary-native-c-64-sub.csv	404	69674111df6e9d1ba00608b6978522aefe11ff856d7aa749d2534df7f45511c6
benchmark/calibration/pilot-binary-software-1024-add.csv	449	6266c78e98e812669d4f221dc07f9d15266f6809ae5b40e8c431ebfac1ad6348
benchmark/calibration/pilot-binary-software-1024-div.csv	447	fa32d818027438eb9e2c7a4aa1d1381a9a1b809a0a1f2ed11644a376a97c050a
benchmark/calibration/pilot-binary-software-1024-fma.csv	459	dcef91e99a5ce298a62d39e68bb7a02b0d5791c4fc69682ee32febe3ebca93cf
benchmark/calibration/pilot-binary-software-1024-mul.csv	454	da6f5dc8324088e999a839ef0bbcb3d23b274319b55b819cb600f746becc0183
benchmark/calibration/pilot-binary-software-1024-sqrt.csv	453	1190277855e74fd4009f90ab2d53bc58ba8ff70b442fe4fc49696979506ffff8
benchmark/calibration/pilot-binary-software-1024-sub.csv	451	9d3646b3aa0017ee4fca115a2dad556d8d58713786e9ae4f9bf109d06114c838
benchmark/calibration/pilot-binary-software-128-add.csv	435	1ce73e4290d91704f5305c1474a48c7055a5d0d92dd12e3690ee84fe2113efd5
benchmark/calibration/pilot-binary-software-128-div.csv	439	d5c22aa73b1a861e385256b44beb7d54c02a1d442c1ed19f82be9ffecd014a24
benchmark/calibration/pilot-binary-software-128-fma.csv	445	085dcc1ef7a4fdf5e46307a9f6df3bb41ee76df5231e1b9678cce656302dd212
benchmark/calibration/pilot-binary-software-128-mul.csv	441	4ca2bc289e7af4a0a974e1f913c6cdff1fd1e6e2c1ef7d8b65a79447fbf154d8
benchmark/calibration/pilot-binary-software-128-sqrt.csv	443	0bad4b8c6eec2b793174dd829110920a152f8e660614ce7360ac327a5804b8e6
benchmark/calibration/pilot-binary-software-128-sub.csv	441	992f4872872b7203c72585f865ec2c5b9c03d65207211b6f09d9c2e091cbdfa3
benchmark/calibration/pilot-binary-software-16-add.csv	438	0e9102c4b26c5be28f0893bbaffd1c5c5392701e8308825917a5e4238e304c8b
benchmark/calibration/pilot-binary-software-16-div.csv	440	81414add058415aa144c1669fc93fadfc5ce22a0eba83d0f2d3dfdbd5b4ae4cd
benchmark/calibration/pilot-binary-software-16-fma.csv	448	b09d8c92c1b7029ee704a6299d874036ac374d151c4183e0c8129e7f8c44563f
benchmark/calibration/pilot-binary-software-16-mul.csv	443	afce5b9e6f361dae5a9252911f710a2e2f4969db5154e13d4ec652fd3da6926b
benchmark/calibration/pilot-binary-software-16-sqrt.csv	445	d6f186107c3c2528a2b16409e7fe1f74c2a8ebdceb176c0ad8d6ebf9e7dcde7f
benchmark/calibration/pilot-binary-software-16-sub.csv	441	c92f400528d3f63db8b47f643c2c7ad40ae882f27270fd30815836eee68abb29
benchmark/calibration/pilot-binary-software-2048-add.csv	449	088d5a3d76e05e243e211cc0d5ca6d0e6c7ca8f118b37b0d2ae474dd89fffce7
benchmark/calibration/pilot-binary-software-2048-div.csv	449	f40253058fe6b949429f3f908c7bef89508023fe640e60a55db5bdc44ca7d205
benchmark/calibration/pilot-binary-software-2048-fma.csv	458	5e3924f9300c4af8939073e263e64eba1deacc6b994f3c92f2a2736fd588ff95
benchmark/calibration/pilot-binary-software-2048-mul.csv	454	f549c0082a3df5791282ad1305516b05ea113db7fe6f9ee0349bab9d5d040387
benchmark/calibration/pilot-binary-software-2048-sqrt.csv	452	91d72bcfdea5cbe080e11009976abeda71358ff0f2de738616cd28d2e78a9c3e
benchmark/calibration/pilot-binary-software-2048-sub.csv	450	dcb275c5f4cee31819ffc34f49e7dc69f28d1925dd4aa56db261a9ce49d6252b
benchmark/calibration/pilot-binary-software-256-add.csv	448	4d3b114613c6890993b150e67d64756ac41db0d898b75fcdd41bc70f119b9876
benchmark/calibration/pilot-binary-software-256-div.csv	445	1a00139a83ac4f3df3326efa83cecd9b6aaf7c1bb53f6b83d99ecaef280cdd76
benchmark/calibration/pilot-binary-software-256-fma.csv	457	0dc680ffbb2dd367e5cd26884ffceab2d2bd7c7909baddb9211b3f520cb4e9d0
benchmark/calibration/pilot-binary-software-256-mul.csv	454	e78db8e1d66fd7c595be2b18be49f55fb2354d2d517b9f5d0ce08501d12d61fc
benchmark/calibration/pilot-binary-software-256-sqrt.csv	452	5339c8488d8cd7e7d805b361ca06c27dc6c9dd186c30d7525bb1af41ed2a3266
benchmark/calibration/pilot-binary-software-256-sub.csv	451	6fd16bf929e42ffd226e606e649ed703454c1c02b023a8f1187fd4e2452db5bf
benchmark/calibration/pilot-binary-software-32-add.csv	418	fa249a30419005631b849f0b80a91532b4a384fa24cc1a60d49baeb311355385
benchmark/calibration/pilot-binary-software-32-div.csv	420	d797485f4c1ba72ceb4b27ca12b139edbd4ea394063c66e63678199aa942d3a7
benchmark/calibration/pilot-binary-software-32-fma.csv	419	ebc3d38d77fed31fef08a508e584ad2221e91cb0ddebfa10fb9f2dc4d12fc428
benchmark/calibration/pilot-binary-software-32-mul.csv	419	c8742bae738dffe1b83e61cfc3628b8e142371315eca14f8b7ffc6279a368150
benchmark/calibration/pilot-binary-software-32-sqrt.csv	420	ff6eadf61e7a3fd5dcb1c8030ab51a1b469fce5086f9c14a15eab8eaa28f623e
benchmark/calibration/pilot-binary-software-32-sub.csv	419	31c2af57007ae63b00cb3b32839b284f3e5c92b709d5ae6afbf4046ca6fbe6c3
benchmark/calibration/pilot-binary-software-4-add.csv	439	bac09273b627305c507007dab9557e74309c4d71dc07e5f582ecccbe109631d6
benchmark/calibration/pilot-binary-software-4-div.csv	439	a5ea26c1a4f2462720050ba4f26ac9b1d12ffa76bd04a958114a27f9f5c385ca
benchmark/calibration/pilot-binary-software-4-fma.csv	450	16fafed31ab0d571ee3476d52fdab93a95efbedf1cbeed5cd7185e3ca4b7c080
benchmark/calibration/pilot-binary-software-4-mul.csv	445	05de098f371a09e95cc3bd7e8fb2eb12b1b9902fa5cbc99c6b9e53f55c3ebc57
benchmark/calibration/pilot-binary-software-4-sqrt.csv	442	3a914361991763c603ba26a50de6e15d135715a325eddcf97a2a73264815f282
benchmark/calibration/pilot-binary-software-4-sub.csv	444	3bf20cb4ea8abb26f1cadc2875a9ad3f7e2fb07e46b2a10530c6bafc0e21ccd9
benchmark/calibration/pilot-binary-software-4096-add.csv	447	7140e441fd171062034811765252eb2063e2643d6005b407f80abdfc5ea99c97
benchmark/calibration/pilot-binary-software-4096-div.csv	447	620e7db2a761f466c9311bb9dca614e039869ef631ae139d494a1b0559080691
benchmark/calibration/pilot-binary-software-4096-fma.csv	455	8838d7f55c55dc66b22bfabf33082152b16860752234e90f494b9f7597a0e5f2
benchmark/calibration/pilot-binary-software-4096-mul.csv	452	dbd656b8c868bc6551d12ec8b66aacd6412b7baecab7ee74ea63fc92c2d86fd6
benchmark/calibration/pilot-binary-software-4096-sqrt.csv	451	e3400275a594c2d4febc76e767e838ebbae2f086dedbaa67b2cc421aabeeb166
benchmark/calibration/pilot-binary-software-4096-sub.csv	451	87485475496c605a9c34f96f60a6a2f23a7c9271e31fac95f17b1b3146c0a561
benchmark/calibration/pilot-binary-software-5-add.csv	440	ab72233ef90c6fbbd9c3d5e7b6609681d9e4acad6f595db55f5e52678dcd2b47
benchmark/calibration/pilot-binary-software-5-div.csv	440	d509ebe28f928886e1fda9e41e9e2bdc319051e8d773579836ac8c9705eb7bb6
benchmark/calibration/pilot-binary-software-5-fma.csv	449	4d82dfac4aff1741aa7e60473741c5ed2b990a584e08c246fddccc1f5228b410
benchmark/calibration/pilot-binary-software-5-mul.csv	444	0545328420e3867a92e9e185a34be79ab01198cee47e220b526c2e73f704689f
benchmark/calibration/pilot-binary-software-5-sqrt.csv	443	b9bbc302e328937af29c23da81da4fc511dbd7f83ab6fcc92dec555f9b40671f
benchmark/calibration/pilot-binary-software-5-sub.csv	441	3e32e4a970c2ffc8de616d7fc937e50227ad2996721b258b6077d02485da707b
benchmark/calibration/pilot-binary-software-512-add.csv	447	056c18d842bfd23a749b82e59cd841eab7d4f516721256fa94a75cd2eb8b9a9c
benchmark/calibration/pilot-binary-software-512-div.csv	445	31490464540acd3328867b52affdd3cb59271c8a9fee098345de278811e347c7
benchmark/calibration/pilot-binary-software-512-fma.csv	456	65a07177e521f2542f1c5b0235ac24051ed66b818d33833c45438ea193995d7f
benchmark/calibration/pilot-binary-software-512-mul.csv	451	50d1d86095e12270c32fe9972a2398d9b5ff4a96595b76aa13b91d6cb055a05d
benchmark/calibration/pilot-binary-software-512-sqrt.csv	453	22a9bb28d344ade1589f1843fa95f186e9893092e2846e93cb4867ae1af675ad
benchmark/calibration/pilot-binary-software-512-sub.csv	450	6d10b8f767ad0ca1e7c60eb01b7d7ddba8cb004e330bd037412a460ad3e2c6f3
benchmark/calibration/pilot-binary-software-6-add.csv	438	969c50043bbcf47c2fc3ec69dac4c4e51ec57c86a232127424401016d298105d
benchmark/calibration/pilot-binary-software-6-div.csv	441	f9b2e3279bf3f5751c8568419252fb91895d0ecc2520a740d4b332cb5d999b56
benchmark/calibration/pilot-binary-software-6-fma.csv	448	471034194963ca4f760d395ed48d92e59c225fbfc7c0ca97ee46efa00a2c5208
benchmark/calibration/pilot-binary-software-6-mul.csv	446	9bb43e1840f49067fd7ab473b6a8a2cac614af0a90dad9e11c44cacef30fb6c8
benchmark/calibration/pilot-binary-software-6-sqrt.csv	442	103200ad90c1b03d087dab2a513d28cb67be138bb92b07ba8f72c38133af7757
benchmark/calibration/pilot-binary-software-6-sub.csv	443	d8cedc8ef4777d64b0f440563a4af579a61dc806cc84c54c0acaf12748f6c766
benchmark/calibration/pilot-binary-software-64-add.csv	421	7eeb2da4d3446236fe3da77465b7ab03eed020ebb23812b098f5c621e440adc6
benchmark/calibration/pilot-binary-software-64-div.csv	422	2ada14e71974ef22c794003855f346a3980ec8e119faa257af0bd728f79ada49
benchmark/calibration/pilot-binary-software-64-fma.csv	421	0a22ce860a00ef1d762a80975d8b40a6cd358ae238dd7fbd2de1e868b6af3e9c
benchmark/calibration/pilot-binary-software-64-mul.csv	420	7283929c3097b81828392deadc54d60be69765ea970c6c5a19bff88a62323efa
benchmark/calibration/pilot-binary-software-64-sqrt.csv	421	e3fec893c4be18df9ecd27a2bd104250e78be4150ec057037d21fef39452bde4
benchmark/calibration/pilot-binary-software-64-sub.csv	419	033dfacecfb79cb4db8c373a127ad56f82f399cb379f37df479a7dd046d66996
benchmark/calibration/pilot-binary-software-7-add.csv	439	2dbf578e2c82aea1daf86b7680bc5c26ca9709d074a38c4c96c2d931e2c1ee3e
benchmark/calibration/pilot-binary-software-7-div.csv	440	32bbda642b94ee3bf494cfb0143666f98558c5287ce693c0c5ea1be02ac2354e
benchmark/calibration/pilot-binary-software-7-fma.csv	450	b314490e40cf39b28a5f44607e67c50335dd08a08bf545476c88cde786d55d00
benchmark/calibration/pilot-binary-software-7-mul.csv	447	57d5e346045a748b8bc9c2969349404f1cbf56d9ad1a4ccbbce52a21fac4d099
benchmark/calibration/pilot-binary-software-7-sqrt.csv	444	09bc5f9e3ec5fcc629f44f851966e097b89bf5f163c0ba75bf1be846e44cece9
benchmark/calibration/pilot-binary-software-7-sub.csv	441	7eb7f764350b1c7c9c9417989cd5ae03084521ce47f92a447e50e327add31927
benchmark/calibration/pilot-binary-software-8-add.csv	439	1827d5aaeea89bdbcc85607321563558a3460612630790c656ec604f1a4defe4
benchmark/calibration/pilot-binary-software-8-div.csv	438	02f6b04005b2f312583fa842dd5b39361841734439ba187a00bac3cb08bd37d1
benchmark/calibration/pilot-binary-software-8-fma.csv	449	f6fb0c73544812e3ff37ea3b3832271df1ebe76e5a2383145a18b2881a12707e
benchmark/calibration/pilot-binary-software-8-mul.csv	445	adb98a925faf5dfe8d19d7a8e7589eedd67767da4b5e386133eb0dc3554fcedd
benchmark/calibration/pilot-binary-software-8-sqrt.csv	444	4133f35461b4e160badf8e0f6f77b56ddad851a4d272dc1a1997606c42d7218e
benchmark/calibration/pilot-binary-software-8-sub.csv	441	60127599be0d693c0bf6394cea33f8319bf3536529f62a3eb23750790ed35fbb
benchmark/calibration/pilot-cpython-float64-64-add.csv	465	5346e53dd2ad30f31b3f341762478b0bcdbea6940ca2a60fc07394b2f4a578c4
benchmark/calibration/pilot-cpython-float64-64-div.csv	466	ca7b477078424ccf05800bfb0b47606cb1d426db7368c78c9c64adeb3138d21e
benchmark/calibration/pilot-cpython-float64-64-mul.csv	467	0bb8f644b01245c81425193be736870ec7b3de43491dd8ff1de92c16905aad8d
benchmark/calibration/pilot-cpython-float64-64-sqrt.csv	467	a362fb8f6d7135fbaeaae5edd0d2f1dd7077cf94f6f9a22d739fcc6599e641d1
benchmark/calibration/pilot-cpython-float64-64-sub.csv	464	3d604fc79b9775b1ff76606f2fc8cc623d646cf4ca064ed31d36061d7c695492
benchmark/calibration/pilot-flocq-reference-1024-add.csv	385	37785931064aacfa52b2c078acf7b4595d208918ac0b2e54660a3f3fb496a6b5
benchmark/calibration/pilot-flocq-reference-1024-div.csv	385	48413f80ed2240e6f2e2033bf47c23ed5d596ac80f6d728ead9e765f4ddf203c
benchmark/calibration/pilot-flocq-reference-1024-fma.csv	385	13a2b597ce03aea3897825d0fb3e73d7cd19228461a8b5227bbd794c67994981
benchmark/calibration/pilot-flocq-reference-1024-mul.csv	385	caf46e2a39dde46533f1895a5e978982ffa4d0d3374d88b4f988a706bd4480dc
benchmark/calibration/pilot-flocq-reference-1024-sqrt.csv	387	678ce1ad25630127dee915bbc97f50c9a69853862c6af964e959d986b8a961d2
benchmark/calibration/pilot-flocq-reference-1024-sub.csv	384	625a61e83b7b926a11bacfed473caadafa5c5bc13989d2079b5abd3fa5230b56
benchmark/calibration/pilot-flocq-reference-128-add.csv	386	c8f39b8a6ed1745c5910f0fac1c86a0a42ff9776bb68107371407ece4d1831ac
benchmark/calibration/pilot-flocq-reference-128-div.csv	383	fea5d013e0032995f9c6149d962b30b78b6f590de281a5a9d721e4bfb5213e99
benchmark/calibration/pilot-flocq-reference-128-fma.csv	384	53b1e3819bc4859afd864c45bf7499d58473d8f6a3dc3df981fc7c64eed257a3
benchmark/calibration/pilot-flocq-reference-128-mul.csv	384	a68e5a09506fcde76beb9612a07cb7f1515eb7ef6920d6bc5a08c17808b2436a
benchmark/calibration/pilot-flocq-reference-128-sqrt.csv	389	da8cce7014870fde55ad96a8131882aab084ead26e3027deb6090e6a892e1652
benchmark/calibration/pilot-flocq-reference-128-sub.csv	386	b5e2a1460a1cbcf44f23eeb9991c833a1d1c940bdf0fd9acc06b76a79bba857d
benchmark/calibration/pilot-flocq-reference-16-add.csv	385	66ada10e9aac9fced2eb3484419a34feaca48d158a9e2ce69af225c1ab7902c0
benchmark/calibration/pilot-flocq-reference-16-div.csv	385	4d8b0ed53eec56e4d362e9edae8a815b1e75e0c3f260b6512b1857e17c8b8f2d
benchmark/calibration/pilot-flocq-reference-16-fma.csv	385	7a2dca37a04d9ef75597d9837b5dd81790fe3144d9b9bbaac1071822680cd147
benchmark/calibration/pilot-flocq-reference-16-mul.csv	385	94d96af393af439a642325b65786e02dd503c7aa46f9fe3c1aa66ec5dacb9bab
benchmark/calibration/pilot-flocq-reference-16-sqrt.csv	386	15ec934496be70f396a963ffe6780845eb46a75b78b5f6f632f1a4f525ca321d
benchmark/calibration/pilot-flocq-reference-16-sub.csv	385	09f3ccebac19b6a7a37b45f1f8c9f5de2d8dceb742a7ac5ba3df040ed6d73d82
benchmark/calibration/pilot-flocq-reference-2048-add.csv	385	08ba5ff3e3f891cc9865f48d1063989fc0c9b57da49a8f2828cde3401f2123b8
benchmark/calibration/pilot-flocq-reference-2048-div.csv	384	159792a7553c15384ec1c1ccad993d5e37efd12820910e0c898c884fdfe8db84
benchmark/calibration/pilot-flocq-reference-2048-fma.csv	384	cfc7c99cd3929aba19c6fa78d56499718ac3dc9c87ed3a1c9060bc726139d9a8
benchmark/calibration/pilot-flocq-reference-2048-mul.csv	384	410474df80dae8d5b5c9b037e0ed2e8ce6127a14a4c5586eb9c9aca1673f7415
benchmark/calibration/pilot-flocq-reference-2048-sqrt.csv	386	a93b8cfbe6aedfeeee6ab7d579f69827cd21caaf643a0929077499d49ae0fe8f
benchmark/calibration/pilot-flocq-reference-2048-sub.csv	384	b36203ba81d0d8f18a0566a8ac7b54ccd30dfccff2975bf5cf1246b0f50240bb
benchmark/calibration/pilot-flocq-reference-256-add.csv	385	c5ad2b5c7d5f9f4e8c605ccdf681d96cbe05a51b5a3d22db26652d648d18cf2d
benchmark/calibration/pilot-flocq-reference-256-div.csv	384	2fb39ae2edcaed121c21302c9b70e71182df0fa129ef6058aa1abd477e7627c9
benchmark/calibration/pilot-flocq-reference-256-fma.csv	384	ab9ad47cfe368c3f18200750bb1f0892448444cd70d18ecb3bca2e542f302a9c
benchmark/calibration/pilot-flocq-reference-256-mul.csv	384	6e231821884d76c4c7d6ffec4d6dc0433e92f584a07645c0e50b69c6c5ae6479
benchmark/calibration/pilot-flocq-reference-256-sqrt.csv	387	ff995d32e08b528d1c47b0bf070a165f9c3d23fcfb2455270ff2839720db721a
benchmark/calibration/pilot-flocq-reference-256-sub.csv	385	cc9314a0c1ee388207f940a84fea399c42a4a0c323af669de91fbe3927e2e13f
benchmark/calibration/pilot-flocq-reference-32-add.csv	384	6853ba4ba6aa5daa6b9266c00da18e582297578e7e202ab3b7989d8e5305649e
benchmark/calibration/pilot-flocq-reference-32-div.csv	384	d1e08db93d6290b7f995792b64c22a516c00e7b51d389cff547bb548677751dd
benchmark/calibration/pilot-flocq-reference-32-fma.csv	386	dc0a1adbf7cb88ba57559c26785840eb36c3af7f356827d7e4b849d80124709b
benchmark/calibration/pilot-flocq-reference-32-mul.csv	385	5f209ad89cc7c70e753d60cd348895567e727c0b0edd14be2c7ca5fe9e0e6752
benchmark/calibration/pilot-flocq-reference-32-sqrt.csv	386	056360e1d96bbcf99b02b8e34d2a6ce141f569b240e4471391224d376f2eb62b
benchmark/calibration/pilot-flocq-reference-32-sub.csv	383	62654d2ddc5644a1201ddc344ebac0b0bb80efb6570d77495eb4fa8a54b13a0c
benchmark/calibration/pilot-flocq-reference-4-add.csv	382	676d6238ea09081e3df510a90facec950b764004a2b08ca2789cff46e332dae3
benchmark/calibration/pilot-flocq-reference-4-div.csv	382	c2e601bbff9c13fdb843bfc3221fcf111d60a29a1b4d4ee2405d39cf3108189d
benchmark/calibration/pilot-flocq-reference-4-fma.csv	383	7980821a0077c488cd471ebd31e2fc755063f12f0b99000b7ccee7ee259fe9c2
benchmark/calibration/pilot-flocq-reference-4-mul.csv	380	88096a588f3fc666eb6adb786326e81a15a6cb37182b9888cd096eedf79c0be1
benchmark/calibration/pilot-flocq-reference-4-sqrt.csv	384	69def1cc3312e75b2bc7e572ca4cab1a65c772c1ca553c3cb47b87cac0075e64
benchmark/calibration/pilot-flocq-reference-4-sub.csv	382	6c339301143cd7a0354b3686e82d4327718d0d2b0e4b94e3099ba79cab710604
benchmark/calibration/pilot-flocq-reference-4096-add.csv	385	b0e3c0762c271412cc3bef361e7275e5d3e62efbf536d501aa6b1ee97da64ab2
benchmark/calibration/pilot-flocq-reference-4096-div.csv	385	cd5b4caf25e7b2711bac7c6f8833737c60c7c6aa9aab880192890cca98f08ec1
benchmark/calibration/pilot-flocq-reference-4096-fma.csv	383	9fce5d8b352d8a642b2c6aea0a403e57d818585cba269c353eebb98837b05bfd
benchmark/calibration/pilot-flocq-reference-4096-mul.csv	384	0066ccbf0b79d9924e360c3214f371262ae72fa0a166064708021c30ab2d6822
benchmark/calibration/pilot-flocq-reference-4096-sqrt.csv	388	e6b68759b37b789708eac2702050785f5bbc87e76fc2f3700e3b4458a03fd013
benchmark/calibration/pilot-flocq-reference-4096-sub.csv	385	1ff3b5df96e2d6555739c8872d54e0b936eb112c7c8ad921a4e8685d075bd528
benchmark/calibration/pilot-flocq-reference-5-add.csv	384	3aec1444d8d1b82917b35296da3f63cdc1f21405e392fed9d2f0d05287a303d3
benchmark/calibration/pilot-flocq-reference-5-div.csv	382	2644e47025a290aa612664776ed24d321d7d080bce0feddd51a4b0051217e014
benchmark/calibration/pilot-flocq-reference-5-fma.csv	382	0dbeb59e3377fa33e47638e7bc1d98fed8caec556e40aa238012f586565757c8
benchmark/calibration/pilot-flocq-reference-5-mul.csv	382	642838acabcf34cff2de00d648a0b120b19f6c730e177dafd34eeae6e9e4c3d6
benchmark/calibration/pilot-flocq-reference-5-sqrt.csv	383	33bf1988d9d51693c705ac22d8642c6acc9bde86f0e64bbcaa168574716d01f0
benchmark/calibration/pilot-flocq-reference-5-sub.csv	383	d4462cda0765128df0e328493af8d63bf216d74af52de48387a92d1b2c4e06ea
benchmark/calibration/pilot-flocq-reference-512-add.csv	383	bcc9dd1a3da1db064de3fd66cac4a41be345f040aa2ec59646d49bfe660d803c
benchmark/calibration/pilot-flocq-reference-512-div.csv	384	1e66bd511079afe7c534da5b88e9c8cc67db0ba7e424d2c44608a960d8b425fb
benchmark/calibration/pilot-flocq-reference-512-fma.csv	385	6b488599b3599bda2dbb9d74ac5fe2baa218cb23d80174d93243543ec3c8e106
benchmark/calibration/pilot-flocq-reference-512-mul.csv	383	afcf0d924108544bf4722522c9caea061cd14f08e35479cccc7ec67e0f4ed6f3
benchmark/calibration/pilot-flocq-reference-512-sqrt.csv	388	5e1ab33f31bfcceb5834f6fcdc1f91c9d129d8fa4c75274fe1f254e2d8204109
benchmark/calibration/pilot-flocq-reference-512-sub.csv	384	20c05c9fde0014befd07535142cc38d398759c0a88445ef485ee74f55a90546c
benchmark/calibration/pilot-flocq-reference-6-add.csv	384	5a2fd9295f1bca221cfcaaa1f20b6696ce097674a8a396a07f979a0aa945565b
benchmark/calibration/pilot-flocq-reference-6-div.csv	382	e7e582498f9b74a2bfb3feeddbf59c68dfa75c144619d28ed5da00d247d8b124
benchmark/calibration/pilot-flocq-reference-6-fma.csv	382	c73f9201e37f0363f72381dbf2ffe5f7243a933dd7badb095c07cc219f36b3f4
benchmark/calibration/pilot-flocq-reference-6-mul.csv	382	367bab17917f7716d0b808471c9808dd6c4a58739a86041aef8f8e17728b7ad4
benchmark/calibration/pilot-flocq-reference-6-sqrt.csv	383	1a1276265f8a7c614cba3639ba1767b1f8d022ae20551bc7b9a32b26e8a6bbb2
benchmark/calibration/pilot-flocq-reference-6-sub.csv	383	5277e424997e2a31ce6772068c24d53478f8919ff13c79db5cde9c16cdf97b2a
benchmark/calibration/pilot-flocq-reference-64-add.csv	385	ac594e92c67314e45ac656356814bf4b2ce9e62bd124b243467d0747f7cd6d25
benchmark/calibration/pilot-flocq-reference-64-div.csv	386	7eaa13393cdf947a6e782ce88eddb41111efbbf6725792fee2205b91f3677777
benchmark/calibration/pilot-flocq-reference-64-fma.csv	385	843c19298943833dc66d0754cb03adfaf61244f12c279fa20139eeabe1c23dae
benchmark/calibration/pilot-flocq-reference-64-mul.csv	386	758e2e2c9121aa56c57dc8fcf6df7eb243d94a20e3c1465ee2f59028e2b2c2bf
benchmark/calibration/pilot-flocq-reference-64-sqrt.csv	386	3ead7d245af4c59973711bf5c05cfef8b3facaa76541caf28f58c510571a16d8
benchmark/calibration/pilot-flocq-reference-64-sub.csv	384	40227e6213a7302f52115452872e8c51e953e6b173aaf8537fa3103a08aa1435
benchmark/calibration/pilot-flocq-reference-7-add.csv	382	08dbdff21f358527022e2b940e3757c132d002613b977c2db93ceca715b9c36b
benchmark/calibration/pilot-flocq-reference-7-div.csv	384	b63b3b0739ac65a357b8d44e143d926cadd4bc59cc45e046abf86ccc7000dccd
benchmark/calibration/pilot-flocq-reference-7-fma.csv	384	9e4c3f6da2bd378ffd781fa9bc44d5f4b1f526eac761a9497ed10b08dc450c52
benchmark/calibration/pilot-flocq-reference-7-mul.csv	382	9939b7c49f7b8892d19799370c51564a935662a4801d9bf42cbb96b87ad39761
benchmark/calibration/pilot-flocq-reference-7-sqrt.csv	385	e6c28adf9f609b0ea0203e33387bd0f462aae85de31e189c038451655e8b8c3c
benchmark/calibration/pilot-flocq-reference-7-sub.csv	384	6b8e3e61dea3dc5727470ef6f6127332b2329c6a026324b4fd0cf9b8fbdecf4e
benchmark/calibration/pilot-flocq-reference-8-add.csv	382	16031807199a6828ee32a0b256744a061277163166703fc5f32b933041ee5ebd
benchmark/calibration/pilot-flocq-reference-8-div.csv	384	d5859974a23f2fb85f79e78392c793227d892ce7bd9faf98d65ea4f2dda441d6
benchmark/calibration/pilot-flocq-reference-8-fma.csv	384	7f72caf466d7205b09e6ceae6ca68fe8f59afe0c05d5515207302fb37c396b6e
benchmark/calibration/pilot-flocq-reference-8-mul.csv	382	5ebf51b0bd409ec578b0a2da1a78d0b05ed514c62144874ff8b34fef81212536
benchmark/calibration/pilot-flocq-reference-8-sqrt.csv	385	808a99d6dcb1c30f3e7e32705aab9d7ce3676b0aa8a209b410ba9ee0a092c726
benchmark/calibration/pilot-flocq-reference-8-sub.csv	384	d12fb09f02d28c577ffa7fb4b5fb09282c77a666bef91dfa500b7dff8494cecc
benchmark/calibration/pilot-mpfr-reference-1024-add.csv	473	6d9a356e847d86b0dedc6e819b33efe3f251874e1573b3de3f6ba57aa644a53f
benchmark/calibration/pilot-mpfr-reference-1024-div.csv	470	539e8c3ab3f48550c58aa7114604cbdb9607ec3a7ad466a1a4b93735a27b715b
benchmark/calibration/pilot-mpfr-reference-1024-fma.csv	473	f51e12d1ec6564f5f9cf81b5655bf9a0710a2b190f7b1e0f67b6b42e9d4f0cc8
benchmark/calibration/pilot-mpfr-reference-1024-mul.csv	472	abc82a0adb1463e557adb95151aa8b323e23fddfebb2845f92077b5208bbcdb0
benchmark/calibration/pilot-mpfr-reference-1024-sqrt.csv	474	4c751c4626154276f53b3ca847af785f948c324191d163c9ea14d88684082f87
benchmark/calibration/pilot-mpfr-reference-1024-sub.csv	471	3b0bcbc1aeb63a91d26afead918d156ad6a69069fd75acca910241ee8a00008f
benchmark/calibration/pilot-mpfr-reference-128-add.csv	468	5db4cf01dfa412deae401e79f6467f44354c5b03f4168a47aba66d64473e3f1d
benchmark/calibration/pilot-mpfr-reference-128-div.csv	469	e99f427b6da98b14c0eeebe7a4221fbaefcac4f01f4b1ad3302c4127358d7617
benchmark/calibration/pilot-mpfr-reference-128-fma.csv	467	876a55815254ff7669d8338cbaa30e51aae3f964f2146daa104cf24358dbeb2b
benchmark/calibration/pilot-mpfr-reference-128-mul.csv	467	80d08fa1130a2c97cd91111ef61075c824cbf1a091f21bb660a64f35bd4f4ee7
benchmark/calibration/pilot-mpfr-reference-128-sqrt.csv	470	0f153efd60a8bf029bddaf0872d5cba99c715a5422a2d2a906a0119846ac7779
benchmark/calibration/pilot-mpfr-reference-128-sub.csv	469	996ea2e372840cb374696c3456e12232a5c48df1233a69ac928bcdb752fe0dbe
benchmark/calibration/pilot-mpfr-reference-16-add.csv	464	51f77dd3ac1407ebde189a04957d281b8e5b7c952d3d9745a1ab3b27c3a59a51
benchmark/calibration/pilot-mpfr-reference-16-div.csv	464	21e4bf439d4e96647166de9cda81a5eb77a3b77ad46327fe8d6b503a97804492
benchmark/calibration/pilot-mpfr-reference-16-fma.csv	465	c283e291d4543392174cff21b51850c0bbaa34e03cdda918e6c4279d769c1ede
benchmark/calibration/pilot-mpfr-reference-16-mul.csv	465	2948bb3686eb8ece88692db664bd69a07ab8bdd7178569f97f46150cc43f4a92
benchmark/calibration/pilot-mpfr-reference-16-sqrt.csv	467	e662e9e9cc4d4ad674b2ab632f81ebc864ca08cd7a4b047ab343842d2775253c
benchmark/calibration/pilot-mpfr-reference-16-sub.csv	464	766ee906d509ed6985255c4df2bb5fde5f7a02aae840ea556d749232cebf0e53
benchmark/calibration/pilot-mpfr-reference-2048-add.csv	472	8a59b05b345646476e90ea28897681732d3660e4ae47bf38762611cc2107bca3
benchmark/calibration/pilot-mpfr-reference-2048-div.csv	471	bd7b1e9225a6268dfa86c345fae1856e9d4d800127aa344e414b5af3659905dc
benchmark/calibration/pilot-mpfr-reference-2048-fma.csv	472	1946df5a562dfb4b3d0261b4eeb5c2c2f495d1c486b44712e4f542f47318cbad
benchmark/calibration/pilot-mpfr-reference-2048-mul.csv	469	4c57ba44f59be0a9871b03cac5e26ac105a03d82d3256736c963326b5d5fd315
benchmark/calibration/pilot-mpfr-reference-2048-sqrt.csv	474	7afd106436fcdd115035b36e3542ddc77acc9d2c1b0b29b73b31402d8ebb1a5a
benchmark/calibration/pilot-mpfr-reference-2048-sub.csv	469	9dd39eda796b51308aecea3f105c6ae0812af472ff1502b6e8a428a2fec45502
benchmark/calibration/pilot-mpfr-reference-256-add.csv	468	b2a56dd6552a2736b3a4fa88622f28c83b20e559bba7aee19c0d9307c51cb662
benchmark/calibration/pilot-mpfr-reference-256-div.csv	467	7c633b9a45a399bc793394e50e927cba5b6e1f92cd844bbd4587394841a56e70
benchmark/calibration/pilot-mpfr-reference-256-fma.csv	469	55c41e2dc974f7f5482664c485e0df4b954ad13096d1483268ff40f291034bce
benchmark/calibration/pilot-mpfr-reference-256-mul.csv	470	4545ad241e0100ab1267ee8ea9193a5cc22a0af1189a823d4cc054bf83c3da8e
benchmark/calibration/pilot-mpfr-reference-256-sqrt.csv	469	9c7f693061c5da422dd5f09e557ccd0c5815107d742b8e5f3976d0f6dd263649
benchmark/calibration/pilot-mpfr-reference-256-sub.csv	470	9f1e82fe00d59c011c6e71c0a6cdceaa7c5c0d7c82ef1e0c180203fc922721a5
benchmark/calibration/pilot-mpfr-reference-32-add.csv	464	32f64fda2bf5020ec673037cac7de07c037df4ff5b979088db5e7de008d26a4f
benchmark/calibration/pilot-mpfr-reference-32-div.csv	464	58db1e3598d6aebc98b76a7df02413353911a84205ed9fbb5473d3c87902d1e6
benchmark/calibration/pilot-mpfr-reference-32-fma.csv	467	5343b7abe02cccc73711bbeeaa54b82808ba303d51322196929f817e8f9aa9fd
benchmark/calibration/pilot-mpfr-reference-32-mul.csv	463	4dcf9a5570c449ad6fc2e2d15d3aa19614fd08d499c45dd8799732c2d328a090
benchmark/calibration/pilot-mpfr-reference-32-sqrt.csv	466	746b7ec165d596aac4d03e4774fac0f70d225a729b5e61b4c9de45b53af4301d
benchmark/calibration/pilot-mpfr-reference-32-sub.csv	465	11aafa8e1368f0e0d9f06f111089c7c764fee300f6ab9f51b854e100d0b31784
benchmark/calibration/pilot-mpfr-reference-4-add.csv	460	e2fcbe86ea8c351c67151266776e70f4a1b430a00302bdda9cc72416344065cd
benchmark/calibration/pilot-mpfr-reference-4-div.csv	461	2c2ef53488e327ae63a53c91bbd2f45c8e98a79a5ce5e22ac93c01a47d806dd5
benchmark/calibration/pilot-mpfr-reference-4-fma.csv	462	5cc60b10f0c978a62f1590fbd7c85c49de436f5ed2c7f379e6482d27c77fa31c
benchmark/calibration/pilot-mpfr-reference-4-mul.csv	460	88731094bb0587c211f8bf98668cf3c8d1d0161af75bae508353c8e77e823168
benchmark/calibration/pilot-mpfr-reference-4-sqrt.csv	462	cf801e4f7ddcffa38e6cd236697e7713d2d1de47c8fcc3f46e3aec656ed4548d
benchmark/calibration/pilot-mpfr-reference-4-sub.csv	463	922fbf11889f15756ed774bfbed7d86b148f60a3798e3f2155cc5b561f4d8578
benchmark/calibration/pilot-mpfr-reference-4096-add.csv	470	3cfd7f5fd62b4ac7d7149a5d0d8be9009acb788ccd7a880497869f641bf99582
benchmark/calibration/pilot-mpfr-reference-4096-div.csv	473	2e1654fbfb95e54fe38a6d06dcb353a41788e188189cf37351fcd0e395f1902d
benchmark/calibration/pilot-mpfr-reference-4096-fma.csv	470	c7e5a408ee05e7264ef23df570de8450ad64e3ed3949e17d025cda7715578788
benchmark/calibration/pilot-mpfr-reference-4096-mul.csv	470	cbc15a19473766584e9c88f20f8b858ee6132534ed2aa357f3377da0cbebf9a3
benchmark/calibration/pilot-mpfr-reference-4096-sqrt.csv	474	d4b555b824e716cd98e8c7d420d07e7bf7bdef74079245807ee90302feb77484
benchmark/calibration/pilot-mpfr-reference-4096-sub.csv	473	e9b9bb139737e3e8fc7d289327d0b8626de4172e87a33107778fc623442bc23b
benchmark/calibration/pilot-mpfr-reference-5-add.csv	461	d223b7b5de3508ba5809d8976b220720cbdc6bc3efb7c20fb99288523ef9faae
benchmark/calibration/pilot-mpfr-reference-5-div.csv	463	c3e77871d8b28545c8b19a59ad63f66a5ff1887f4f35b1a05c127f05537352cd
benchmark/calibration/pilot-mpfr-reference-5-fma.csv	464	d1d89fe4c8a23e11856f9f75f68befac0c247553c92a923af6ed316bb9ea9bc5
benchmark/calibration/pilot-mpfr-reference-5-mul.csv	461	cf1108ee936dba191eaf41a1058bb4057ddbd3a27967f99ebec12269beba8c10
benchmark/calibration/pilot-mpfr-reference-5-sqrt.csv	465	4aecfc514be40eea5171b98b8d5f0c12c5bf5f309e42f8c0a2c58103993cadc7
benchmark/calibration/pilot-mpfr-reference-5-sub.csv	462	558504f8cf970ae48013e0efcf1e71c7f013879a49a44b36fd22d46328329ed9
benchmark/calibration/pilot-mpfr-reference-512-add.csv	469	5fdc354723da7577d9de37ab94ea2bf6dafe2cce899d18f04c166c48d905572b
benchmark/calibration/pilot-mpfr-reference-512-div.csv	467	2bb2867ef2c2f9d1de1edab20af380670a1a7e534ea3d430cdb883f8435a2624
benchmark/calibration/pilot-mpfr-reference-512-fma.csv	466	77105779850a96b5995a935af2cf840a6c1027a9b42bc68c8001d3fed561c1fe
benchmark/calibration/pilot-mpfr-reference-512-mul.csv	468	85c4e09457dfd20c077df1f0dba984eef9087d2662e3324e574e866f0c63e865
benchmark/calibration/pilot-mpfr-reference-512-sqrt.csv	471	9519753ab280c982ef92d7ee788f2ac9b63c76f972538d347e74aa7f007258f5
benchmark/calibration/pilot-mpfr-reference-512-sub.csv	468	c2e2812cd7b558d70866743b5d18b12104a476052828c4f8461e9ffee3db5260
benchmark/calibration/pilot-mpfr-reference-6-add.csv	460	7971f22b2499544d6e3188f3d2c9bb47332cb0b6c54a2e2f041c263f99e4c8f7
benchmark/calibration/pilot-mpfr-reference-6-div.csv	461	202bc2faa2ecc6afae9a7f621fd29ca68c8c4f40722167af2629d0abc962dac1
benchmark/calibration/pilot-mpfr-reference-6-fma.csv	462	7703eca265beea2290615bf26697a504db854ebf5f4d5e18c58ff30ef6b2f237
benchmark/calibration/pilot-mpfr-reference-6-mul.csv	462	cdfbde47c0d6eb6ef23ec1e0d7e8b27fd5e77baeb4d3dc610f382d5aa62f8103
benchmark/calibration/pilot-mpfr-reference-6-sqrt.csv	461	3744a2d087e9167432e31d5400c7157fd94b53467276532ef66b9ea276ded459
benchmark/calibration/pilot-mpfr-reference-6-sub.csv	462	49f2a9e224bee6e6461a4d247ce16f6354adb6bf21fa306a80336702d4bc12e0
benchmark/calibration/pilot-mpfr-reference-64-add.csv	466	902391e7e3e8da692a990af207de236e8f472d5b2754c70dada5f693d2acb081
benchmark/calibration/pilot-mpfr-reference-64-div.csv	467	ad4965e8cb3c69340bf5893c95858a11ef165228a6b8acdfa844c6f12a2a72b2
benchmark/calibration/pilot-mpfr-reference-64-fma.csv	467	c418fc2a5c8b60d491e275194054cc65150d5e80b68255cec7faa70707a9cbb3
benchmark/calibration/pilot-mpfr-reference-64-mul.csv	466	11071d6b968dba4749d78f2252a5ac4c95cab6aafa47bd126636457840af0c27
benchmark/calibration/pilot-mpfr-reference-64-sqrt.csv	469	7eb87cf0c859c29154d612726be76822a2fe79ecb4b0d5a617da82ed90956491
benchmark/calibration/pilot-mpfr-reference-64-sub.csv	464	630db3a6cfaf4ab29ef6182cf6b1ddd6c6388db0ee7a31b88006677a543343b9
benchmark/calibration/pilot-mpfr-reference-7-add.csv	462	452d18b30adc4f0d540c213aa300f804d358b46f90bf9e4c47e9039907ffb2db
benchmark/calibration/pilot-mpfr-reference-7-div.csv	463	f6b3ff2dc9873fd191a81c522d8a3673ecfa8fd6c74b4a568480c5b6b17b1577
benchmark/calibration/pilot-mpfr-reference-7-fma.csv	464	9fcc1c0cb570b3161d2231c28abe1ba8f6b321238817ed999f77f741df3d890c
benchmark/calibration/pilot-mpfr-reference-7-mul.csv	461	e361eb578daed005092528768094cf671c3862cc6839d9bbb83227dee27258e7
benchmark/calibration/pilot-mpfr-reference-7-sqrt.csv	466	986e9a5769c2d4d603f5fffd2372006fb8f568450efbec4aec408df6dbe061d4
benchmark/calibration/pilot-mpfr-reference-7-sub.csv	460	0d91de6177e750da57092c9dcaad57310f3b4779d4250aef54622f7ea8ca8f7f
benchmark/calibration/pilot-mpfr-reference-8-add.csv	462	56887ae7d29fdf52302306918948260f606a9b7a9ba340c4bd588bc4eacb50f4
benchmark/calibration/pilot-mpfr-reference-8-div.csv	460	cb71b2112e13249b2b604e766c6d72f59d79c792547af2d2854f213354e4452c
benchmark/calibration/pilot-mpfr-reference-8-fma.csv	464	66aa4db2886216309e4aad1f54509637b0356936f102c6bc429ca34d1f9c58de
benchmark/calibration/pilot-mpfr-reference-8-mul.csv	459	3e7f8c9f92e8d865ae2e5f86cdee0228187ab7f3d39be1bc5e13ed4e4f74ba1c
benchmark/calibration/pilot-mpfr-reference-8-sqrt.csv	466	66c425e4a66b8b606bb1410d6b6c4a73993a18ff3e1f493e612e7679f4dda61d
benchmark/calibration/pilot-mpfr-reference-8-sub.csv	460	be0b29a23c270b073f251438613e1970dca9e07327eaa9e695965ff9d4afa14a
benchmark/calibration/pilot-posit-software-1024-add.csv	365	a23b2644fbbadddbb64dfada3cb1b1bb4fd309f474e77e22c1579643fbd6e5fd
benchmark/calibration/pilot-posit-software-1024-div.csv	372	c0df4a5df5758697bdd7b222b0c872e41599eb70aa8b225a23e620667b501e5b
benchmark/calibration/pilot-posit-software-1024-fma.csv	382	66c55797d0502dc6a833cbc11a0dada38c03970bac6b80cafb23fc673a18f734
benchmark/calibration/pilot-posit-software-1024-mul.csv	370	6eeb34291835522da65a5ebfeb0a6cd7925007f732fb31f9077bcef2c4e2f7fa
benchmark/calibration/pilot-posit-software-1024-sqrt.csv	378	8b339905848ee136f034f2d66149d44ebe6c91ddc240a8a1fcefa1354b284980
benchmark/calibration/pilot-posit-software-1024-sub.csv	375	59456231acdce12fde0150577d33c18430f8b5f01ce5ddbb4efe6dffcf44c48d
benchmark/calibration/pilot-posit-software-128-add.csv	374	d9d5ebcbfc7331a2613a742fd93e9b7e6d00a3f27c847a7934d3f1f934b135ba
benchmark/calibration/pilot-posit-software-128-div.csv	375	cdf7bd795e247cc49c9f78eaf9e6edff3a8ae647943e842141a3d4a049c1e61a
benchmark/calibration/pilot-posit-software-128-fma.csv	388	360f513dd0781bb676ed91ec145335a374d0ce74f3185857db75d49e9ef3f808
benchmark/calibration/pilot-posit-software-128-mul.csv	376	1beb4befe2d9a6325645a8f52d04de4405851c8babb1801b0e5c52b8967f6fb9
benchmark/calibration/pilot-posit-software-128-sqrt.csv	383	3e0fdaddb6520247a3aa7f46bd34d89b44dcac5809be400c05e4441be962b979
benchmark/calibration/pilot-posit-software-128-sub.csv	381	f57949e01b2ff1fedd72a6cd954769d69c62b4b26c6b78a1768272193377c989
benchmark/calibration/pilot-posit-software-16-add.csv	373	822d1d032eb1b3dba22314b8125004b691186730979c3bedde52bf340915e2e0
benchmark/calibration/pilot-posit-software-16-div.csv	379	83fb7e237404baef1bd78a2e97dde1fe40b782956a83ee6d8ededfd209ef0cd2
benchmark/calibration/pilot-posit-software-16-fma.csv	390	4cbf9a8eb6c2d245d9f9cb26c96266caa3311df48d55aff30a5c3f9b8d6a862e
benchmark/calibration/pilot-posit-software-16-mul.csv	378	c3d4e97048017a5f7e3ff22a32c5acce2416a3f3a6162c54582fc3d229b3c8eb
benchmark/calibration/pilot-posit-software-16-sqrt.csv	384	ea727983de2add04fc75752e3d687e6ea348c6d9b7ac7564bed3fe9ab17ec729
benchmark/calibration/pilot-posit-software-16-sub.csv	382	00a16cdd7754751ec7ff5767702f9c567fffbd7199133ebd789f718c2cb49aea
benchmark/calibration/pilot-posit-software-2-add.csv	373	0b68f48ca0dd8fc391538f31de3f3679873660a6612846d25c7b62d139856326
benchmark/calibration/pilot-posit-software-2-div.csv	372	1088badd38c40c79bf1bd592ec9b1c6cbeee59ec17cf066fba59cb5c60247d69
benchmark/calibration/pilot-posit-software-2-fma.csv	387	06ac7b62d04af561853439035fdc350d3ca1ee007c50a6c42c7c099549aaa7ac
benchmark/calibration/pilot-posit-software-2-mul.csv	373	5bd2b7750b22dd97fa91274f15611534757eba98e8671579ccf43a56591f85b7
benchmark/calibration/pilot-posit-software-2-sqrt.csv	375	6956c1e95c7b05d7fb26e2d956bc11884dd7285a90d510a612ffd887c1db5fdf
benchmark/calibration/pilot-posit-software-2-sub.csv	374	1524e74f1cb1dde32bcdd9dd987f7ab59d995ce17179077b4eac121d5d9f13b4
benchmark/calibration/pilot-posit-software-2048-add.csv	366	8e0e07ee226c6cd9fcfa57dad4d120ef4acd53d151f3024b333666e018394173
benchmark/calibration/pilot-posit-software-2048-div.csv	372	5afbb5d5953eeeefa33f1c438b2e83d2f9e3514305dc0b4a4c202e9c0de38ab2
benchmark/calibration/pilot-posit-software-2048-fma.csv	380	70fe9e34f77092d4031df02ef866ee68c7d0250db965bf1cd0e403c27658f4c7
benchmark/calibration/pilot-posit-software-2048-mul.csv	369	bae3b800c0f30f5728c13355da5ecf9b70cbb91a8d346daf18a88c5cb7c1e95a
benchmark/calibration/pilot-posit-software-2048-sqrt.csv	378	fd7d99655fb3cfb99de651a2fd6c23305fc1a26bd7d78cb8b2b182b52c6cae9d
benchmark/calibration/pilot-posit-software-2048-sub.csv	373	5187785bd80a8efa3f6b4fc880411315d7721cf72e484230e35dae1c72640369
benchmark/calibration/pilot-posit-software-256-add.csv	367	6b762426b06f377abc77d13046c191f4a3efc2185cc4ba42b749b27a277bdea7
benchmark/calibration/pilot-posit-software-256-div.csv	371	f6fd61b8930b32f0e0f20f5d821d347de6f681bc78ad8256fe835fac43fe2423
benchmark/calibration/pilot-posit-software-256-fma.csv	382	a25e9edb21fe767030e1aea95513f47155cc5d1e79bd1b822ddea27462a4cb0f
benchmark/calibration/pilot-posit-software-256-mul.csv	372	9c93707e3bf6c246daf7efdcf085611d85abb07f9b7e4c690a22e3950ca8119d
benchmark/calibration/pilot-posit-software-256-sqrt.csv	379	642ac3524976d1b2ad19af91c9b10816a9d08517781f3ae772d02c62e140255d
benchmark/calibration/pilot-posit-software-256-sub.csv	373	8143ecf930124242f1c6e0ce9d436e811d74cd072e2d4a44b54642166e83a1c6
benchmark/calibration/pilot-posit-software-3-add.csv	374	01b563f42b0acbdd61af6ee4ba9f6bee718cf319d2af8a14ff7dc3e6a17d08b6
benchmark/calibration/pilot-posit-software-3-div.csv	372	345aaa76ae924c40028c7284360fe75cf96f25075abd235b79c430a8b896c616
benchmark/calibration/pilot-posit-software-3-fma.csv	385	d0de544936d9e31929834a8238d9b857ae41d7efa656e079f360e2f575ea1ea5
benchmark/calibration/pilot-posit-software-3-mul.csv	373	9e1513552f21c08e659cd5fed2a8c53ba44603d35e4ae04f13835cb62cfec3d5
benchmark/calibration/pilot-posit-software-3-sqrt.csv	375	d6d4dd69df861d9b6d7632cbbfb1cc5c2f250153d31bd5e89003690f950d91d9
benchmark/calibration/pilot-posit-software-3-sub.csv	374	1c4b8dcabc4181f84216f55f05b96029ad7191257222b87fc25683dabf6a81f1
benchmark/calibration/pilot-posit-software-32-add.csv	373	fb5f186ebef4f0e91315927247d0ee02b098d16bdd54d15fd7c7e349599d907d
benchmark/calibration/pilot-posit-software-32-div.csv	378	05dbd4fe61125315ee31584a5eb8a48b66c63ef616b899b2119c9cd4b3e25a73
benchmark/calibration/pilot-posit-software-32-fma.csv	387	b0b45a066e269fbc00a09b184a2165aa2d08c2ca5454904563c71b577deb37c0
benchmark/calibration/pilot-posit-software-32-mul.csv	377	8e24dbf76dd3d01fd16612559bea53c588bf39f383bf4835af909258050d5382
benchmark/calibration/pilot-posit-software-32-sqrt.csv	383	2cf2656a882fda63b9548d9a67503dd5392566bf91787891904ebff05ca9b50d
benchmark/calibration/pilot-posit-software-32-sub.csv	380	cb5d64208679113efd7e9ecfcc1e85c24aa9f4b677746306128d213c1598726b
benchmark/calibration/pilot-posit-software-4-add.csv	372	27177858dad0c67a235bacc9c4ab753ea55d475eadad74a76a55d5e15899e8c5
benchmark/calibration/pilot-posit-software-4-div.csv	373	52c39dbef09229b405eb59fe3ca53c32471e1a0d20ad422ea8dd21b7645f2e45
benchmark/calibration/pilot-posit-software-4-fma.csv	388	b408c5d8195e28a640578fae65103fe2520d1cc6d88a32c4036b3ca934cd7caa
benchmark/calibration/pilot-posit-software-4-mul.csv	375	2ea900551c14d6137790b7b86fba3325ef4b6c3a6c77fd00975d0084b664be91
benchmark/calibration/pilot-posit-software-4-sqrt.csv	375	5e73af99930cfd85edfe2562562ca1dde54cd97cbceaadc648fcf8644828f213
benchmark/calibration/pilot-posit-software-4-sub.csv	373	1bd43c0baab277c5c3646b7a4a85f2df862b8d21a4b83ee7f060798cb6172ab1
benchmark/calibration/pilot-posit-software-4096-add.csv	363	0e74660a5face6c58f08d804489d9ca85d9719f57a8eb5dc21bcc51a47a6068a
benchmark/calibration/pilot-posit-software-4096-div.csv	369	4d0084dbea5e57686d12e9e4c5b75a79e650990f30bf2c906be03ed646913932
benchmark/calibration/pilot-posit-software-4096-fma.csv	379	9bdf1a3f86160c997c8ae009972e8e5932a8e4222b7a0b6969ccd9480b43bc60
benchmark/calibration/pilot-posit-software-4096-mul.csv	370	760d50cbdeb1897ab3c0d02f638c9c06a26009e817a2954117e16dbaa497a289
benchmark/calibration/pilot-posit-software-4096-sqrt.csv	378	7578776f2c3a0803bc6d8065a226fc6224950e434cf23a1c95bdfce4317bae09
benchmark/calibration/pilot-posit-software-4096-sub.csv	372	d08eea478d32e98ba80837397164fd4055526eb29943567b7f20489d38a83bb9
benchmark/calibration/pilot-posit-software-5-add.csv	373	ff3cee8cbe2f1b07ba0691ed7ef9e7b67a81336bbaf7e595e484ce1255e75a38
benchmark/calibration/pilot-posit-software-5-div.csv	373	8e681cdc5de3cdc4c284d2711a973d7c4e7d52cd245e8b997da07742ffeb3bc2
benchmark/calibration/pilot-posit-software-5-fma.csv	387	618f1ddae26cceb9dbd48756bb7961ca9e4e03db2bca4c02882a5fc615b25099
benchmark/calibration/pilot-posit-software-5-mul.csv	374	e3726d35466915d25a156035ef9b11885277400557e00ea632e7988a7de07c5c
benchmark/calibration/pilot-posit-software-5-sqrt.csv	372	0b0c18fca2baf7e6ce259c76c59304f634e0eb46413b346ea8521a8cee309d9f
benchmark/calibration/pilot-posit-software-5-sub.csv	372	bee34fe3ee1eaf46a3cd3d9a06bac805dd48968061f05637a1e3165515a9cfd8
benchmark/calibration/pilot-posit-software-512-add.csv	365	c5d767b5da6f34f90e1f13525dec29f89844d848febf9807eb5f94dcd661a1db
benchmark/calibration/pilot-posit-software-512-div.csv	371	e4329981a7ef1154153f1b1dc8ea1dc63da41c42a725aadb300431a9a925a988
benchmark/calibration/pilot-posit-software-512-fma.csv	381	f05019af0f9154012bb8e95a6adc7709fadd95bc7d52f799fb7bf969b3a3e3bc
benchmark/calibration/pilot-posit-software-512-mul.csv	371	d75e228d982dd7045c1b2e7cd4327eb85c02f83a7dd0a8872fd6d9aa3829ae3a
benchmark/calibration/pilot-posit-software-512-sqrt.csv	377	1b424ba2ea70f8a5b4b7025d47a0663befc763a10527a89d298df3884658008c
benchmark/calibration/pilot-posit-software-512-sub.csv	370	9ce232bf676e4f2ccf66e369bd564d0e8d7434dbe74d68906097f8bf61ee4f3b
benchmark/calibration/pilot-posit-software-6-add.csv	374	11179027e264c344fe19245069c6e65b4fbfc4cca84023ed2b364ce3e1667ea3
benchmark/calibration/pilot-posit-software-6-div.csv	373	49008c73e47b7cc9037743c20c01b06465d8de591328f15f082b489101ef221a
benchmark/calibration/pilot-posit-software-6-fma.csv	387	039f0709cbbd6dedfa63d264b7eb4874999302d578f19d88b0202557aec260a6
benchmark/calibration/pilot-posit-software-6-mul.csv	374	03d75c334fc842d968f8857d9eb786baa797214cad49244d33342fd0cae109d3
benchmark/calibration/pilot-posit-software-6-sqrt.csv	374	8b01eaf9656d3d86917515143bb8362e3e4cf3dbca0ba01f0856a0d3c338c2c1
benchmark/calibration/pilot-posit-software-6-sub.csv	372	181f1331fb097b3bc69e6aa71aadcf279daa279331ef340f7a5426c02e8ded54
benchmark/calibration/pilot-posit-software-64-add.csv	370	ceff33765f4e12491535391a0c7fbed467ce46dcf7253677c2ba0ff5dd7ca1d9
benchmark/calibration/pilot-posit-software-64-div.csv	377	bbe9e38b191e40b70f228b98d7c5eb06bc74cb53326664c492cdb345cb02d9c1
benchmark/calibration/pilot-posit-software-64-fma.csv	388	efad1c1aad16dd78d7877658feb97338e69b919f9dd7335973729798afd3084f
benchmark/calibration/pilot-posit-software-64-mul.csv	377	1b7cdb7a808dee5a7f4b4a6f2be5a759a92a7b3c3c48602bfb036a2ecae550c7
benchmark/calibration/pilot-posit-software-64-sqrt.csv	381	08ba27ba0ffac5ccca00c5373e2bd904e78e77dd9d4b727081cbbeafbdec7e49
benchmark/calibration/pilot-posit-software-64-sub.csv	380	d764c883aa81cc33cf23c42f980f66506cb95179ec85fb75c5dcf88bdb3601da
benchmark/calibration/pilot-posit-software-7-add.csv	373	63b9d4eafd1ad09f046f8abb802a978a8a1a23fc699fdad75bfea730adb1271c
benchmark/calibration/pilot-posit-software-7-div.csv	372	e09efe6fce063323a0105d28da27089d30786ac775575e3d01069e8a6192e67e
benchmark/calibration/pilot-posit-software-7-fma.csv	386	962de55a3bce2723e90ca596f328a786df7f0a2ca10b5ab1da259cbb6b226d27
benchmark/calibration/pilot-posit-software-7-mul.csv	374	1766a780665e4edf02a6b1d7b936317ddba06cb86919ad3d0e26e180bb7dfdeb
benchmark/calibration/pilot-posit-software-7-sqrt.csv	373	8275cacd5a310fbfcaee90c3ca6596b0b691b6f2c41aef877e39ddf6fa7e7f56
benchmark/calibration/pilot-posit-software-7-sub.csv	373	75d6ede5455864ae9d328864b66a2d8fade215f2095ce177555d7c2e91900c51
benchmark/calibration/pilot-posit-software-8-add.csv	374	28897dd1f0d5a47ae8d68b7c9a288de640a586482e31fbaf9b46ecf4b118c7dc
benchmark/calibration/pilot-posit-software-8-div.csv	374	849298e6ada2bf1d9e485cdb7d806aa326c36cb07210e3827677fb6242fc8352
benchmark/calibration/pilot-posit-software-8-fma.csv	387	91cb25a865190e2dee4860e5a27c8623b131708e28ab0b190e79b4cdc7181cc0
benchmark/calibration/pilot-posit-software-8-mul.csv	373	5918f1716928a22c60bca3f68e856f1c06d17037906a71b2654633072b39074e
benchmark/calibration/pilot-posit-software-8-sqrt.csv	374	a4f0d88c0bd28641384ae35735be31885a63b374f3811a39f3f6a2d95f41b9b2
benchmark/calibration/pilot-posit-software-8-sub.csv	375	22c12e31a3fdc93f1f677e40bdfc9fc56b5f12312fe5fa81456b4d86d615d570
benchmark/calibration/pilot-softfloat-reference-32-add.csv	416	c2c660d4a2a5643e76b5ba0abfc4a52e8bf7ead287f758b6778efb457f406740
benchmark/calibration/pilot-softfloat-reference-32-div.csv	416	dc70429d5c4a754c7c2418a892eb86fd2c5f2d65fe03a843fc39739dba8a6ffd
benchmark/calibration/pilot-softfloat-reference-32-fma.csv	417	2c12ca3a210416bd952b7341f7ca8b7a9d501e0556da29e55869480e47f1e838
benchmark/calibration/pilot-softfloat-reference-32-mul.csv	417	3cfc6c5a36f0a34b4115502cc031329d7dd6e53c952fecc7b6aaeaeadec47088
benchmark/calibration/pilot-softfloat-reference-32-sqrt.csv	418	0c7a89b6d64361c6689c9dc1b2b2363f3df09390c410e726a58a5495009e8b11
benchmark/calibration/pilot-softfloat-reference-32-sub.csv	416	ac2b3083116ebe7dd2c40f752484844f6ae017f36dac456b2c9df6e1c98ba16f
benchmark/calibration/pilot-softfloat-reference-64-add.csv	417	a1c5f63416c8142cfa238ff928c807ba82fd773bcb04a2621eec43f52f8a42c6
benchmark/calibration/pilot-softfloat-reference-64-div.csv	418	c36d63bace5797e034202d42b694f166390b4f721a8c216cacb503e5bb284fa6
benchmark/calibration/pilot-softfloat-reference-64-fma.csv	416	52d037e87bee21a561dc4659b871ca4145b6b2f138fecf13b1a82fb96bf28b9f
benchmark/calibration/pilot-softfloat-reference-64-mul.csv	418	e417c2ea554ebdd1e923cd14c5cc206153622a954a008bec947c4478f136de1e
benchmark/calibration/pilot-softfloat-reference-64-sqrt.csv	418	c4522d2f8df61fe9ca9ce70715ea948ecadecc596907d8fa1829761b620ace99
benchmark/calibration/pilot-softfloat-reference-64-sub.csv	417	02ef43f5440a9ce54f7a7a6020daf4822b1ba9460706a24a67211b54effd594c
benchmark/calibration/pilot-universal-posit-1024-add.csv	443	d3d8fa62a71f3956deabb38370c431067708a366e2b470233c276cc8dc5fd6d6
benchmark/calibration/pilot-universal-posit-1024-div.csv	445	48fbfdd5151f260547af3fc695b6a4fcc2ba99bd62b6d533830a69a434ecbf11
benchmark/calibration/pilot-universal-posit-1024-fma.csv	442	84fcc960e366955c7eb67d9b8e2e9356a1b4fa2e1dafcb1d2456b7d5432364cf
benchmark/calibration/pilot-universal-posit-1024-mul.csv	444	728a227b7d45f818354635e26abeef9763f48b3f0ed39ea525f0a51d1f2cacfc
benchmark/calibration/pilot-universal-posit-1024-sub.csv	444	d3a40216a20886454e58051939a65a13998da7b56d7bed19b70432a149962c8a
benchmark/calibration/pilot-universal-posit-128-add.csv	440	d6087b39af67e8475af7bc3126f897bc8958064329226a240ad8f2cead3c744a
benchmark/calibration/pilot-universal-posit-128-div.csv	439	4df78afff18f49e45a29f03bfab3bb4e92042d905cf9dbbf1b25e39353356a1e
benchmark/calibration/pilot-universal-posit-128-fma.csv	440	f9febfabd3aed7c602ac52a68553907aa068929a3219f9f42204f1a7142f721f
benchmark/calibration/pilot-universal-posit-128-mul.csv	439	55316025c0b76bb6c0f450445e5f74615f81b25e50ccdbd68c64d09779ae4afb
benchmark/calibration/pilot-universal-posit-128-sub.csv	439	19fcd7a2d4c09ffd2ba916365fe98a17a9451cc86da503303a57eaffd783038f
benchmark/calibration/pilot-universal-posit-16-add.csv	435	19c0da375dc57791a41001ee362c3663e0901640255b7611624b21666bd8a90a
benchmark/calibration/pilot-universal-posit-16-div.csv	436	2d2849441a5ca484c1c98a671ea5c8e2d0316b99dfd1900b67d5e3e1a71951d4
benchmark/calibration/pilot-universal-posit-16-fma.csv	432	9fcf8470976d94b64b3747067cebba191fff002ac5d8c59fbf1ff9dcc43f9296
benchmark/calibration/pilot-universal-posit-16-mul.csv	437	fafa9cccb87f21a649687700b10d49b1d3efbdf144807445e94e316e2c3effa3
benchmark/calibration/pilot-universal-posit-16-sqrt.csv	452	5c8b26643daa6023243049305e8303c9405c37aaa97fcf0f74c0c403a79c4bb5
benchmark/calibration/pilot-universal-posit-16-sub.csv	433	22d1d0b436c62a03a37b69a8b21a9ce2adb4244ff4b8665228422ae54cee14c7
benchmark/calibration/pilot-universal-posit-2048-add.csv	443	e56299dfe1dc33c06d0bc58accb970a17588cdfa9fc4b5660ec934ba81098283
benchmark/calibration/pilot-universal-posit-2048-div.csv	447	1697bbabcec22b95a8165f9c89626a77ff8ccbcecb356920815eababf10fbe9d
benchmark/calibration/pilot-universal-posit-2048-fma.csv	445	4eb28efb845ad89de75a00a3ee854f79ebaccf4d6d75d8117ff4074bcc44e04e
benchmark/calibration/pilot-universal-posit-2048-mul.csv	445	b1db0bbcd0b9208787e6b00a82912cb4292dc243a58a1d2cbd0ae19438bb0e5e
benchmark/calibration/pilot-universal-posit-2048-sub.csv	443	fd2dcf34a6da7c34910ee400af95fd0af4416e4ac30238de6c69cd56d36e979f
benchmark/calibration/pilot-universal-posit-256-add.csv	441	44628318fe55e4679cb93aafc8b93f542d361cf67dbcec5d3ea99d2ab54fb649
benchmark/calibration/pilot-universal-posit-256-div.csv	440	a9fadc7d87fdc029ea79a436febd4e4b7e8c6c7585d1ebc3add4d4dba4a5d92f
benchmark/calibration/pilot-universal-posit-256-fma.csv	440	809942a583583aeb442595b5466be3cc410253a9962f0625045f57a680db7f0b
benchmark/calibration/pilot-universal-posit-256-mul.csv	440	641d0be5d7d69e43f4e8cb3a6be477f0f0ae3f8704f10d0bbea1ee9732b7b959
benchmark/calibration/pilot-universal-posit-256-sub.csv	440	a7ec5a8558f5c29609aab7aa7ac104f6c646d2b2dc2862147f7405999aacde84
benchmark/calibration/pilot-universal-posit-32-add.csv	437	29687516df8c417053aae93fcd8730b0b48eb30770be0d3c9ab9f96ffee1e050
benchmark/calibration/pilot-universal-posit-32-div.csv	436	e8b2704a5d7c97bb8246aca25769829d94675bc77d1ac64219769687a2a78519
benchmark/calibration/pilot-universal-posit-32-fma.csv	436	aa27d9af30c022d0c46d6c7faf3b082d0a1c16a36724fe089dd0decc60fb6de9
benchmark/calibration/pilot-universal-posit-32-mul.csv	437	52407366ae649e8d42c0fff6a831d5dacf5a0fa952ebb068d60fcc62cd9c1431
benchmark/calibration/pilot-universal-posit-32-sqrt.csv	455	75d1b38b7c8b12cdf7ce25de081b14077978cb55ab713d64b06b06ab6bfcc082
benchmark/calibration/pilot-universal-posit-32-sub.csv	435	25e15c0004a9f48e9d8b03619e320ed4a2cfff9d26fb25836996c23dc1209fd1
benchmark/calibration/pilot-universal-posit-4096-add.csv	445	6243a846ea039a6d94036cd1596fb2096fcb5a4722ec4f5dda25ee4df8abc4f8
benchmark/calibration/pilot-universal-posit-4096-div.csv	446	7a467bd26fc84b067e4502c62a2726ba0d377143ff28706323e438a7e6c0a4fb
benchmark/calibration/pilot-universal-posit-4096-fma.csv	446	a1bce1064bc738181fdf96fb84f4bf18b5ce90444e468c7adc6bd450c9ab7103
benchmark/calibration/pilot-universal-posit-4096-mul.csv	445	6a28f80fe320e527d00e759b0a2407a12cb877134ff33e18550009ba2b9a2001
benchmark/calibration/pilot-universal-posit-4096-sub.csv	444	48fd71b1d9549ae5306298bef3b2db4e25122e1278b332f9a9f5f061150ab6c5
benchmark/calibration/pilot-universal-posit-5-add.csv	431	12b8b08642cdcb191c216289c3324e3e4120b5c73ddee0490b4c8bd5d026032e
benchmark/calibration/pilot-universal-posit-5-div.csv	431	6506f110f3f920c3c813a9c361481db8eca63eef526f9f46e8b557dead2db011
benchmark/calibration/pilot-universal-posit-5-fma.csv	432	e5720cf8163a63e5a957c079961638fe851e5c4b10b3b58bf7b15b766aa1c3f2
benchmark/calibration/pilot-universal-posit-5-mul.csv	432	4cb8def3f729b86b40731fb297050d4ddffb64a808c460d7d33f7c24913a2bf3
benchmark/calibration/pilot-universal-posit-5-sqrt.csv	452	57d1ce9c8a3d3ae124297e86266049676883f7f9c1620fb80fa79b25079b5b06
benchmark/calibration/pilot-universal-posit-5-sub.csv	432	a4f8cfdc673fa69f0bd1aa0b8c3daef458e73f368f18b518d42c4864667ca219
benchmark/calibration/pilot-universal-posit-512-add.csv	440	2fbaa2309592160fbed544f22bed728d3a5d736b14c7b7c331a2b95c1daf32a6
benchmark/calibration/pilot-universal-posit-512-div.csv	442	23cee5c0127e52fa0a0d7a1f43dd3bc7e9ede74c83cef00fa9857523a7898465
benchmark/calibration/pilot-universal-posit-512-fma.csv	440	c98f89ae49e5c51263bc7ca5705aa2f06b48df51803aedda85b8998e6caf3030
benchmark/calibration/pilot-universal-posit-512-mul.csv	441	b082b39f00762a79e6c6154aa3d7f23c9f97acc371d8a5878b680fc5a5d36317
benchmark/calibration/pilot-universal-posit-512-sub.csv	440	1b19576c8a03d1f27ebb44c9a82d8b6886ac0057a944a6b12131ee73699f101d
benchmark/calibration/pilot-universal-posit-6-add.csv	433	5853131ad9629e4c0b0a3965a0468cd0e6d1a4c809345c94d52e6f592774aa80
benchmark/calibration/pilot-universal-posit-6-div.csv	433	132c88de20855a76148e5675b0562c9a139bc2f309e2c223c51c818378d20593
benchmark/calibration/pilot-universal-posit-6-fma.csv	431	be56e587d4f91c8315b2bc77d8870ea1856755c42ba2e794239f4fde076bc976
benchmark/calibration/pilot-universal-posit-6-mul.csv	431	6ba97d3765e53301e08ff9a4b172ff600a88bb620321ab4b8e0124717020c381
benchmark/calibration/pilot-universal-posit-6-sqrt.csv	452	ddb68c336ebb0ea6484a8d922f73cce426b532c9dcc4a48b7a7625a503f0369f
benchmark/calibration/pilot-universal-posit-6-sub.csv	432	f0aa45d2f525ade8f5245b8ab758a34a0ac9b8a56631a1e41a96b750f1005418
benchmark/calibration/pilot-universal-posit-64-add.csv	435	09edb8eba26ae62fef1def9cb32dd980bd36a8ace82b8fdb8034c0c3281a82e7
benchmark/calibration/pilot-universal-posit-64-div.csv	437	11b91790ab9ec9cb1e3d76d0d09b97c8d7e4ec611d2fd23bdaa09c9870ceb24b
benchmark/calibration/pilot-universal-posit-64-fma.csv	437	7c0d23466f12cf54ef05c49aaaaa23fb5b16604bb40c183ce9e6f993466e7468
benchmark/calibration/pilot-universal-posit-64-mul.csv	434	73fa75003102811d961ed54841a56040678957cd5663b93e10edd07c216ca1b5
benchmark/calibration/pilot-universal-posit-64-sub.csv	435	7df5a5dbd51fb2e2f26b1f40a51fbc123d59d34be872ee83c6d7fbb7aad8d5cb
benchmark/calibration/pilot-universal-posit-7-add.csv	433	a77f38bc994ebede9b2ffd8802b9f9e0ffa604e40c5fc511a993d72cc73f5694
benchmark/calibration/pilot-universal-posit-7-div.csv	433	95c4a3342b22b771d297757d4d8338696d64f8e074b9ec97c5993bb8bb76bdff
benchmark/calibration/pilot-universal-posit-7-fma.csv	433	24128be7dc1cec51ff29e9bbbf9fdf2d444b0f084c3784b0554da5568f1355b6
benchmark/calibration/pilot-universal-posit-7-mul.csv	433	fbf58150882eb067bff32aa73d95cb7cd62116a2ca03305e76805042e52cf4f8
benchmark/calibration/pilot-universal-posit-7-sqrt.csv	449	4850c85a8e9c50bbe11fb3b2701d9e010efad9aedb067479234c78a9cf67a6e4
benchmark/calibration/pilot-universal-posit-7-sub.csv	430	eb8bcf2b2b2dce20f57b5a2a6bbd44ec0a57d840ab9ab07eb34921236fccda75
benchmark/calibration/pilot-universal-posit-8-add.csv	431	b77851a338326e6af698b5da931362a130a857523fc3852adaf2cf96179e87ce
benchmark/calibration/pilot-universal-posit-8-div.csv	433	cf83da19fd27898cdc4ecfd35e98f446c0d90703b9676ca13a9f5152bc197c16
benchmark/calibration/pilot-universal-posit-8-fma.csv	431	ec540bc944f8175f6e0515ef560f9fc67e306cce88fdb5e7a301a2a9e155a08c
benchmark/calibration/pilot-universal-posit-8-mul.csv	432	d591d225c2e9eff755980eb185cde2ad6e828478776c719ed7f3fde46264ab7b
benchmark/calibration/pilot-universal-posit-8-sqrt.csv	451	066779670dd330d84629053fb74a17039009b8ddc00e5a458864952ab04f2a0d
benchmark/calibration/pilot-universal-posit-8-sub.csv	431	d6d79bf5c89623ffe3ffadde2c36d91b2d08bcfc5bb7c7494f4976ec77ee7269
benchmark/calibration/selected-iterations.csv	33379	57cf8ebdef0613c3db5f5b555146f9034060374d03fdf5878e39a4d974e106e3
benchmark/environment/backend-selection.csv	49282	f694cc58d4076fb42a416093fc610f69a7534e3a01c0821821cd140875daddbc
benchmark/environment/binary-agreement.txt	748	eaafc5caf9c2ee0154749c9e3c3850597249cb74111df4fc6947e1f35697f439
benchmark/environment/external-posit-conformance.csv	4362	bbf02e568554443866105498b3de1a895f5856e0f01bb41e1a0012c02cf6a8b6
benchmark/environment/finish-time-utc.txt	21	9d57f4de4ed1360bf46f2e05d7e68d57aca8a53e539fa204ec7f37b57ed4f6cc
benchmark/environment/loadavg-after.txt	28	49fccaed1373f489ba983b1ba5b459f2d578c3e5598db4ca4f2aba0f1cb22ade
benchmark/environment/loadavg-before.txt	28	9d7dd73de0eb8a8b28c84b9a44537ce4d790f2d30853f91f1649c987950cf197
benchmark/environment/lscpu.txt	3302	ec0904f586d02a1382775a675443710ca0d4d9344b528872bc82d9fe37c42a01
benchmark/environment/os-release.txt	267	59a77b5f2666d9c85c489bd1911a6eebbd91ef22fe48b90a3b75f1b21f3844d4
benchmark/environment/start-time-utc.txt	21	11c4e24d5ff4a590aa45527ee5970793e4e3ab7ae797164c116d2d707c1c7d3d
benchmark/environment/trial-order.csv	120390	9913f564efaf610d5ee7406bad5205a43dcf672eab595b3b4a9e8dfd59511e16
benchmark/environment/universal-1024-add.txt	0	e3b0c44298fc1c149afbf4c8996fb92427ae41e4649b934ca495991b7852b855
benchmark/environment/universal-1024-div.txt	0	e3b0c44298fc1c149afbf4c8996fb92427ae41e4649b934ca495991b7852b855
benchmark/environment/universal-1024-fma.txt	0	e3b0c44298fc1c149afbf4c8996fb92427ae41e4649b934ca495991b7852b855
benchmark/environment/universal-1024-mul.txt	0	e3b0c44298fc1c149afbf4c8996fb92427ae41e4649b934ca495991b7852b855
benchmark/environment/universal-1024-sqrt.txt	2147	fddc63f13a43f8fe93a0e415a6fb475160bab6387befb19a128f506ac8d2c955
benchmark/environment/universal-1024-sub.txt	0	e3b0c44298fc1c149afbf4c8996fb92427ae41e4649b934ca495991b7852b855
benchmark/environment/universal-128-add.txt	0	e3b0c44298fc1c149afbf4c8996fb92427ae41e4649b934ca495991b7852b855
benchmark/environment/universal-128-div.txt	0	e3b0c44298fc1c149afbf4c8996fb92427ae41e4649b934ca495991b7852b855
benchmark/environment/universal-128-fma.txt	0	e3b0c44298fc1c149afbf4c8996fb92427ae41e4649b934ca495991b7852b855
benchmark/environment/universal-128-mul.txt	0	e3b0c44298fc1c149afbf4c8996fb92427ae41e4649b934ca495991b7852b855
benchmark/environment/universal-128-sqrt.txt	354	d01c5900bf891f31c205c74178ee2f0a622337976c289111e2fdebb6942235ab
benchmark/environment/universal-128-sub.txt	0	e3b0c44298fc1c149afbf4c8996fb92427ae41e4649b934ca495991b7852b855
benchmark/environment/universal-16-add.txt	0	e3b0c44298fc1c149afbf4c8996fb92427ae41e4649b934ca495991b7852b855
benchmark/environment/universal-16-div.txt	0	e3b0c44298fc1c149afbf4c8996fb92427ae41e4649b934ca495991b7852b855
benchmark/environment/universal-16-fma.txt	0	e3b0c44298fc1c149afbf4c8996fb92427ae41e4649b934ca495991b7852b855
benchmark/environment/universal-16-mul.txt	0	e3b0c44298fc1c149afbf4c8996fb92427ae41e4649b934ca495991b7852b855
benchmark/environment/universal-16-sqrt.txt	0	e3b0c44298fc1c149afbf4c8996fb92427ae41e4649b934ca495991b7852b855
benchmark/environment/universal-16-sub.txt	0	e3b0c44298fc1c149afbf4c8996fb92427ae41e4649b934ca495991b7852b855
benchmark/environment/universal-2048-add.txt	0	e3b0c44298fc1c149afbf4c8996fb92427ae41e4649b934ca495991b7852b855
benchmark/environment/universal-2048-div.txt	0	e3b0c44298fc1c149afbf4c8996fb92427ae41e4649b934ca495991b7852b855
benchmark/environment/universal-2048-fma.txt	0	e3b0c44298fc1c149afbf4c8996fb92427ae41e4649b934ca495991b7852b855
benchmark/environment/universal-2048-mul.txt	0	e3b0c44298fc1c149afbf4c8996fb92427ae41e4649b934ca495991b7852b855
benchmark/environment/universal-2048-sqrt.txt	4195	7bd9e18fd2d55086cb4a98d81eb41d79006c8cde30a7d57931060e58ba303297
benchmark/environment/universal-2048-sub.txt	0	e3b0c44298fc1c149afbf4c8996fb92427ae41e4649b934ca495991b7852b855
benchmark/environment/universal-256-add.txt	0	e3b0c44298fc1c149afbf4c8996fb92427ae41e4649b934ca495991b7852b855
benchmark/environment/universal-256-div.txt	0	e3b0c44298fc1c149afbf4c8996fb92427ae41e4649b934ca495991b7852b855
benchmark/environment/universal-256-fma.txt	0	e3b0c44298fc1c149afbf4c8996fb92427ae41e4649b934ca495991b7852b855
benchmark/environment/universal-256-mul.txt	0	e3b0c44298fc1c149afbf4c8996fb92427ae41e4649b934ca495991b7852b855
benchmark/environment/universal-256-sqrt.txt	610	346863084e7c7b22e00fc98960c797b4adac33eb901974a2cc923d97774aa7ce
benchmark/environment/universal-256-sub.txt	0	e3b0c44298fc1c149afbf4c8996fb92427ae41e4649b934ca495991b7852b855
benchmark/environment/universal-32-add.txt	0	e3b0c44298fc1c149afbf4c8996fb92427ae41e4649b934ca495991b7852b855
benchmark/environment/universal-32-div.txt	0	e3b0c44298fc1c149afbf4c8996fb92427ae41e4649b934ca495991b7852b855
benchmark/environment/universal-32-fma.txt	0	e3b0c44298fc1c149afbf4c8996fb92427ae41e4649b934ca495991b7852b855
benchmark/environment/universal-32-mul.txt	0	e3b0c44298fc1c149afbf4c8996fb92427ae41e4649b934ca495991b7852b855
benchmark/environment/universal-32-sqrt.txt	0	e3b0c44298fc1c149afbf4c8996fb92427ae41e4649b934ca495991b7852b855
benchmark/environment/universal-32-sub.txt	0	e3b0c44298fc1c149afbf4c8996fb92427ae41e4649b934ca495991b7852b855
benchmark/environment/universal-4096-add.txt	0	e3b0c44298fc1c149afbf4c8996fb92427ae41e4649b934ca495991b7852b855
benchmark/environment/universal-4096-div.txt	0	e3b0c44298fc1c149afbf4c8996fb92427ae41e4649b934ca495991b7852b855
benchmark/environment/universal-4096-fma.txt	0	e3b0c44298fc1c149afbf4c8996fb92427ae41e4649b934ca495991b7852b855
benchmark/environment/universal-4096-mul.txt	0	e3b0c44298fc1c149afbf4c8996fb92427ae41e4649b934ca495991b7852b855
benchmark/environment/universal-4096-sqrt.txt	8291	1db66ce200b2a70943e9c1f2fbb589e6cf87d6b32250b191d3bb9385ec9f7800
benchmark/environment/universal-4096-sub.txt	0	e3b0c44298fc1c149afbf4c8996fb92427ae41e4649b934ca495991b7852b855
benchmark/environment/universal-5-add.txt	0	e3b0c44298fc1c149afbf4c8996fb92427ae41e4649b934ca495991b7852b855
benchmark/environment/universal-5-div.txt	0	e3b0c44298fc1c149afbf4c8996fb92427ae41e4649b934ca495991b7852b855
benchmark/environment/universal-5-fma.txt	0	e3b0c44298fc1c149afbf4c8996fb92427ae41e4649b934ca495991b7852b855
benchmark/environment/universal-5-mul.txt	0	e3b0c44298fc1c149afbf4c8996fb92427ae41e4649b934ca495991b7852b855
benchmark/environment/universal-5-sqrt.txt	0	e3b0c44298fc1c149afbf4c8996fb92427ae41e4649b934ca495991b7852b855
benchmark/environment/universal-5-sub.txt	0	e3b0c44298fc1c149afbf4c8996fb92427ae41e4649b934ca495991b7852b855
benchmark/environment/universal-512-add.txt	0	e3b0c44298fc1c149afbf4c8996fb92427ae41e4649b934ca495991b7852b855
benchmark/environment/universal-512-div.txt	0	e3b0c44298fc1c149afbf4c8996fb92427ae41e4649b934ca495991b7852b855
benchmark/environment/universal-512-fma.txt	0	e3b0c44298fc1c149afbf4c8996fb92427ae41e4649b934ca495991b7852b855
benchmark/environment/universal-512-mul.txt	0	e3b0c44298fc1c149afbf4c8996fb92427ae41e4649b934ca495991b7852b855
benchmark/environment/universal-512-sqrt.txt	1122	55b9d4c5b93201b8b2f79ebfe456edc37dce0ae36a20a75e537613f8696e0acb
benchmark/environment/universal-512-sub.txt	0	e3b0c44298fc1c149afbf4c8996fb92427ae41e4649b934ca495991b7852b855
benchmark/environment/universal-6-add.txt	0	e3b0c44298fc1c149afbf4c8996fb92427ae41e4649b934ca495991b7852b855
benchmark/environment/universal-6-div.txt	0	e3b0c44298fc1c149afbf4c8996fb92427ae41e4649b934ca495991b7852b855
benchmark/environment/universal-6-fma.txt	0	e3b0c44298fc1c149afbf4c8996fb92427ae41e4649b934ca495991b7852b855
benchmark/environment/universal-6-mul.txt	0	e3b0c44298fc1c149afbf4c8996fb92427ae41e4649b934ca495991b7852b855
benchmark/environment/universal-6-sqrt.txt	0	e3b0c44298fc1c149afbf4c8996fb92427ae41e4649b934ca495991b7852b855
benchmark/environment/universal-6-sub.txt	0	e3b0c44298fc1c149afbf4c8996fb92427ae41e4649b934ca495991b7852b855
benchmark/environment/universal-64-add.txt	0	e3b0c44298fc1c149afbf4c8996fb92427ae41e4649b934ca495991b7852b855
benchmark/environment/universal-64-div.txt	0	e3b0c44298fc1c149afbf4c8996fb92427ae41e4649b934ca495991b7852b855
benchmark/environment/universal-64-fma.txt	0	e3b0c44298fc1c149afbf4c8996fb92427ae41e4649b934ca495991b7852b855
benchmark/environment/universal-64-mul.txt	0	e3b0c44298fc1c149afbf4c8996fb92427ae41e4649b934ca495991b7852b855
benchmark/environment/universal-64-sqrt.txt	225	27ed8a870200f6dc2696e080d81d6075349276febef0ba2c30142051a9e7e38e
benchmark/environment/universal-64-sub.txt	0	e3b0c44298fc1c149afbf4c8996fb92427ae41e4649b934ca495991b7852b855
benchmark/environment/universal-7-add.txt	0	e3b0c44298fc1c149afbf4c8996fb92427ae41e4649b934ca495991b7852b855
benchmark/environment/universal-7-div.txt	0	e3b0c44298fc1c149afbf4c8996fb92427ae41e4649b934ca495991b7852b855
benchmark/environment/universal-7-fma.txt	0	e3b0c44298fc1c149afbf4c8996fb92427ae41e4649b934ca495991b7852b855
benchmark/environment/universal-7-mul.txt	0	e3b0c44298fc1c149afbf4c8996fb92427ae41e4649b934ca495991b7852b855
benchmark/environment/universal-7-sqrt.txt	0	e3b0c44298fc1c149afbf4c8996fb92427ae41e4649b934ca495991b7852b855
benchmark/environment/universal-7-sub.txt	0	e3b0c44298fc1c149afbf4c8996fb92427ae41e4649b934ca495991b7852b855
benchmark/environment/universal-8-add.txt	0	e3b0c44298fc1c149afbf4c8996fb92427ae41e4649b934ca495991b7852b855
benchmark/environment/universal-8-div.txt	0	e3b0c44298fc1c149afbf4c8996fb92427ae41e4649b934ca495991b7852b855
benchmark/environment/universal-8-fma.txt	0	e3b0c44298fc1c149afbf4c8996fb92427ae41e4649b934ca495991b7852b855
benchmark/environment/universal-8-mul.txt	0	e3b0c44298fc1c149afbf4c8996fb92427ae41e4649b934ca495991b7852b855
benchmark/environment/universal-8-sqrt.txt	0	e3b0c44298fc1c149afbf4c8996fb92427ae41e4649b934ca495991b7852b855
benchmark/environment/universal-8-sub.txt	0	e3b0c44298fc1c149afbf4c8996fb92427ae41e4649b934ca495991b7852b855
benchmark/metadata.txt	6381	da821acd57b7e9e78c4e190eeabb5518877874c4dcd462fa6062b843192a7860
benchmark/plots/backend-regimes.csv	22611	244cf1f96a90f1d1637554db2cf3dd9edb1e4a7f277202c5ddf29af33da777c3
benchmark/plots/format-comparison.pdf	84042	20d12057ab7acea6e4d7c5d7d24662c687cc9510dcba175f75068af4e160a6b4
benchmark/plots/format-comparison.png	574973	e5b657f2581dc8b4de36d7c0bf73b4887b0b92541a5b64b3416f0dbc9dce19b5
benchmark/plots/format-comparison.svg	554493	442e4972b4a04ee98fd9aab2321e70655c1ae950e47f48337732fef3ae10812c
benchmark/plots/ratios.csv	28113	c245901ec343b7042be790beab196ae704b961c049d5d3c1015b3ef1a262eb47
benchmark/plots/summary.csv	182004	388e2caf83cc81b844747494d44005174fafc17f84bb02aeb7268905c667f1bc
benchmark/raw/rows/trial-01-binary-native-c-32-add.csv	405	4f51e7416ece9ab6539353b5ab504102f861982ddf85609d78db77de1accca27
benchmark/raw/rows/trial-01-binary-native-c-32-div.csv	406	971c2fc66cbdedfd4be41b4c95ec691e80f99b39da9d15b92e5813d09fc532d3
benchmark/raw/rows/trial-01-binary-native-c-32-fma.csv	405	8e5e462436009dad452f219334d089d9e37f7bb391083f344ff86740c27a43cf
benchmark/raw/rows/trial-01-binary-native-c-32-mul.csv	406	91f6cec7cbb89b5525a7b158ef92d1ee3348676fd7f09efd129d56201c20a75b
benchmark/raw/rows/trial-01-binary-native-c-32-sqrt.csv	408	307297d19b76ae539ab6e81180037ab7d78d20797700107216b3e7fabe0e8ba1
benchmark/raw/rows/trial-01-binary-native-c-32-sub.csv	405	f5a702f7be1b1e57eefebae9910ce75dae9ca347f5c9416d091dde8c620c826e
benchmark/raw/rows/trial-01-binary-native-c-64-add.csv	407	152638a44b4fb242812b067729a417b73722c0b103067f3452427461a97ad4f5
benchmark/raw/rows/trial-01-binary-native-c-64-div.csv	407	8d856901525bc348468b9002cdf01641e2ed19708fc06dab547a385be8e9e299
benchmark/raw/rows/trial-01-binary-native-c-64-fma.csv	405	3c7d63b608ba24b3c23d4c1fc00fb89c5bfaaf9e312fb93a8957c99ab1f420d6
benchmark/raw/rows/trial-01-binary-native-c-64-mul.csv	408	6b7b7163884b91267fbba69be0a41b17df135b1f9e0ff734655a165d40715f1f
benchmark/raw/rows/trial-01-binary-native-c-64-sqrt.csv	407	af29e40adb4cf8546af33ec16cb1d2280e14b7c7f4c5f56e1568c4bea19e4e00
benchmark/raw/rows/trial-01-binary-native-c-64-sub.csv	406	989e197035ae91d5ac5d34bd27a00176f9426834ae6dad829b8bf13961c9d348
benchmark/raw/rows/trial-01-binary-software-1024-add.csv	455	df951031a684fc1bb1f8e4b11356a9ea898e874bdf8b2a374dec9f1b2f124beb
benchmark/raw/rows/trial-01-binary-software-1024-div.csv	453	7be36b9ab6aab1192d0b8a3a8876852289455ac7d65d7dd1fda102e5add49490
benchmark/raw/rows/trial-01-binary-software-1024-fma.csv	465	27404ba18622ef4326d5ee2e2a2747e806f3d65107b526dbf2ce134d1e15e747
benchmark/raw/rows/trial-01-binary-software-1024-mul.csv	461	f4c2dbc72c24b42ae0ba8f450215586d5eadc2090d26ce340e2f182c6b46b986
benchmark/raw/rows/trial-01-binary-software-1024-sqrt.csv	459	76675b49f908c2934ec44b78f874e1cf8ebeff3f49ef10e99aac02131ae099a0
benchmark/raw/rows/trial-01-binary-software-1024-sub.csv	459	2572eb211873729938c4c10a50cfc8778abe88441f5a84bf0efd225ea5a1876a
benchmark/raw/rows/trial-01-binary-software-128-add.csv	437	baa43752d87dc4a622773136e50558e568d1967615c813ce8e037ccb8864094b
benchmark/raw/rows/trial-01-binary-software-128-div.csv	441	416c24ce49a6a5cd1ca3a1c6e3d6b261939242067e882aaf0d7acbe21eb7c9ca
benchmark/raw/rows/trial-01-binary-software-128-fma.csv	449	153045428f220babbbdccb45269f36095e9815c4e251371d0b5a8ba01da49b96
benchmark/raw/rows/trial-01-binary-software-128-mul.csv	446	5671503c746a688ff0e846b12a572b28d8db5dd190fa23e0b2cfdb6aec0bf934
benchmark/raw/rows/trial-01-binary-software-128-sqrt.csv	444	f9dff2d31071962965c88f908086bb6bffcff9493e3b368c74119e0e75168b00
benchmark/raw/rows/trial-01-binary-software-128-sub.csv	443	a1493e43af78e9d47c292e0e1bbaab17b1593bf9e79a5b39d4a2dc9c54dbed34
benchmark/raw/rows/trial-01-binary-software-16-add.csv	440	383226963d6d84916692c29c47a946cf6d550d7ba9a08c937a05a2864b64c1c2
benchmark/raw/rows/trial-01-binary-software-16-div.csv	437	d5abe4351b523eaed47d2c110fb14cae6041fa75118837b710efa6381c5fc170
benchmark/raw/rows/trial-01-binary-software-16-fma.csv	449	1b32c2388ac4195628ec92e96e4ca1294b11e2a7b25228fd1b496b01fa9d1477
benchmark/raw/rows/trial-01-binary-software-16-mul.csv	446	dbd46e6afb73db7d26e1156ff417e5a339a1fe574f868b214094098bad4e9cfd
benchmark/raw/rows/trial-01-binary-software-16-sqrt.csv	444	4d4a82cf43368b74740eb7106c186e93fe76fa916eb2a4d406f3b476bcea3805
benchmark/raw/rows/trial-01-binary-software-16-sub.csv	443	4807bb692595709644695542850be7dc9ef7dfd626f9d1a2e68b8f7ecad303f5
benchmark/raw/rows/trial-01-binary-software-2048-add.csv	456	63b7052d9feabc61ffc72f6538927db5d21c0f3e3fc1d0322dbbcf40ae5eb952
benchmark/raw/rows/trial-01-binary-software-2048-div.csv	455	e7ae32d2c50558b25f23de616882dc3538f1fdaf066a527cd3e7a35160f58a4b
benchmark/raw/rows/trial-01-binary-software-2048-fma.csv	464	c554a782d066d0e7f60215117ae9e5c3ce120461d23d8c8d01fda1974d8f3258
benchmark/raw/rows/trial-01-binary-software-2048-mul.csv	462	64742eb79f180f8af77a96094975f40816e34e218090b57d1257ef4943d92f4d
benchmark/raw/rows/trial-01-binary-software-2048-sqrt.csv	459	945f5fddd12f4cb58a9d3c05b6907f81ae7c8ce87738fb4cd22ba9628c9492d1
benchmark/raw/rows/trial-01-binary-software-2048-sub.csv	458	78d10bac887238230b62d52a6e5598329c141032865069efce9eda8548699e06
benchmark/raw/rows/trial-01-binary-software-256-add.csv	452	63212c0717542d48c0604c4fcc74e0f3d12140d8c6c8623417fdb90180bf7fb3
benchmark/raw/rows/trial-01-binary-software-256-div.csv	448	d6388dbd9973dfe09db28c744e7ef9453355bdfe8187d41fcb5121d75fd6cef2
benchmark/raw/rows/trial-01-binary-software-256-fma.csv	462	ca14f6c59847072c1d9be0e5b7dab374a44098c372c556dbc1c04716f8d3c546
benchmark/raw/rows/trial-01-binary-software-256-mul.csv	460	b38c9994bbf9883d87f6d70f92925e743f8b8e140ae02b2b548210a09364d3fb
benchmark/raw/rows/trial-01-binary-software-256-sqrt.csv	456	1bddc662278d0a3036ba2551b49a2e0bfed951466dca8bfb23707cac27be18f0
benchmark/raw/rows/trial-01-binary-software-256-sub.csv	455	8c126cc925d220e8a1c97455709e3db0b26593d429278ebcd9a4877d2f3dca24
benchmark/raw/rows/trial-01-binary-software-32-add.csv	423	1fc5d3242ea5dbbe50f286f4082ae7452a467732123024296b38db1734794894
benchmark/raw/rows/trial-01-binary-software-32-div.csv	424	b61b0364fb145a4426818aa3f1ec9f1815066278e6b7458054655db398695d87
benchmark/raw/rows/trial-01-binary-software-32-fma.csv	425	872d70ba7715765c56b2eb68c9598ab0fe127a62187095e31ab90a627be234be
benchmark/raw/rows/trial-01-binary-software-32-mul.csv	424	886b9d3c10504e0cb539f1dbfc2ccc6eeabaa98cf5fde0a1edeb8ceabc98d4aa
benchmark/raw/rows/trial-01-binary-software-32-sqrt.csv	425	3efa0a3e6781e5bf0abe9f82275248d395013abb3d234a22813e9d0f3a014293
benchmark/raw/rows/trial-01-binary-software-32-sub.csv	424	9533251de4cef66707ee0b811938d0b40cb8e17e116fb76e98a318cf5de8ed5b
benchmark/raw/rows/trial-01-binary-software-4-add.csv	440	cd9be0362c4bb468c7c08d7e011ae87018ed8e9badd0037206c1b68a1c0bf290
benchmark/raw/rows/trial-01-binary-software-4-div.csv	442	22d38204ac6a953f452e99dd2ddd0320fd288d4cb79ba0240f6a15cbede575c1
benchmark/raw/rows/trial-01-binary-software-4-fma.csv	451	e8ad670f5dad1531a8f24f216b83ad3744333bdc2deee76d7086e7be25225ed4
benchmark/raw/rows/trial-01-binary-software-4-mul.csv	445	df0a67cfaddc71e5ac4cbee8feb93cba50ecb1568db37c1464e15391203186c1
benchmark/raw/rows/trial-01-binary-software-4-sqrt.csv	446	2b1fbe5eebd74c2974dc7a54de801bc2b74a12c01aebf5444bdbb5e1696c71af
benchmark/raw/rows/trial-01-binary-software-4-sub.csv	445	0c8c8b256da43854132a06d1e226ef005edaf89fc3dc46863bcaa60dfdda3e4e
benchmark/raw/rows/trial-01-binary-software-4096-add.csv	454	e1fc52d044ec2ed9c57403209a89f740611509ada718d7a5e21febcdb9355eca
benchmark/raw/rows/trial-01-binary-software-4096-div.csv	455	c29b47037b850f48f9f2a2e55221ee866bc55d4f48c5c99dc717b46d2607fedb
benchmark/raw/rows/trial-01-binary-software-4096-fma.csv	464	7643bb11bbc5e97c8101f3f42d85b4bf9d93a29885973d4ef832c4234adac97b
benchmark/raw/rows/trial-01-binary-software-4096-mul.csv	460	5c24d6069827b2662c07f1e50b2360bca67259de5e3d7d848c0bf35426a4267f
benchmark/raw/rows/trial-01-binary-software-4096-sqrt.csv	458	3e49af305f0f80b0a7166c7d57a0f9454afab41c85fb5deec2df4ef830a84492
benchmark/raw/rows/trial-01-binary-software-4096-sub.csv	460	53786495c265115929ec06962163ba505e8eeae1d0f119d90eba32745749da78
benchmark/raw/rows/trial-01-binary-software-5-add.csv	440	e435c99d30ab135282c761fde72915712294eb74387e0d4202c4bd25fc3bb166
benchmark/raw/rows/trial-01-binary-software-5-div.csv	440	854d58a1e23e7129507b3aef2bbc1f1c838834327b8d05f03118de6716b1968a
benchmark/raw/rows/trial-01-binary-software-5-fma.csv	454	ccc24952d67fbb602346959932436724e2a9d7842bb76286e497bacdb80ddef4
benchmark/raw/rows/trial-01-binary-software-5-mul.csv	446	8ac322572d299bdaa330bf1eb93122e0c9264b561c7c72c7cb439956df46379e
benchmark/raw/rows/trial-01-binary-software-5-sqrt.csv	446	3fd43fa39581c3486e18d1220c6dff516e77290fffd8d0f00060ab5c00441393
benchmark/raw/rows/trial-01-binary-software-5-sub.csv	445	2982319b5ba6d57e0b68e137b6fef6d67890619fd1886cd81d2f13ef8ee36514
benchmark/raw/rows/trial-01-binary-software-512-add.csv	452	38d6876e8b7947cda8153cd71ff10ce81bd45743dcec77036673116eabc9fcd5
benchmark/raw/rows/trial-01-binary-software-512-div.csv	448	ecab5270c692faa4d4cef50aa91b3a29ac8531cf34403d28224febd6a1ae9fed
benchmark/raw/rows/trial-01-binary-software-512-fma.csv	460	88553ec2cd93d0c6cb265da2f407ef65c29172f6c8f5bfa145e48adac5e5ed76
benchmark/raw/rows/trial-01-binary-software-512-mul.csv	457	95e89d6014f3e4ec28788ad836f813a859d97450f2d162c750035f77b643e9d6
benchmark/raw/rows/trial-01-binary-software-512-sqrt.csv	456	98c6c990920a5e1a638aded1ab5d6097d37ef3bde0b7ad8195e1eb750938cb2c
benchmark/raw/rows/trial-01-binary-software-512-sub.csv	455	f45eb1529881c129c65aef5b91e6ed617981cbba9ff6e4fe481c32b0fecf947a
benchmark/raw/rows/trial-01-binary-software-6-add.csv	439	188b61c33b208cb524bb90de130380ca043f95779bc0c2bfc17d34ed1163cc76
benchmark/raw/rows/trial-01-binary-software-6-div.csv	442	6b45a754120362c9a3e466dfdd86d20cc445724ed5201fdb4f404445553a863c
benchmark/raw/rows/trial-01-binary-software-6-fma.csv	450	003203ac98712f2e1e8b9bee7d3e0df48e4bb1a97456d65f23ded3e9dd607482
benchmark/raw/rows/trial-01-binary-software-6-mul.csv	450	f28a523dc6256ffd10ed06c2b3bdc6ceda2972d5c060694da70f8a87ed9b56d5
benchmark/raw/rows/trial-01-binary-software-6-sqrt.csv	445	27974c173cfeef7b16bea9ab08158714aa0ebccb532fc7f95acac6593a605b54
benchmark/raw/rows/trial-01-binary-software-6-sub.csv	444	b63db9aefce93cfe073b5130f4b2629e6213ff5b81b02b7c3d38d7e980a2e651
benchmark/raw/rows/trial-01-binary-software-64-add.csv	423	66c32b7160df35a33d68ecac59195bee4ba17b1dbdfb0431be06f42484125367
benchmark/raw/rows/trial-01-binary-software-64-div.csv	424	d01466d2c75b37beeb2310bc071473c9135ddeb2981a3e8dd21885c944daff7e
benchmark/raw/rows/trial-01-binary-software-64-fma.csv	423	f90e694930eb110e96a299524f2481ce6002231d45102c953978b0aff1e09f05
benchmark/raw/rows/trial-01-binary-software-64-mul.csv	425	822850a9e84f76c61042cd1ca63e506333eab2986f79c628f970857cd9567426
benchmark/raw/rows/trial-01-binary-software-64-sqrt.csv	424	f3cdca8e66b16a6207cbc54188d3b185ff923f27b848a102987def5cfc9d5749
benchmark/raw/rows/trial-01-binary-software-64-sub.csv	423	3e2699a856814bf9e1c4d2fca073b9888e8a775c4d811f36ff42a415b6a305ea
benchmark/raw/rows/trial-01-binary-software-7-add.csv	439	405acfe704f47edbb0480ac17b83e19ab437d34cb56578bf47516e60990535e9
benchmark/raw/rows/trial-01-binary-software-7-div.csv	443	66dd3571523616500a95b194f689beba4f9791347c24ee8bb2e6fe42101a3ba0
benchmark/raw/rows/trial-01-binary-software-7-fma.csv	451	17d9893cc731486a2f86c5bdadfa9733ef06fdbcfe114ae9691e6ab494bb24b8
benchmark/raw/rows/trial-01-binary-software-7-mul.csv	449	6998930116db6690612150a328f57d16c554a7947a251645073d4b4abb8e49c9
benchmark/raw/rows/trial-01-binary-software-7-sqrt.csv	447	3bfa12655ea5c537605380c31cdd25f0a7135e1601d051e27156e5fb51c9cf9f
benchmark/raw/rows/trial-01-binary-software-7-sub.csv	442	f7f02bce3fe4cadb88b3a0513e9863ff1576521713c2b5c091d184706b11afef
benchmark/raw/rows/trial-01-binary-software-8-add.csv	440	5d2d7a68c2696570904a6e151216a1b60b37d5fada2bc0726661273d8c07f751
benchmark/raw/rows/trial-01-binary-software-8-div.csv	441	71760ef668d0afd84c17eb9083ccf7c0a58582709f11f6dbcbdb4f93f7bea159
benchmark/raw/rows/trial-01-binary-software-8-fma.csv	451	828e4d7d283659228afddeac9a48149671dbdf9d51a3dfe54d63194bcf094d6e
benchmark/raw/rows/trial-01-binary-software-8-mul.csv	446	eb35cfacc531cb23a605b481f89b414a6497fa6d7eb08f3b69af0fbcdf9aab04
benchmark/raw/rows/trial-01-binary-software-8-sqrt.csv	447	2a649474738e45dd1c65c2489ac94af50c2c42c0b0297235fd372d9f9ae37876
benchmark/raw/rows/trial-01-binary-software-8-sub.csv	441	b26634d6118566f2a9acc85ba5c7e702bdf7baaa938a52a4403b43c86ca61601
benchmark/raw/rows/trial-01-cpython-float64-64-add.csv	466	306f2c54d1f1936b25b9efcb18693e80098888d7428bcea27f55d7c3ae9a6c0a
benchmark/raw/rows/trial-01-cpython-float64-64-div.csv	468	7b989302bffa2665538bc652b3e7c35ddb9d12b44ab9d43dd6c8240afd1d00f7
benchmark/raw/rows/trial-01-cpython-float64-64-mul.csv	468	9b652f0c754c0778cce11d35350ccf4d76a5c490343f33489ab83938a201b67c
benchmark/raw/rows/trial-01-cpython-float64-64-sqrt.csv	467	3c0a697bea8c6e4c46b23db4d37160c59ebaeb291d26b4c4ab06c059ed536e29
benchmark/raw/rows/trial-01-cpython-float64-64-sub.csv	466	ecc4c6b6b7d06a9682a2feaa9c01a50fdb98ef4f2ced854411ed26d774ea0932
benchmark/raw/rows/trial-01-flocq-reference-1024-add.csv	388	aeb496c1352d8c3ee5be4429ae093906d174e9f17bc87078a6c4c19c338c1543
benchmark/raw/rows/trial-01-flocq-reference-1024-div.csv	389	fe18975640e4f732a49fef24a978b67a44ced78508eb7b9e9edddea300c10fc2
benchmark/raw/rows/trial-01-flocq-reference-1024-fma.csv	389	0bd02cc8e20a210749bb87d352e15f67cd4960270c172a38d52205e1f4d7ab5c
benchmark/raw/rows/trial-01-flocq-reference-1024-mul.csv	387	647331a8507dff9ef65c346ace56230ebedcc3dce578f0b3eb0687d092c45c0f
benchmark/raw/rows/trial-01-flocq-reference-1024-sqrt.csv	386	ef5b1de1a9d6857e44b227f40d886f5ed9287b33895c3e046d27e7261fdbb418
benchmark/raw/rows/trial-01-flocq-reference-1024-sub.csv	388	acd5f677fb02bcdf159a2c90ad4fe43b3dcdfeecdfd1b5f05ec5dc817fc71ff8
benchmark/raw/rows/trial-01-flocq-reference-128-add.csv	388	9eeecc0cfbe88e2d3dbd70c1d489798d696999519cae0fd3695508ae9d4d9cbd
benchmark/raw/rows/trial-01-flocq-reference-128-div.csv	388	fa987cf1fa84003dce4aeaf5fc528ece675608833626c2326c47f8eaddffb2aa
benchmark/raw/rows/trial-01-flocq-reference-128-fma.csv	386	19f14cb2108ddd8c393693a4859968c375a595fbf361102add26966380089383
benchmark/raw/rows/trial-01-flocq-reference-128-mul.csv	388	fa61521e91a11a9f40c14365bd58ffd02fd83f0bd13514cdb23b1471b3b0a20c
benchmark/raw/rows/trial-01-flocq-reference-128-sqrt.csv	386	f8082f2e7f2df4dfdd31ad64194f82af607fce6fbb748ceeb01ac239692fa71f
benchmark/raw/rows/trial-01-flocq-reference-128-sub.csv	387	87f88ce682a00a389bd38b348604c7e0a4ca16360a73ac87533bf18ec7e32b3e
benchmark/raw/rows/trial-01-flocq-reference-16-add.csv	387	1788eba1c51987a4f9cb55d932dd115544696c95e87e8f5e8b434cf3eec67fd9
benchmark/raw/rows/trial-01-flocq-reference-16-div.csv	387	d22183e8e8cdaeb6a0dc4aa6c1e59e7d9353c8ba0983f128636faf62a7de504a
benchmark/raw/rows/trial-01-flocq-reference-16-fma.csv	388	11f0337bc900163dd1288b4d7d62d1bf7d64d07d3cd107bc2fba9b72dfd15fd7
benchmark/raw/rows/trial-01-flocq-reference-16-mul.csv	387	63fb24ac08dca3b076537e02c9c91c1d7c40199bab31905938e2a88e3590b6a8
benchmark/raw/rows/trial-01-flocq-reference-16-sqrt.csv	386	5932fe38fa1c88c1ee6cf22766a05cf901acb8f4c8b133dddeef06e312b20213
benchmark/raw/rows/trial-01-flocq-reference-16-sub.csv	387	d6ae8f5a512ff8162d6b554a570a03859b7db802a5316aa3774e5642cb1f89c8
benchmark/raw/rows/trial-01-flocq-reference-2048-add.csv	388	fbdf0fe683777a2c433a38dbd30acafd7c6b42c50d7163943a258b5bb356748e
benchmark/raw/rows/trial-01-flocq-reference-2048-div.csv	389	784c5e3f461ea9a8cf207407382cd4208d189f9f0760412b129973fd3aa80184
benchmark/raw/rows/trial-01-flocq-reference-2048-fma.csv	388	10561add46e580d42eb915d19e26e397cfb625954bb497f23073610d003f4402
benchmark/raw/rows/trial-01-flocq-reference-2048-mul.csv	387	475bc323ce365def4b85bb70e8e37544167db4673d7cd10457770e571a2a83a7
benchmark/raw/rows/trial-01-flocq-reference-2048-sqrt.csv	386	44bb8e04baa187bedac0731e234abf2750339d617d0b5937ad67802a3f9b6968
benchmark/raw/rows/trial-01-flocq-reference-2048-sub.csv	388	fee09841c0930b5fc8f73ee583c73b340ac97abe83cfb5e3513b9ab98fe1e079
benchmark/raw/rows/trial-01-flocq-reference-256-add.csv	386	6348fc0b3c1c78065f1c71766e1a1667d037bd08f34819975c268a8f79220128
benchmark/raw/rows/trial-01-flocq-reference-256-div.csv	387	2f032a5f31129c900ce54c72c3268a4549403c2027b45e9a52c182730fb37479
benchmark/raw/rows/trial-01-flocq-reference-256-fma.csv	387	f53e9cc0b7b8307d63303025e8a59587bdb1759577029ed96a561e7391435607
benchmark/raw/rows/trial-01-flocq-reference-256-mul.csv	387	ce324c554797660281d98f4f00df1c3d9c6fe9937c964db75eeac32df92c5ac0
benchmark/raw/rows/trial-01-flocq-reference-256-sqrt.csv	386	89c9be6ce90e99494ec4a876d67a64463ce3b6c813b20707ae9ca2847baf21f0
benchmark/raw/rows/trial-01-flocq-reference-256-sub.csv	386	c6d231ebba21d2725bc65713bdc023bc532c52ea0cd4c706a60ae9201cc2e42a
benchmark/raw/rows/trial-01-flocq-reference-32-add.csv	387	c1e4283b1c34581d6a5137a3d2551a5608510a9b90c88472bd771ffddfb4ea3a
benchmark/raw/rows/trial-01-flocq-reference-32-div.csv	386	0b48570947a266cf0d36daf84f60e3f096351e0dfc25e2b2245eb3126994db32
benchmark/raw/rows/trial-01-flocq-reference-32-fma.csv	386	5ddae4b1d33a9c372184fa851ceac913f3c89f0399d191fdd4f41555f5400073
benchmark/raw/rows/trial-01-flocq-reference-32-mul.csv	386	c031737b59208be9121cbdeb971b31bad3da2ef514cfaaf808291276131d82e4
benchmark/raw/rows/trial-01-flocq-reference-32-sqrt.csv	384	4cd8867a835ffdc5ed65e57812c29c86e534de2a683bd58ec31f971b558aeb57
benchmark/raw/rows/trial-01-flocq-reference-32-sub.csv	387	adc8ab20d2cf8e58f33c3f7c3c68d597e4b9a146a9a36dfdcd78d3cc52c2c9e1
benchmark/raw/rows/trial-01-flocq-reference-4-add.csv	384	26b72043e69e724f5c657a78ca4b172fc3b96c2e2681c4b8ab50d406e8db2941
benchmark/raw/rows/trial-01-flocq-reference-4-div.csv	386	05356b7c249c216e478569361cac1d5911834f1a78f57c2c7b43d840b94c369f
benchmark/raw/rows/trial-01-flocq-reference-4-fma.csv	384	9db89aa064c3fc2ddaa3ade24d065e6fc558208ec3ff4a3874045d53cf2c3186
benchmark/raw/rows/trial-01-flocq-reference-4-mul.csv	386	d3e87568572d55d8f091ccbdbe7ab9c157cbab56509be1a9e39d4a1c30bebd42
benchmark/raw/rows/trial-01-flocq-reference-4-sqrt.csv	385	2a9493c59fd389606d26fec94b9a7e983063219ba50887e798ad370a1829919f
benchmark/raw/rows/trial-01-flocq-reference-4-sub.csv	385	fc43ad04be7580a0b56c93da41c1a3a6e0aee2167bacf3d5d7132d0e1936bb8e
benchmark/raw/rows/trial-01-flocq-reference-4096-add.csv	388	d08ea42cd1ecc8987a8ef9d602bea878a9d30ef6e5608aa45315ae6a01e15fd4
benchmark/raw/rows/trial-01-flocq-reference-4096-div.csv	387	ed1d1e5595fa140916130fa72bdf1a3222ff115979af26aa5279ee5bd889a9e4
benchmark/raw/rows/trial-01-flocq-reference-4096-fma.csv	387	1900eb738ddbd8f760cb04ae813aced0afe842a00ab73dcf0410701eadd5023e
benchmark/raw/rows/trial-01-flocq-reference-4096-mul.csv	388	19276c01bf982adeccc43b611062f4306e6efd274800fee7f21f9676684b22fc
benchmark/raw/rows/trial-01-flocq-reference-4096-sqrt.csv	388	bb882997f853fd81c2d670f2d116e0d7fb6aedb70873272e2eaaf34e4e4da191
benchmark/raw/rows/trial-01-flocq-reference-4096-sub.csv	388	9304dce5c9a467136f78fcb569a171ef3a5f91a80aed7f1ba1292d5ddd05f212
benchmark/raw/rows/trial-01-flocq-reference-5-add.csv	386	721cf7a281178383e2cae6cd1ff863298d6480936bbb22e275d5dbc4b7c6bd84
benchmark/raw/rows/trial-01-flocq-reference-5-div.csv	385	6df9b4e0af304c827973b2d202718b85dbd392badf53789888e08744444d2142
benchmark/raw/rows/trial-01-flocq-reference-5-fma.csv	386	2c8d3651d947b0629b545a4c659c054de534a12cd874e1ebf6434379ec69da72
benchmark/raw/rows/trial-01-flocq-reference-5-mul.csv	386	12ade11e40441e9c6930fd7117cc837e92d18d070b823abe160475db29935bef
benchmark/raw/rows/trial-01-flocq-reference-5-sqrt.csv	385	28eeada25be8e9e0b7e64c55c4d828a8336ab79785ebe434783613773dded882
benchmark/raw/rows/trial-01-flocq-reference-5-sub.csv	385	a0e5c0c3d39b4f7fcb229236e417af136137f7bd98f47f883337497741743740
benchmark/raw/rows/trial-01-flocq-reference-512-add.csv	387	3f1fadeb699722514f20258d02b22a006b9d2c0082e3f75d103c7ab8a74ba56e
benchmark/raw/rows/trial-01-flocq-reference-512-div.csv	387	7a73e6038f10ddd38dd879e081615f9e7bd29b8372d636b7abae4279a55b47d1
benchmark/raw/rows/trial-01-flocq-reference-512-fma.csv	385	fbb8cd248bac8a47b36e4b7279a85db222fde63def096e29f9f9612d7970668e
benchmark/raw/rows/trial-01-flocq-reference-512-mul.csv	387	9397768a00c5f81479d88a07a9d21428ad6ec4322b18876aefa48dcf87126658
benchmark/raw/rows/trial-01-flocq-reference-512-sqrt.csv	386	56f1ed73053ad099e681f43467fb994388b01a56bbba2334706e5323a656cbc8
benchmark/raw/rows/trial-01-flocq-reference-512-sub.csv	386	ecf55885c48014749ba10e3cf2a4b2ec05df9dbd225c848da1ec6fb38a45129f
benchmark/raw/rows/trial-01-flocq-reference-6-add.csv	385	e7d1c5030dd8081cbd314dab74e8698c3ba74ae1f766db204e46911c838a3461
benchmark/raw/rows/trial-01-flocq-reference-6-div.csv	384	4356c2203f51bad4f398833af65e44b5a02ebdb7086a61a44436f3310712e386
benchmark/raw/rows/trial-01-flocq-reference-6-fma.csv	385	5064fa5ddefe5e96e2252266d341411a9dd0aba297f4e33ab167c7abbae59af8
benchmark/raw/rows/trial-01-flocq-reference-6-mul.csv	386	6190a62cc36dcd481bf49548d66191717b3213ff21d716a0ca241050c8b46f32
benchmark/raw/rows/trial-01-flocq-reference-6-sqrt.csv	386	102a2d1c41debaba19c674f362b4cff57a885c59b4ab5ff107c0c3542bdfbd95
benchmark/raw/rows/trial-01-flocq-reference-6-sub.csv	385	84fa2d02928fa7aca14809bed1cac7f78c14f4e257c161241ad13a705be653cf
benchmark/raw/rows/trial-01-flocq-reference-64-add.csv	386	b4712706be116c5b2ab16fc4988a1da2d32c2303232d43ef2a6a4a45488408e8
benchmark/raw/rows/trial-01-flocq-reference-64-div.csv	386	f894332054531f0d8dfaa38ead0e7b726ac41f31b5b7f724f5476532e298adce
benchmark/raw/rows/trial-01-flocq-reference-64-fma.csv	386	c8a79c3b863367033068ec9c1a241573cef6d7ac8674fc97d444caa2a725de9a
benchmark/raw/rows/trial-01-flocq-reference-64-mul.csv	385	57e3a342296367b5635b7972b707f038fa16dbf191e780231c7d2a275e021a75
benchmark/raw/rows/trial-01-flocq-reference-64-sqrt.csv	385	80dc7f997d8c5960ef646a466e148feda576a14d0679a776e47b19012796eee0
benchmark/raw/rows/trial-01-flocq-reference-64-sub.csv	385	5eea3b80feb5ba6d37c38c0f9b4cb030620a4534a76efea9b5d9ba5d3eeea1df
benchmark/raw/rows/trial-01-flocq-reference-7-add.csv	385	efb04ede40bfb608685e250302e283eca207ebcede5b95c46779e3b1ec4af3e7
benchmark/raw/rows/trial-01-flocq-reference-7-div.csv	386	5af7ace68b4a0054a42be9c07106c64b599fb6f79573395dfcb8be10abdad6c5
benchmark/raw/rows/trial-01-flocq-reference-7-fma.csv	385	62fb76f9d6a2817b17d2af45dab6f4dbd7791161087e8b36af019b3cd69832fe
benchmark/raw/rows/trial-01-flocq-reference-7-mul.csv	384	e0a4f483782b03c30b546ac1b0d3ded019a2e98f4bd052ae351762c4c13ec6fb
benchmark/raw/rows/trial-01-flocq-reference-7-sqrt.csv	386	535227df3b878438ec4353301231daf0f70064ad2247d1a5acfc9cd803242c2c
benchmark/raw/rows/trial-01-flocq-reference-7-sub.csv	384	9287a00c810d4c5589a74547d377f90e6d0fde52b5c8a116d09ec2986aef6e11
benchmark/raw/rows/trial-01-flocq-reference-8-add.csv	386	a9e128692281c7e0ba6172e33544e667bab44a54f9cef55f640513affbb9e75f
benchmark/raw/rows/trial-01-flocq-reference-8-div.csv	386	89f4125b629a1df3f3d2aa653af905fe5fd9f53273f9c23662587acedba42847
benchmark/raw/rows/trial-01-flocq-reference-8-fma.csv	384	5f00b6f38b0bc277f3bdbb268f58fad54351d43828656ceb331849d327de443f
benchmark/raw/rows/trial-01-flocq-reference-8-mul.csv	385	94596b09a9509225cf0697d446b0a37944ad8f8f480b7234ef9dddb95b562d18
benchmark/raw/rows/trial-01-flocq-reference-8-sqrt.csv	385	bc539629cbffab1488f4c6a4223b80757328fad714e072ed54642936a8b9a7a4
benchmark/raw/rows/trial-01-flocq-reference-8-sub.csv	386	19a2c6a3b35476afa5eabe7553dc3ed02e3864db34ce5bd077e611d6c075885e
benchmark/raw/rows/trial-01-mpfr-reference-1024-add.csv	475	a69b0aaf4e301d0b910676954ee62fc5172a173065aca7555c49603d59a3b2a1
benchmark/raw/rows/trial-01-mpfr-reference-1024-div.csv	473	78808f7ab91f1489be7047f82872ee066ebe42ef45d3e15e0f3d7623089bcef0
benchmark/raw/rows/trial-01-mpfr-reference-1024-fma.csv	475	f5321953020a98b83152a41f973f8a34e00daeaa0e9e1a1bd3ecd78b8adce424
benchmark/raw/rows/trial-01-mpfr-reference-1024-mul.csv	475	51eaceb22b59280369d8cad861dc0444c3f6fb075b478f4454e795601c89ed31
benchmark/raw/rows/trial-01-mpfr-reference-1024-sqrt.csv	475	bc172e15de04309831df987bd2f67a5fed8471564ac55d7f659874d62168b309
benchmark/raw/rows/trial-01-mpfr-reference-1024-sub.csv	476	7cfb69f77bcd54a01b2b5724b4abc7f24b66785644b6edeee6e5173ea0c4f19f
benchmark/raw/rows/trial-01-mpfr-reference-128-add.csv	468	5e67fc43ad914e25803f56199141ff9536c87fe7756113cea789cdd31f0cef89
benchmark/raw/rows/trial-01-mpfr-reference-128-div.csv	472	950d415d08cafbebb0b95b37860e81014a3f522c65e3e0b26f1d322d943b3580
benchmark/raw/rows/trial-01-mpfr-reference-128-fma.csv	471	aff9fe1b7adae53f2d3a8db0650f6d7ab8ad5e3ab84cbf91985df44971b69d80
benchmark/raw/rows/trial-01-mpfr-reference-128-mul.csv	471	cce024b7af83a890ae6c00e14808e518b8eac4ba1cc66eeb0b37f0a66c2f499e
benchmark/raw/rows/trial-01-mpfr-reference-128-sqrt.csv	472	65b4f1522f645e222529140111578b43cdffd528c8a8626ae78b0e8c7200350a
benchmark/raw/rows/trial-01-mpfr-reference-128-sub.csv	473	c8747790f13cc4043ca34daf9aa8ffaaf728d6c52f464e83d0a8ce63e427638c
benchmark/raw/rows/trial-01-mpfr-reference-16-add.csv	467	a067989ed5626ff7a797e1c98a1f5afd49eaa7e22021c7176bccc2b906760c0e
benchmark/raw/rows/trial-01-mpfr-reference-16-div.csv	469	305e69a4f6b90c5b11e6df209409a8c7864a3896225e334bc8ea074cc27a537a
benchmark/raw/rows/trial-01-mpfr-reference-16-fma.csv	466	a41319b990244d93b15b6ea4d2d1f3b874955aaaba46a57c1de0b52fe31d3f6b
benchmark/raw/rows/trial-01-mpfr-reference-16-mul.csv	467	28741813a80eda4cdfe00d58c4539013be1464a46407966e4a383d51df0c65f7
benchmark/raw/rows/trial-01-mpfr-reference-16-sqrt.csv	469	4acf810d726c800a31de417e0e3b4410f4a9751b802cd22a1d5e7e4666c3eb6d
benchmark/raw/rows/trial-01-mpfr-reference-16-sub.csv	467	a5484fbd4e4c1ac0293704284af1b541b35061879fb859b26e0e1cbc8d7ca9ac
benchmark/raw/rows/trial-01-mpfr-reference-2048-add.csv	475	d873a569f0786c73e50fd49371f97d07d65501d1b05b5f43455abcca3e988376
benchmark/raw/rows/trial-01-mpfr-reference-2048-div.csv	474	65bdb583df8340ec0feec9402739fd2d1cda2da962a37e27138c838f64fe9109
benchmark/raw/rows/trial-01-mpfr-reference-2048-fma.csv	473	cbd6d6d6b58cecc0035142870bd0077f4e2fcd1260be0568c0d9ade5ac3085c7
benchmark/raw/rows/trial-01-mpfr-reference-2048-mul.csv	474	ab9a2931cbe6ebec8984c90f9dd5210b649c98fb48bf77ff0d39456957a14b55
benchmark/raw/rows/trial-01-mpfr-reference-2048-sqrt.csv	474	46a4d817f825437e537ac48401aa6364d4da867d744143368e8bf69569abd345
benchmark/raw/rows/trial-01-mpfr-reference-2048-sub.csv	475	8b33a76b5ba27ccaa10b604257c280bfb87f52684e5025c973f39d873bb0c5bd
benchmark/raw/rows/trial-01-mpfr-reference-256-add.csv	472	c584c5adb4c976ce2bee0fbac9081fa75b2b91568a5164a210f47240db4269c9
benchmark/raw/rows/trial-01-mpfr-reference-256-div.csv	470	3205ba19b5809a93acffd452c9a9f919b6853fab137753b6b5c9bb2cc8464c80
benchmark/raw/rows/trial-01-mpfr-reference-256-fma.csv	472	96922774f877630193276884bcaf963daca3ad6a67560fc775dc0171f2969f90
benchmark/raw/rows/trial-01-mpfr-reference-256-mul.csv	473	676cdea00c4f08948dbfa892d29c21713075b533fc503a63fbda484d4dd90c9e
benchmark/raw/rows/trial-01-mpfr-reference-256-sqrt.csv	472	6320b8fb75e48f2f3e53d85bbcbb84eff0edef39fed1e1b9245207a2c39f63bd
benchmark/raw/rows/trial-01-mpfr-reference-256-sub.csv	472	4ef587c7761548d2cb6a7621800490f67bb0b4c0730703397941c95500a7a38d
benchmark/raw/rows/trial-01-mpfr-reference-32-add.csv	467	cec2253bfb158871b9ce8b443bf450a304789449b7b78967cccb020d0b32af8e
benchmark/raw/rows/trial-01-mpfr-reference-32-div.csv	468	1a4d7feee5a4084df173bc566af6c7d30e477ace6156c93bcc396d46f61d692d
benchmark/raw/rows/trial-01-mpfr-reference-32-fma.csv	468	c3b465cedcf315454afcd1ff2c74556c3b9b658b18b3a4649b727d53d95af939
benchmark/raw/rows/trial-01-mpfr-reference-32-mul.csv	468	3da6dc61d9b9c7c5fe13e9e59ed03b76871a4ed243f143d4ba63197564c505ad
benchmark/raw/rows/trial-01-mpfr-reference-32-sqrt.csv	467	538d62901ddcba14b769fca740463dd13b48fa1729a6cfee8b18ee487ba87761
benchmark/raw/rows/trial-01-mpfr-reference-32-sub.csv	468	1fe084c99debad9c6e114afb6a022600422d9120df1a21a0a6f4fd2739c7d625
benchmark/raw/rows/trial-01-mpfr-reference-4-add.csv	464	1db549bf721cb4929488e77374ea06d5e30a0a4876e16bed3777bad7fb15700f
benchmark/raw/rows/trial-01-mpfr-reference-4-div.csv	464	893310a3c5936a9a14cef0783e5147cd0ca277df678baa327bcdcdf2001d64d8
benchmark/raw/rows/trial-01-mpfr-reference-4-fma.csv	465	cb2d107cee89f119554ec8beba2367614d51d8e1f2a3f737ad432e8e521d9d15
benchmark/raw/rows/trial-01-mpfr-reference-4-mul.csv	464	23a9b70adb528cab0c309580787e68268cffeb981a11defdb208d8cde40c4671
benchmark/raw/rows/trial-01-mpfr-reference-4-sqrt.csv	464	65885a7384109c155632e30e7727d2d3a45809c535d585085d0d241a3603c7b7
benchmark/raw/rows/trial-01-mpfr-reference-4-sub.csv	466	e777979c95bf0eb4a9c8bebf32bba402d831b13863ca319df56eb6b5b5dd9c8c
benchmark/raw/rows/trial-01-mpfr-reference-4096-add.csv	474	ecb741af206c4f707c36eedf047ffcae44563351f0ef3d2ade2e9c522edc9f3a
benchmark/raw/rows/trial-01-mpfr-reference-4096-div.csv	474	b6408d8f67a41f382f80363c9c552574cbee3cdfc8655476c2ea7a46e5d21a32
benchmark/raw/rows/trial-01-mpfr-reference-4096-fma.csv	474	32fd098a6a2c4d14920ae5b4c59cda1e67514664083823520faea9dbab575ac6
benchmark/raw/rows/trial-01-mpfr-reference-4096-mul.csv	474	8c7467b67565404725714b6a840a414889648789c1633c34e6a2a908af5a2184
benchmark/raw/rows/trial-01-mpfr-reference-4096-sqrt.csv	475	e5fa96b37513a57d5753da5b79cc3a2400d55ead149621884b1705fd3961cb4d
benchmark/raw/rows/trial-01-mpfr-reference-4096-sub.csv	475	4350c829d22fb5b09496328302892e9c6076d88ee4df5fd1c7eab65a7ff12728
benchmark/raw/rows/trial-01-mpfr-reference-5-add.csv	463	56518455dba64d3dac020882cbb0d28f9099b5115d961897924fc517101c50b0
benchmark/raw/rows/trial-01-mpfr-reference-5-div.csv	465	a639695e718fde7e81b54f1137709a1214224ec1b1462d2323bdc8851dc3cf6b
benchmark/raw/rows/trial-01-mpfr-reference-5-fma.csv	467	e7cc1135549e716572713bcf9b1ae16d1c5daea12d8af047d31b543fe08a9d39
benchmark/raw/rows/trial-01-mpfr-reference-5-mul.csv	464	3f656c2b45bd849e551d5e39ffc011c497e5ff2a58ed8a9b1420364e008985a0
benchmark/raw/rows/trial-01-mpfr-reference-5-sqrt.csv	465	ef142592b96c933e9776e785c6676776c50b5531f612050574471840854ad0fa
benchmark/raw/rows/trial-01-mpfr-reference-5-sub.csv	464	4d8319c48b6889c27633059beaa1669401a8cf7fa412bc6d10751c1513899c38
benchmark/raw/rows/trial-01-mpfr-reference-512-add.csv	471	94cf6c2e9d46cc6d7bb4e5e93e4bcf268bc211ab02aef6874b9106b2750234a1
benchmark/raw/rows/trial-01-mpfr-reference-512-div.csv	469	b254ca44b70ac12e5ce2de438c352251ef2c251b0c3cf0461a2315f88603ff92
benchmark/raw/rows/trial-01-mpfr-reference-512-fma.csv	470	9a51fe580dc7117539bc78e27847bd0edbe5d59ae04087f390feb0f217b50441
benchmark/raw/rows/trial-01-mpfr-reference-512-mul.csv	471	0680725d8844c61b6d518c5d124eeae3c2273b16131cce53f775542200bd1238
benchmark/raw/rows/trial-01-mpfr-reference-512-sqrt.csv	474	8005d25c214d94f40d24cca1b1ac1e513718395bee918b42bfb895a28cc9a476
benchmark/raw/rows/trial-01-mpfr-reference-512-sub.csv	472	ce7ce353c93da5c714898b995907ca8819892dbafac569b97d3fae0455fb824b
benchmark/raw/rows/trial-01-mpfr-reference-6-add.csv	462	5c6e77ffd59622e4592dc2ce916c1036be65c199db6acb46aa74731235f88d25
benchmark/raw/rows/trial-01-mpfr-reference-6-div.csv	464	5d31d3a88e4929e47f0391c3b33f10cb3e44dac22ed266bbb0cac259f42e6dae
benchmark/raw/rows/trial-01-mpfr-reference-6-fma.csv	464	91dfaa84b85accf2959d68789d77ea15fa393cc4d4d35d6bca61c6867d8110a6
benchmark/raw/rows/trial-01-mpfr-reference-6-mul.csv	465	dde6df655b8c00185354cc947e34ed5f796f0a4c8b393b51e71f4bacd55db309
benchmark/raw/rows/trial-01-mpfr-reference-6-sqrt.csv	465	019924c61decfdc531f7274065b103e9be5d48adc0319e6d2b6f70c003e26a9a
benchmark/raw/rows/trial-01-mpfr-reference-6-sub.csv	465	6c7658c8c9725b03147556bc480abcccd95db15e1ad232c6b2f5e9c1d9027e48
benchmark/raw/rows/trial-01-mpfr-reference-64-add.csv	469	7f924e29f466e32142a232f73e00868efab63ddd5a307a627c1ca38c5968ecc4
benchmark/raw/rows/trial-01-mpfr-reference-64-div.csv	469	6ff18134426f3cefe5363f3fe004204b6ce4b901ebc1ce136fbcbca61c18a27c
benchmark/raw/rows/trial-01-mpfr-reference-64-fma.csv	469	ae833abfffbbb0da1fae9502e8de0d04699af9ef83f2ac5b96d60c29086633b5
benchmark/raw/rows/trial-01-mpfr-reference-64-mul.csv	471	817fd5ea9748d5fa47681f316db9ea3823e32571c9a1aafc38dd1776d3cbe3ee
benchmark/raw/rows/trial-01-mpfr-reference-64-sqrt.csv	470	5728d1e4d94fb0e7677b852bfe45dd87a743418e41c06d37038c091832d07003
benchmark/raw/rows/trial-01-mpfr-reference-64-sub.csv	467	a245d4bc7fbb970b5d5490e5e46fbb6a2e302dabe70e06267181decffc014529
benchmark/raw/rows/trial-01-mpfr-reference-7-add.csv	464	12cbf4f7472540a841a7782a92121cb092fe749799ebeb8beeaf98074f1aa786
benchmark/raw/rows/trial-01-mpfr-reference-7-div.csv	465	22f1fbf348ef563136b6d6a6752effa4e6cac458355c8969cc992e765a37cbaf
benchmark/raw/rows/trial-01-mpfr-reference-7-fma.csv	467	77d8fdcc316139389678fc1664292d3835c989621b546ac38d672c6ea6eca486
benchmark/raw/rows/trial-01-mpfr-reference-7-mul.csv	465	3bf8d262998546968d08909d442923d428325afe2cc49b101d0fbcfa17197847
benchmark/raw/rows/trial-01-mpfr-reference-7-sqrt.csv	467	5bcf989aba2127f1ca70e0a5537fd38f4da949174b51c6944741d5c611e804d1
benchmark/raw/rows/trial-01-mpfr-reference-7-sub.csv	462	e26d8ad2ff670703b6bf9ae613260597376a2942d704a1ad886ff12f4a1bba6e
benchmark/raw/rows/trial-01-mpfr-reference-8-add.csv	465	5103d210b66b1deb7bea72cca97bc20f0b0aa941848913cf1f99b81ec692244a
benchmark/raw/rows/trial-01-mpfr-reference-8-div.csv	465	800f147d3d9438ca3873d6a1dd14959858720961fda660a8b86a6c18b635e6f4
benchmark/raw/rows/trial-01-mpfr-reference-8-fma.csv	467	6ec1f69be429af084b12785561610a7660fff11a18903c8894788b1bc9f47204
benchmark/raw/rows/trial-01-mpfr-reference-8-mul.csv	463	4234f410d3dd282b9e1f226e74b5e1427a500fb055947c5b75adf4884fde2160
benchmark/raw/rows/trial-01-mpfr-reference-8-sqrt.csv	468	82268865399c2195af359b624ff482ffce5d6a8e564591a7867536dedf5fd349
benchmark/raw/rows/trial-01-mpfr-reference-8-sub.csv	463	0a517792cb90d2b5d856c700f2cf783e0973a69ee4bcc5555cda7a6814635c45
benchmark/raw/rows/trial-01-posit-software-1024-add.csv	374	09c75208a3265e574b5230e7e0f47243b03ff5821a0a5d5622ce63a1d8d41e17
benchmark/raw/rows/trial-01-posit-software-1024-div.csv	378	9807e6c6090027330425f23e51cc1e379687b7482f103775eafdbe0292f8bd34
benchmark/raw/rows/trial-01-posit-software-1024-fma.csv	388	bbdc72edad06e896629866769d7abffe2227644a5818b786bbfa0d725ae66b9b
benchmark/raw/rows/trial-01-posit-software-1024-mul.csv	378	6a0fa0e0581716979bdd2b2bde93f99d1c041eddef629cc193ff6831499b65ff
benchmark/raw/rows/trial-01-posit-software-1024-sqrt.csv	383	71c3ad088a5e1c7382663e857d40eebb59bd71a28ff03c1059ff938145fac0f1
benchmark/raw/rows/trial-01-posit-software-1024-sub.csv	380	be61e0d87a617477b8d07a0aa5b54c0458fdac5b2f4a07bfb09b49f77df7967f
benchmark/raw/rows/trial-01-posit-software-128-add.csv	377	251784fbb5681cf69fa252bfe92b0086017cc2aa7c3504f73df15897141a017d
benchmark/raw/rows/trial-01-posit-software-128-div.csv	376	73840d10208f14bfbad546c51db6c70428634d69133a9a6b6793458b5328367f
benchmark/raw/rows/trial-01-posit-software-128-fma.csv	391	10217b851163492da76640a53973ab876c229c78f24ba1be5c4ff856dcc8bacf
benchmark/raw/rows/trial-01-posit-software-128-mul.csv	382	294eac69941d2a11e37075832dd7f4f9672c7610f8e22a14b61de972adea8e64
benchmark/raw/rows/trial-01-posit-software-128-sqrt.csv	385	002c5eb7c380bec2a7f189c610bfb84f6e6123d4810c2ce2115d8b2b6480f658
benchmark/raw/rows/trial-01-posit-software-128-sub.csv	384	dfdba22872c61ed0e1e7bcc79689d64e96bee59d4aa0f9363204f532e8219bf0
benchmark/raw/rows/trial-01-posit-software-16-add.csv	374	cfe1f1cc6941f0cc2a3030372494d0951da5ea080b1fe44875529a61849b4681
benchmark/raw/rows/trial-01-posit-software-16-div.csv	379	0545cc50171daef533dbcc87ee76f907170a20fef70ca4a2ddccce87acfbdc79
benchmark/raw/rows/trial-01-posit-software-16-fma.csv	390	07883432f01a78193f20316723b2c31ba64b724ea85ba350980a030e1f424fd8
benchmark/raw/rows/trial-01-posit-software-16-mul.csv	380	b04d588af7ea0e207aa976efb6fecf8fd5d18f53c8220d11d2f6261dd1f29582
benchmark/raw/rows/trial-01-posit-software-16-sqrt.csv	385	aa1261bfcbccf212d679841a06b8d9f89161bc5dc1a660cd854c9baf13f3a6ed
benchmark/raw/rows/trial-01-posit-software-16-sub.csv	384	bd60a979f446f2a12bb6d3fdd3047b75e076b421356cc41e5fda73c32b0239db
benchmark/raw/rows/trial-01-posit-software-2-add.csv	376	73bfeabb7602da15ade9e99a29cad3e8863ab1d0bf0521e5e0aa4db2e4159df4
benchmark/raw/rows/trial-01-posit-software-2-div.csv	377	a9b804bad1cdc0a2a709ecc977ad2169da8613f7ef838d0e8e0916d813cc0c9e
benchmark/raw/rows/trial-01-posit-software-2-fma.csv	390	222b993c43230259b7ef007e475c79d16d1fd0dbf9e09bf7ccf2a9b1a9f9d553
benchmark/raw/rows/trial-01-posit-software-2-mul.csv	376	fb17622014266f838f60f0b6a0d311b0297bc5e35b5b98d82e749778fa5b24e5
benchmark/raw/rows/trial-01-posit-software-2-sqrt.csv	378	0c2ea547d6bf44e5aad8042cd48054575cf55fe757c65eefff597982f9f5b26b
benchmark/raw/rows/trial-01-posit-software-2-sub.csv	376	47061a9cff9d96326a476997b37eb62c07837142925bf4f62c592c59cdf2a278
benchmark/raw/rows/trial-01-posit-software-2048-add.csv	372	4e25262dcd7fc5af81905443be757839f337d9a741ba7299ead7a9bc3f80d437
benchmark/raw/rows/trial-01-posit-software-2048-div.csv	378	3bdbea3fbafd9cd90420c43213406cfc5fbf347c35a432ac9d11ced440d70f2b
benchmark/raw/rows/trial-01-posit-software-2048-fma.csv	387	e77732250b45c20f0a15c84224dbbe03f521018a1feabb4fcd7c6236fe232d25
benchmark/raw/rows/trial-01-posit-software-2048-mul.csv	376	750624914f0705058d998028c9c985c3c696384a0b664f5f0b5971e955bc3cf8
benchmark/raw/rows/trial-01-posit-software-2048-sqrt.csv	383	b5d237c9788be48cb070f412bd162bf39bc5e2b2d91270e38d3711d0bb96c2ef
benchmark/raw/rows/trial-01-posit-software-2048-sub.csv	380	b7ad4e4c2bd2578601dd0d76c0e5e9ef67cded9f4f942df33004c51a9504d5b7
benchmark/raw/rows/trial-01-posit-software-256-add.csv	372	821c9c23faf129c6ac6f4e507452933818291bd49762aa22284542463cd51b6d
benchmark/raw/rows/trial-01-posit-software-256-div.csv	375	d80ec194108d160180990b403333da933bafe765940884b26ff06c57bd74e609
benchmark/raw/rows/trial-01-posit-software-256-fma.csv	386	803f19c2793d0a61b8989b3256eadde665ad5b0081ef257707bf282e095e03b4
benchmark/raw/rows/trial-01-posit-software-256-mul.csv	376	9427eba266ddb9606ecd8bbfe436aff0e516f2775877680e4b4963ca945f8ac9
benchmark/raw/rows/trial-01-posit-software-256-sqrt.csv	383	736bb9370265254e53de8e0555291f8850dc0c751f7765bc37fd6fffa9a2f07c
benchmark/raw/rows/trial-01-posit-software-256-sub.csv	377	b57870a0905ebe408e842f4e619e7a8cbf399a867fea2a5fcb2cfa7321821905
benchmark/raw/rows/trial-01-posit-software-3-add.csv	375	f2d504afa4a15f021f7c9b38a2fe170ae902e5ce83255ffa3b4e7f4754c1cfed
benchmark/raw/rows/trial-01-posit-software-3-div.csv	376	b67d192ec63577aa145ce2c3d9ad48e532fb34090eeda99efc8273c9171d3131
benchmark/raw/rows/trial-01-posit-software-3-fma.csv	387	297f4a7fd3fa61d8d9ef49d8cbfdcff4d3951209259dc080789f2757f10a2c2d
benchmark/raw/rows/trial-01-posit-software-3-mul.csv	376	650436233e9aa1b212790bd1ef0ded9945ec57002895e7eb5606adf5459cdafe
benchmark/raw/rows/trial-01-posit-software-3-sqrt.csv	378	51fe89f6a907e46981d86d49160a992445c209196b32db1b9b7e0b02a3214102
benchmark/raw/rows/trial-01-posit-software-3-sub.csv	375	7de179cde6e40f86982068492b801d97d8db02d1c501660a1441b4635d03e2f1
benchmark/raw/rows/trial-01-posit-software-32-add.csv	374	c0d2f60279c2dbba279325fc1ab4bb7481599be00a920ece295dadc67545acd8
benchmark/raw/rows/trial-01-posit-software-32-div.csv	379	fafec5844a9bd7ed20390c88a6bc94b0df06b399c644e42ffbd7b7f82331caf8
benchmark/raw/rows/trial-01-posit-software-32-fma.csv	388	426eb50a4018a69f95e69116bf608d49c51caabefd56c6366599a57f43f144b2
benchmark/raw/rows/trial-01-posit-software-32-mul.csv	379	4f2cfa66740274dde75422d23f2b421446920b89c9cc257e11cc7f4f0b9d891c
benchmark/raw/rows/trial-01-posit-software-32-sqrt.csv	383	02a88ec1ed52ddfc27c3ee76612f257cd63d589d81961f9a8fe38aa310c80db6
benchmark/raw/rows/trial-01-posit-software-32-sub.csv	382	cc876000aa369fb442109467e2c963b6365b10535788a34263a4802a1df25ed3
benchmark/raw/rows/trial-01-posit-software-4-add.csv	376	86ad06e7f785d91edbbdee005151c08740f2f632544d6433c3911ad4d7db5dfc
benchmark/raw/rows/trial-01-posit-software-4-div.csv	376	3d5b0f1433b1de9987b7a1328a983d5f2146c2fc4e77ff8d04fb0429f7a0e65e
benchmark/raw/rows/trial-01-posit-software-4-fma.csv	389	f77906583c20b1131628f86578018c42abd6191551d4c8e54943a02cc8798810
benchmark/raw/rows/trial-01-posit-software-4-mul.csv	376	c7aadc2f31bb1a7696e31d6b01ada6beaeaa0f51fbdcd7cdeb74f3771077e993
benchmark/raw/rows/trial-01-posit-software-4-sqrt.csv	378	0d0f08fd15a18e7d374ec841dcae56387c6ef235432b708bccb5a39cf6286d60
benchmark/raw/rows/trial-01-posit-software-4-sub.csv	376	3d0f44e11e96057e8b00932f98de1c6bffd31be5e67a24a538685369e1fd48db
benchmark/raw/rows/trial-01-posit-software-4096-add.csv	373	f3fd9a29a0b5e705ca0e826a4712bffb10e703b2e43afc9baeed6c2fb17917c5
benchmark/raw/rows/trial-01-posit-software-4096-div.csv	378	52e559a6226e5fcda13eaaf873bcf7d806f99536552e7d54d8ed776467cd0c5e
benchmark/raw/rows/trial-01-posit-software-4096-fma.csv	387	3a58d6638313d5d67212f1ee933596a760ce1aecc5d2adc0741c733b00974bf8
benchmark/raw/rows/trial-01-posit-software-4096-mul.csv	378	409e0fe86d82db19d8bc756da893c524605b05ab768e6e6fa9f83580d1ada5e6
benchmark/raw/rows/trial-01-posit-software-4096-sqrt.csv	384	99951ea9f8979e6a3c0ae3a6b23febe2a1eb0cf02feb1abf67864fa207d19226
benchmark/raw/rows/trial-01-posit-software-4096-sub.csv	380	5dc2dbc64525bffc681bac73acec7c79f55917d6c8801dae861607a917b701e4
benchmark/raw/rows/trial-01-posit-software-5-add.csv	376	90911f4b3f1511d52a320c11d7d9f5115c94363648f9c879d4f5b07918cd74fa
benchmark/raw/rows/trial-01-posit-software-5-div.csv	376	92891c94b11626010a65ee7a4e2972fc0f66cfd2127144bdfec69f3a45ddfe8a
benchmark/raw/rows/trial-01-posit-software-5-fma.csv	389	c48eff018d418dc8cbbe823d69d0f82f35a1f6dab41c5972a24aed1d7b1e1cae
benchmark/raw/rows/trial-01-posit-software-5-mul.csv	376	312990d5c48212b58ab340fe465152d27200c382a2bbff07072f940fe576531b
benchmark/raw/rows/trial-01-posit-software-5-sqrt.csv	376	5c0ea5029feda320f6edfd8e7be3ec7032d969f10bfe44a947c2427d4755c1bc
benchmark/raw/rows/trial-01-posit-software-5-sub.csv	376	a4fd21bf37c946192c09ac54c3ef6cc155e939939efc247fdac1c95e3831a977
benchmark/raw/rows/trial-01-posit-software-512-add.csv	370	c75590b8cacbffe3ae2a18e7ceb8f8a6ede72f3db27fde07dadf5bacf77dd0d6
benchmark/raw/rows/trial-01-posit-software-512-div.csv	377	16fd983d17c40f809f29bb63d495146a33332ce6c48414717e7384f0b7b6d0c3
benchmark/raw/rows/trial-01-posit-software-512-fma.csv	386	1d6c37ff53bf61ebd0e3d7a5d8e3542e1674b159ad8c6f8e3628c79e317715ea
benchmark/raw/rows/trial-01-posit-software-512-mul.csv	375	c209ec6ceb066af9c30a4d146b805f3f13d6c514621d822f17fc50fa786587e2
benchmark/raw/rows/trial-01-posit-software-512-sqrt.csv	380	e5d5cd8957e7bb65633c2d8120d1ef2b77712d8217c4f7443cd6b294b6fb4b6d
benchmark/raw/rows/trial-01-posit-software-512-sub.csv	378	e5d3e1c357ff9c7d3bb93f9e03d4a643e3f471da5aa0fcf6abceb5a205ac5490
benchmark/raw/rows/trial-01-posit-software-6-add.csv	376	751abb824f69f33351b6c74125b7a629999eb8571cc7caa8a463dc32a54552c6
benchmark/raw/rows/trial-01-posit-software-6-div.csv	377	d09ae11b864f555f1f86222cb4c6941900f65206055845109409879468be3ec0
benchmark/raw/rows/trial-01-posit-software-6-fma.csv	389	2e9bd5d67d0efc9be11208b169b68fd8f511574106fec98cd7fcbf4d5d3cc125
benchmark/raw/rows/trial-01-posit-software-6-mul.csv	375	7b9c9ad06cb45ad1eddbc8f897b9e8c9ff1da28c7107bf1e15b5720fbf9c6e32
benchmark/raw/rows/trial-01-posit-software-6-sqrt.csv	376	b8fa1420d51f5b58aeebb84d5d71f50cf4e9d8f56dad1a460fee9382adb760a7
benchmark/raw/rows/trial-01-posit-software-6-sub.csv	375	8ae4408690d4e9a90d9c1f53f4560845a39cb8afc57d196042bec6ee273aa777
benchmark/raw/rows/trial-01-posit-software-64-add.csv	373	3e1675b8083c9a507c988681435fbde9193d29ab71511efea93823b8da60e19b
benchmark/raw/rows/trial-01-posit-software-64-div.csv	379	0ff5f7ab1c12ac545d8deca9754f2111ca0e15f9ced12fa6fe3679c10e18971c
benchmark/raw/rows/trial-01-posit-software-64-fma.csv	390	f6b21e243c7d11165f12f8bb8d907d4ed623b924fe511dcff968257b445b2d6d
benchmark/raw/rows/trial-01-posit-software-64-mul.csv	379	70082ff77d22e068f556e3f6b42be7e6a06bc86895120db1795cc4caa5281604
benchmark/raw/rows/trial-01-posit-software-64-sqrt.csv	383	313e84b4de591d29cfbedd20ab4a934e434171d54b54bf1f2ef48812f26fe29b
benchmark/raw/rows/trial-01-posit-software-64-sub.csv	382	c2c9b43bccefde27597310f9bb7a8d1842e1637a03a0e16e63f3f791eddd0aa0
benchmark/raw/rows/trial-01-posit-software-7-add.csv	377	5606ae9261ff741dd4da89d62910f8e8a4d64493a1d275c43155e5b0f1e1df77
benchmark/raw/rows/trial-01-posit-software-7-div.csv	377	b2e9781ad0f61b261e6f65662322d23d0a4cada8aa8d276b6cf32dde2b6b8561
benchmark/raw/rows/trial-01-posit-software-7-fma.csv	388	c1b443c31b176e0a13c4571dbc8a58f717bf06411b85e3a8903422873ef5500b
benchmark/raw/rows/trial-01-posit-software-7-mul.csv	377	9a109f20167814539a64b9ea3e900204ba5793dd70d16a23f82cc1d3e91bb951
benchmark/raw/rows/trial-01-posit-software-7-sqrt.csv	376	42abd64ef109534e965fe99b9413f41bc80f2f61f054658f1fa95c7b8fb2537c
benchmark/raw/rows/trial-01-posit-software-7-sub.csv	376	0b663a6e87a32bc979c0b16d4d0258fc8e0f5365c41ff0aa76b5469865a2e197
benchmark/raw/rows/trial-01-posit-software-8-add.csv	375	8cce4e3aae19361cd79c09cd04e999c7156374a9bb09984bb0cb16d59f272237
benchmark/raw/rows/trial-01-posit-software-8-div.csv	376	cb534e6be11600c7c0e979bbd1e4b6621e3825f5a25b1546ae738663afb6293b
benchmark/raw/rows/trial-01-posit-software-8-fma.csv	388	d27e9c61d3c101ba630a77fe849b13ae684532abe9c9c23c00d64d0e0b45ef9d
benchmark/raw/rows/trial-01-posit-software-8-mul.csv	376	28e86a5bfc615eeb94621f7d1d77a6379523725822c019b4c6a91a3b841b4538
benchmark/raw/rows/trial-01-posit-software-8-sqrt.csv	377	c33f5c92f8be1ffc2f78f00d70c60300b463f420d62984c6ada98cfa8201107e
benchmark/raw/rows/trial-01-posit-software-8-sub.csv	376	eb6238f425435f83b470156a53c809f5537a26bae070277e5444cdf3868fe580
benchmark/raw/rows/trial-01-softfloat-reference-32-add.csv	418	7c578440ff95d71fbfc455e609802b989687a837c93ab84a577f2f00b2816e47
benchmark/raw/rows/trial-01-softfloat-reference-32-div.csv	418	9d7db6ef88b7fd97fd6476523634263d2d57f497974193be093fe2815651ba58
benchmark/raw/rows/trial-01-softfloat-reference-32-fma.csv	419	23fcad2a4dd09aa891d99b49d33318ea6755b9396f376207cf1fa9da3a2faf66
benchmark/raw/rows/trial-01-softfloat-reference-32-mul.csv	418	2c1fde1ab803297935dbff25e90f4cb0279db1ec6c13110a7de5a174a0f42e76
benchmark/raw/rows/trial-01-softfloat-reference-32-sqrt.csv	417	48b82b28e89f40c979cff85babd9d33075c120467645755031d0312a8eeb2eb8
benchmark/raw/rows/trial-01-softfloat-reference-32-sub.csv	417	68c8abe28986c7f9b92e4af6d640d9e80bf29db499074dbe06e4e29fb66c59cd
benchmark/raw/rows/trial-01-softfloat-reference-64-add.csv	418	b2426446b4264f79e975246442d85da48f5ff5de9f4791969a0e2264f721b1b7
benchmark/raw/rows/trial-01-softfloat-reference-64-div.csv	417	e4a46b7ba5fb6d05f05f35c0eb4ef401fc182d427c6f97bff1126ebb829f6e06
benchmark/raw/rows/trial-01-softfloat-reference-64-fma.csv	418	4bf88b393c7819914a7ed0008b7cb3bb63a7810ea6434c0c0144d09778f08d93
benchmark/raw/rows/trial-01-softfloat-reference-64-mul.csv	421	12208f316c244d40dc67aa7b185924371e0404bb552588a436c6f26ac4158584
benchmark/raw/rows/trial-01-softfloat-reference-64-sqrt.csv	420	2c04ec2fe6a7058b2f1fdf4f3235f417aab1eea9b85b8b8248bcf261af5edfd4
benchmark/raw/rows/trial-01-softfloat-reference-64-sub.csv	414	50580bf3e689104a2c352e83973785871648ba6291d4fe2e8e0c7c0d26af62df
benchmark/raw/rows/trial-01-universal-posit-1024-add.csv	447	ba1daff32e1d3e2979b1a76d8faf0c927e42e981f6e81f0a2394077f4bbd7021
benchmark/raw/rows/trial-01-universal-posit-1024-div.csv	444	c10c5180796570e2d489d6fb04dbbbed4d35777d586f86d9b7d603f529fec76d
benchmark/raw/rows/trial-01-universal-posit-1024-fma.csv	442	352b3e11030a861f9277ccddd4c2c882a694e30739c0fa1ea48f6c4a176aec33
benchmark/raw/rows/trial-01-universal-posit-1024-mul.csv	445	11df4b42c1aaa58ece65b1cfe5ceea9d0bb7ff7f6f2c9b8ead08077b322539b5
benchmark/raw/rows/trial-01-universal-posit-1024-sub.csv	447	fea1b6d9f1d54296668ede87bcd3477c058bed89f90b853fb5de16aebec319e9
benchmark/raw/rows/trial-01-universal-posit-128-add.csv	442	7222258896d55adc6ba86303b02cf6b16cde30bb7d4ec161cfdf0d88d22bf6fc
benchmark/raw/rows/trial-01-universal-posit-128-div.csv	444	973112a47b4a6460fe2257898c9cf68842673ca58aae04e622fd83d628de6bbf
benchmark/raw/rows/trial-01-universal-posit-128-fma.csv	443	30190f8e6a7c3bd5341bafa96d22f210949c214130aab4658b985f77754e441b
benchmark/raw/rows/trial-01-universal-posit-128-mul.csv	444	bbc9cf3f7548ecfddc5c6ac783ba3b2ce9e442bcd10713352383821be5d036ca
benchmark/raw/rows/trial-01-universal-posit-128-sub.csv	444	23375d8ff9f9d99f81fab59d6ab7c4e42d88c2805ef6f13e6b5e35590328c7f3
benchmark/raw/rows/trial-01-universal-posit-16-add.csv	443	4a3f85b7b551abbea0f82cf2c766794db9f24cf946483f530ad7f2b2602a8644
benchmark/raw/rows/trial-01-universal-posit-16-div.csv	442	c530472af5d3255e1efa4f9cef303f4974b8c3f3c9e32ba8776bca49112844a2
benchmark/raw/rows/trial-01-universal-posit-16-fma.csv	441	772be0145dcd22962cd4b917b253bfc29ae0bb73be8d245c4dcb37270e242b41
benchmark/raw/rows/trial-01-universal-posit-16-mul.csv	441	efa21fdd3f36acc178c64f2ba3e927f1aa744056890f16f8e649921743928479
benchmark/raw/rows/trial-01-universal-posit-16-sqrt.csv	461	b37c97be96a51a835f021f4e94a9e19a1537eebf785bcb65e37f938ee4258240
benchmark/raw/rows/trial-01-universal-posit-16-sub.csv	442	58e6f76b26fc015a72ae53a71a68c5fb4a2a15b13a0d86066f6bc8fa2d098786
benchmark/raw/rows/trial-01-universal-posit-2048-add.csv	445	ea9a9d87dd263ba51a299ac5b00d99ece06732891ef72bcb60beb9aa5ba62769
benchmark/raw/rows/trial-01-universal-posit-2048-div.csv	442	a4050ef3a1b3b9bdb571159b2f1b9cc961d96dc6b077424efe435dc90f9e1f60
benchmark/raw/rows/trial-01-universal-posit-2048-fma.csv	444	d0d4c4e39fa3d67d0832ad90c57843ff1611c6b6211db45f4fc7bea751dd0aa4
benchmark/raw/rows/trial-01-universal-posit-2048-mul.csv	444	7117dc61c03b3b23a0fc76d6f43d6c5fd300f190dcfacf2a9a427a337122fe53
benchmark/raw/rows/trial-01-universal-posit-2048-sub.csv	443	0d9d1052e02775e0eb7d564e8c3fd1c93575e70d489f08cbd2f1946a05b67363
benchmark/raw/rows/trial-01-universal-posit-256-add.csv	442	4b2c51555493eee1a55bcbe101f387c7786855e8511f943f876cb290317635bf
benchmark/raw/rows/trial-01-universal-posit-256-div.csv	442	6f59a991a8cbd3485bc44281a796a9e0d135c8663679c699048e424f1d5bc4ff
benchmark/raw/rows/trial-01-universal-posit-256-fma.csv	443	41707570bcb355aed33f71c040881e42c0c7877cdff9a4bfd7be4ffddb350d04
benchmark/raw/rows/trial-01-universal-posit-256-mul.csv	444	11fc34bbf018283ebf440b9d4ef7c40bdb28c1dd2271bbb9a2c151b08b7778dc
benchmark/raw/rows/trial-01-universal-posit-256-sub.csv	443	21e22072a0257139705bf568f6332937854d2c834c1ec7628c34d2e8972f0383
benchmark/raw/rows/trial-01-universal-posit-32-add.csv	441	b007a886dfe48a47695f4a10ad3004a40c00ab1b2778745f716f920846bc5055
benchmark/raw/rows/trial-01-universal-posit-32-div.csv	440	d496e3f3dc5a83400daf97bdc411bb219f88953ea1f0fd10244d5a8c59da912e
benchmark/raw/rows/trial-01-universal-posit-32-fma.csv	439	2f76e254b9977538027b8dc7112a4d36fa2354e7b0fb4c891a16dc5996cab20e
benchmark/raw/rows/trial-01-universal-posit-32-mul.csv	442	c8c1664b716190fd6b9f5150f3e1a6429b51d1ae6fa69c48d2b48a6eb6de561b
benchmark/raw/rows/trial-01-universal-posit-32-sqrt.csv	460	161681fe85f8197ebc39832841b8b9411d308a9f643e733a3729bcf258af91cd
benchmark/raw/rows/trial-01-universal-posit-32-sub.csv	440	c0c4d2ef535ba8f95f746abe80780264706b04de1c4e321c29b8a0c1362c08bb
benchmark/raw/rows/trial-01-universal-posit-4096-add.csv	446	ecaf527f184a4c4dab6e4b49f82b1aaf9946b6d4d19f0c0a9148f3118d7b9f65
benchmark/raw/rows/trial-01-universal-posit-4096-div.csv	443	81dd3d74c20ae789eaa724ed6d9a3f9bd5b1c887a3bfa7df5bd16e47d20000b2
benchmark/raw/rows/trial-01-universal-posit-4096-fma.csv	443	4a6629131a9ef41e23b2f918062607042b0211f4023950987b82e9ec06b1d493
benchmark/raw/rows/trial-01-universal-posit-4096-mul.csv	445	72686961a0ec3b1dd0c270cff0ba8f1747d3e4c5c1354944da0c3946032a8fa4
benchmark/raw/rows/trial-01-universal-posit-4096-sub.csv	445	538cad86e04608fa2f86d45fa0f457d57b50b019733bbc8d08be425770ae1d0a
benchmark/raw/rows/trial-01-universal-posit-5-add.csv	438	190dbd20e10c61df2b7d877fabf10c0f2273835165db05db526601266505ee2e
benchmark/raw/rows/trial-01-universal-posit-5-div.csv	439	b1cb275cfd3cf86a6edad8b0c3f4be7748abf28c045ffc73fe10ac8c531609a3
benchmark/raw/rows/trial-01-universal-posit-5-fma.csv	439	cf315fde32d7a0d56d9f1484057ac98659a2f02725f853633329f8f0258945da
benchmark/raw/rows/trial-01-universal-posit-5-mul.csv	439	7ff0ca1c5f6c427df3d5517a9ef877a7f31bd034e069c4aaeac3c06b68ed6777
benchmark/raw/rows/trial-01-universal-posit-5-sqrt.csv	458	08848dc3a2eb3378998222ec242e53867df1c43c5500c4c4036ff85443238af8
benchmark/raw/rows/trial-01-universal-posit-5-sub.csv	438	b00c0bd74d71ccdf80a943573e44b41b251b987bed1165a90bea00fb541e8cad
benchmark/raw/rows/trial-01-universal-posit-512-add.csv	442	ac6d9311ee1c1a1a556e10fe10a383e9960ef2b28b5a4d2c902064e956098b99
benchmark/raw/rows/trial-01-universal-posit-512-div.csv	440	a17ab380baceedd45c59f64f69ef6a9b14f2d4d7155005cfa533a79f54ce2ba5
benchmark/raw/rows/trial-01-universal-posit-512-fma.csv	442	ec2602c33bdabff0a0f158aefafdc0f21bec7c5cfa315adea00d0114ee36763c
benchmark/raw/rows/trial-01-universal-posit-512-mul.csv	444	f58d859e33f167c3589e5b6e9f2fef84fdcdd9a551ee2d41ebc2d7fb95a726d6
benchmark/raw/rows/trial-01-universal-posit-512-sub.csv	443	fe480b7362a7d17c335abe71de37827c214ced1e80d2ffa36b970ba46ac42683
benchmark/raw/rows/trial-01-universal-posit-6-add.csv	438	227db2b1420859f9048e5b3557e1bc8e926ace9ce57287c9c5cfa6e33e6d01df
benchmark/raw/rows/trial-01-universal-posit-6-div.csv	438	44c9e768e0558d17d232c87b0b4c02ce43bd9f127c42a596db55d155e7caf70f
benchmark/raw/rows/trial-01-universal-posit-6-fma.csv	439	a4d296df18f874766b457f86f5c70804e736d4f2f4b30b77188564cdffb9a5b7
benchmark/raw/rows/trial-01-universal-posit-6-mul.csv	438	92c4e1c30da2fa00fa5219c851c2d0ffdb6f2e45b21075908623719c3580d2e3
benchmark/raw/rows/trial-01-universal-posit-6-sqrt.csv	457	dd8ac12ac9d8b20d38f9289a9fd35da46cedb71d78db066e838b00517d3204b0
benchmark/raw/rows/trial-01-universal-posit-6-sub.csv	438	a1566c5265b8d75c4a11424429a3456fafc802d9f356b238a3a285feca513452
benchmark/raw/rows/trial-01-universal-posit-64-add.csv	442	6909b45a35ceb54cd840f2f93cf51d295de1e2a78a49b552044d69136c39e020
benchmark/raw/rows/trial-01-universal-posit-64-div.csv	441	b201af0d904aca5ec93b227af4e4f90c856b486384acd50dcbdb9a99d18dd682
benchmark/raw/rows/trial-01-universal-posit-64-fma.csv	441	34277fa380ccab51af68fe206034994b7a65330d565c78483455d1f3d69067ff
benchmark/raw/rows/trial-01-universal-posit-64-mul.csv	440	7b9006f6801cedcd45c529b22fd181d3f296914c957bfd0a5eda50f4b752a5f9
benchmark/raw/rows/trial-01-universal-posit-64-sub.csv	440	dfbeb57cbc1b421bca8b27913911fb35aa567b5d43244876ebcbf405fe1f9574
benchmark/raw/rows/trial-01-universal-posit-7-add.csv	438	ab27bdfdd98750dd0fa8b53a0b2ecb99d2f8312475b04d5687cbb56fa6b5ca9d
benchmark/raw/rows/trial-01-universal-posit-7-div.csv	439	04db0bceaed8d0541ddf354bb6b405ccf81c31e6cc201219e8018ecea833ca18
benchmark/raw/rows/trial-01-universal-posit-7-fma.csv	437	bc2aa3881152284596189669e97e163e3203e23f8c4079385b78191cd6c332a0
benchmark/raw/rows/trial-01-universal-posit-7-mul.csv	440	fa8782e6ea2c462b5c6eeb769e6909a11646d8792f24cce068c4a9bed6494b2f
benchmark/raw/rows/trial-01-universal-posit-7-sqrt.csv	457	0ead0514501c35fbe990a022e140988ad03eb5667c4ba04e11e1123a256fd844
benchmark/raw/rows/trial-01-universal-posit-7-sub.csv	439	ac85ce7da68dd0455d60c2d04b1b1be4f3e5ddcbd659146cd5e6009ba9d7d5d7
benchmark/raw/rows/trial-01-universal-posit-8-add.csv	440	8e447dcfd863714d113005898ced0dc63e9af8e005004f439f75a82f36eb1c82
benchmark/raw/rows/trial-01-universal-posit-8-div.csv	438	50f65cc702f23e9a1adb79b170cb90e905c6de6dd0e7c9038e3f144187c10a17
benchmark/raw/rows/trial-01-universal-posit-8-fma.csv	438	631f5ba294771c92f1640d27cef2d51eb9b5475002f390c2581f65a1e2bc539a
benchmark/raw/rows/trial-01-universal-posit-8-mul.csv	440	a82332b44bd8e7483840fac87a6280e4bad012d3713f7a5cbe4cd791fffc98dd
benchmark/raw/rows/trial-01-universal-posit-8-sqrt.csv	458	6b972d01eb729dc1ff7806988bc5d7309e61f01bf012123bb2f44f4f2c5df5aa
benchmark/raw/rows/trial-01-universal-posit-8-sub.csv	439	9e85d6c85e800c91463db09b65c5b233739a34a2ec9c999cb70e692c8d65a5f3
benchmark/raw/rows/trial-02-binary-native-c-32-add.csv	405	6c8d6f4979860eaf17baf2dd6dabc165fbfeb1c5f59d858e95e0d8947251477c
benchmark/raw/rows/trial-02-binary-native-c-32-div.csv	406	d54ab3c5c3cbff4e846cc128b7cbc4214619b33510e34f6a3085516f17715037
benchmark/raw/rows/trial-02-binary-native-c-32-fma.csv	405	321acf9cfaaf285288440f2f6e94a934f5d01946924a28a346f50be1284a6ff3
benchmark/raw/rows/trial-02-binary-native-c-32-mul.csv	406	af99ce4a945e494011263b541654908bf89cef1b60a84794f250ef57a3bdab08
benchmark/raw/rows/trial-02-binary-native-c-32-sqrt.csv	408	fe01d38c79af0dc438f06daf2f8eb83013b5bccb7863d8496b03bd603ed19daa
benchmark/raw/rows/trial-02-binary-native-c-32-sub.csv	405	f56239600c942275da65ca2c199f7e4a8c9d9c53cb16cb632e11073187775ce0
benchmark/raw/rows/trial-02-binary-native-c-64-add.csv	407	a2bf955da99a4ce5bf2d6460e17b53d3388731448fb499d15bbb780884bd98c5
benchmark/raw/rows/trial-02-binary-native-c-64-div.csv	407	c2b9284c97106d8a38c90f731d9b89567e06769e907007280d28c6135d0aca65
benchmark/raw/rows/trial-02-binary-native-c-64-fma.csv	405	7bb6ffc5e697aecd521bbdc861ef52947e7fecae8f7d3dba5bba35e4b2aedcd4
benchmark/raw/rows/trial-02-binary-native-c-64-mul.csv	408	69ba30d4bb6ca43d10755dc0055ef58f78cadc42c696e6bb5f0ee00536ca129a
benchmark/raw/rows/trial-02-binary-native-c-64-sqrt.csv	407	1ea7a4f177739b9758d5d20aabe577913a7f8e11fd4cd487d972d2217d18cdf5
benchmark/raw/rows/trial-02-binary-native-c-64-sub.csv	406	f90d3ced0dd23c3c0b354ff67a0390e5f6768a22eca7ce8e15a98a71a74b522f
benchmark/raw/rows/trial-02-binary-software-1024-add.csv	455	8b81d105feccea7f61102e2f4282647d5ed09f1b7bfa7c17f6814d8ac17d74d9
benchmark/raw/rows/trial-02-binary-software-1024-div.csv	453	c81c244326896dc0bfbe5b2e2deef3431c07524ee43ca61d9b44f8e55e2edf44
benchmark/raw/rows/trial-02-binary-software-1024-fma.csv	465	ac76eb567611fad82df522ff0b36a1c3cf106263392870c363f8d8e1acd64014
benchmark/raw/rows/trial-02-binary-software-1024-mul.csv	461	5060131bff322d16437e1111706b24935bb3b51a1bf1f27f7a7f7b79c9033538
benchmark/raw/rows/trial-02-binary-software-1024-sqrt.csv	459	d9f33ea37da135028750598f037e5d323d50b74bcea96efd04b361d12eeb92f4
benchmark/raw/rows/trial-02-binary-software-1024-sub.csv	459	9a202b76bedcff20110a6ad7e4f788b521a28494237b363e473050643ec1cb08
benchmark/raw/rows/trial-02-binary-software-128-add.csv	437	20a4ed473547eb6efcaf8f52b628375c6ecee797a52117f3c7550db7c72493bb
benchmark/raw/rows/trial-02-binary-software-128-div.csv	441	cbeb9a90cb596820ffd3c6e3485e1a0fcddadf29e5967e66e8781c4f7f319005
benchmark/raw/rows/trial-02-binary-software-128-fma.csv	449	00448f7034a446d350bdc482fdab389679b3fe12792421e69a52e77a27d343db
benchmark/raw/rows/trial-02-binary-software-128-mul.csv	446	1ca1f4061eb884a7ab065fc9f257c727d86cd3d10d096fba4a6631c7c19204d5
benchmark/raw/rows/trial-02-binary-software-128-sqrt.csv	444	e36b9e151e34a012c2beb4aa2e16e40b0b039b62213eb8a151e6f43a7c74f354
benchmark/raw/rows/trial-02-binary-software-128-sub.csv	443	13daab1eae20f6a4ce6a4719b9dc718f4874c2cf4b611bb195b0056af0883832
benchmark/raw/rows/trial-02-binary-software-16-add.csv	440	66935854e5b8a9a431625da10cd8c73f316dd96bb6e8d50b932b5d7de5b66c8d
benchmark/raw/rows/trial-02-binary-software-16-div.csv	437	36c6e05a61f61188c48ccc4b1ab2151bc707353bc4c5ea70446fe90aed714887
benchmark/raw/rows/trial-02-binary-software-16-fma.csv	449	171222734afa0df529bba686950c1de50b53c7ef5ed2ac0491cdaee7342d0a25
benchmark/raw/rows/trial-02-binary-software-16-mul.csv	446	7a3d6ed88d2b62dfdb7b3c2c5ee23d82df05ce72f88b6053c592985b07049ef4
benchmark/raw/rows/trial-02-binary-software-16-sqrt.csv	444	4d0425e051a7f13e5bfa5365717019415ef5e1e504e82ab41c4351f0531b92b8
benchmark/raw/rows/trial-02-binary-software-16-sub.csv	443	f2c55f1486221f2d1c5ff6808049a63e0e7a5f92d485364ed33464963bd01e45
benchmark/raw/rows/trial-02-binary-software-2048-add.csv	456	d8d80aa7ec2e61b05ce829fa7c0f5e0b4e1d525a9c8c4619b59ea830d87ef4d2
benchmark/raw/rows/trial-02-binary-software-2048-div.csv	455	a3f93ea51e240d356c9c8dc7746d6221ac3dee529e8b0132ea9db9afe7a6e650
benchmark/raw/rows/trial-02-binary-software-2048-fma.csv	464	91efe643f195f805e7e4dd88088520661e10846cac5c938dcf5656f09ffb8e84
benchmark/raw/rows/trial-02-binary-software-2048-mul.csv	462	e53991d5082b741a6b1b8629fc9ffc3248146920d5560252e7c1b19e6fd52768
benchmark/raw/rows/trial-02-binary-software-2048-sqrt.csv	459	6fb401dc5feb57d5e310c413cd986a349a40a6650884a43a3e1528852ee13d3a
benchmark/raw/rows/trial-02-binary-software-2048-sub.csv	458	a7b41cee929c69abfd9fd2bee2bbba580a65c81f58852f984c5c35d05a6bc2bd
benchmark/raw/rows/trial-02-binary-software-256-add.csv	452	bea1c28c230dc1e30d400f540e231661dc2ddefe0b672d7b3013ee6121997b78
benchmark/raw/rows/trial-02-binary-software-256-div.csv	448	a4c3d20d0e0365f98b971197cf2a05a8fa305ed7060660efb52fc6b173076de8
benchmark/raw/rows/trial-02-binary-software-256-fma.csv	462	88818e7b636116343f380bde2d197c94f386a420c0ce438f40a1d21167e84fc7
benchmark/raw/rows/trial-02-binary-software-256-mul.csv	460	74797dbe66db96302d436ec2b432cad7ecef641c2955c69108b5d57eea285e50
benchmark/raw/rows/trial-02-binary-software-256-sqrt.csv	456	50650c0452d2757283e5b4dc82866d372343a8b8fc3836af3034e79b3392391c
benchmark/raw/rows/trial-02-binary-software-256-sub.csv	455	c260d9ff44af84af6a19bb93fb7ead6909108b24a7056713abb97d711b3c80a1
benchmark/raw/rows/trial-02-binary-software-32-add.csv	423	f8408f5aecd9e1e96545675d4cce909eb52e25ff9e5fe3478da7bb7957cabe84
benchmark/raw/rows/trial-02-binary-software-32-div.csv	424	49cd913d39a7bf4f80b3ecc4110bb095a881e9ba7b5d7626a102f390a67d950a
benchmark/raw/rows/trial-02-binary-software-32-fma.csv	425	e7cb1c0b772fb421f95129473a82004f9c197d51fc33182505021460327ad3fc
benchmark/raw/rows/trial-02-binary-software-32-mul.csv	424	3ca4534fcf9acc2d5955e374ebc25c8472d0e5de8063e5f693a887ff734d5b5e
benchmark/raw/rows/trial-02-binary-software-32-sqrt.csv	425	8b04a19e896a5bac0d2ee1f0765700476d61b1e24f35ae0933a25b20a56f8e09
benchmark/raw/rows/trial-02-binary-software-32-sub.csv	424	5572045999b9f7852a0117c6e1eb552b29da652a11eb4b553b3f31aac2b34032
benchmark/raw/rows/trial-02-binary-software-4-add.csv	440	50fe71fce4679d2b3ec9a2bb4d97630fd77c78e25c4f7af99591a1e890485d20
benchmark/raw/rows/trial-02-binary-software-4-div.csv	442	90561cf6892420414c47d5c1cf164db3d00ddad7e8ff3e5aa0215bfc508488b3
benchmark/raw/rows/trial-02-binary-software-4-fma.csv	451	621499b1744f6ed3014b75176a7bd9b4c811bae6230d2819f0f47b6c36360314
benchmark/raw/rows/trial-02-binary-software-4-mul.csv	445	3c4bbd128e877adc2437e91b2850a2e03fa25a656fe8387088433b095634db7c
benchmark/raw/rows/trial-02-binary-software-4-sqrt.csv	446	661f121a16c715e47687677af0a54e9af95de90d3546a0950ea5a6314a017d09
benchmark/raw/rows/trial-02-binary-software-4-sub.csv	445	980b6c74b6c983f57b5ab969ac3bca7420b0a3edc85254cf8d423cc98bcb50c5
benchmark/raw/rows/trial-02-binary-software-4096-add.csv	454	0d1134b04fb2b59be94e8081bbe2ee43534b6fec0ae5addf5a8d003409f6d827
benchmark/raw/rows/trial-02-binary-software-4096-div.csv	455	8ae4f6d51c3587031101037aa6c939b7af994c1615e028ae20f39e737654923a
benchmark/raw/rows/trial-02-binary-software-4096-fma.csv	464	38bc832f60cb2716269acf48d547ff8288b462e4236f6261f7cce02b03498a27
benchmark/raw/rows/trial-02-binary-software-4096-mul.csv	460	5f34927a70defecfcb1a588bc7ae1f4a95eee81f8e7be8f8edaae2bbee618960
benchmark/raw/rows/trial-02-binary-software-4096-sqrt.csv	458	9fa6240b667574b41a710418bdca45fda798f356eab9407cb7926ab8808e9de5
benchmark/raw/rows/trial-02-binary-software-4096-sub.csv	460	a40584a9051158db7bfc22472ba2cd7013f1b20eb7253d66bcba7be5af3cd4b1
benchmark/raw/rows/trial-02-binary-software-5-add.csv	440	5eebc1d94414cb02d15ac7b3c0f7e2adc6b0cefec212b5d60f3ceb777712aaa9
benchmark/raw/rows/trial-02-binary-software-5-div.csv	440	5dce369758d61ca5f24fb3b2b9a315eb60ae67e80313f4ceae46f8fcaabfe85a
benchmark/raw/rows/trial-02-binary-software-5-fma.csv	454	257fc9d6e28b34ca0102c3b67cff9e33bf2251daf74db490a9117bb3a0ec5cda
benchmark/raw/rows/trial-02-binary-software-5-mul.csv	446	88190dd69b56bd8ab7224d8015d114df89596fde890bf7673b70376432269f3f
benchmark/raw/rows/trial-02-binary-software-5-sqrt.csv	446	6a9458e0503cb17bbeb5df87eeb542a1c04e74d29f2b26f26a64f02af8d38724
benchmark/raw/rows/trial-02-binary-software-5-sub.csv	445	ca24f3f73a1dcb9635846bf4c3d6055db9fab96e652d67533c6ee863dcd4e564
benchmark/raw/rows/trial-02-binary-software-512-add.csv	452	20ab8081d38eeecc1e01fa42bdfad474e8faca558d0d9ab8d8e8b13baeafebc1
benchmark/raw/rows/trial-02-binary-software-512-div.csv	448	961633d4b6a3fb71eda445184bc98e5780db2eee38bf4d858451ef3243a9d3c7
benchmark/raw/rows/trial-02-binary-software-512-fma.csv	460	fe4d0c67429c074f9f74a21011fb7d23f61bcfb454ef1c3fbecbb6021c53f8fd
benchmark/raw/rows/trial-02-binary-software-512-mul.csv	457	7b5b906e39527430927744be658a553d156dd3feb38f40b48e71c13b49e42067
benchmark/raw/rows/trial-02-binary-software-512-sqrt.csv	456	48c2d66c9a506fa2d56d7481dbe55a5eb773973c51c9a50469bfea69182faf6d
benchmark/raw/rows/trial-02-binary-software-512-sub.csv	455	251d115bc70b5d46c4e6bef057f3e9fa1e19bff172bf7e8192f435e04e0361ab
benchmark/raw/rows/trial-02-binary-software-6-add.csv	439	3da83980678d050c3d61e92a4c55f7e9638161f078d1b5d87d772d045ef9e3fb
benchmark/raw/rows/trial-02-binary-software-6-div.csv	442	ca8fb0ffcb6cb1cd4fcde6c3cf736298fda4537eda589cc02fd79d79db083f51
benchmark/raw/rows/trial-02-binary-software-6-fma.csv	450	7031d01fbac54f51e92a315209f34ad27aea92fb20f8ae5125480d9a7ddc6693
benchmark/raw/rows/trial-02-binary-software-6-mul.csv	450	45011d0a8ecf5a9acf9508cf58300cd1f7edeca505aacd722c4afa541142f6fc
benchmark/raw/rows/trial-02-binary-software-6-sqrt.csv	445	d2ed8d29dce7ee97bf03cb89148491a62bc0de33e41c228b2f4d56a244272033
benchmark/raw/rows/trial-02-binary-software-6-sub.csv	444	12c33d302f65b3eb812dfff759df98db5b67162da7a52a43f9a54e707dd3d889
benchmark/raw/rows/trial-02-binary-software-64-add.csv	423	f2f7d915f08585ba206d68c088b1bd19842e94e7c75ea11f098c6ed56a1aad7e
benchmark/raw/rows/trial-02-binary-software-64-div.csv	424	f0a2473eb003e6e9e495c15626fc580cf09b971ca06d6fe29e3ecaf1dd5f43c7
benchmark/raw/rows/trial-02-binary-software-64-fma.csv	423	7ababe26888ac9070cd42353333e17ff8024193c18291480d661f89ba305f42b
benchmark/raw/rows/trial-02-binary-software-64-mul.csv	425	906821a49c077d48daaf7e23d54ab7cf5a13255318e525863586afc0919b4dd4
benchmark/raw/rows/trial-02-binary-software-64-sqrt.csv	424	908adeda0999c3e0d20e03899faa6e65ee65ec75e7457df1331c4467cf9ebadb
benchmark/raw/rows/trial-02-binary-software-64-sub.csv	423	39d0ff71cfc1bb951d4e2319b20acf86efc28cdc80abad8e1965d2f7d53ba888
benchmark/raw/rows/trial-02-binary-software-7-add.csv	439	52496f7283a2b700a8b4878681e1461c340a47ec0277e068a230ef1835eca11b
benchmark/raw/rows/trial-02-binary-software-7-div.csv	443	2ae97e32fb2af3ae99fc0efefc98a1acc9d09db474f88d0ec3db56687b750151
benchmark/raw/rows/trial-02-binary-software-7-fma.csv	451	1d9e3bd88a9c81482a3e249cbe9cf470312b4da267ad8a026e9b316a36232510
benchmark/raw/rows/trial-02-binary-software-7-mul.csv	449	31f36e7f1309e8470153488c74e02c129bb5165b0e3bf66ee0c9ed0f49fd6be0
benchmark/raw/rows/trial-02-binary-software-7-sqrt.csv	447	51d622670d6dd5ecce109ce6415599737c7531cbdb78b444296f123dabb83606
benchmark/raw/rows/trial-02-binary-software-7-sub.csv	442	f24d7751690855d7957484057bd041ee0c92056fe51f6d7963b0ff18ea68ce2c
benchmark/raw/rows/trial-02-binary-software-8-add.csv	440	251d365f4e4112ddbbf2fc6ed26abbe086d9c72b4af3f8ef5f86731eb9a53fe1
benchmark/raw/rows/trial-02-binary-software-8-div.csv	441	dcadd98774375c6d792550ef084ceae7de1269adfad2c7c89053839745a15db3
benchmark/raw/rows/trial-02-binary-software-8-fma.csv	451	a17893a3d1af1254d9fd21e5f8ae2a443f1bbb58d748eb8800e43833c473179d
benchmark/raw/rows/trial-02-binary-software-8-mul.csv	446	50569d7cd15498f7a2598cc5f61ed5ea2261a749b4a9993ec6d472551db18abc
benchmark/raw/rows/trial-02-binary-software-8-sqrt.csv	447	b02869e1c5d00383e98b17becd49557f99267f37ab6c5bbca0cdb1c764c8c519
benchmark/raw/rows/trial-02-binary-software-8-sub.csv	441	99957d887f8e7cf07fd9246478fa2a69e1e0cb4daba70fb88a0468b0a1a9b04e
benchmark/raw/rows/trial-02-cpython-float64-64-add.csv	466	725f000de15bf635f57bd20ecc21f9bc5de211d51e26c2713b10a99eac120ef1
benchmark/raw/rows/trial-02-cpython-float64-64-div.csv	468	eeaf0b3957762013a8c309719e01955f6905985548e1704792dadb6c9eab9228
benchmark/raw/rows/trial-02-cpython-float64-64-mul.csv	468	373a7bb8e50781415cfd9afdc4b78fffa531fbfa007a427314d6df7910e595de
benchmark/raw/rows/trial-02-cpython-float64-64-sqrt.csv	467	0cc317bac6882c743b47fe48b4fe48acb880699390feee9a8dcb9036d32604ed
benchmark/raw/rows/trial-02-cpython-float64-64-sub.csv	466	99526d2ca7b2d61f0633373922e4073d437d3dd8ec2b0917d068983965583ce9
benchmark/raw/rows/trial-02-flocq-reference-1024-add.csv	388	4d4840a16fbaf2dbea162e180622c19acb816157012f9832d605180e3d0e91b4
benchmark/raw/rows/trial-02-flocq-reference-1024-div.csv	389	f407e1606abcec5f74bc7ad6a256cb7794b27459b1299c6412544c9d5653a089
benchmark/raw/rows/trial-02-flocq-reference-1024-fma.csv	389	99f68aa9aa8703cf5cda89e5668afb2a79ecf9187e436cc010083621082ec315
benchmark/raw/rows/trial-02-flocq-reference-1024-mul.csv	387	41387e821463153611c2e14da23c2998eb2fbd8038e9bd07cc46568f0f5f5ae9
benchmark/raw/rows/trial-02-flocq-reference-1024-sqrt.csv	386	4565a3c54507b66f1781df4092d51076be2cd51e1a1d9de7b0bd4ba0375440af
benchmark/raw/rows/trial-02-flocq-reference-1024-sub.csv	388	989348985e1e8764fee25b4d96542cefca0b5122545ffa92629dfbfe976298cb
benchmark/raw/rows/trial-02-flocq-reference-128-add.csv	388	c89fbf3d617a1ce181973a1eda6be1390ebcb93e058c891bfca3190f1d755a17
benchmark/raw/rows/trial-02-flocq-reference-128-div.csv	388	25598947bbc1d6605f543b38d3f4332c1ea96bb3d87c2a5dd7b60e4edd28bc7e
benchmark/raw/rows/trial-02-flocq-reference-128-fma.csv	386	9d43a8fffcc43012231271c814837345bfd30495f03f514c3ec8165334587998
benchmark/raw/rows/trial-02-flocq-reference-128-mul.csv	388	abb214acb977c69303f7d89a79a24fdc647f2c3ba2fa048b95270a25b235b35b
benchmark/raw/rows/trial-02-flocq-reference-128-sqrt.csv	386	46a786a3d079c7024959ca5e43e67929729e3ff5ccbee3bb0fb3060caae4c1b4
benchmark/raw/rows/trial-02-flocq-reference-128-sub.csv	387	9fab36731a396ce7534424c4ab46186bb1a4b4ff58c4429765db2c4062565474
benchmark/raw/rows/trial-02-flocq-reference-16-add.csv	387	1852050e32510fe86cf75ef479fc0beb32b418b62c7ecef70f95d0740882843f
benchmark/raw/rows/trial-02-flocq-reference-16-div.csv	387	5be8e48a50db2c565e7f833aa60b2e40708c1c53d0fec1f8bed2bcecfccc13f2
benchmark/raw/rows/trial-02-flocq-reference-16-fma.csv	388	e0cfffb7c832dd4a6e14865c81aa73ec637680f08be588e2f7c67dcabc797c9e
benchmark/raw/rows/trial-02-flocq-reference-16-mul.csv	387	0f49186e55748b8e850a3c8139a78cf5a26167180c9d6e888f14495e682c3754
benchmark/raw/rows/trial-02-flocq-reference-16-sqrt.csv	386	2d5f45c84c8a73ea5bd68e2a08130f29c5a2a45c7e12319f3c56a1fbdaaa4172
benchmark/raw/rows/trial-02-flocq-reference-16-sub.csv	387	8b59fd25817653d90fe905c601c303d4708c709832f99c6365a2d6cf667f36f2
benchmark/raw/rows/trial-02-flocq-reference-2048-add.csv	388	04be6fbd347d431623cadd19ee9a9179cc2db46540f2d0c19afa731ffefee793
benchmark/raw/rows/trial-02-flocq-reference-2048-div.csv	389	792eacbbc5b48ab204c28bdcb1a07387c69bdf5dec9529141f005c111c1041e8
benchmark/raw/rows/trial-02-flocq-reference-2048-fma.csv	388	eb2d9bbbb86f5a097cf7a530bef0f06181578c6cfc14e1088d0eea444d281aeb
benchmark/raw/rows/trial-02-flocq-reference-2048-mul.csv	387	d7996990625a2c79626b13e0c86bb4b5d7a4a585b25692fe318cbd04f71abfee
benchmark/raw/rows/trial-02-flocq-reference-2048-sqrt.csv	386	36ca6b8d4ba6711f70ce33f26d8b1c98b73447792aef1451bc74c0820207c995
benchmark/raw/rows/trial-02-flocq-reference-2048-sub.csv	388	5e16ea0a329c6051fb3e95292384563d99acf0ffa049843023693c03708765f4
benchmark/raw/rows/trial-02-flocq-reference-256-add.csv	386	7d7269cefc821b9e2fbe820e84d57024e5ea74f028df94545ec5528a7196e520
benchmark/raw/rows/trial-02-flocq-reference-256-div.csv	387	c159b724c9b670576a78a8ea9611518c0087bf24cc128b2c8229dfb641e4a2f4
benchmark/raw/rows/trial-02-flocq-reference-256-fma.csv	387	df1295013aef557db8791ff4b1fff52d089135c880a3d554e35fd90fae9c1d62
benchmark/raw/rows/trial-02-flocq-reference-256-mul.csv	387	a2dcbde59396319c81de8d0419507517b62d6edb792958e1ae36f48306c77f45
benchmark/raw/rows/trial-02-flocq-reference-256-sqrt.csv	386	3e27f9c81f2dd3d9bd89e7f593b806eee383c5d7544b3c9a16936b9ca6cf46a2
benchmark/raw/rows/trial-02-flocq-reference-256-sub.csv	386	f9ef2217468160a482a6d16471d016ae05c2e2b3f538a0a68bd303ed9144fc30
benchmark/raw/rows/trial-02-flocq-reference-32-add.csv	387	e14f52f3dda88f8bc28db379dee6298a848f21d2472fe26ad9613146aec876b9
benchmark/raw/rows/trial-02-flocq-reference-32-div.csv	386	321624c1bcd6fa83331d40d89dbc831fb08d7bf7606bd675a9d765daf0ef1dc3
benchmark/raw/rows/trial-02-flocq-reference-32-fma.csv	386	17f90985664fd672e368d3e494ab92c95cc06a24c47e5dfd60486e7f52207a8b
benchmark/raw/rows/trial-02-flocq-reference-32-mul.csv	386	6477a69ededae255541d623eda27183a768329f5aa58ea2cc3216753b27e73bc
benchmark/raw/rows/trial-02-flocq-reference-32-sqrt.csv	384	8c12990630396a2e431191149c2a71bbabff33428d4235eaed7b14d456b5ae2d
benchmark/raw/rows/trial-02-flocq-reference-32-sub.csv	387	e4d4371e9ab7d43969e8700abf23737815d6ff372f666499f94c5d0fa6934a97
benchmark/raw/rows/trial-02-flocq-reference-4-add.csv	384	25b27f4f7269962bae22d140a40253b30415453e10ca876872f6b558bea65afb
benchmark/raw/rows/trial-02-flocq-reference-4-div.csv	386	e5e9137905d416abe7e47b14118a05ee6d4be4746dcca3324bdff1b3145189fc
benchmark/raw/rows/trial-02-flocq-reference-4-fma.csv	384	550d0a491a0ec4c4cde1c3e3838e3a82b996e29b209c15aca44909f2f279595f
benchmark/raw/rows/trial-02-flocq-reference-4-mul.csv	386	2b9fa44d345b4c848e01f8b92d65364cd83f346a736288320b40705af8a66e49
benchmark/raw/rows/trial-02-flocq-reference-4-sqrt.csv	385	dc410bdfc4c6ec9192ae7299e2acaa89eac10411e652a1d8774556e3cbe1328d
benchmark/raw/rows/trial-02-flocq-reference-4-sub.csv	385	af1a0470fbc9822b497c0f73de3d137d3b704fea76cbbc76faa8b9875ccc1843
benchmark/raw/rows/trial-02-flocq-reference-4096-add.csv	388	e193dfe19c6884d7e29fa9796216eb24af732ea0c2cd2124bf94d2cb7edb2155
benchmark/raw/rows/trial-02-flocq-reference-4096-div.csv	387	16822b600ec3ab637bbbbe5527f1cdff8be9e908cc64830d9adbb52f4d703585
benchmark/raw/rows/trial-02-flocq-reference-4096-fma.csv	387	bd7501e54a693b9c327f05d618492d97f23e894a48be9fd43270090e247e1265
benchmark/raw/rows/trial-02-flocq-reference-4096-mul.csv	388	c0e17ab0ad82680a2c27c7351a655bfc18bf3a586c40ef299c96022ae60f26a6
benchmark/raw/rows/trial-02-flocq-reference-4096-sqrt.csv	388	b22a4954577abd901946cfb7e2842d7ad426cd70d1ec749f2092822ba953faec
benchmark/raw/rows/trial-02-flocq-reference-4096-sub.csv	388	c53e301d7cc75ed7a0b011f83894eafceaa6388e3e3a38fd634f3fd7c04b0ef9
benchmark/raw/rows/trial-02-flocq-reference-5-add.csv	386	b8730ddfe2c4640fa4f65c64bf2ead628bf6bb2cf23ac18fd42cf5d9c075556e
benchmark/raw/rows/trial-02-flocq-reference-5-div.csv	385	5318e3f40ea0116635462ac226253538bff367e176f753902cfc036feb70c3f4
benchmark/raw/rows/trial-02-flocq-reference-5-fma.csv	386	10affd829dbc321102e17e9b42a4ac6a69670d801a72408ea82988088974f7ac
benchmark/raw/rows/trial-02-flocq-reference-5-mul.csv	386	1c843de880a292adbabb3753ad5a1a7c4cb58c53ce2564be0d53361b44b80c4a
benchmark/raw/rows/trial-02-flocq-reference-5-sqrt.csv	385	dc79903ba91c69183b648e5d8c854f84b51b0b699519b075b4608314c229fb6d
benchmark/raw/rows/trial-02-flocq-reference-5-sub.csv	385	04207db8866dde93444ae8051faf907ddf39a9f0ed309eb68f2e31340e2fc58d
benchmark/raw/rows/trial-02-flocq-reference-512-add.csv	387	1730182c3a57fe0c5854cdd1a875952429ca37520f5995e9f06726c56bd834e1
benchmark/raw/rows/trial-02-flocq-reference-512-div.csv	387	e999993a3e851b518f1ec202545ab8fe2fdf3d9d30ddcc91274e1a6a757f6700
benchmark/raw/rows/trial-02-flocq-reference-512-fma.csv	385	bb2ddcdfdf8304737d2d8a6cff77d18305b0d3b912c576fb77ad0d05ac9291b6
benchmark/raw/rows/trial-02-flocq-reference-512-mul.csv	387	fa88a265b8de1d240599fd6db479f4e0854365cf5fe168df5145eec71840eede
benchmark/raw/rows/trial-02-flocq-reference-512-sqrt.csv	386	fbaf0c8f3f2541258504b905171ac6b7c2d59c153bf928e32f0d4cc700d8d683
benchmark/raw/rows/trial-02-flocq-reference-512-sub.csv	386	d371ab15faf9493646aff0d6d60ad965131477312ae7d31de0bb1baff4094201
benchmark/raw/rows/trial-02-flocq-reference-6-add.csv	385	a20465a26d659264f50caa43b6d5d3cbd0d81b6c3d66761093ade33687d9d761
benchmark/raw/rows/trial-02-flocq-reference-6-div.csv	384	e489e528dc4b50c64c9a4647e191f0d64e579d76cc7d48b72f5ea7a812f0ce1c
benchmark/raw/rows/trial-02-flocq-reference-6-fma.csv	385	1b8e44c04336b4989e3784271e19b29a212e45482aed41929923e20318a06fac
benchmark/raw/rows/trial-02-flocq-reference-6-mul.csv	386	97d577c47ea396e5f0fb76706bd9e6db09ea2dda3b085027d720c958e9af414d
benchmark/raw/rows/trial-02-flocq-reference-6-sqrt.csv	386	bd59c6915c211a5c23ad05f23a80656c463177de528f451c63a33aea4f557292
benchmark/raw/rows/trial-02-flocq-reference-6-sub.csv	385	0aa356fe4fe3699339d69f64dab8d7add8db49d3640574d584e37fb2723ae6ea
benchmark/raw/rows/trial-02-flocq-reference-64-add.csv	386	8d4c4e7b4818c2595f1c0d85767864eaa16a3f9be29547cd328dc057a8d676ca
benchmark/raw/rows/trial-02-flocq-reference-64-div.csv	386	bb64e60670ce6d83452dbb8753069a3deb074f1a6c0662ad0e5584479b7481c7
benchmark/raw/rows/trial-02-flocq-reference-64-fma.csv	386	71fe95bfa0527ab7892ef16a794e1199a7c7fff6dce915c692a789bad0601e46
benchmark/raw/rows/trial-02-flocq-reference-64-mul.csv	385	73075c79c62178e7c31e5ecd8f5311c0a609ccb98d4535695a2a978dea86ffcb
benchmark/raw/rows/trial-02-flocq-reference-64-sqrt.csv	385	505eff960e2c27d4ab31bfbef8ca2319909b35c39ed8069fbf0e8a5e8d58c1a0
benchmark/raw/rows/trial-02-flocq-reference-64-sub.csv	385	592a027c574916b63da41e12fcf6e81a246c15fa9138c6c350e57a68700d698d
benchmark/raw/rows/trial-02-flocq-reference-7-add.csv	385	1a43b76ec40f7691646a0ceb9f0287afd7b52d711fb64430c67fccac36565642
benchmark/raw/rows/trial-02-flocq-reference-7-div.csv	386	9be16f8038133789faddc930e54c5475016d349c9bfaa0b55baf7f01d8d53bcd
benchmark/raw/rows/trial-02-flocq-reference-7-fma.csv	385	e7a9d6697f4f303b8d662f8aec829259d18513f28dd92a38d0a6cff10b9c9b15
benchmark/raw/rows/trial-02-flocq-reference-7-mul.csv	384	df90903ae72ea6fe426df7d65987bcde507adba45bd6ca6d58666b8db39d302f
benchmark/raw/rows/trial-02-flocq-reference-7-sqrt.csv	386	83d232495bc6b1f932e4e3592f530564659f89cf1e693a2049564ab93a0b5589
benchmark/raw/rows/trial-02-flocq-reference-7-sub.csv	384	7a8498ddccb489cf62ce1da995fcbe3dd5894e4edf4df5385756aac61510adbc
benchmark/raw/rows/trial-02-flocq-reference-8-add.csv	386	5fd12fa26bdadb8addda504d6853bdd8e745733b0ca7f474d5169d64f9dea1dd
benchmark/raw/rows/trial-02-flocq-reference-8-div.csv	386	4144f7e4f9c341a4d38dab318ef459213efde21a028aa18b80213055c8f3c59e
benchmark/raw/rows/trial-02-flocq-reference-8-fma.csv	384	043c7ecef4239fa97fc69a0aeaac3d494995ece519d3ca912e3c5ba819da050c
benchmark/raw/rows/trial-02-flocq-reference-8-mul.csv	385	eba151f078f206263e445a792faf0595855304e2b9a22adf185002beaecbef37
benchmark/raw/rows/trial-02-flocq-reference-8-sqrt.csv	385	fc4516995291999a05bc0ff412a5ddd7870726bc46991b812ea6368fad1405b2
benchmark/raw/rows/trial-02-flocq-reference-8-sub.csv	386	f03b0b9b069f31baa9dc180750d0fc3fc2b2741c84b920453a7f9aeb488bbcf6
benchmark/raw/rows/trial-02-mpfr-reference-1024-add.csv	475	c8476d9a2fd797e1ad935dda84705575ead96b0592490ac664ecca4b12591c4f
benchmark/raw/rows/trial-02-mpfr-reference-1024-div.csv	473	a526c89805cd14b60ca4f1aaedc4d329dd828e9d3b2eda764413487f9ddd10ac
benchmark/raw/rows/trial-02-mpfr-reference-1024-fma.csv	475	e92209289ab54f4f3b3660754f2b28f40f241423f7fefd7add70963dd623cfe8
benchmark/raw/rows/trial-02-mpfr-reference-1024-mul.csv	475	0169816128d3f03ec23b05179022252746f1bb32cb3d1344319e322db742ce51
benchmark/raw/rows/trial-02-mpfr-reference-1024-sqrt.csv	475	6b594597778b93fce207613b1e6bca80fecaeef1828d7c1528947e9e28992d9f
benchmark/raw/rows/trial-02-mpfr-reference-1024-sub.csv	476	e9d62b6a27565592998ffc76e24ba2a6b4995d876db2313871d2995e925c5bc8
benchmark/raw/rows/trial-02-mpfr-reference-128-add.csv	468	aa96dbb835136671752cc658ecbabfe005e710bba6bc47fb2f9104acf56206d4
benchmark/raw/rows/trial-02-mpfr-reference-128-div.csv	472	23019d67ebfbe707fa39310000724fd9191bdbae6779a75341a2d266d7dd7ead
benchmark/raw/rows/trial-02-mpfr-reference-128-fma.csv	471	620a080a223cf205894330544c30f72dc373ecb537c69ee7385f729f82b52cce
benchmark/raw/rows/trial-02-mpfr-reference-128-mul.csv	471	947f7c4bc55325fa446ddb8feede0f76e1e9d033038802f27b064faf323f51bc
benchmark/raw/rows/trial-02-mpfr-reference-128-sqrt.csv	472	42a3d88362df4f01b4af252bd811209b41e76ddfddad9085d8877fd2384354f8
benchmark/raw/rows/trial-02-mpfr-reference-128-sub.csv	473	e8b9aae0e597682e85f88ef3b1c156f41cfef17e85b31966a326a4fd1196ce50
benchmark/raw/rows/trial-02-mpfr-reference-16-add.csv	467	f799076e8e48186d33d7f61d616ac03ee599b82c829ff03552e78bf5fb77ceff
benchmark/raw/rows/trial-02-mpfr-reference-16-div.csv	469	be4151b57f77afdd76834064b240fb9ff91edd488fec63ffdbad1224a65febf5
benchmark/raw/rows/trial-02-mpfr-reference-16-fma.csv	466	51e8b2b040a20f6da9fad27c09357d4cf180939916e6b7e85f7a747d820fe086
benchmark/raw/rows/trial-02-mpfr-reference-16-mul.csv	467	9d5811cf111fa742125524e5c3d33483f14a58f7049891fee7ac564b0bfe23e4
benchmark/raw/rows/trial-02-mpfr-reference-16-sqrt.csv	469	58135f69658babfc49ce6164defc03921252a647b785f8968406d29e6e942b7c
benchmark/raw/rows/trial-02-mpfr-reference-16-sub.csv	467	e9d55946a6d4d5cf2143b90be6b2e51f97b3cbb860f1d0f086488e2f1cce96e5
benchmark/raw/rows/trial-02-mpfr-reference-2048-add.csv	475	98e97571baf8a27c07138831dfc6ebd42806a210010c9db5f1bbb481ccb0361f
benchmark/raw/rows/trial-02-mpfr-reference-2048-div.csv	474	716c5de445009581dfe9866f3183b0edb901358331042110ea7c0b10dec86bd7
benchmark/raw/rows/trial-02-mpfr-reference-2048-fma.csv	473	57187d2f5c433afac177fca5b47a6c24b77afe2994f5c4a6f2408fdd4f1b874d
benchmark/raw/rows/trial-02-mpfr-reference-2048-mul.csv	474	a82bf375f71c65a087a97581d443900cc3ec02f0c28835acb84729691a5453e8
benchmark/raw/rows/trial-02-mpfr-reference-2048-sqrt.csv	474	9e59c424f5279e75dbe7d97b3fcac4432c602bf0e120371ca2335718ebcec075
benchmark/raw/rows/trial-02-mpfr-reference-2048-sub.csv	475	d4b8c52fcedadb6f5a2ad4e157a92716608c62617990687bf0a007fc51226c25
benchmark/raw/rows/trial-02-mpfr-reference-256-add.csv	472	73ab4b428c4540c16744591a9552af05d24c6d22d05a50735089d5ce9ebbe90c
benchmark/raw/rows/trial-02-mpfr-reference-256-div.csv	470	952aea3b8c162e0621e1865c13ab4123c7816e03df4e9745a357899faa78794f
benchmark/raw/rows/trial-02-mpfr-reference-256-fma.csv	472	238271500940e6255ab37524812b2de904167d9c0186d28f5a46dacc295e391b
benchmark/raw/rows/trial-02-mpfr-reference-256-mul.csv	473	e2b9a7f0c972e8cf8dcce84377fc9ded7d00108a45413477b832692a42e0daa7
benchmark/raw/rows/trial-02-mpfr-reference-256-sqrt.csv	472	ebcefdbddcf63b36cccc16423f6e95f862f87a790c758f9d38966964fa83e814
benchmark/raw/rows/trial-02-mpfr-reference-256-sub.csv	472	4a01dbedc25b6d52caa2b3a12a3a282dc8bb4e015f651069334f8c3dc8568638
benchmark/raw/rows/trial-02-mpfr-reference-32-add.csv	467	c5e3a326382666116c275917140f75ad8f8156959ba4d271859aed10d038b799
benchmark/raw/rows/trial-02-mpfr-reference-32-div.csv	468	40a063fd951531640e9c6ee9a5fa021912819b407dee20457b388641eaaa1134
benchmark/raw/rows/trial-02-mpfr-reference-32-fma.csv	468	3d6a4982c6c2661deedf3cd1d5504bc64c2c99aaf17620ef2051b7d3191cdd39
benchmark/raw/rows/trial-02-mpfr-reference-32-mul.csv	468	110165aa5470bfeb7e7c53ceb97e9367f75cf0eb1f745a9649ca7e737cb3779b
benchmark/raw/rows/trial-02-mpfr-reference-32-sqrt.csv	467	8693aeca709c81e162f1281bd735699daa2c6a7e1cc3d18adef8b2f8542dca09
benchmark/raw/rows/trial-02-mpfr-reference-32-sub.csv	468	513a4b8aaa15ee66797df9c23bbe21243ad0602a2473941b7882402214b6505c
benchmark/raw/rows/trial-02-mpfr-reference-4-add.csv	464	53912a0b15d9a5c96a7a5b07d7e6b310c0dec3f79a0a11907b21bf6bd1d1a3c5
benchmark/raw/rows/trial-02-mpfr-reference-4-div.csv	464	6a7882434b769e81db4935161fdf98eabc24a5be0334c64ca629390066abbbad
benchmark/raw/rows/trial-02-mpfr-reference-4-fma.csv	465	78a46972925e1c52ee07b8d85b6d134f3104eb4f2f3efd64df872a45621bbc4c
benchmark/raw/rows/trial-02-mpfr-reference-4-mul.csv	464	f9fc57818ad148dae18c1485d509593447168ed822ec8e76f10f85703a71ec23
benchmark/raw/rows/trial-02-mpfr-reference-4-sqrt.csv	464	1ababd3661f6a8ff3acaabf3cb909dbcc492e59824166f3e85b1717f8caa5407
benchmark/raw/rows/trial-02-mpfr-reference-4-sub.csv	466	2ec231e370dd0edf13acfa9320bea4bd1d645d2537f91611ebd6c5916599a7d1
benchmark/raw/rows/trial-02-mpfr-reference-4096-add.csv	474	63a35aa71111dd4870db8d930719caa25046996423579bedf47d3818bcb5920c
benchmark/raw/rows/trial-02-mpfr-reference-4096-div.csv	474	f74c2cc02ad6e4700295fa4f0c61ad59cdab79593d2f2d2a0d9a2371415a2102
benchmark/raw/rows/trial-02-mpfr-reference-4096-fma.csv	474	f39f7b10f126293217dc397cdc01fb6450eb646743ae0990f805a1d5d5e7b31b
benchmark/raw/rows/trial-02-mpfr-reference-4096-mul.csv	474	dce83af48e7c5a3396cacb71d96fa520de0000bae17788cfbd83b1d16cdaa814
benchmark/raw/rows/trial-02-mpfr-reference-4096-sqrt.csv	475	59123f2c98aa3c4ac3ec6e98a13cac26c4c3076f74c2cfa1c542ebe24a7a42d4
benchmark/raw/rows/trial-02-mpfr-reference-4096-sub.csv	475	346e17a99b2ca8b2b472c2bf0fa01c69a63622d5b338b43d39bd95a243c8a6c5
benchmark/raw/rows/trial-02-mpfr-reference-5-add.csv	463	88fb5297d5647982eca316ec3f8f7a31100da064d4a2c217057867c8eb5b7fc2
benchmark/raw/rows/trial-02-mpfr-reference-5-div.csv	465	e8b116b8deb25c3a7d17640c5b1958a13f9c3d1170a5a504cfa802dacc4c3751
benchmark/raw/rows/trial-02-mpfr-reference-5-fma.csv	467	3bb0a1d373d6cb66d75c842ede16bba6cb4c1912c694e73cc01899dc9c29d829
benchmark/raw/rows/trial-02-mpfr-reference-5-mul.csv	464	8404c22c5cbe9c5b5662e3efdb2729d8a87093bd81e87dd94ddabf31d44e5e83
benchmark/raw/rows/trial-02-mpfr-reference-5-sqrt.csv	465	281e5df2b29a27585721933b9449f5d4b70e788757b3eddef80e8a218c4201a7
benchmark/raw/rows/trial-02-mpfr-reference-5-sub.csv	464	a8266cb3d67eb6a0a4c678c70ad659546338250a5584905bf6872e23f1647942
benchmark/raw/rows/trial-02-mpfr-reference-512-add.csv	471	f634b2178368230a2448c5c89a7fb886cc50774a25c5e589856cfea82ed16c7f
benchmark/raw/rows/trial-02-mpfr-reference-512-div.csv	469	525e2263ef68b1898db811823faa9bfb0743ee511052f6c4237521c589da2eb8
benchmark/raw/rows/trial-02-mpfr-reference-512-fma.csv	470	7032636ea8ebc3f4544a46939d7a9d2795632ff63554f5fb6825d3fa96a7721c
benchmark/raw/rows/trial-02-mpfr-reference-512-mul.csv	471	e2bfaa14c45376ec88e2af16acd79f9e81100fa223161b957775d5ca38405eea
benchmark/raw/rows/trial-02-mpfr-reference-512-sqrt.csv	474	f9299ea9437c5bf5d961113ae44e50f581786f0b7624c53fae518d3692276125
benchmark/raw/rows/trial-02-mpfr-reference-512-sub.csv	472	0bcc82eb5166cf9341bf9618ddd2717fc8a26adf84c34e05f9ec1efe60d22d4c
benchmark/raw/rows/trial-02-mpfr-reference-6-add.csv	462	a9e77709258af6c68c3b92a9f10bc9a91d22f768207ab95c90eb263ba7ba9846
benchmark/raw/rows/trial-02-mpfr-reference-6-div.csv	464	b183bd71116909c4cd10e0e05005a190a46204321b3cc738f8b6ac9ec347219b
benchmark/raw/rows/trial-02-mpfr-reference-6-fma.csv	464	847c51b3c6f5c2ab0396be19987837032c90aa9321aead0c0c97ecd15d146b2a
benchmark/raw/rows/trial-02-mpfr-reference-6-mul.csv	465	ae7ed1aec42bc288422081b4df5a78aa929d5e997c8606652d670c6d3d7ec116
benchmark/raw/rows/trial-02-mpfr-reference-6-sqrt.csv	465	c95c893aa4001f32cbb28fec3bb6548038fbfea33402bcf180a4d3488437f673
benchmark/raw/rows/trial-02-mpfr-reference-6-sub.csv	465	66ff4dd032ef84120c9afff47a7b228cc4fd1e8456927ef4d527cdb8c847f027
benchmark/raw/rows/trial-02-mpfr-reference-64-add.csv	469	1705418e1e9d7974090e5c6f0de6f7ccfb6b16881d5d61abd4131634c312e70e
benchmark/raw/rows/trial-02-mpfr-reference-64-div.csv	469	ba462b625a3e0cdd0ffadabdc5c3c55947fe73c41a0d770ada5694b9de3628d9
benchmark/raw/rows/trial-02-mpfr-reference-64-fma.csv	469	ffece94608218bdeebe0b6a98646e82ffbf25c3f7cfca5a0b4d4bff5c4e36e53
benchmark/raw/rows/trial-02-mpfr-reference-64-mul.csv	471	4d61fcbd71916f92fd1b6ed23508bf100e67bef6fd527bddad29043c8d4a2587
benchmark/raw/rows/trial-02-mpfr-reference-64-sqrt.csv	470	0fe3a96780a3bd2582b786ec3424ebcd2c313048592018ddfb46f068fb3ba31d
benchmark/raw/rows/trial-02-mpfr-reference-64-sub.csv	467	c1fa847fad4e5b65a8f2ee12d58c7221a7982382e967c1ddc5452a14e44fc1cf
benchmark/raw/rows/trial-02-mpfr-reference-7-add.csv	464	0ae187d7735f862904cd98ba178fb7bffeb3384b6a5be7dd416101e5159430e6
benchmark/raw/rows/trial-02-mpfr-reference-7-div.csv	465	c616e08c74bc46ebd5dcd9e06acee67c96184a6162519441386f74b007bbdded
benchmark/raw/rows/trial-02-mpfr-reference-7-fma.csv	467	6de0de80ca4e6760bad73c8080aaf5c34d9be63d31fb48e7f2e7363b15dc426d
benchmark/raw/rows/trial-02-mpfr-reference-7-mul.csv	465	0f3a463aa6028a2e87ff80fe50d5eaf3a05de0f7558e1d0b178b17ddd7429709
benchmark/raw/rows/trial-02-mpfr-reference-7-sqrt.csv	467	92cfee9eb2fd1b1bd6ba6270d4bf3e7e35f46432d0ca8e9a01e81d20385cc080
benchmark/raw/rows/trial-02-mpfr-reference-7-sub.csv	462	d8a269b7764b32d40efc97ad2d67154a5c8754dac688f7329f6c180671e9c097
benchmark/raw/rows/trial-02-mpfr-reference-8-add.csv	465	dad9cff19d46605472c093eed8372df1a91cb97cfa43e28d7d77f69b8b4a5f2e
benchmark/raw/rows/trial-02-mpfr-reference-8-div.csv	465	07e38cc016389c5eaeb901eee1d7abf187fa37c31e626866a9aabaa162220b4d
benchmark/raw/rows/trial-02-mpfr-reference-8-fma.csv	467	078723c2608c88a62a3560ea624e1bb3487c1469fa3bf4a3c8408d638c6fb33b
benchmark/raw/rows/trial-02-mpfr-reference-8-mul.csv	463	7429f7ab1c2bad58ce3fddf31f631a238090c658f31687a2e532fe8d50a0a314
benchmark/raw/rows/trial-02-mpfr-reference-8-sqrt.csv	468	743fbd69912ada20566935bcb8f73f07383c038ec83c7e0d7c28f51fb9776e2e
benchmark/raw/rows/trial-02-mpfr-reference-8-sub.csv	463	e877c9b30170f8f9884abf36125555383073e792651006c98450866177751b59
benchmark/raw/rows/trial-02-posit-software-1024-add.csv	374	58aadc254fd4eabaec2ce3a18170d1b4b3e774adf675a629854ba672647c0de6
benchmark/raw/rows/trial-02-posit-software-1024-div.csv	378	87fde24c1bc7560784cc4e85ee85fb78caf7040d3aa98537d02f2c4a711bd1be
benchmark/raw/rows/trial-02-posit-software-1024-fma.csv	388	00f35212bd9333aac160fb9742aa25faed5a653d43476ddc3de16d84900812bc
benchmark/raw/rows/trial-02-posit-software-1024-mul.csv	378	67153b45e703054bf826d08a8457f4722293e2489d59bd79c0e49fb970f6da3b
benchmark/raw/rows/trial-02-posit-software-1024-sqrt.csv	383	a620895c2efb1cf414ecfc7f2e976e63274c162db6c98bbc3bf2da51982ca5cd
benchmark/raw/rows/trial-02-posit-software-1024-sub.csv	380	c186f39ab49856bfb38fba94ec6b0f50816fd500931293b8a25d76c8ab6d6ca5
benchmark/raw/rows/trial-02-posit-software-128-add.csv	377	9e26882acb389216d64ec138e8919be94102e5e139acd50ca22dc6626ca939b1
benchmark/raw/rows/trial-02-posit-software-128-div.csv	376	da635f714d7e0f3f6f3172ac9c9657b4fff24f8508fff33e10123158ae720668
benchmark/raw/rows/trial-02-posit-software-128-fma.csv	391	cbfaa29646e0bf028c655b3729169c94a98500ced53a1f4447039468f83822a0
benchmark/raw/rows/trial-02-posit-software-128-mul.csv	382	9fd818eae507fbc8d080084f8c35adfce98fad2409de8066c2a78a29a2db4d93
benchmark/raw/rows/trial-02-posit-software-128-sqrt.csv	385	d8b2a8dea7d0755fea032e50ef3827c6d31acaf5c67eb35eecc7c8be7ac74acf
benchmark/raw/rows/trial-02-posit-software-128-sub.csv	384	6e3fb1bb85876eeb3e96036a8df00c5ce431905e9769603287f6629fa4b13501
benchmark/raw/rows/trial-02-posit-software-16-add.csv	374	9b583aa958da211e77f4dc297b07a9f4041daafa8ff65a3480dc9cb56b546ec0
benchmark/raw/rows/trial-02-posit-software-16-div.csv	379	ae0a65b82d24314fabe83293dd658b6293ab10edb211d13041239afff06adce3
benchmark/raw/rows/trial-02-posit-software-16-fma.csv	390	d53c327e69d39bc4caf6d4c1445c2ee4d440f54f06a6ae1395ec72fea9e773a0
benchmark/raw/rows/trial-02-posit-software-16-mul.csv	380	c2c97bb7de806f3bcb86058529053db5dfb82911ba133e717e1ebee55fbbc181
benchmark/raw/rows/trial-02-posit-software-16-sqrt.csv	385	f7ae7dd3bbcbb6f5af91df9271c0a022ba4cc9bddac7f717186ca6fb664e32cf
benchmark/raw/rows/trial-02-posit-software-16-sub.csv	384	7aa60bb6763d1f95303b301234d3a0b77424462e9a459a5d19f30ecd5c145560
benchmark/raw/rows/trial-02-posit-software-2-add.csv	376	6cdcb19ba44055e495a855886495ba5da5cd7a79fc4caaa692e34c0a0a3622bb
benchmark/raw/rows/trial-02-posit-software-2-div.csv	377	a98f21526fe1143437e41b1000b0374f5164ad0e00ecb64b68300042ff99194b
benchmark/raw/rows/trial-02-posit-software-2-fma.csv	390	8ad365f34f67a43a1641a6fcefc43e2021b7db3159e795ecf022a0d9ef93e525
benchmark/raw/rows/trial-02-posit-software-2-mul.csv	376	94ead6cf751c792a8d8892e7fda584d618b81450fb382bfb7c9b35dd21623486
benchmark/raw/rows/trial-02-posit-software-2-sqrt.csv	378	d8edf35ed186d12690e93b98eabe9ac1e3e3dcd3f739ff69f78a43dc7dbf5225
benchmark/raw/rows/trial-02-posit-software-2-sub.csv	376	4f47106ec1dd50884e00ff0319448d19396b35314b01e76016bb2e8a251b3a86
benchmark/raw/rows/trial-02-posit-software-2048-add.csv	372	c16626e5200e3b3879a858449deff345f6168d80754df6990fc30b190fe50544
benchmark/raw/rows/trial-02-posit-software-2048-div.csv	378	e588df37ad2e61cfdb427819eafb465868471e088e5573bec82bb80c57c19721
benchmark/raw/rows/trial-02-posit-software-2048-fma.csv	387	ed67faa930b514287c46e2c65dea99a125a5732cca6ee58077b837d65b7eb95d
benchmark/raw/rows/trial-02-posit-software-2048-mul.csv	376	3b10dd988b17a909a3a9511f7ab3c29aaafc51bd302128b413539ac90b0e7323
benchmark/raw/rows/trial-02-posit-software-2048-sqrt.csv	383	2b097c3a14b8998f2f6f9ebb82731870b173419aa6fe64e09b2aaf51177c6fba
benchmark/raw/rows/trial-02-posit-software-2048-sub.csv	380	e42101a465076bdc46d7220ea73985c75dbb7c01df86fe39012cf84f2f5bb499
benchmark/raw/rows/trial-02-posit-software-256-add.csv	372	680821f6a2d2bd0e135923ef52558efff0faa649caffd0578914213b1770297d
benchmark/raw/rows/trial-02-posit-software-256-div.csv	375	a342e0ae6a247938390d8b06bc46c2ae7ac50281a27f6e48c4b186d300a0c186
benchmark/raw/rows/trial-02-posit-software-256-fma.csv	386	23b92b24cfd8d6425f523937532e8fc6abdd7c4361b65a983ce571423b434840
benchmark/raw/rows/trial-02-posit-software-256-mul.csv	376	695b08db1b371a5b3bc6f3d415d95fc461a3061eb5e2a5709e946deb7abcea71
benchmark/raw/rows/trial-02-posit-software-256-sqrt.csv	383	64d8e887488c41d6d11df43b8ac4b53e14fe5b7f0b56f1db6bb971654d48665d
benchmark/raw/rows/trial-02-posit-software-256-sub.csv	377	95e169d980d8550dddadd6e25149310939fe3847e6b1dae0989f567b862d16cd
benchmark/raw/rows/trial-02-posit-software-3-add.csv	375	0a4d534edbb462d135975419fb368d08eee16b39d0458a85846b81c901cfc96a
benchmark/raw/rows/trial-02-posit-software-3-div.csv	376	a89cb06075d1a212da42e1b4243120c1e760e185640cfae5ba2f027269373988
benchmark/raw/rows/trial-02-posit-software-3-fma.csv	387	98bb251147d84ab895c1f2b319a5aba981aea5eef7c7fc3ff194a4fd36c7d997
benchmark/raw/rows/trial-02-posit-software-3-mul.csv	376	2e69f88681449b53dc19f7488fe70f0e24c71b2962be52cf3c7ac63c3cb6c84e
benchmark/raw/rows/trial-02-posit-software-3-sqrt.csv	378	68879a8a06960bca0764ff32e251f1eb8d1914029e772f8984ef3bfaa7547efc
benchmark/raw/rows/trial-02-posit-software-3-sub.csv	375	2944eab115fe4e0d393979cd4b1fb32258bccf9d655d50fe8265e66d6e7f4240
benchmark/raw/rows/trial-02-posit-software-32-add.csv	374	fe709547e120f134e238b51c58e3afa595e38f13acf48177bff07dbc1f9e9069
benchmark/raw/rows/trial-02-posit-software-32-div.csv	379	33d22e9240fa4ac0b46efb08c6c660667dc6249d5a05b36b7c83f54f52d1f022
benchmark/raw/rows/trial-02-posit-software-32-fma.csv	388	f35e49e25af56a857505730d4232c5af426494f07346ef7dbf3d2e7163138e3e
benchmark/raw/rows/trial-02-posit-software-32-mul.csv	379	cb5b40c52d8dd67d20e1ae2ad6ebfcb586fec9c58f36059184fd25c80ec1cec7
benchmark/raw/rows/trial-02-posit-software-32-sqrt.csv	383	3018fa13c1101a934321689189e40cc4720826c553152a7f189749e374ab170c
benchmark/raw/rows/trial-02-posit-software-32-sub.csv	382	3643f1e4ec886b56949d83ee69094271c6f5effd6d5520161ebe28a8206d027e
benchmark/raw/rows/trial-02-posit-software-4-add.csv	376	a32ebe8d14afd72e791cee8ba3d750c270bd1093e5971499db4fbb95be6c0fcd
benchmark/raw/rows/trial-02-posit-software-4-div.csv	376	29cd7ef4d212d5e358df1e02d6508b48f1afc8e9d7ba6c6a750eff0b7e21ac44
benchmark/raw/rows/trial-02-posit-software-4-fma.csv	389	28cdba243dad15036c5387966eb0ec5481c50fcf600f71ff7e258b2f7abc2b75
benchmark/raw/rows/trial-02-posit-software-4-mul.csv	376	beda147fd1ee93517d081771fcb3f035ee535f3dd19ff16da566c02bdee49b72
benchmark/raw/rows/trial-02-posit-software-4-sqrt.csv	378	964cc124699aed4ae7ebbf620b1aaf740011e06c91c1a22f7d45538d365810d0
benchmark/raw/rows/trial-02-posit-software-4-sub.csv	376	929cf1bda9b1b9e8e0a71ec22891e4e3947f00030dd90dba8d52165903747f7a
benchmark/raw/rows/trial-02-posit-software-4096-add.csv	373	1ff7065f83aadc243206b2aa97428bc40005f9c5a662807f0e6635ec014140ab
benchmark/raw/rows/trial-02-posit-software-4096-div.csv	378	48f9ff6093eb753dec950b7dd71ccc81b8c06ac1f79ef40657cfe5d62e7245f4
benchmark/raw/rows/trial-02-posit-software-4096-fma.csv	387	cde35fc6794e99fc4663ee245c62b9b41cac50d8bad93394dd696d1aabc1d988
benchmark/raw/rows/trial-02-posit-software-4096-mul.csv	378	a46ebcade7b331478217dd1780e913010157fa99406b925e348568aecd9a2ad8
benchmark/raw/rows/trial-02-posit-software-4096-sqrt.csv	384	12000ce4eab1c1afc60e60c25352184db74163199fb95434585a6afcb47e1413
benchmark/raw/rows/trial-02-posit-software-4096-sub.csv	380	e2bf404b48408bf7e11302dae218a8b30db08cffa975a62ece7d75c149d47ccb
benchmark/raw/rows/trial-02-posit-software-5-add.csv	376	ac7e80c87749108102dcbbb88785f89924234b96ae0388a15e5a69cfc6c5cea6
benchmark/raw/rows/trial-02-posit-software-5-div.csv	376	5a3df55ad77446b3f0e474af321d93c5b35092b2f221dc7054691e6e9ec2e6d1
benchmark/raw/rows/trial-02-posit-software-5-fma.csv	389	c193641a70275bffc2cb24384af4fba13259ed20476eb4042116744f3e41eedc
benchmark/raw/rows/trial-02-posit-software-5-mul.csv	376	3a89c4cdd7a4bc25d898f0b81f356a31921c036b74aa2f4f427c2c07bdfeeb52
benchmark/raw/rows/trial-02-posit-software-5-sqrt.csv	376	35e7c307743c64ab7f628f928e030c08f8c3e4460865f344af85e20fc5632c68
benchmark/raw/rows/trial-02-posit-software-5-sub.csv	376	5243faf22c206065ebc5771594c246dd6409816e1044fe514172a945e6f3d852
benchmark/raw/rows/trial-02-posit-software-512-add.csv	370	54c9c1a1774572fc079725a000f934a1ba1c9391d4aca8d9df149d64ee43d72b
benchmark/raw/rows/trial-02-posit-software-512-div.csv	377	6015d24e55139209e9972c3c7f21e73c84abeb24f768d49b87005bfaf7a131ce
benchmark/raw/rows/trial-02-posit-software-512-fma.csv	386	7a89b98a65dc1f229007f35fcc5c34580a1163202af1f5201a1eff57f9701409
benchmark/raw/rows/trial-02-posit-software-512-mul.csv	375	a589e37cf6c2327aff8097137680a933132a2bcb24737899fe52405dd0f0d75b
benchmark/raw/rows/trial-02-posit-software-512-sqrt.csv	380	862892ed96a97306e0de122b63da02fbd205e5e3929c9b0b7daccce0df54fc35
benchmark/raw/rows/trial-02-posit-software-512-sub.csv	378	c491c789308f810b27a2742745a65b6ad7808c466ab7c5833f11ab1c77179619
benchmark/raw/rows/trial-02-posit-software-6-add.csv	376	336328a35a6563f577defd6a3ab5515e4ca4eb38ded4d040b0c4ad046d4abaa5
benchmark/raw/rows/trial-02-posit-software-6-div.csv	377	721cd3e63f7c36e663b0ff5df4407f476ab2ea48dea30228e1fced1f69331910
benchmark/raw/rows/trial-02-posit-software-6-fma.csv	389	2118b2b4344d0b39042fd0c5e5f452e34591f0a930f137e7f276ffc73f3cc587
benchmark/raw/rows/trial-02-posit-software-6-mul.csv	375	6fb518d3a2b326e3aee92e0a4f94ebdc307edf1dbdd558ff6bfe988c92e2e18a
benchmark/raw/rows/trial-02-posit-software-6-sqrt.csv	376	79c5c48c326e0e2a929e9b892a4133623fd89e6a15557868c98cc77abb0077be
benchmark/raw/rows/trial-02-posit-software-6-sub.csv	375	c583e1e2ceb0d2b3dcc22e6d1230544de90e124b78e4e1a900fdc69cacbb02e7
benchmark/raw/rows/trial-02-posit-software-64-add.csv	373	7e332bf34b436fccace9ed3708963d4dd2cbf7d93ec26165ad9c3217f3143ccb
benchmark/raw/rows/trial-02-posit-software-64-div.csv	379	c7eb2a72a4a00d353cdaf8c54ab08c46ae69696658873600dfb69c7c2913592f
benchmark/raw/rows/trial-02-posit-software-64-fma.csv	390	f013fc0868221b221c174ac646ec1e5a56fa156aab8d304bd965456d09dcd029
benchmark/raw/rows/trial-02-posit-software-64-mul.csv	379	9da8927b210b34796ebd01a4c08d112f234f7fe51b13d16163c8d46d2045ea4d
benchmark/raw/rows/trial-02-posit-software-64-sqrt.csv	383	e20543436c491d6a5e87cd8f1c9b409af4d1e9c0ec153d038591ac08ebd629a8
benchmark/raw/rows/trial-02-posit-software-64-sub.csv	382	c8ab9a11d658c208b7136fbcc3650a2e80ba3925858c8c665825ee68c51ba854
benchmark/raw/rows/trial-02-posit-software-7-add.csv	377	a8527283ec1ef00ec62cc21a2d5e1c3e77b9415f2cc75c2369f01e482aa279d5
benchmark/raw/rows/trial-02-posit-software-7-div.csv	377	f8f3ca2475f4baef43eff17f66c1f410fd8773ab2997a697654be5b30b0ca103
benchmark/raw/rows/trial-02-posit-software-7-fma.csv	388	764a727a67309e0b8831fca775ca019d58303c5388236d527c7f883133344ed3
benchmark/raw/rows/trial-02-posit-software-7-mul.csv	377	ead983ad9a08b6ea32a1565513704efe98036df6c7e1866f23e4a734e817b4e3
benchmark/raw/rows/trial-02-posit-software-7-sqrt.csv	376	9a17cd455bc683ac9b486576bede2495deb3ae6994e3ecac21498e20c1189fdb
benchmark/raw/rows/trial-02-posit-software-7-sub.csv	376	9833a39afee21103e180b1026b28455084c6509c6bf05236feda02566a220c18
benchmark/raw/rows/trial-02-posit-software-8-add.csv	375	f531da131c8f3f0b5590bfdfc6ff7eb5fb7d3fae72fdc9c7550b1106d9be64c1
benchmark/raw/rows/trial-02-posit-software-8-div.csv	376	7a2842f204aab21af771dd746dc1a8400fb0d2980520b2ded6afc4dd2de3fb9c
benchmark/raw/rows/trial-02-posit-software-8-fma.csv	388	e9a76564c77411356c3fe93abe8b908c7466befd1ec5b8347f3dc4e945c5ab26
benchmark/raw/rows/trial-02-posit-software-8-mul.csv	376	78c8b1ff8832f3bb6974ff021fdaa03a420362bfca85a82196f707e6163e4b13
benchmark/raw/rows/trial-02-posit-software-8-sqrt.csv	377	7014cdf6d740040e6c4f5f83e8a81d41e2aeacd3ce1abfe4e3ce543c4b9a534f
benchmark/raw/rows/trial-02-posit-software-8-sub.csv	376	7e02061fedf97a3b2ac0a9e0b950d9d8cd21c8917b686635fc218c1490b813f4
benchmark/raw/rows/trial-02-softfloat-reference-32-add.csv	418	563f558dc294411f26b7918c8dd37c82aa5009d543254fe46a14c36ae85a910e
benchmark/raw/rows/trial-02-softfloat-reference-32-div.csv	418	10337d2345e0e82eee733e06c7dbca4483dc6901ead5ce902b3ab3f4d6c6596f
benchmark/raw/rows/trial-02-softfloat-reference-32-fma.csv	419	34caf48da05a155e289ce40d40ebc48522e361017cd62edad766f7f5d71e01ba
benchmark/raw/rows/trial-02-softfloat-reference-32-mul.csv	418	2dac5dd6cb031b47ce88127f258d4f110977b042cc28b26b540d41b5e7a56b38
benchmark/raw/rows/trial-02-softfloat-reference-32-sqrt.csv	417	2144fbef0b77619fdeb2545ec4744b1bbda277656feea92e0d3c6282d8f15ecf
benchmark/raw/rows/trial-02-softfloat-reference-32-sub.csv	417	9eb71f1f8e00b83d021628b90495d8719bbdcf2d76972101a70b36326934f5b7
benchmark/raw/rows/trial-02-softfloat-reference-64-add.csv	418	7fbb03e13b2ecb0e5cb6bda029543dd2822b2e6c3e50eb2d9f2cc6c6f2516bfd
benchmark/raw/rows/trial-02-softfloat-reference-64-div.csv	417	e49a3e518952a3e3ae5697e05ef464864a3cc8d8c9e01377cd5868b3f8d1113e
benchmark/raw/rows/trial-02-softfloat-reference-64-fma.csv	418	4d945d27880cca5f75a3555a9f71b377b413c44c4f3117f183738140b06f00db
benchmark/raw/rows/trial-02-softfloat-reference-64-mul.csv	421	86c528fd8409bc39324040036acd386f303c579645d3f3c19e48e308c36cfb32
benchmark/raw/rows/trial-02-softfloat-reference-64-sqrt.csv	420	4f69af26f7ef1dcf00ec0acc3f7bd8638a5d95f59e370bbdb7c10c8cc7e8027f
benchmark/raw/rows/trial-02-softfloat-reference-64-sub.csv	414	2482b64e581f00f28eb293ad7814363445b73e26654d74e1c45a03f0183b6e61
benchmark/raw/rows/trial-02-universal-posit-1024-add.csv	447	2bac7fd6b8893d1f2fcc98e1e012684dc7bb6253cfaaea0e52fde8b0051eb85b
benchmark/raw/rows/trial-02-universal-posit-1024-div.csv	444	27ab7b531213072a71daf5153b7775c33235d87028aa190f3aa296633c4d38c7
benchmark/raw/rows/trial-02-universal-posit-1024-fma.csv	442	d391e3d22faad4b5ec9c802b8c6284078ced1cf4c8e83133921e1d5c8989880a
benchmark/raw/rows/trial-02-universal-posit-1024-mul.csv	445	080f335d42e45770b7090db1a8079f3b81503fd62cdc14549d14d9e83d914eed
benchmark/raw/rows/trial-02-universal-posit-1024-sub.csv	447	eb832795af6a5b8963725b263381de39a3e4c38b91c2b677716579c8e77cad84
benchmark/raw/rows/trial-02-universal-posit-128-add.csv	442	80d94a8f2faf33f476af51760aa20acb39bf3e1540712cde7a7b58aafaf1b2a7
benchmark/raw/rows/trial-02-universal-posit-128-div.csv	444	9022d57a917fc329f61e25007e4696578fcc5142094be94f810e9fd831aebaad
benchmark/raw/rows/trial-02-universal-posit-128-fma.csv	443	de04403c883ca274be99205a1e1c761fbcc209ed589d00f9060f9e6dffe8f819
benchmark/raw/rows/trial-02-universal-posit-128-mul.csv	444	8bc1b108daee258b528f57f51e4a27e0916f979d1852bc6ea64b1329cf3e2248
benchmark/raw/rows/trial-02-universal-posit-128-sub.csv	444	aa7f515096f98acdb7a9534e07d1b23d8a1926c3ae8cb7dcac8380dd02bdc210
benchmark/raw/rows/trial-02-universal-posit-16-add.csv	443	c25f73f61bb9937d396514ba50bc4cc5437f49997b72a7d4916f8d0783b8c7c3
benchmark/raw/rows/trial-02-universal-posit-16-div.csv	442	527a14eb5ab800d7a8bcdbda5c375eeb02439f663d0d62df2168834f1f3b0679
benchmark/raw/rows/trial-02-universal-posit-16-fma.csv	441	5a28051b2968f967f8ce3b307743e790c8919a6e411cbfe906db6842bd2320e7
benchmark/raw/rows/trial-02-universal-posit-16-mul.csv	441	98cb3565d4a6909e98e9d14503bf2f8c6853380b60d925b18501581d4532db02
benchmark/raw/rows/trial-02-universal-posit-16-sqrt.csv	461	c08ce063185b9ad6d20ce4da3ea5a7bf4e94e5d8a516ce23227ef98f186a12a8
benchmark/raw/rows/trial-02-universal-posit-16-sub.csv	442	99ec88365369631c280ae471e616fcaa0a635a83c8a93b7b62bd39d8f47e32dd
benchmark/raw/rows/trial-02-universal-posit-2048-add.csv	445	5d161c38cdfc4fadde439b4c773bcd827b486aa097ebc6585f236339c60693e9
benchmark/raw/rows/trial-02-universal-posit-2048-div.csv	442	ebce32a81dcccc9b6bdfcea2280671abe77e4a8c5d49b358b87890053c3473e9
benchmark/raw/rows/trial-02-universal-posit-2048-fma.csv	444	f1dbc421bd85fba0d9740e67598449278359829fd16286bd61a6884a5f7b8b80
benchmark/raw/rows/trial-02-universal-posit-2048-mul.csv	444	ac7dc6ff3708c2776ae34ee4a0c6f9a088ec0d4866fbe697312295d842f60fec
benchmark/raw/rows/trial-02-universal-posit-2048-sub.csv	443	8e22b299a063030d3ad748495664912d82c9917b5fcf8431277980bb14fbe8a7
benchmark/raw/rows/trial-02-universal-posit-256-add.csv	442	f546b706bd549eec13b896a917bf19f00fa13d7430f58918a96b537d69c28dc3
benchmark/raw/rows/trial-02-universal-posit-256-div.csv	442	82dc89bc259117f25c187e67616b816db7265b113e68aeb778f382643bf856aa
benchmark/raw/rows/trial-02-universal-posit-256-fma.csv	443	640a41068e2be168702f21b959663bed5d6b4aaa4bb0afdfad545e23b70c8263
benchmark/raw/rows/trial-02-universal-posit-256-mul.csv	444	c1d269e82ea74dbd7769ba100010cde4bb6a589e11db5278556033d70329e9e3
benchmark/raw/rows/trial-02-universal-posit-256-sub.csv	443	75840100b2859d799cd3595ed1656e7f1495eb25f5d56a86662b3ccdcd70d6dd
benchmark/raw/rows/trial-02-universal-posit-32-add.csv	441	5acfae12b88c8fd36731ce727c447b8c38cb20a63b218f03cb75fdfc0a4875c6
benchmark/raw/rows/trial-02-universal-posit-32-div.csv	440	eb9b33bf9a741a06c04cd94e8bde5a08aca0ce3dbb5dd7bc18aa4c55dddecb03
benchmark/raw/rows/trial-02-universal-posit-32-fma.csv	439	c26a876dfb88600b9f7794ef235db959fd8569100feeb78efe4951f06eb925d8
benchmark/raw/rows/trial-02-universal-posit-32-mul.csv	442	68550af41bf17d483eb79075a6991d3ab5d37e3c69406e13ff05b24534fe4c78
benchmark/raw/rows/trial-02-universal-posit-32-sqrt.csv	460	1b7756699394fc9d8ea234da8984da0c4aa1f6f16626f4fee1202d5e05c28e6a
benchmark/raw/rows/trial-02-universal-posit-32-sub.csv	440	5b68e23b75a38aa9f4f2490de2f38de72e7bc6fd9854350ea782ce609acc35d5
benchmark/raw/rows/trial-02-universal-posit-4096-add.csv	446	004793c60c0350ff3799fbd473ffdd49d2c106ef8663d6860880c5d75191285f
benchmark/raw/rows/trial-02-universal-posit-4096-div.csv	443	07c9331dc1772388782831b82237fe79ecc54e086f20aa019341bec09a2c842e
benchmark/raw/rows/trial-02-universal-posit-4096-fma.csv	443	e81a94243587a9cf787a5c65b62306fd1b4d2bf1f0b9e9a3089f3f47e911a2a8
benchmark/raw/rows/trial-02-universal-posit-4096-mul.csv	445	a2b2f120c17617f38f3e1e72bfbc5a0de7e6e6d21809f6040b41cd232162284f
benchmark/raw/rows/trial-02-universal-posit-4096-sub.csv	445	f219b380ff280eaaae430601736ed9545d81490dad4534769d5db5df2923b642
benchmark/raw/rows/trial-02-universal-posit-5-add.csv	438	a4f704898b6cdeb38deabd91d89487efe5386398efa97dad2254a2b1b5d7d315
benchmark/raw/rows/trial-02-universal-posit-5-div.csv	439	ee107ed7b16ad5079eed8d7a49e91d884e997c4f6cd001b2058b5cf50a817516
benchmark/raw/rows/trial-02-universal-posit-5-fma.csv	439	9d2246c48298ecc9343546d6ad7e14602a023825522cb9f1faad66fa4b482663
benchmark/raw/rows/trial-02-universal-posit-5-mul.csv	439	e1b9b8d4a1ed53a0be229661147bf8dccffdc03ab463f7059e7c433397eb255a
benchmark/raw/rows/trial-02-universal-posit-5-sqrt.csv	458	a9f4b52e9af9750cbf2f7955870e68bb473ee1a8b35d76717ad6be1b2d86b5d6
benchmark/raw/rows/trial-02-universal-posit-5-sub.csv	438	34f308a0aa7723b756ca547f00ff8e5ce02c6014cb1219cfff8ed11c35262293
benchmark/raw/rows/trial-02-universal-posit-512-add.csv	442	af63deefcaa84b550472894bc3e417f2fdfeb783288fb42c91b2ee031f1354e0
benchmark/raw/rows/trial-02-universal-posit-512-div.csv	440	c31285deae876f42f5622183a43a43d2a75beb3b00eea448ea4e64155328f077
benchmark/raw/rows/trial-02-universal-posit-512-fma.csv	442	3f70d854cb3b813b1beae1a584cbbb471006f957fdf6c586340ea8fbf9800962
benchmark/raw/rows/trial-02-universal-posit-512-mul.csv	444	90a8ec113ac2c7bd903a758878b92a812d29226086957badc358be708b038b1a
benchmark/raw/rows/trial-02-universal-posit-512-sub.csv	443	f04c7b836ed5cd550af36254143b393d19eb70dd918fff7377514170dc154a99
benchmark/raw/rows/trial-02-universal-posit-6-add.csv	438	6dbac30111a90c4828fbc187999802968aefa0e1ed410bf432ba9771c52daf98
benchmark/raw/rows/trial-02-universal-posit-6-div.csv	438	204736521206704a07e0d6f6e62054ac0a7e2f33b87a831e434bdde8951f17d9
benchmark/raw/rows/trial-02-universal-posit-6-fma.csv	439	b8a8dae706d7befa806c0f6eb0d9705dbfb2f3543875002c865047fc01c3ec50
benchmark/raw/rows/trial-02-universal-posit-6-mul.csv	438	4189589d0e4796f94bdc4bb542fd4d7973125f2bcd1e267105b6c8fde45f8d61
benchmark/raw/rows/trial-02-universal-posit-6-sqrt.csv	457	f11194e16c3fd23cd7609c5bfd53b9e2917fc31499b13f5cba66781cd0cf3d0a
benchmark/raw/rows/trial-02-universal-posit-6-sub.csv	438	695e5cd1058b224922fcee2387a8bfdaf37cf019aabe93e4597c5cfc746c5c9d
benchmark/raw/rows/trial-02-universal-posit-64-add.csv	442	4cdc95d3c1a33a07a089fbadc8c10fafa14f07ce8f24f75062a87ccc1985d8af
benchmark/raw/rows/trial-02-universal-posit-64-div.csv	441	10c2473735a5d2735f62eedad9eb79a7dc140b7e66b7e31ec85f638a10affb17
benchmark/raw/rows/trial-02-universal-posit-64-fma.csv	441	311db2264e6e138d6446359c22244f66420279f4b4f1c6d3874075a7c05c682c
benchmark/raw/rows/trial-02-universal-posit-64-mul.csv	440	4dde8603bcbf3fd3ebff22382689bd6bef66af39ac99441d36bc4e9f112cda37
benchmark/raw/rows/trial-02-universal-posit-64-sub.csv	440	7d48c87bd6bbfc5b0be023d8902699728ffae248e44312538783f7c2a05b9273
benchmark/raw/rows/trial-02-universal-posit-7-add.csv	438	0753486f050d31346db60783a6522ad6151bd2f82fd8e6e2b606e54f91b168d7
benchmark/raw/rows/trial-02-universal-posit-7-div.csv	439	75e1b5258ee9ef84cde3989ec9e08301125b6fc93529ea2b8a9ddd097bc94c59
benchmark/raw/rows/trial-02-universal-posit-7-fma.csv	437	3fb7a1e2cd85c8136afc11801e24fc20ee07d96c233cd2c28c8596e49a7ec69a
benchmark/raw/rows/trial-02-universal-posit-7-mul.csv	440	164b110f7d6c901adc976fef0f69184e4f5d6feee36edb88885f7568817b71ba
benchmark/raw/rows/trial-02-universal-posit-7-sqrt.csv	457	8e5e06f493527449625ecccd1a9c9046a38c129ab62ab779750d792f55a7d83b
benchmark/raw/rows/trial-02-universal-posit-7-sub.csv	439	83f5caa8728bbf55f7ee22d121f70d4c923e6fcd772a6adcae4290ad0aab95c2
benchmark/raw/rows/trial-02-universal-posit-8-add.csv	440	fdfa397392343f7577e7f7dd91d44eee9cea6a28506e0f2a9ddf777fb72ae38c
benchmark/raw/rows/trial-02-universal-posit-8-div.csv	438	e2ff4bda0ffab20061f3ce539fa75388ef7d9bb47bd4b86d17b07351edfad616
benchmark/raw/rows/trial-02-universal-posit-8-fma.csv	438	d8b255ebf517fb7907811cbdd739ba9505cd9c0412d8f135e90610190f7858a4
benchmark/raw/rows/trial-02-universal-posit-8-mul.csv	440	2c82c1b922648f9006f9de43406a02caa52aaf3e6c41803e3e382205606e0de4
benchmark/raw/rows/trial-02-universal-posit-8-sqrt.csv	458	9b4de2d4779b41e5314ee39d9ee9dfed3692daf544f62cdd0417823b2ef58bdb
benchmark/raw/rows/trial-02-universal-posit-8-sub.csv	439	18e791483a7470b25f1470587a6a608fd34891210e6d6d62eae22e91d2ffdd31
benchmark/raw/rows/trial-03-binary-native-c-32-add.csv	405	e98ae0852bdecc419702ba349e76fd91b32517614b328875a03ceae05259bdf7
benchmark/raw/rows/trial-03-binary-native-c-32-div.csv	406	7e81b45e8bebc3a4d224b7b7e0f9e2e51ceae7bfd5173e262db1e8fe3fd253d5
benchmark/raw/rows/trial-03-binary-native-c-32-fma.csv	405	0a9a686d4141e11561f543f39aba7026c85364ec27541d0c974db3ca68881a09
benchmark/raw/rows/trial-03-binary-native-c-32-mul.csv	406	48d074b96808eb9d7d31198a0a6da9793061d0dc3d309f04e585de64f02b2159
benchmark/raw/rows/trial-03-binary-native-c-32-sqrt.csv	408	09edb81f2c966c7211e5cf663e96079283eba8aad7023b2a811f91caba7aa0d4
benchmark/raw/rows/trial-03-binary-native-c-32-sub.csv	405	d3783aedce9ba2607c195971043316479387f88d9155b4d95992f0d74cb1ef11
benchmark/raw/rows/trial-03-binary-native-c-64-add.csv	407	bd58e212f16ff3b502cc7b45888b3eddd00dfabd10745f99fa847bfd89d44458
benchmark/raw/rows/trial-03-binary-native-c-64-div.csv	407	57289082656e5d41f2c871ab9679de45f53d3907792ecdf1451da29fde801f84
benchmark/raw/rows/trial-03-binary-native-c-64-fma.csv	405	eeb215f200248f522a39df5eb876c367832ccfde46760694bd06affb0551499f
benchmark/raw/rows/trial-03-binary-native-c-64-mul.csv	408	f5db27c1780ea21e6c70d0937470b871b376a312ae8a583f946046908f9b66d8
benchmark/raw/rows/trial-03-binary-native-c-64-sqrt.csv	407	bc3b993df93c7388acda88a935fca82ce08d16d928783a3a8aba8409a3090e6b
benchmark/raw/rows/trial-03-binary-native-c-64-sub.csv	406	187f2e42a233d63a7968d5d3d1cdf8322e71d5d254ff85095c32a0386cd41b3f
benchmark/raw/rows/trial-03-binary-software-1024-add.csv	455	d1d45759f3c6b639e28f03401b7e62daeb39252b9a2ddbe54177f2d4e0c92e8a
benchmark/raw/rows/trial-03-binary-software-1024-div.csv	453	b9372e6650c802f1dbaf20acacdc7880081deb47f72f7e6341aa3293a9463558
benchmark/raw/rows/trial-03-binary-software-1024-fma.csv	465	db9b0a8faffcb389e77d4a3a14678525b1cea054d0adddedeb6f86ab5096f7b5
benchmark/raw/rows/trial-03-binary-software-1024-mul.csv	461	8bfc058a478257f4b38ec3494c999948ba6cfcf1230416803b72495d2b126559
benchmark/raw/rows/trial-03-binary-software-1024-sqrt.csv	459	c86d74d245ef678e4c5a28a8d79cf7cc24f942d2125f5ae6e14f71f29569fbae
benchmark/raw/rows/trial-03-binary-software-1024-sub.csv	459	6e69bff54d0c0a112a5de5230520e13275507a9fc66a3586cd08e6e97a3f8e72
benchmark/raw/rows/trial-03-binary-software-128-add.csv	437	70841ff1297155f24291fa16929b473a58743a03bc35d92d39ee24be4763b44d
benchmark/raw/rows/trial-03-binary-software-128-div.csv	441	bc5f299c275903d3e89474549798053312ac3cf9f61d12537403ba965115a0c3
benchmark/raw/rows/trial-03-binary-software-128-fma.csv	449	0ac688e2dcdb1b3f57e90676ae51923a64a6c361f587823f1445b87018da19ad
benchmark/raw/rows/trial-03-binary-software-128-mul.csv	446	5997bce3712beb96cea027e5052f7d9cacb1473ac62e880d22461ae2e8fbbc5f
benchmark/raw/rows/trial-03-binary-software-128-sqrt.csv	444	d93219d2fa1db7588fa83484451e1bbcbc344e8c93e9c41f8f46b3186225a531
benchmark/raw/rows/trial-03-binary-software-128-sub.csv	443	e9c0c9e97cb3aa73d850358d011c1bddb8bfe290330eeeb02512ebe46446896a
benchmark/raw/rows/trial-03-binary-software-16-add.csv	440	72a24512bb5c80e21f9aba81d75cd666469a5f35fd7dd223662cc4cb612a4a8a
benchmark/raw/rows/trial-03-binary-software-16-div.csv	437	f2e0530b7ebebb443a8e96c0b23d90369c64a092edf3342af01d0bcba29cccc3
benchmark/raw/rows/trial-03-binary-software-16-fma.csv	449	d0f6631a01a7934f3d7aea2fc096d3c81813032e9999bbfef00e295388765fcd
benchmark/raw/rows/trial-03-binary-software-16-mul.csv	446	41b0b3f15d92c858ba48c76fb4968847264f934f3a35e2ca435724b730c7b2ee
benchmark/raw/rows/trial-03-binary-software-16-sqrt.csv	444	0b7982bc16b692c7593956d0eed277780346a02c444e5584f201ecfc6ca88386
benchmark/raw/rows/trial-03-binary-software-16-sub.csv	443	ede022795bd1f6abd564e875120d13a6c4ea400266f0feb2824a66643dee8ce4
benchmark/raw/rows/trial-03-binary-software-2048-add.csv	456	944233dcca49e47efc89d5089d3521af4f41eb0186078a5b572fe81b48822364
benchmark/raw/rows/trial-03-binary-software-2048-div.csv	455	c447b51dbeea624f9584f143637e390287b16ba3cca757f426f1f7c95148047b
benchmark/raw/rows/trial-03-binary-software-2048-fma.csv	464	60145f72e58d1f816e2164c9f6eb1b62cb54a3d0838b761946ad265ef4fe4aa9
benchmark/raw/rows/trial-03-binary-software-2048-mul.csv	462	644b60393c61295228ea98048f4857f59129793e05de257b4ea11550baca1234
benchmark/raw/rows/trial-03-binary-software-2048-sqrt.csv	459	3a17a0d241fce1f523c759349678de8773f470eedbf6683f84451d22c43e51c6
benchmark/raw/rows/trial-03-binary-software-2048-sub.csv	458	026788a4b7280336085be1591a2669026f1e5decae801f75677780437963f29c
benchmark/raw/rows/trial-03-binary-software-256-add.csv	452	6d7cafcd15461ab65562aa10367a6211158ff1b0f10c1ce2af14049c037414d9
benchmark/raw/rows/trial-03-binary-software-256-div.csv	448	752b38303ebd403cf004b33666ac918e4f1ed3183b724185d0b69ef615d3a14c
benchmark/raw/rows/trial-03-binary-software-256-fma.csv	462	9525e21a4a5e214926179bd76095dd5c62b770b94d5413d6db5ad2f2116cc930
benchmark/raw/rows/trial-03-binary-software-256-mul.csv	460	5c115c95d4a26b888b677d0185c8e19923a5cae61381d5f3575e9ca989761e77
benchmark/raw/rows/trial-03-binary-software-256-sqrt.csv	456	7ef40024a9244ee79272c5d0f10749bb44675f814a3c03a75ba00e0b2f62b4a2
benchmark/raw/rows/trial-03-binary-software-256-sub.csv	455	918e760ca1fbb595c3d9cdd2ac9f068c5662a909596dfca9fd5139d0713b4ffa
benchmark/raw/rows/trial-03-binary-software-32-add.csv	423	2da69aec494948c6f4c24ce1cccabc43355aef7b0036067c0589c24da3d1be99
benchmark/raw/rows/trial-03-binary-software-32-div.csv	424	5a88080166ce21f3185d2552a672afb4ab7f52282f6f7a027f498a1eaeb65157
benchmark/raw/rows/trial-03-binary-software-32-fma.csv	425	5c587b000f68cde55165ea208db91b47e490e19e742cb7eb81408e843fb97a9c
benchmark/raw/rows/trial-03-binary-software-32-mul.csv	424	eece18188a47a5d116c6c19781638db4d124a97451c9036b373598f65c525873
benchmark/raw/rows/trial-03-binary-software-32-sqrt.csv	425	13168e54f05afa3553d9cf636a1ac50e00e35da41da8dd6e0b2f00e38b475914
benchmark/raw/rows/trial-03-binary-software-32-sub.csv	424	dc99037e394b9ed3f71b1a675459cba132c2ead375b29951a732071dcd3e0eb4
benchmark/raw/rows/trial-03-binary-software-4-add.csv	440	33399a661c87af9333ad0a686d715c38845e1eb0a00ba6213f7e05ec230b461d
benchmark/raw/rows/trial-03-binary-software-4-div.csv	442	94b55f16bac7849f505fe46cbca625002d2ad1dba383afc61378d38b1d6dd395
benchmark/raw/rows/trial-03-binary-software-4-fma.csv	451	8b8a6cbe0ee65029808ca3945063cff8a31958ddf30dd5de5282ad07e44b7596
benchmark/raw/rows/trial-03-binary-software-4-mul.csv	445	5b10bff2f3b72e4f00df4c685ff31790b3119e4a59c7ff7534a224631f6933ef
benchmark/raw/rows/trial-03-binary-software-4-sqrt.csv	446	e7d6e1ee83354f5e0260a22f8470183afa6a4514d02269eab4fde2af226b49d8
benchmark/raw/rows/trial-03-binary-software-4-sub.csv	445	5f22deb7cfbac5927728f772f273ea67fa3f4d7447d453f443aa5060355b9ff9
benchmark/raw/rows/trial-03-binary-software-4096-add.csv	454	9820291ae92ccca98498ee4f3201068e5733ee54734b3588de770d3f778edae4
benchmark/raw/rows/trial-03-binary-software-4096-div.csv	455	b9a3c4076ffca2df063f307898359dfca225efa4168c589ff715e7d26a03e540
benchmark/raw/rows/trial-03-binary-software-4096-fma.csv	464	91627c2c7378a581fd45e41363a062095cd15c881ea24719a750aae86a76fc3d
benchmark/raw/rows/trial-03-binary-software-4096-mul.csv	460	06677403239b6f170dfbee8b63859afe4d4fa9494461c3163d79214edecc63d7
benchmark/raw/rows/trial-03-binary-software-4096-sqrt.csv	458	6ce65bccfe6dc9389805aa9ce754284a411ac3bcba40e4b4dc81a6ceefb3fd1d
benchmark/raw/rows/trial-03-binary-software-4096-sub.csv	460	7ecd5065880785d3b7575d70b376405b6d316d60e14c806e43f4f370f578feb7
benchmark/raw/rows/trial-03-binary-software-5-add.csv	440	b1aa49eed40b400986d27d5c4e7c818627b85a1ed704b0a564c58d80e1880fd1
benchmark/raw/rows/trial-03-binary-software-5-div.csv	440	12075b2e5531990b954b1c0c818294cc1d087e4dfb0a13bf5c6b1e7cc4c779ac
benchmark/raw/rows/trial-03-binary-software-5-fma.csv	454	4ce2b7b693167e50d3bb24701afb1fd50c7ed204c72ad399676f2238b3d8e22e
benchmark/raw/rows/trial-03-binary-software-5-mul.csv	446	d3c341b6b058e06e3d6ea8b72dd39652c67ef51db8176eb8cc707f85020c959c
benchmark/raw/rows/trial-03-binary-software-5-sqrt.csv	446	6ed7494e62b076295246921ce60a2f9b3c76076de28e2bd95d419366f21cf424
benchmark/raw/rows/trial-03-binary-software-5-sub.csv	445	add13cc4b2a7c03d8c9a25827b6a24a2a3fca65e685208d2ea08ad2bfd856f3b
benchmark/raw/rows/trial-03-binary-software-512-add.csv	452	e889aa651daa1fcb803d9a9f5d6d156710d51d3826680d7a9d28c7bab882f345
benchmark/raw/rows/trial-03-binary-software-512-div.csv	448	2cd27483c7d87bd4d5e9deb7149c6fcea6a0e26ede125e4437795195500bd822
benchmark/raw/rows/trial-03-binary-software-512-fma.csv	460	2c36dafed5712dcc5f9055144357cbc03951b08a082b5f766139b6574d2c988c
benchmark/raw/rows/trial-03-binary-software-512-mul.csv	457	589c5f981e87edde4ffcef5375899abb56a1f3de9c3041a1ae0fce995780885e
benchmark/raw/rows/trial-03-binary-software-512-sqrt.csv	456	29d80137608c9c3957a805f711bbe27bbace277763cb7e66db99aa66e7cc22dc
benchmark/raw/rows/trial-03-binary-software-512-sub.csv	455	ee194dca5e2c3aad9ef9e80f2a372e8fb562a39f45e801cca3ec96620e3a5990
benchmark/raw/rows/trial-03-binary-software-6-add.csv	439	27e1e872498f046c84e97a507332e11482bb910fc12afc309acefc1b5d278027
benchmark/raw/rows/trial-03-binary-software-6-div.csv	442	cbc35c9fa6283d9746db4fcc7abf14f1728a15cb6f70cd33c71072de481f255c
benchmark/raw/rows/trial-03-binary-software-6-fma.csv	450	b7032a07f60e6f57eba80a5a0f7da31244b1897fd19c43d60b71cd709e24bfc0
benchmark/raw/rows/trial-03-binary-software-6-mul.csv	450	bc492cfbefe3cb30d7f9c2c0f1d3cd2b9a49239f2058ef3076eb6e5ec7d74919
benchmark/raw/rows/trial-03-binary-software-6-sqrt.csv	445	d098a0ecc449c1e871abc2bc3b1f566cee30993f493830680625788735990b0f
benchmark/raw/rows/trial-03-binary-software-6-sub.csv	444	82254bd58e26ce4d4c85377491963cabc51b8acd4f7bfdfb4713bd5da3d8dca6
benchmark/raw/rows/trial-03-binary-software-64-add.csv	423	d5dc87a40d08801f9a51fad99ba5e54f2c74e75150d47dd18aab83ae7900cf04
benchmark/raw/rows/trial-03-binary-software-64-div.csv	424	e79e103ebcfaa026a93b376d7c1fe2a8bab3480abffbf073bed48bc852614333
benchmark/raw/rows/trial-03-binary-software-64-fma.csv	423	b8cdcfb2c10d9e9d228acd4129c17579d74dc393c8f66391552b069c3255b2f5
benchmark/raw/rows/trial-03-binary-software-64-mul.csv	425	19b626ba962977ee43dafe419853dbcea0dc4b7fc24c8202c9d0ace496c6f01c
benchmark/raw/rows/trial-03-binary-software-64-sqrt.csv	424	7decc57753efbef2de0f3f38643ad01136d3f7c52e09f4f8cd110683af77fe0a
benchmark/raw/rows/trial-03-binary-software-64-sub.csv	423	79fd1e341b5616a29ba5745d9325d1e9f7d8ae550c5cf025ef27c2cb4eca7874
benchmark/raw/rows/trial-03-binary-software-7-add.csv	439	89b7618528f3fb358fbcf380070a83a7272017fe4870326fb989899d9961fce6
benchmark/raw/rows/trial-03-binary-software-7-div.csv	443	ddcdad6bfd74bd2b7d1c6e0273e286d2062f6dcfc9f9f2161bc90544034dd142
benchmark/raw/rows/trial-03-binary-software-7-fma.csv	451	751a5564131dcfa4738f2d165ec0b73dfdaa1f9ddf4fd34f01f43c746d045458
benchmark/raw/rows/trial-03-binary-software-7-mul.csv	449	fd0494dce38e030b04c52e370ce9bd6c82bb1ca07c1cd83f38ed2988a60941ca
benchmark/raw/rows/trial-03-binary-software-7-sqrt.csv	447	5c5492314f3f5c61567682f9c9163638c9e88108a9f16a8a2e0651bf29485eae
benchmark/raw/rows/trial-03-binary-software-7-sub.csv	442	88859d7ca2660ea74907c6f749e753ed236a9d5fdbd6147840c3a79036d0df6b
benchmark/raw/rows/trial-03-binary-software-8-add.csv	440	82635caa5f28c3108b7a18b209e622a59efd3c237de7d75e9a1f87a8ef520128
benchmark/raw/rows/trial-03-binary-software-8-div.csv	441	e6ac8ddcd0930e8bb6fcd6975a59c3ff5b8de753655b56a2636af26ee0bacc86
benchmark/raw/rows/trial-03-binary-software-8-fma.csv	451	5319f7f482a639ebb9f20bec22da6532e8ed7872f186776a0fd14c166323c359
benchmark/raw/rows/trial-03-binary-software-8-mul.csv	446	4843c5f235024e7b310cec2803222994821b79defabd297f29dc33863e213185
benchmark/raw/rows/trial-03-binary-software-8-sqrt.csv	447	02b0423460a81bedd2c69f9e6dd94174eb28a660e92152210a0bf8ec663afc4e
benchmark/raw/rows/trial-03-binary-software-8-sub.csv	441	be4fd8d01e22e4cc98169739849b79bacf028f1f8f6ecfc1d2ce126dabff3d78
benchmark/raw/rows/trial-03-cpython-float64-64-add.csv	466	5bfecd342756f62a75272f88446b4346bd3e970658677d731cbdb1ed42af853a
benchmark/raw/rows/trial-03-cpython-float64-64-div.csv	468	a0517c09f7c2ad5fd7020efab48cb83e9ae6197df2bdcb5280cccdad5dd2a275
benchmark/raw/rows/trial-03-cpython-float64-64-mul.csv	468	8a1dff37ed3a10161c19e87941688bbd6918041d1570ed4d296157399164a02a
benchmark/raw/rows/trial-03-cpython-float64-64-sqrt.csv	467	7cf469e5879388801c36fd22ddd4456a887528f47bb8fc795c4df7923a5b56f2
benchmark/raw/rows/trial-03-cpython-float64-64-sub.csv	466	1ac57910774fef22a307f0257af1f246812296ff7ac2eff143334353d0b575b3
benchmark/raw/rows/trial-03-flocq-reference-1024-add.csv	388	adbd7e5b0329bf142d4d9e06eb96e159ba504b444001b871e1f48d04a2852844
benchmark/raw/rows/trial-03-flocq-reference-1024-div.csv	389	6c34fb10e6bc5d277f77e3232229f02d8929cf2bc13cb23dc96433c1a1813f00
benchmark/raw/rows/trial-03-flocq-reference-1024-fma.csv	389	385e1d3f12836397af356c2d4c2701d8bb2bc6492192a7b46b8204f55121b6d8
benchmark/raw/rows/trial-03-flocq-reference-1024-mul.csv	387	ad4c9cd9ece236258bd5cd21aba4bfd156cb85eaa5b291d0f8a93d6620efc06c
benchmark/raw/rows/trial-03-flocq-reference-1024-sqrt.csv	386	1dd3e580443e99bec3f576a7fa969056aa4e075fad3a3af60e2b342428f5c709
benchmark/raw/rows/trial-03-flocq-reference-1024-sub.csv	388	3c059b00529d695b8fd175b06ca0687b8a59ed87ecdef328c541a33f521e7a4f
benchmark/raw/rows/trial-03-flocq-reference-128-add.csv	388	20b2aea8fac9f03acefaffe8022f23c7852d0021b57954d2c7d061954c0c3a00
benchmark/raw/rows/trial-03-flocq-reference-128-div.csv	388	7e881177c3a729657b5c007f1a7e5169dd936f51dcd6f5e414159a47418c1967
benchmark/raw/rows/trial-03-flocq-reference-128-fma.csv	386	0d9ec653aa459fe2372b8c5f27cef28573da10341afda1de5328322288b6a6f1
benchmark/raw/rows/trial-03-flocq-reference-128-mul.csv	388	fa0a59af22b033719b41e1a8046bdc392bd7c586b5039bc3d018e94c3e558f0d
benchmark/raw/rows/trial-03-flocq-reference-128-sqrt.csv	386	d481df452f21102ba8bdc9a2fc9e27c95e0ca8816e036465a6295a0875712970
benchmark/raw/rows/trial-03-flocq-reference-128-sub.csv	387	34991467b567acb1373b119e8a81f37b2bf662590e185850602140618050ebd8
benchmark/raw/rows/trial-03-flocq-reference-16-add.csv	387	7cbefb62f4fe85b592244dfbb6697644a13b453c7c9210c9c27baede443d351e
benchmark/raw/rows/trial-03-flocq-reference-16-div.csv	387	5128892c3e34cc18e1ad22e8045b2c78059bf29c2c8f8d40660066baaf574b41
benchmark/raw/rows/trial-03-flocq-reference-16-fma.csv	388	db222255a028e0782f16981771ca048a7fb96da5f127e98dc71dd66568677ed8
benchmark/raw/rows/trial-03-flocq-reference-16-mul.csv	387	edddc97b8cae93f17b47d74dc5bcefe9bd88be3c09c12457095cafe892a0703c
benchmark/raw/rows/trial-03-flocq-reference-16-sqrt.csv	386	848428161fc2bb2bc8959261b9e8098010a691c8d56d55759d69cd4d0f2f95e9
benchmark/raw/rows/trial-03-flocq-reference-16-sub.csv	387	403e1d62b2e6bf770477f205e363a40941950a7fd577ee63d0ba287ded6a628c
benchmark/raw/rows/trial-03-flocq-reference-2048-add.csv	388	294708a9ba54db53bcd345cb81d031135c9aab310c79cb69d0fe42e119536003
benchmark/raw/rows/trial-03-flocq-reference-2048-div.csv	389	e2da9d8590133832dbc44e076a3ba49ae7e3812e99e1bae31d6bfcff8d4e7d26
benchmark/raw/rows/trial-03-flocq-reference-2048-fma.csv	388	c74fe67f9bb066ad78e7a0822620b8030a83ae055f6bf9aa395f472d2e32e3de
benchmark/raw/rows/trial-03-flocq-reference-2048-mul.csv	387	ca7c27a9baccca728245f35b56ddaf92a979f0374fc06234c6ee546d2309b17e
benchmark/raw/rows/trial-03-flocq-reference-2048-sqrt.csv	386	8d663777ce3441ab07c0f92b69947555e494f8a001a2196ba3e14a944e942cc4
benchmark/raw/rows/trial-03-flocq-reference-2048-sub.csv	388	93029d6b703d49580fe99b6807ef07d6b074f49e8514717601e6d9a39fce355b
benchmark/raw/rows/trial-03-flocq-reference-256-add.csv	386	1067d6fcd1a1d827a5a628b1dcd84cdd1dca57e8d21b1db123b3dc4d91c4a999
benchmark/raw/rows/trial-03-flocq-reference-256-div.csv	387	5146a3dae670bbf87f3d97cb3cb26c1649ba03f16830e9774ece8ab32101c1f2
benchmark/raw/rows/trial-03-flocq-reference-256-fma.csv	387	c1edde74680961793bda25a833ee5ef9144f9aa864d8bfec3193d617d53b3586
benchmark/raw/rows/trial-03-flocq-reference-256-mul.csv	387	2fbc1e0bbb7cd87e3c224fa7ed774766e10a70de911bee7dbfd1e63c1472999c
benchmark/raw/rows/trial-03-flocq-reference-256-sqrt.csv	386	5671c5daaef555797f2d2d47ba6a18339a491f8805b440166fdd74e98946a395
benchmark/raw/rows/trial-03-flocq-reference-256-sub.csv	386	41bb0b552ba7496b636dd21000715f7534ba050302ec8d35735777c9453af918
benchmark/raw/rows/trial-03-flocq-reference-32-add.csv	387	b547670e3be43772748b9b1e95d77330b8483aca99a34d5a35a375df89654844
benchmark/raw/rows/trial-03-flocq-reference-32-div.csv	386	c31f088f9dc585b27c04f0ad6ffed37f27537cddf31866fb27ea9c63de41596d
benchmark/raw/rows/trial-03-flocq-reference-32-fma.csv	386	1a1803be2c5d5c3208fad4716e3e83712a5857dfc2b4da974ceb6c8787452f76
benchmark/raw/rows/trial-03-flocq-reference-32-mul.csv	386	5f3b6ebfab91c0a73e108a028392dc1483cd6c746498e74c9948cc84e9aaf648
benchmark/raw/rows/trial-03-flocq-reference-32-sqrt.csv	384	841e76e01b30e7435c08cecbca5f229f15ec73ce09dd39ae7d61e1b1a362f837
benchmark/raw/rows/trial-03-flocq-reference-32-sub.csv	387	4972b0757437fa017c21086cd87eac9bfbbbaff4369367b1c7a060f9aaef5c1a
benchmark/raw/rows/trial-03-flocq-reference-4-add.csv	384	d0e7b999dd0e0e0c5e9aa91e5f5e9b404367bb6705c3aa65b0ff22aad00deae1
benchmark/raw/rows/trial-03-flocq-reference-4-div.csv	386	9a7a0a72ef1bf02099700bd68ead68a91f0859c9bafdf027027d179e2d4ed974
benchmark/raw/rows/trial-03-flocq-reference-4-fma.csv	384	8fb67605ddf5170fd53b751b82e9ddd5dc217ddcb50077a06c4e36831b6680c5
benchmark/raw/rows/trial-03-flocq-reference-4-mul.csv	386	0167f8af9e6e1d800930722bade8419993f070dea66ec6f8dda85bb546abe3b1
benchmark/raw/rows/trial-03-flocq-reference-4-sqrt.csv	385	10e7a9e761d89afe0732b32c95d19f9ddb032d5ed8cd0056f9629e7f43ce7c67
benchmark/raw/rows/trial-03-flocq-reference-4-sub.csv	385	f66458fb032c3784f215c4135735cfe962ac9c89a8409713ad80d0c117422d5e
benchmark/raw/rows/trial-03-flocq-reference-4096-add.csv	388	7ad2b9c7d576a64cfb2c2332102791a13ed6b6d674ea05249395d195bfab0612
benchmark/raw/rows/trial-03-flocq-reference-4096-div.csv	387	57f5fa7e5be6165448e217b582f3ea6b9b4e14e9655a0fa34295ccbdb792e8c1
benchmark/raw/rows/trial-03-flocq-reference-4096-fma.csv	387	afb93a76807da7f2e4f045ec02b864732de6b8a4e8ee05b0e3feb95fe7929096
benchmark/raw/rows/trial-03-flocq-reference-4096-mul.csv	388	71105469e14375cefb8739011407c4873a6b818d61d529a8700d5a3f273189cc
benchmark/raw/rows/trial-03-flocq-reference-4096-sqrt.csv	388	e01fdd0024ce1bc971cad169788dd81ab20a0c7bd1c2fbb65d93036bd718fd34
benchmark/raw/rows/trial-03-flocq-reference-4096-sub.csv	388	c1ecd8e604c64d4a41036f076d45f939b360dbdd2723e08687587f05b093e7c6
benchmark/raw/rows/trial-03-flocq-reference-5-add.csv	386	28fb95f5c5bf23497a3bcb9a3525cc5ec33dd63b81c4b6ca79a065ce36bd4624
benchmark/raw/rows/trial-03-flocq-reference-5-div.csv	385	31032ae8061bb42c1673426988cbf579cae2e1859f7358d75786a0448af96b67
benchmark/raw/rows/trial-03-flocq-reference-5-fma.csv	386	e6aedf2932076f8ba7811e748267026289f7d99c70cfb8fbe41ec1b625b9e026
benchmark/raw/rows/trial-03-flocq-reference-5-mul.csv	386	7ce1f055266e80fac25aa917f22bb5dbbf1b454993b6dad63f4b559e27e56b60
benchmark/raw/rows/trial-03-flocq-reference-5-sqrt.csv	385	0d81b5cb3bc6d791cfa1551937c4445cd47f890060077ef24b5d335e6ac701f9
benchmark/raw/rows/trial-03-flocq-reference-5-sub.csv	385	4385d0657f0e6a1caddbbb92c134955aa55998316bc50f177bca51ee1bc927d5
benchmark/raw/rows/trial-03-flocq-reference-512-add.csv	387	cbf201b8274fecee893df5a7a463e03a52f5ab1f87188f92c5cbe9bd00e2fee0
benchmark/raw/rows/trial-03-flocq-reference-512-div.csv	387	2ea8915e8a56d6d5459bb20a9358df0221fe594f7c1d2baf3dbd12dd8506f991
benchmark/raw/rows/trial-03-flocq-reference-512-fma.csv	385	038034b53420ef9d16cbeb504e5ea2aab9b54a2a35916ddfe17086d51d83143c
benchmark/raw/rows/trial-03-flocq-reference-512-mul.csv	387	bfe588351864dca04581c916ec418d0427ddbc27108be54679b0ca2812972aab
benchmark/raw/rows/trial-03-flocq-reference-512-sqrt.csv	386	38d98d690e16e412ed71991d3022edf2c0aa398443acfeb5f9c1e51251567bd7
benchmark/raw/rows/trial-03-flocq-reference-512-sub.csv	386	5517f189b69d0fb09ac5e2f4d1c2d443fedd6781ffd9507e1565447021e10d59
benchmark/raw/rows/trial-03-flocq-reference-6-add.csv	385	73c1d000af6f87c447113bad2020aab541e06c346c7a928cdc208572f8d16b6c
benchmark/raw/rows/trial-03-flocq-reference-6-div.csv	384	a9c99cda937ad4af0913345846973324b2f779faaf50b3cda8f571180de0cd31
benchmark/raw/rows/trial-03-flocq-reference-6-fma.csv	385	597acac10e0a95e858315ee04af79c6d2cd9574b94bba059cf711fc9074676ab
benchmark/raw/rows/trial-03-flocq-reference-6-mul.csv	386	f94ee9e4e2e1a193646f73bd720b07e047f441e30e024054eedc848b291ce1f3
benchmark/raw/rows/trial-03-flocq-reference-6-sqrt.csv	386	e3b3bb112ea60c4d4145a61c07691ac8d3b95adb28471fd8443dd24e4ef16342
benchmark/raw/rows/trial-03-flocq-reference-6-sub.csv	385	5b2185d6571b37d13c5469ac4916dcf5d119e1868c7a5db665d1f1d03cff4a50
benchmark/raw/rows/trial-03-flocq-reference-64-add.csv	386	e08a7abf75b34a571692adeb5844646efb69dc26f539a9da837fb39e80d29055
benchmark/raw/rows/trial-03-flocq-reference-64-div.csv	386	8f9cde64710b39d412ec23cd559ffe9f6fddda22110fcc4ed24b047937cfae54
benchmark/raw/rows/trial-03-flocq-reference-64-fma.csv	386	b2deee89d66409c7d83cf58e142fb08a484960a565fed9ce66784fc40ac1a82d
benchmark/raw/rows/trial-03-flocq-reference-64-mul.csv	385	74692c5abd174465d73b555f7f3e2ddd14c6eb35fd789adcc2b1da2c80d099bc
benchmark/raw/rows/trial-03-flocq-reference-64-sqrt.csv	385	f72ad1dc1307e200016ca420754d666629ec2776563e75c5200e73bc9919d387
benchmark/raw/rows/trial-03-flocq-reference-64-sub.csv	385	f839650c1f00b603346f02244d6c756d3896fb9a6b72113f93e319eedf2bc33d
benchmark/raw/rows/trial-03-flocq-reference-7-add.csv	385	2fcfb52a0425f5d3bcd164f0b754891c7ffbdca72043c9377c7e6ec8db4b8061
benchmark/raw/rows/trial-03-flocq-reference-7-div.csv	386	c03e4888d47395f8f5f4c0bf0c0c1e92386def83dbaf59375b82ec90010f69ef
benchmark/raw/rows/trial-03-flocq-reference-7-fma.csv	385	2c207e8b784468b6b3cc2b5d747ebef507550a65f04b3165d1e370c83fd369b7
benchmark/raw/rows/trial-03-flocq-reference-7-mul.csv	384	00c274a3a858f243c8977894d05507dfe292fc5f0d58753bafcc80f89886cb4d
benchmark/raw/rows/trial-03-flocq-reference-7-sqrt.csv	386	b4d533a59c878f6a2ef65b277a0b74a51efef3f8c108ecf17ec2bbc60805dd47
benchmark/raw/rows/trial-03-flocq-reference-7-sub.csv	384	42fc2ee92d691aa15aba65ad39f4d8b4a7db18f33e95edc29fb834bcdddf3059
benchmark/raw/rows/trial-03-flocq-reference-8-add.csv	386	b5620d7db2e8e04f4166fc79530ddc10e29caa58b8dbb2292a5c527ffd691dca
benchmark/raw/rows/trial-03-flocq-reference-8-div.csv	386	9f680ceed51c16bce9114672c796474b3c2ffd7c2d4eba30c0ce5ff828ad3863
benchmark/raw/rows/trial-03-flocq-reference-8-fma.csv	384	6da8ac1553c2022e60969c0d9373cace14473dbceb8486ea0428eabc5b5688ab
benchmark/raw/rows/trial-03-flocq-reference-8-mul.csv	385	6f029f791f4d8d0872c42169640b903a2674aa76b00751510fcae21ce1911d69
benchmark/raw/rows/trial-03-flocq-reference-8-sqrt.csv	385	54cd089dad8bc24663b7eee45c209a87e7ec5e470cd6d62d9490a632332d9043
benchmark/raw/rows/trial-03-flocq-reference-8-sub.csv	386	aab58c4b0200378fa7540a9dc639fcdffcd861cef3ec485c7aa7e46c2e31f616
benchmark/raw/rows/trial-03-mpfr-reference-1024-add.csv	475	62b19007b8e72b13d3efd7e11efbbf53ec11c787c430b0e53ce0f2eade49fb6d
benchmark/raw/rows/trial-03-mpfr-reference-1024-div.csv	473	5e077017da9f1a0065bfd341ae713d4dd26407974b3b5d9f11a731736c2cdec6
benchmark/raw/rows/trial-03-mpfr-reference-1024-fma.csv	475	3581958b784d7db2b6cfa73bebc55d64d346ff1f1e011fe47eec98b4e799df15
benchmark/raw/rows/trial-03-mpfr-reference-1024-mul.csv	475	d85d583eaec1631eb85f95773e13eb6b43a026405121e939fb4b3bfacad55b0f
benchmark/raw/rows/trial-03-mpfr-reference-1024-sqrt.csv	475	f5937f834120c415b1e9bc44c4a8caec77eb43b4eb4021f264b8b0e85e52412f
benchmark/raw/rows/trial-03-mpfr-reference-1024-sub.csv	476	03137e14d16a6532082db10bb42737e56fc16b41b19c81f2c12b472b4c39c752
benchmark/raw/rows/trial-03-mpfr-reference-128-add.csv	468	35caba760ac31ceb195294770eac95a0d74f623b814e9d7f211e71d075af7f58
benchmark/raw/rows/trial-03-mpfr-reference-128-div.csv	472	060ef6203f5685ea73fa303727dde9f85eb413933ae64d78196cc0c17751d12a
benchmark/raw/rows/trial-03-mpfr-reference-128-fma.csv	471	9adf3737e3d5b3be129ae02db23d877ea0046974dcebc2cc0e764f128774f09c
benchmark/raw/rows/trial-03-mpfr-reference-128-mul.csv	471	64bdde4710290b0d638f19f8f530b2667b1522d44c51e4571719cc5acd9e1ade
benchmark/raw/rows/trial-03-mpfr-reference-128-sqrt.csv	472	d0281ac130ff9a59d268dd8d6080d055566420130c24d70d99848f54c90fc64f
benchmark/raw/rows/trial-03-mpfr-reference-128-sub.csv	473	2f8162c2f4a7a67275c47ca4c24d71012c7730857f078ddf974d1c920c9e757d
benchmark/raw/rows/trial-03-mpfr-reference-16-add.csv	467	cbb914a76eb7baf997cec0195dbebf0cbad944879c90928ac7247816d240c8bb
benchmark/raw/rows/trial-03-mpfr-reference-16-div.csv	469	551ce8a2fcbd31052705c88385cfa6237b1f0af13e1745d4bd22d99c61908f29
benchmark/raw/rows/trial-03-mpfr-reference-16-fma.csv	466	13898e13774a30a8d381a60fcec93883497984db6097839434fe82df4cf2bd4c
benchmark/raw/rows/trial-03-mpfr-reference-16-mul.csv	467	70d8f7f78f89ac935770b1d5c0c60c67b29e05d1e59f06817e5d70f6e83a392c
benchmark/raw/rows/trial-03-mpfr-reference-16-sqrt.csv	469	6f8f800fc831921f0671cc66beeac5e8f5fe15b6491cd7a500ff9a777be33730
benchmark/raw/rows/trial-03-mpfr-reference-16-sub.csv	467	29562b4b70e7a54de3b5f37287ac5c1989aaaebdfe31b9d3073b9ba18857f0eb
benchmark/raw/rows/trial-03-mpfr-reference-2048-add.csv	475	0719bf7934f0b71519b3fc9ad4db80bf4bb6e04123a15f9c9d76afaa6e3906c5
benchmark/raw/rows/trial-03-mpfr-reference-2048-div.csv	474	7aa774f73eb5404cd5b0351d2255cbb4c47834c274880175e613f8ae2226bc68
benchmark/raw/rows/trial-03-mpfr-reference-2048-fma.csv	473	19eb9998aef5febef764e46b61af28b208d7ab4f1fa1e8e78b28705699e34cbd
benchmark/raw/rows/trial-03-mpfr-reference-2048-mul.csv	474	c696e1f6d42b440c26b7dea047b73b45931434a43e927b4a021c489d4a11c998
benchmark/raw/rows/trial-03-mpfr-reference-2048-sqrt.csv	474	918c6a6b34f8439c3f652b1190c8f0860ed2979e1113d89f7af0fd7bac1398bb
benchmark/raw/rows/trial-03-mpfr-reference-2048-sub.csv	475	2478703cdcb525bb28467b6e93d9cbea531fd998eb693a1ec362df9d2430d5de
benchmark/raw/rows/trial-03-mpfr-reference-256-add.csv	472	5753808f078e3de70209dd4d4506ca3fce10ca927dcc078f2fc35c309e2bca8e
benchmark/raw/rows/trial-03-mpfr-reference-256-div.csv	470	6a09c9236a92a11711eebdf2c0c86a23fb370856890f3aed236b1cf9e41c95f6
benchmark/raw/rows/trial-03-mpfr-reference-256-fma.csv	472	04c4e8ff78524a93c1d5a9528aaee6d8047acbd94455cdd72693a8fc3645bc0d
benchmark/raw/rows/trial-03-mpfr-reference-256-mul.csv	473	720cc8641411f728b8752c19f9acd69aae7d9749f2d87afe267402d06f78b494
benchmark/raw/rows/trial-03-mpfr-reference-256-sqrt.csv	472	169f76ad87d53dec1edd01743c587a180d50c2c8eba41c64f604d54628cc564a
benchmark/raw/rows/trial-03-mpfr-reference-256-sub.csv	472	fbfe6a6d5d3f10f10ec18c5f0fa4afa04e72b632dbd22b94f8bc0e46061d52fd
benchmark/raw/rows/trial-03-mpfr-reference-32-add.csv	467	e76ff3d48d2dad537c270ab97fe3600f62a7535a89cb6b0ba8634929cd0b38f0
benchmark/raw/rows/trial-03-mpfr-reference-32-div.csv	468	f1031d8fae18c96b35d60b4b9121aae66eb5da30e6f4c34282700711e52755d8
benchmark/raw/rows/trial-03-mpfr-reference-32-fma.csv	468	009ab44ea8ee7848df0465ff03fedeb7ee9548b38446379d4709309554a70294
benchmark/raw/rows/trial-03-mpfr-reference-32-mul.csv	468	94428da6c3f47026531e09cb399cec8864b1ad1eb17b29ada1395454982402a4
benchmark/raw/rows/trial-03-mpfr-reference-32-sqrt.csv	467	90798dc27b5944c4e596b98254d3018e41c900135a3fabaea4d4d4fd382e9c75
benchmark/raw/rows/trial-03-mpfr-reference-32-sub.csv	468	26e3e420d25a4833d259313b5a2838dd5034775ae7cbd975857733b0baeefaf4
benchmark/raw/rows/trial-03-mpfr-reference-4-add.csv	464	6e2eebcb4777356d59183e1b83bbbe5c2715c33d8cf030d331f6b112870c7af7
benchmark/raw/rows/trial-03-mpfr-reference-4-div.csv	464	141e5f22125fced246b728a457c3097305e767a6dabe50ba84e95fcd14d5530d
benchmark/raw/rows/trial-03-mpfr-reference-4-fma.csv	465	d6c560ae15afb58766cfd78aeb0a6fd2868591ce870e221690d7c3618556038e
benchmark/raw/rows/trial-03-mpfr-reference-4-mul.csv	464	9ce0883a854f003cdd0f8b2d044f86ff91c405f7c2c56e422120cdad9db0cf17
benchmark/raw/rows/trial-03-mpfr-reference-4-sqrt.csv	464	a03ca76c07939965c847b0897d832e661cdff12957a20c5f6c2605ce244c2747
benchmark/raw/rows/trial-03-mpfr-reference-4-sub.csv	466	5dc584cdabb9596251df7dea1551cbda983b75610cfa0c6d2732454d5c39bdae
benchmark/raw/rows/trial-03-mpfr-reference-4096-add.csv	474	a57becdc071461b529e187da6c4d4145fe29593cc800ca605fc578baeb758c07
benchmark/raw/rows/trial-03-mpfr-reference-4096-div.csv	474	38648182f88bb85a84aaf3911ddd9d030d3f9bf78ab59ccd151cb737c1d31c05
benchmark/raw/rows/trial-03-mpfr-reference-4096-fma.csv	474	8241920b50906809feb4308b7c02a540d17d8b0fe4feb23b54c2742dcc32613c
benchmark/raw/rows/trial-03-mpfr-reference-4096-mul.csv	474	f4eab19abb8a959fc9f27fab73e0355ebf2622dacf55872792000d85ed9ba5d8
benchmark/raw/rows/trial-03-mpfr-reference-4096-sqrt.csv	475	8e96e8f584ebc38f940cde87eb38277c329a77462025a38e7347ee34cc28c5d1
benchmark/raw/rows/trial-03-mpfr-reference-4096-sub.csv	475	dd7b27132f4112d4cbf24326f02e6ba5831776f42870075d332b882d225b0802
benchmark/raw/rows/trial-03-mpfr-reference-5-add.csv	463	4dc5f89f2926a78a2cc0d3e72dfe2baafd02a5f71302d81a90289c61d3bb7b7b
benchmark/raw/rows/trial-03-mpfr-reference-5-div.csv	465	3df7efe4bfe163b6044486c68eb29d8dd4f588016275dfa12315094d270f2e54
benchmark/raw/rows/trial-03-mpfr-reference-5-fma.csv	467	5c8cd78a26ce12ba593b8f4e8311a6e4ff117d74d0d545d19c0ca3c845feec31
benchmark/raw/rows/trial-03-mpfr-reference-5-mul.csv	464	c6eea88bada87a3fb5ab25744c4ed64e9ed9fe55d99fd80992697a6bc2e60901
benchmark/raw/rows/trial-03-mpfr-reference-5-sqrt.csv	465	9fddff70db50bc75a1456f3f2ae21adb4d895c9b06c1208724f202e23fb39c58
benchmark/raw/rows/trial-03-mpfr-reference-5-sub.csv	464	8f07043d7c260b30c23caf8f3074a39e96ec691c563aba7f85eafd439f18929d
benchmark/raw/rows/trial-03-mpfr-reference-512-add.csv	471	177cc43125325b0d259b0d280af5f8287ce2aa4b617b448a30d460f332048f1e
benchmark/raw/rows/trial-03-mpfr-reference-512-div.csv	469	1306aee1a92a1cc4673aa984a92f3950227c6d9a4631aabe9df7293dec18f3f8
benchmark/raw/rows/trial-03-mpfr-reference-512-fma.csv	470	c8305b54ef90755bbf8babc7be1db23cc396e5ab585bb1dddf55e7ff55071f71
benchmark/raw/rows/trial-03-mpfr-reference-512-mul.csv	471	5eb305f80b890df2523e7cedd63f314be1b67033fa5e56413437bae11437204e
benchmark/raw/rows/trial-03-mpfr-reference-512-sqrt.csv	474	a61e09ddb7b7f296965cc18b50206d20a28db6b8c9bd28b771e13baf29ce9afa
benchmark/raw/rows/trial-03-mpfr-reference-512-sub.csv	472	bd31d196580444f4689b0f9e8c45b4933de1c21a53271e8da794611fc5a65359
benchmark/raw/rows/trial-03-mpfr-reference-6-add.csv	462	7d4de05a7d3b27292a3265e39c4fe134fc714b14ab1c41f6e64c91220893878a
benchmark/raw/rows/trial-03-mpfr-reference-6-div.csv	464	17d82f52e91b7cb9d8a2206270aa149721204c26e0f394ebe54245b2359c7b37
benchmark/raw/rows/trial-03-mpfr-reference-6-fma.csv	464	c314c5e1d5539cc5c8457cbc7d9fb37af0b0a29ca813774748d47725021206ff
benchmark/raw/rows/trial-03-mpfr-reference-6-mul.csv	465	2e85c12882fde116ace3977ce02e31222e3519345efa165759435cd4ba9d7e6f
benchmark/raw/rows/trial-03-mpfr-reference-6-sqrt.csv	465	84556108e5c85c23806d61db5013337594121dcf288088c983327e68e5a054a3
benchmark/raw/rows/trial-03-mpfr-reference-6-sub.csv	465	a9021610b4f5740c2a8ad6880c07a1bb92cbf44315801c8a38eb6fefc49897ce
benchmark/raw/rows/trial-03-mpfr-reference-64-add.csv	469	0c7ce4a0a10031938912473523779339cf9f70233a1c2b628de98afeec6d9449
benchmark/raw/rows/trial-03-mpfr-reference-64-div.csv	469	c2a42f73ba05b3cefb2281a4d29d5eaf03afb2ff8efc29a7ef1605a042cf01cc
benchmark/raw/rows/trial-03-mpfr-reference-64-fma.csv	469	19ad5cafd32982718149cce1ab4f09b6c00cdc1b95e4436428814a2f0b861bc9
benchmark/raw/rows/trial-03-mpfr-reference-64-mul.csv	471	210b5776d6c68f545ce6fea053c6ef79d79ef4e48992b46df15a0dda5b69f487
benchmark/raw/rows/trial-03-mpfr-reference-64-sqrt.csv	470	55ce3b919d3d1e80bdc62f8a76143f2259e8b69066d94baae5332721a1ecf847
benchmark/raw/rows/trial-03-mpfr-reference-64-sub.csv	467	4644ca87bd0341435418967addb6b7a4b9fe659b28808e50e347d103ed98565f
benchmark/raw/rows/trial-03-mpfr-reference-7-add.csv	464	541f0f4400b40bde95fb7990f8b8ce5a70cb7ff6642659f2e08435b1e0f62191
benchmark/raw/rows/trial-03-mpfr-reference-7-div.csv	465	8a26b46e9e5b5bb7e893ca2ed85118d98743c9b1291b93995a98ba3f9e1ebbda
benchmark/raw/rows/trial-03-mpfr-reference-7-fma.csv	467	ebff2f42a60f56f42650afa814e2df16599d377e67ab2174dde0ca6dd7bc605a
benchmark/raw/rows/trial-03-mpfr-reference-7-mul.csv	465	b660f8ee8cdc9dfeacf7ae04302e3df9ff1edeb5f7f2e33ef43869049d1ea73b
benchmark/raw/rows/trial-03-mpfr-reference-7-sqrt.csv	467	e5537c5a63944e4afe41d2860c85feedd8adf33307bddaa7fc90c7e3cf68cf64
benchmark/raw/rows/trial-03-mpfr-reference-7-sub.csv	462	fddf31fc23034bd50285844ce7a31ddf824e5be567a4cb1754990b13e741bd88
benchmark/raw/rows/trial-03-mpfr-reference-8-add.csv	465	20fffbebb138f8b6e3e45b554fcd7ac526b85a8e2397df319e956b304475def5
benchmark/raw/rows/trial-03-mpfr-reference-8-div.csv	465	1fac9f5f66be443c46460e9c775bd0d77f45668d7bd984ee8377674bceb430bc
benchmark/raw/rows/trial-03-mpfr-reference-8-fma.csv	467	3123249ba7c6ef837fc6c8d553fefbb8852d52a961660c9af33dd622b21153ba
benchmark/raw/rows/trial-03-mpfr-reference-8-mul.csv	463	ad006e1f61edee3ed84c254e7ae97a3985070d255c819d36f9190c32df35d9ac
benchmark/raw/rows/trial-03-mpfr-reference-8-sqrt.csv	468	fb9452a3a5c9da2eee570a2049f82e170b5d67d4ff99270e3817852eb9245104
benchmark/raw/rows/trial-03-mpfr-reference-8-sub.csv	463	ae38a08cc3c4575390107a3544e7843667bdc2c58321ef6d9edcb702b6452ed2
benchmark/raw/rows/trial-03-posit-software-1024-add.csv	374	aa50dc953fb2d33ff5af6084cb85eb950d68e9ba3ce9334d732b88ee578d829c
benchmark/raw/rows/trial-03-posit-software-1024-div.csv	378	314e0a87c2c3a1eef9ac0af7002f09dbd07a95ab4492dc3d3d77b0e808e41a87
benchmark/raw/rows/trial-03-posit-software-1024-fma.csv	388	a3b85e599f3d65daa681a27e6c43f84e27b955201ea60e1036f08889551b5449
benchmark/raw/rows/trial-03-posit-software-1024-mul.csv	378	2cc8a4458711055a11d27171960a414a3dfb6a5fa2d5dde63727c9647cc54b7a
benchmark/raw/rows/trial-03-posit-software-1024-sqrt.csv	383	48bdf1b8b3358eb74264b4b744ad1f105b219380ba543d6e1d7c5c93eee4782c
benchmark/raw/rows/trial-03-posit-software-1024-sub.csv	380	fe37405fad5aeb99b0b6a62b94898c800cd80721ae737ce85a82cecc6f77b1d2
benchmark/raw/rows/trial-03-posit-software-128-add.csv	377	0f95f692a052d0c99415e2cfcba13af868983b2230e0f84cba2890010802f525
benchmark/raw/rows/trial-03-posit-software-128-div.csv	376	7151e31fbd8b1b24a5a15bd337f3cf70ded5f2a9bf0f061d26bed858c7d9da4e
benchmark/raw/rows/trial-03-posit-software-128-fma.csv	391	c2877e65507cb07a3831a6788287035b5a3edc1a9459ffb48143bf23789acbb6
benchmark/raw/rows/trial-03-posit-software-128-mul.csv	382	bf8092dd544b450be85812da86d605fab07b57001ccd3055eafab711122a28a4
benchmark/raw/rows/trial-03-posit-software-128-sqrt.csv	385	b70911bb5db64ed0633a9440bc46fe302c194738c21169eb23cc0f59bcdc208b
benchmark/raw/rows/trial-03-posit-software-128-sub.csv	384	f1d81278e70420884e700c708141fe24423877aeef316e8dcadf9da69b473a0f
benchmark/raw/rows/trial-03-posit-software-16-add.csv	374	fa80de8b0b3cdd01d8e5dd59221041fd11c20c10f9c0e722af0b286a321257d2
benchmark/raw/rows/trial-03-posit-software-16-div.csv	379	5f9b0001446c8ffabbe8303e8de91e8028843dff4d67732e15e5e6dc82c6865c
benchmark/raw/rows/trial-03-posit-software-16-fma.csv	390	071e6aea9c59e7520e94455c407c11060d6043b99dcab68f13bfe90e6332c5d1
benchmark/raw/rows/trial-03-posit-software-16-mul.csv	380	d61645c8d50623252f8d6750a711d10b9dc5c06cf546701655f75226d17c01db
benchmark/raw/rows/trial-03-posit-software-16-sqrt.csv	385	98275fbf05a0edaeba548f263d055ae78f4486dc076467594344e2277c235acd
benchmark/raw/rows/trial-03-posit-software-16-sub.csv	384	e938e07ae1973fbd9943aa36c46bb31fecffa6f311e434f73edc4f5f19470118
benchmark/raw/rows/trial-03-posit-software-2-add.csv	376	87912b18c7faec213b62bba58d4a0e16dbeb631c8f26afce950d7a0368e0a3bd
benchmark/raw/rows/trial-03-posit-software-2-div.csv	377	cff7eb5b17e3e9a0ac42e484e5202d0e8f64a8ae73a95d4adef66258f55066cd
benchmark/raw/rows/trial-03-posit-software-2-fma.csv	390	ef093ce2b454022ec3948b6f1ac1ecd206c8d10edeb840f4a6e7592bd0628f58
benchmark/raw/rows/trial-03-posit-software-2-mul.csv	376	43c42447deb2ae1e8ec96aec9ff5d477e6aac8d05cd8e2402d10f09297e92b98
benchmark/raw/rows/trial-03-posit-software-2-sqrt.csv	378	ca86222f8e4b82d6a657ef9a71c72cd423737601f98f47adf766ccf5d1ea3091
benchmark/raw/rows/trial-03-posit-software-2-sub.csv	376	9c5e99e33c69eead2f706af43bb9f47b34ee8796ba70c36faad20901abdd5fea
benchmark/raw/rows/trial-03-posit-software-2048-add.csv	372	76166ec46ec46aeb530554513d541889d528fd76093af86080142bc03ede30c5
benchmark/raw/rows/trial-03-posit-software-2048-div.csv	378	3c1b0dc183d054ffdc2b0a4c3cbb706e5344de31c4947185a48bb7c9dd144060
benchmark/raw/rows/trial-03-posit-software-2048-fma.csv	387	2eff191597526fa9afd825d64e66a4cec0ffcfc9978882647887506528eb8c9a
benchmark/raw/rows/trial-03-posit-software-2048-mul.csv	376	9421e5f9d51fa96b22e1343d58dbefd3c024ec4d17fec83f5b4dcdf4285e20ee
benchmark/raw/rows/trial-03-posit-software-2048-sqrt.csv	383	25628e89ec1b636cabae2fbd35fd8bdedf0ad89eb7629bc3856add35d16d9eab
benchmark/raw/rows/trial-03-posit-software-2048-sub.csv	380	5302a7a07c3915ac6b001b973b88070bdd80ab34650bddc2c9547a4e2966e665
benchmark/raw/rows/trial-03-posit-software-256-add.csv	372	fb27bce9f6c415eb9a8d7d4fa35fe94e61eea70e970b5ff515bb6dfe1c8eae7b
benchmark/raw/rows/trial-03-posit-software-256-div.csv	375	a2045a070b7a75a48b6fd536cba72511a8af0b295e5bb27d527a0dd39087205d
benchmark/raw/rows/trial-03-posit-software-256-fma.csv	386	3884375b5584917788c81953f6c32667495a83b85dc931dc1525d1d8b8096fae
benchmark/raw/rows/trial-03-posit-software-256-mul.csv	376	9dc2ff66adaa4df56e9d3203b5aa1f4cafc0955ffbae4af8c8a181d4dfcd14ca
benchmark/raw/rows/trial-03-posit-software-256-sqrt.csv	383	54835e55000069b0a9d280c42b430650c0500f724ced81cdd73b704496a55080
benchmark/raw/rows/trial-03-posit-software-256-sub.csv	377	5c7b0d1113b9388875ec6a9dbb792bcf8b4088a8a581ba622d97a14d5a2fdf0b
benchmark/raw/rows/trial-03-posit-software-3-add.csv	375	c9b8be87dc8aed11fecd7fbbbab7b1218d2a865c89f80458e2000b1d407efd4d
benchmark/raw/rows/trial-03-posit-software-3-div.csv	376	f9d37b239541422386c0a9f64d80b0ee1d696bb08ff16cd18e20a0b8ae60d7bb
benchmark/raw/rows/trial-03-posit-software-3-fma.csv	387	d46984406242c8d87e33c734b8afb788dfa9af6503ce823767b59d6d1c35c352
benchmark/raw/rows/trial-03-posit-software-3-mul.csv	376	8883af28cb903de07ff667fe6004ca1d44d35530eb7ded8ac10f7784c26cb39a
benchmark/raw/rows/trial-03-posit-software-3-sqrt.csv	378	054f87c479f4468e73ad5abefd281ac9ba26f056609594b584f01c19f15ed7bc
benchmark/raw/rows/trial-03-posit-software-3-sub.csv	375	9136ad201d243a44384cb813d088eeedbe4ebbd908fb45e8af72931d6858a5fa
benchmark/raw/rows/trial-03-posit-software-32-add.csv	374	b82e4743981fd310b852c35bd0c42058e650768ff528114f194df2d172676b9a
benchmark/raw/rows/trial-03-posit-software-32-div.csv	379	d93cbd57704b35a34f7dd0a83c4c9d1fede5b19fe06b3e75555be879c3fb7b9c
benchmark/raw/rows/trial-03-posit-software-32-fma.csv	388	c0ee12f5a7db7eceeeb4576eb3602e5d5662ab24d0a45c03c5c8b7400c0c43d7
benchmark/raw/rows/trial-03-posit-software-32-mul.csv	379	3913be291351a888a12b4a685ddafcdb5aa120e5abed4d5495a5e67947f6ff01
benchmark/raw/rows/trial-03-posit-software-32-sqrt.csv	383	ceef756ef7b1c9cb8252ed561ce17c44ee98df10a989bfc90de04e61ca8685e6
benchmark/raw/rows/trial-03-posit-software-32-sub.csv	382	b7a8a7e16ac1d7fb6a0324badc212b5aa5f920c76db4b2b066fccad3e9200cce
benchmark/raw/rows/trial-03-posit-software-4-add.csv	376	16901a1e2155488d9f75ef193ef980cfd38efe9e23dd4514abc66355530ff95d
benchmark/raw/rows/trial-03-posit-software-4-div.csv	376	c01058b583820b6f54e1e651bf6c448a1af52fc7ad850d3e640967500988b4db
benchmark/raw/rows/trial-03-posit-software-4-fma.csv	389	4694d1b2c3b327e776e5e035397d58e7a4ec6a5a748246e072ae7237fafa6557
benchmark/raw/rows/trial-03-posit-software-4-mul.csv	376	561eec3a664ac682ad60f6d5a282c97eaa7e2070d8e998e9ff5c869b002648b8
benchmark/raw/rows/trial-03-posit-software-4-sqrt.csv	378	451eb3f70d1d8aed6114e98034647167259f7abd807e5ea8e5f892c5ea12e98e
benchmark/raw/rows/trial-03-posit-software-4-sub.csv	376	d89e6fa1ae18854d918e91c667c6bbd84cce523d7de1362487bd1f5acf09151d
benchmark/raw/rows/trial-03-posit-software-4096-add.csv	373	25510ff2d501b56e455722d58d1b6802bf4fafc62160d6ee15edfd943c79f67e
benchmark/raw/rows/trial-03-posit-software-4096-div.csv	378	376dfe24159e2db25c1125a64ea1bbfdaf78297f3d09fb667ef27c6e411bd0b4
benchmark/raw/rows/trial-03-posit-software-4096-fma.csv	387	330dc3682125de7c336d83a7800158c77c16e0d062a99da0f3514ffcca4ce665
benchmark/raw/rows/trial-03-posit-software-4096-mul.csv	378	cbd3c1b15447b2b3179546f133e0ea795d367d73ec39c7bf5d842f7e5752740c
benchmark/raw/rows/trial-03-posit-software-4096-sqrt.csv	384	52963c912be0d80e6c6291c0a3dda44a2fc508ce09f92b9594e52fc6689c3d90
benchmark/raw/rows/trial-03-posit-software-4096-sub.csv	380	5ff589764b28cd2a695663064cd8697dd42778989db9119123acc68ba8184237
benchmark/raw/rows/trial-03-posit-software-5-add.csv	376	6c5257ee7d197ec66e5f6201c2c92c48a3519d07c03fee4b0e43c6117a1419ce
benchmark/raw/rows/trial-03-posit-software-5-div.csv	376	81ee21737c2766bf4534a0018617a27bc7319100e17d4304527f5f35f9625fa1
benchmark/raw/rows/trial-03-posit-software-5-fma.csv	389	d8df5e91106d7717d160e5af36b19c099ab65f5235ec006a41fdad19e1822377
benchmark/raw/rows/trial-03-posit-software-5-mul.csv	376	448a25ecf56ef65fae67a9d5463b3c2f4ac32ee5ffb4d1708b4fbc225c4a7cdb
benchmark/raw/rows/trial-03-posit-software-5-sqrt.csv	376	a18427b526f948874be005a4c41e14a4dd39637fe94edeb9ce5b353902421f5a
benchmark/raw/rows/trial-03-posit-software-5-sub.csv	376	62407045a51585291cd9a5734b95c1bde1e28413c7a0670c724c7f53bf672128
benchmark/raw/rows/trial-03-posit-software-512-add.csv	370	9e139fd8f1efb2eb840fcede21bf7b81ecd4c422f3536549aa0ccca92492807b
benchmark/raw/rows/trial-03-posit-software-512-div.csv	377	95845ff3ef0b9c8240a68beae98032e6b128f9825bc10630d1e6a7315f44e78c
benchmark/raw/rows/trial-03-posit-software-512-fma.csv	386	3221b3d913bf9946aae94dc0530eb4c2669b1d9e92f10e16288988c3bd87b926
benchmark/raw/rows/trial-03-posit-software-512-mul.csv	375	1de92a225c9add32d2600c8b0832436329e0694416ef95f22f0d52afa6c8df78
benchmark/raw/rows/trial-03-posit-software-512-sqrt.csv	380	34bc649cf5b6f13a0221ca1c39d271d72c9bf91d423eeeb2ce97a52162dbcd0e
benchmark/raw/rows/trial-03-posit-software-512-sub.csv	378	090c62c51238bb285e96c59d96ea230f4ab2903ff9901da59115a478e7711061
benchmark/raw/rows/trial-03-posit-software-6-add.csv	376	f3245579770d4c927ebf3731e9e474eb8c0caa5234c6bc4ffc83a4905df2eaa3
benchmark/raw/rows/trial-03-posit-software-6-div.csv	377	ec3f46b770953bc9aa4707a460303f0aab8cd64c1f82df898d52c37af6e6b823
benchmark/raw/rows/trial-03-posit-software-6-fma.csv	389	02c66ea922ae45af530fbc09a7690eb312b463bffe5ef61a8fcaf99b5fbb97b9
benchmark/raw/rows/trial-03-posit-software-6-mul.csv	375	6f3fd0738836ddbcf3fb0eb2275feaa985a42c06e1bdf1ebbe53edde32b4f685
benchmark/raw/rows/trial-03-posit-software-6-sqrt.csv	376	1a0cf88ada4f9c7128070bc74c0322ca81d83c8136d9b37e6d4d73a69fe4f18e
benchmark/raw/rows/trial-03-posit-software-6-sub.csv	375	19b63d569215a598e5c6d3d93be9b08359b73d18dad65b3f9995fafd2895267d
benchmark/raw/rows/trial-03-posit-software-64-add.csv	373	3819b422c3217bfdbdf436e97b522158f6f3cb05f11a1843672739f79c6b9d6f
benchmark/raw/rows/trial-03-posit-software-64-div.csv	379	7dcb5f5df4f3f6f04c34d2e4e4344455066d35bbcd5cdf1e53a03b83912f5fef
benchmark/raw/rows/trial-03-posit-software-64-fma.csv	390	f150994a6617d9b3023477e3cac4a65e8e047ad8c591b0b708f11a9e261cede9
benchmark/raw/rows/trial-03-posit-software-64-mul.csv	379	01cf4ce393a1b960ef01948dc243d6e29bbba7c5f0bf71fac61348b598de0bc7
benchmark/raw/rows/trial-03-posit-software-64-sqrt.csv	383	8e93e3c869b0ccd552326582ec930c66f5755dc3e9a122f5f316cfc029272087
benchmark/raw/rows/trial-03-posit-software-64-sub.csv	382	60504f67c99078ce0ae4afcac98863b6b07b08608406c79a90bef9c3e03d4850
benchmark/raw/rows/trial-03-posit-software-7-add.csv	377	f74b9c4a21175d4e307975ca09af0ae5b40c537d692c1b9685589973ddbe64e2
benchmark/raw/rows/trial-03-posit-software-7-div.csv	377	8da75e44e4efca08f0193313600b732f79e7275daa20bbfb29c328e395f6151b
benchmark/raw/rows/trial-03-posit-software-7-fma.csv	388	8a63f12dcc70cc490531d1698cefc9c3428438ecb59dd49d931a49612cb7f976
benchmark/raw/rows/trial-03-posit-software-7-mul.csv	377	7eee9367e2d3f6357d478a4e9f19aebcbebf552708e449818eeb2f0584514e7e
benchmark/raw/rows/trial-03-posit-software-7-sqrt.csv	376	d94c32183026a917bda2227d6927491603a55aa647f98d6b4abb5c116a4a4437
benchmark/raw/rows/trial-03-posit-software-7-sub.csv	376	8de2d3bf7bba383dd24691d7e811327f47ee73d08fad6776d9ff7939531c6428
benchmark/raw/rows/trial-03-posit-software-8-add.csv	375	e6c874aebb711bc27934cca37697371343b9bfe61ab844bc7b23f5027fa79811
benchmark/raw/rows/trial-03-posit-software-8-div.csv	376	44386cb939a7d7bec4cbd0452ae7f0c4b90fe2a8ff2070a37c5ba36d4fd24585
benchmark/raw/rows/trial-03-posit-software-8-fma.csv	388	b480cb430670f18a8af904ae32567544321167a612964844ba213aff81a5a184
benchmark/raw/rows/trial-03-posit-software-8-mul.csv	376	0c7f964d9ae504bad81b21a79097554825dbb8d8d71a07158f5829a8f3fd9f21
benchmark/raw/rows/trial-03-posit-software-8-sqrt.csv	377	63c90eba534e07f66050630309067a18dd18472bf7766e8bfe857fdde878297f
benchmark/raw/rows/trial-03-posit-software-8-sub.csv	376	987e0214f9ee176544918d2ee6391831507b22d33abf08e51eda14dfdd77c12b
benchmark/raw/rows/trial-03-softfloat-reference-32-add.csv	418	d8b2e1597c479e6f46d5f44366f6242e609d1d18a2f6c32f98325597ddda0b4b
benchmark/raw/rows/trial-03-softfloat-reference-32-div.csv	418	cf64854549d624890596c9275219bab09756a8516f28f068ae791548815e7517
benchmark/raw/rows/trial-03-softfloat-reference-32-fma.csv	419	05442154da1979a9be7af88e822d7ac36417e6beada64d79f35dc6ed0e7afa0b
benchmark/raw/rows/trial-03-softfloat-reference-32-mul.csv	418	d31defe7216e9b2442b650ab05af3cf0615426540bb0179e475f622ae8635160
benchmark/raw/rows/trial-03-softfloat-reference-32-sqrt.csv	417	a18134c09d0c3f8c2059e86c02a5ed7c79fb519c9def862008639eff08f151c5
benchmark/raw/rows/trial-03-softfloat-reference-32-sub.csv	417	e109a7e9dc61131d5bf8039c73dc6a10a6d8c74dea95b9eb64a0d68ebe6e7864
benchmark/raw/rows/trial-03-softfloat-reference-64-add.csv	418	92e80fb65422459e194ebb5779bd2681d7a59776b5b9285552236f8d63594e93
benchmark/raw/rows/trial-03-softfloat-reference-64-div.csv	417	bd33b04128be3a7da8624a2ce5ef729ca2b3a7c339a3b7c1849f39cd69534408
benchmark/raw/rows/trial-03-softfloat-reference-64-fma.csv	418	fb04aff91673e3fc450d18d18a7525d8653df890f731756ae282b28d599cb8f7
benchmark/raw/rows/trial-03-softfloat-reference-64-mul.csv	421	ee5721e5f4a15a8dc7f360e0ff8cbb4186c0916de7dc315aa834013d4adf7eb0
benchmark/raw/rows/trial-03-softfloat-reference-64-sqrt.csv	420	8d35a9976fd3d0fa892cd0a4b0e1a8cac9bf4b0d436e2c79e0510c4963e4cc9c
benchmark/raw/rows/trial-03-softfloat-reference-64-sub.csv	414	b84182911385c6483d66d1efdec4e791d6ba8c253820d4f08cfbf9db769e01a9
benchmark/raw/rows/trial-03-universal-posit-1024-add.csv	447	84b9956203aa59c761e57c59c039ef5eb3570ef7d5de3bd6d8a96078bd352f60
benchmark/raw/rows/trial-03-universal-posit-1024-div.csv	444	8048280139a1228ab4e75ec980c7e7a4e32a9480daa8e7c8338d1539816c0fec
benchmark/raw/rows/trial-03-universal-posit-1024-fma.csv	442	b3770511450f8bcf428129215dea6290545ae4a0376f24e82655bac8f479a044
benchmark/raw/rows/trial-03-universal-posit-1024-mul.csv	445	19c5c7460be2f6a77afc01172642aa34bad4af730bdfc83bb612f011d99be16a
benchmark/raw/rows/trial-03-universal-posit-1024-sub.csv	447	0011fd776fac210e535bd191d612b9470ec7b11ca507485ca54a05063e66c6b0
benchmark/raw/rows/trial-03-universal-posit-128-add.csv	442	44f5d75f49bce2986f7b10f18ceec4dd044ec7606715be7d7c14786d335d1274
benchmark/raw/rows/trial-03-universal-posit-128-div.csv	444	6ce95e38fcd183c74a8f79b85c7f721827053e0bf355dc18813fae9ca013c641
benchmark/raw/rows/trial-03-universal-posit-128-fma.csv	443	2f7eb58acb6369c5a5b23cd0012a37c57e7fcfa1a718125f0e1d9533be52b032
benchmark/raw/rows/trial-03-universal-posit-128-mul.csv	444	4e69d643b6bb0db548dde53aaa2282c2e1d751a2e7c672634e5ee32ce406eaa6
benchmark/raw/rows/trial-03-universal-posit-128-sub.csv	444	cbdabc25664c71a5852cb92e94702c9ed69287730923d4926dfcb3393cd4bc77
benchmark/raw/rows/trial-03-universal-posit-16-add.csv	443	9ab12d6960c3447a73b63a5e5189f1ce3ab2d860ce2cf16c97e183271f83762b
benchmark/raw/rows/trial-03-universal-posit-16-div.csv	442	eb014aab7c818f99d8828032ffb3d2a5ca105d98063824b03a0ccb5d4ccc9ae8
benchmark/raw/rows/trial-03-universal-posit-16-fma.csv	441	4f2474f54731dadb07cb1c1f3aa7ecbfea4c4b9b9bf1f2e0d6f2ba2fce3279b8
benchmark/raw/rows/trial-03-universal-posit-16-mul.csv	441	4b48d018eec0944cca307ccbc8f7538288d9646ea66e12a9eb9ba00f5aeffe8c
benchmark/raw/rows/trial-03-universal-posit-16-sqrt.csv	461	d20c49bbe71d1b381a6c51e0eaffded66ae7f3b96e8d341277ed3ffe73f84a07
benchmark/raw/rows/trial-03-universal-posit-16-sub.csv	442	6fd7990674a2fd243fb603ba73f940464382a90488e8fe955dcbdcd5cecdb2b1
benchmark/raw/rows/trial-03-universal-posit-2048-add.csv	445	56053f339d73b2eb423b762b9d0afc3f4d10c0c2bee0cd41327bcc8bae823a5e
benchmark/raw/rows/trial-03-universal-posit-2048-div.csv	442	900236f90f1984cf54aac4c18a58c0129059ff0887333238b54f94f8a74ce196
benchmark/raw/rows/trial-03-universal-posit-2048-fma.csv	444	79433d2e680078b482f9e95607878bd1d1f56982ff1c69e04a7a1113a87365fe
benchmark/raw/rows/trial-03-universal-posit-2048-mul.csv	444	753a6f6c2581b5def63c51684d30c9ef0f9fc436ea0f66fb915f1e260ccb5531
benchmark/raw/rows/trial-03-universal-posit-2048-sub.csv	443	cfb18cdae26319468e1c00b4c59534aeafb8797d78c240526a6cb70829bc6dab
benchmark/raw/rows/trial-03-universal-posit-256-add.csv	442	5e594171784060c4487315bef845c137c787cc80150679b14b35e5836eddb76b
benchmark/raw/rows/trial-03-universal-posit-256-div.csv	442	520cee069b01dd1d17378cba9e91669a7a86805919d09b259ef58279175d40cd
benchmark/raw/rows/trial-03-universal-posit-256-fma.csv	443	4a0ae1565f15b688beee56ceaa812bc8a65e4d0da0a341514cb623fe74287245
benchmark/raw/rows/trial-03-universal-posit-256-mul.csv	444	bc1a1affca5fd0235778ca6c1b0e62ec7381885139360b462e6125c62ef61f14
benchmark/raw/rows/trial-03-universal-posit-256-sub.csv	443	3531c7cfe63db8facaaf35aa0d13d941190923f44cf7632e25f309f2d47ac0d9
benchmark/raw/rows/trial-03-universal-posit-32-add.csv	441	3808b510c498a90225dc1e7a7f101e33f05aef277af5994c28ba60ce7d8abcb0
benchmark/raw/rows/trial-03-universal-posit-32-div.csv	440	149533d8d0f021910b252d915590759f6211ab0ace6e97e5053ed9e6a14aea80
benchmark/raw/rows/trial-03-universal-posit-32-fma.csv	439	80cdefcf4eff57637bbd4c7e2f4dd313e601e9bece2cf8bee4331b135b737d88
benchmark/raw/rows/trial-03-universal-posit-32-mul.csv	442	92b39df34a444228fb5b26dca6a2376bb8d614b5e24f064f1fb13743c9981bcd
benchmark/raw/rows/trial-03-universal-posit-32-sqrt.csv	460	bc4b0c48669017fb298f49bfe06dea4641e83b1bc0a43383521ce39f04b5680f
benchmark/raw/rows/trial-03-universal-posit-32-sub.csv	440	5caa89a0dbac6b03f56db9d5fa41df5e6fd97dd4fab28fd061a934fae046cb71
benchmark/raw/rows/trial-03-universal-posit-4096-add.csv	446	c90e7fdbda9877a2b840ed806fe43703f9b261421fe9ac18b64390a62008ab18
benchmark/raw/rows/trial-03-universal-posit-4096-div.csv	443	2f1dcdf318b00ddf5882c43834fca39690d4fecd0629d337eeec3e7bd8a7fc38
benchmark/raw/rows/trial-03-universal-posit-4096-fma.csv	443	5fcc611541debae274a149403c08481a661f39d14bc3b09f97e5f84a3d5645c8
benchmark/raw/rows/trial-03-universal-posit-4096-mul.csv	445	63cfcd91dd4b9e150083bf8972c814862fe95ccd2ef4a68ea6f88442f71b4ac8
benchmark/raw/rows/trial-03-universal-posit-4096-sub.csv	445	c8ff356faf2f0e0004b26a2b60cb61d26539af1785d2c0ca82e5cba61f04c4c0
benchmark/raw/rows/trial-03-universal-posit-5-add.csv	438	8785a764fdf85ca06c8955ec28b002f1c2637f664f9aa8a487131b288e5a980c
benchmark/raw/rows/trial-03-universal-posit-5-div.csv	439	88dd2f12d7474f25779f9ac99923fd481f26f40013f01df63acbde4a9b1c220a
benchmark/raw/rows/trial-03-universal-posit-5-fma.csv	439	b17dc22807c4d0f32b8b3cdec5e0812a2298729d227331022da624913ed52ce2
benchmark/raw/rows/trial-03-universal-posit-5-mul.csv	439	0f6469d738834c95f34bd52fb05a65ae618e95104674690d59be6fb23d888413
benchmark/raw/rows/trial-03-universal-posit-5-sqrt.csv	458	8cf9efe0c144f6bb7c966f81b20273ba382a182012913056c09efdb940917d2b
benchmark/raw/rows/trial-03-universal-posit-5-sub.csv	438	65f987674bc8f14713eaedf3f6a430cf0851038ac4ad91903d6af0475541019a
benchmark/raw/rows/trial-03-universal-posit-512-add.csv	442	1a1f1038188d4152ae8155e71f571f1a3e362820e141a6775d7d4e7c18a8b6c3
benchmark/raw/rows/trial-03-universal-posit-512-div.csv	440	736d8e17149e9b110b98207a6c368f33ac075c5d4160194210ecac7a51837968
benchmark/raw/rows/trial-03-universal-posit-512-fma.csv	442	5f6f425867ad6d2cc8532997970c340a99661148cae626e92933d01e85b6b0ba
benchmark/raw/rows/trial-03-universal-posit-512-mul.csv	444	44a6f87c39c820a28c8009d9c1fb1b5621e9dae3ed77fdfa47b5b1680bf7c38d
benchmark/raw/rows/trial-03-universal-posit-512-sub.csv	443	3b0d8d832f7ab0fc79d2886d4392851a41c6afa2faef6e1e7ddab2c641af8731
benchmark/raw/rows/trial-03-universal-posit-6-add.csv	438	151bbe150153037bb3f51b099666de64a2080d7e5e69c0ffd2c11e649c736ae6
benchmark/raw/rows/trial-03-universal-posit-6-div.csv	438	3d7a9b9c553331505854016105d87b8a6148231205db7f0adcfc2e8120ab3de6
benchmark/raw/rows/trial-03-universal-posit-6-fma.csv	439	81ffc12c2ba2697283a0127946c2eec8937a2abc64ca88ef2ff6c245a7d809bf
benchmark/raw/rows/trial-03-universal-posit-6-mul.csv	438	9d28a47155045e4c1e1d00968cd5b44e181f3a0da2f85321ee86dca363971b29
benchmark/raw/rows/trial-03-universal-posit-6-sqrt.csv	457	647333590b36cd806e30a3bf97fa478a769550ebb90a316a84d875db52b1b6da
benchmark/raw/rows/trial-03-universal-posit-6-sub.csv	438	aad04ba571bc90cda334e9f9ad63f95402669e3396651a0ef1945d8559822290
benchmark/raw/rows/trial-03-universal-posit-64-add.csv	442	64d3491e8b85fcd1c8b5b820de94953758ad102baf200436851d31088c8152ab
benchmark/raw/rows/trial-03-universal-posit-64-div.csv	441	986ecce4043eb42c26ae24910484e282c1f374e588d484bc51bcc86cd984e9a0
benchmark/raw/rows/trial-03-universal-posit-64-fma.csv	441	7b7aeb2fbb4885db72cd8c61a975052e1cbd39f9ac561ad65d875501bba94862
benchmark/raw/rows/trial-03-universal-posit-64-mul.csv	440	25b552f8020916f97edd636f71135e8a38abf588e89e30679a03248fcce9bc69
benchmark/raw/rows/trial-03-universal-posit-64-sub.csv	440	83cc973d661444558bcd7a1c4e3cb99f9598b7ef2c38d2a4ed1fbd5668cbcf4a
benchmark/raw/rows/trial-03-universal-posit-7-add.csv	438	b15be80d03f30d1ef0d5f7c57adfdd16a370122a280df7b0cd0cac34daf27ad6
benchmark/raw/rows/trial-03-universal-posit-7-div.csv	439	a42257cf559cc370747c227426f24987a1d24682ad6a960a76eb7cd49023f634
benchmark/raw/rows/trial-03-universal-posit-7-fma.csv	437	fd08e50c97c7fae4984887510ab816582fd42fc0a7b021374d7a7849ca447adf
benchmark/raw/rows/trial-03-universal-posit-7-mul.csv	440	1aa8d0c46eb3c66d88cdbf37b6012ce4dd14b2fb0142f1be24b034aa77123ffc
benchmark/raw/rows/trial-03-universal-posit-7-sqrt.csv	457	25c424a1d7d634daa996630a92c9c0200ffb1390c707f14eb9fccf0d3309580d
benchmark/raw/rows/trial-03-universal-posit-7-sub.csv	439	770053ff3d9964b2b18b1fc39aefd20c0061180ac8183875ba8256bdd3f19944
benchmark/raw/rows/trial-03-universal-posit-8-add.csv	440	8031de0aff8a5cee18573bb34991e2aaa162614a6455a7b7bae2857f75cfb9b1
benchmark/raw/rows/trial-03-universal-posit-8-div.csv	438	596015de4ff786b5faf5151a271bea2913c66d655a8b579f52ff146616ba791a
benchmark/raw/rows/trial-03-universal-posit-8-fma.csv	438	6d1333ba10a531706068dbd09a821cf6ed51723aa95e6f9b557ce97f1aad5fb6
benchmark/raw/rows/trial-03-universal-posit-8-mul.csv	440	4a3f6030f80b5e1610313ae96de2424218a686bfee1cb0529b5d00c94d13d33b
benchmark/raw/rows/trial-03-universal-posit-8-sqrt.csv	458	f7904c896ef6f4e8dbaae6e52688066f305c258f06136ce48def130cc274daad
benchmark/raw/rows/trial-03-universal-posit-8-sub.csv	439	fb0fc775242fcfba4e6215bb55c20d18c6cf8ff96a4cfe5bde8643533bdcc946
benchmark/raw/rows/trial-04-binary-native-c-32-add.csv	405	1156f4d07c0e4056796fd79aee33c11864ce8073a2414a69c1a4c71af0cb79bd
benchmark/raw/rows/trial-04-binary-native-c-32-div.csv	406	5b1af5227c98bd9449cfcf792649d4f53ec75d742dc9f93adbe1d11a79234f62
benchmark/raw/rows/trial-04-binary-native-c-32-fma.csv	405	eec7e893e3e9933778a357f51bc5b276c05164408840e6bff41d30bdab229617
benchmark/raw/rows/trial-04-binary-native-c-32-mul.csv	406	9f3a142acc66632b409853ad632ee86bdce94c2c2a1f55c3922f5b8e9d920917
benchmark/raw/rows/trial-04-binary-native-c-32-sqrt.csv	408	5b753d45c2fc601dd1539c6709a338e6d958c503a1868a999c2d05c4bad54321
benchmark/raw/rows/trial-04-binary-native-c-32-sub.csv	405	e98c963984b7eb16f23e0040e60d4d6be8bfaba8808224a8d7fb16c162afc680
benchmark/raw/rows/trial-04-binary-native-c-64-add.csv	407	caece529ad7c48951afcf8fe126d3419b49cf58eadf911d931730c15023225fd
benchmark/raw/rows/trial-04-binary-native-c-64-div.csv	407	9ec914742b0bec2127bc6b2011f13932834288a9313ef2596cf046492c2f1191
benchmark/raw/rows/trial-04-binary-native-c-64-fma.csv	405	347bd2b3246dc5c859de818c5e5f479abea7f4804b7091e8d8481e93554b2039
benchmark/raw/rows/trial-04-binary-native-c-64-mul.csv	408	ad9db5013207062d28ec310937d17409c8eecfcf1af39d9da511706d4e00ed17
benchmark/raw/rows/trial-04-binary-native-c-64-sqrt.csv	407	1caa99946a79581d8708376caf61708f509d0079eadfdfcaf4df8ea1d765728c
benchmark/raw/rows/trial-04-binary-native-c-64-sub.csv	406	8e18693776ac27a803fc084a8d046b79dc3566765bf2b76f0cd89787e43b24a1
benchmark/raw/rows/trial-04-binary-software-1024-add.csv	455	e7681d29cfab2895ddff71b1dcfc81ab91c1038afd90239b87030a69a523d339
benchmark/raw/rows/trial-04-binary-software-1024-div.csv	453	a98c8abe922e79072ddbb0e8e825f6bff802e67821cc40d50dbcb1cc55dd2d91
benchmark/raw/rows/trial-04-binary-software-1024-fma.csv	465	02e9feef926ac4e2aa16dec9d9a16375bbec0514062a83bdb02c9309fb4d8c93
benchmark/raw/rows/trial-04-binary-software-1024-mul.csv	461	1b6a6a753fecb5332e7ae7d5d154e66611ffd4b72d001422d2749cca368ec660
benchmark/raw/rows/trial-04-binary-software-1024-sqrt.csv	459	b980b15f9b43487444bb0cb0a4fbc8652c6cecec5fa9183bbd6bc35e4e81fdf8
benchmark/raw/rows/trial-04-binary-software-1024-sub.csv	459	63a59156df80d0e1d021dffd4d5a6a373dafa79b10b2d500ade7fa69078679a9
benchmark/raw/rows/trial-04-binary-software-128-add.csv	437	ffc599bf7151c50b100765e5275664c730b79823f303d2ae16897110e028512b
benchmark/raw/rows/trial-04-binary-software-128-div.csv	441	63fe1d5027babe2e429a8c51543af2563595c6ca8d2186ccc8b8e621a1bd4b53
benchmark/raw/rows/trial-04-binary-software-128-fma.csv	449	a5a63a8c6b79584f291e1a69764a6a93d4523c7d527d1c4712f226ff5366a2a1
benchmark/raw/rows/trial-04-binary-software-128-mul.csv	446	ea691c12ecfe49d9205ae4a3072251926399368966c855377a01728d51c0b0ff
benchmark/raw/rows/trial-04-binary-software-128-sqrt.csv	444	d632d6e7bafb281c55a243a743632c46aaad64d48021bec4ea2b2a362a6caca8
benchmark/raw/rows/trial-04-binary-software-128-sub.csv	443	251f7c3a92b09fefe644f2a7024204f0e3db6ec7ef72d22222721d23869ccf48
benchmark/raw/rows/trial-04-binary-software-16-add.csv	440	1234ed3ed3352d9de3e7919f964592428974026dbf28a162112cd47655673228
benchmark/raw/rows/trial-04-binary-software-16-div.csv	437	f7e26c4081ab7c5727459ef5d9eb9e2d96cca840f45ced168f16ba749f22b1b9
benchmark/raw/rows/trial-04-binary-software-16-fma.csv	449	996b191abdfac8b4884903430c961377b12b05978fe4b31051ed5e1e2bae856f
benchmark/raw/rows/trial-04-binary-software-16-mul.csv	446	2981bc38e35a275d2403d1217c967d2e82dbd1bc750071900e79027eb52cfbc1
benchmark/raw/rows/trial-04-binary-software-16-sqrt.csv	444	cbf421c5f5899c5dde369cb7f6c3e16b1b51de82193a82a563cd15d2647796ae
benchmark/raw/rows/trial-04-binary-software-16-sub.csv	443	16cb7c32788166a008477f54ad59364b5c18d585c497f88356846a5798d0dcb3
benchmark/raw/rows/trial-04-binary-software-2048-add.csv	456	df02d23180f61be55acd360c028cac85bb2a139883d8a4d74ca77fc250112175
benchmark/raw/rows/trial-04-binary-software-2048-div.csv	455	78d3910f3330c9671bb127e13f395138f5b905ef710f48fc9e3d91329654545c
benchmark/raw/rows/trial-04-binary-software-2048-fma.csv	464	ccd55abc1b1d96d241ed43b6cacb3ff3a49870c70ccc75072862b9738e2017e0
benchmark/raw/rows/trial-04-binary-software-2048-mul.csv	462	64189f40445a7b7e650dc6dab9aa7796d59b7dc350f2918ac064e3fc6b323386
benchmark/raw/rows/trial-04-binary-software-2048-sqrt.csv	459	197e45e3985ccaa1aadce85d12a004435d85045f60f38c312ef069cdd1efcfba
benchmark/raw/rows/trial-04-binary-software-2048-sub.csv	458	9d1aadebd11efa8ad4b0f331993749651ba6b789bac5a02432a158f5f1bcd433
benchmark/raw/rows/trial-04-binary-software-256-add.csv	452	593a51e42aa1abe1bae8fc36769cab5d6bdc49a20fa57aed07bd302fdc0b5056
benchmark/raw/rows/trial-04-binary-software-256-div.csv	448	e7ccc17d8c75f992c3bc875a91d205ff10b717d97c75fc08b935b10048f91f23
benchmark/raw/rows/trial-04-binary-software-256-fma.csv	462	5e045aea06017b47d3e7c5fe109fb3bc234277a8f282bec41229f4878564540d
benchmark/raw/rows/trial-04-binary-software-256-mul.csv	460	c1524a6d9c48bd47946edffccca8d53fb7703d06e90b575dc2ce8808c43b4ad0
benchmark/raw/rows/trial-04-binary-software-256-sqrt.csv	456	e2bd85324c05388d362a2e036c9a74c9170ed50ab814d6543616cc30859291ff
benchmark/raw/rows/trial-04-binary-software-256-sub.csv	455	45070a3a942d195cf6ce5645ac661bcf4d98348c8756a1a39454e96bb58994f9
benchmark/raw/rows/trial-04-binary-software-32-add.csv	423	0947ee3ae356bf1ed427523d2edf6bf13d3532e543e8268f79c56fdb491f3dcf
benchmark/raw/rows/trial-04-binary-software-32-div.csv	424	b594e347e6e2f7010e358c743d86bdecb506df47dd1722df1a4cd702fd19d4d4
benchmark/raw/rows/trial-04-binary-software-32-fma.csv	425	d6c11fc7c9059a0268e31df34a0419ff4e79ac3e44ac1583505d27d7ae2cb7e4
benchmark/raw/rows/trial-04-binary-software-32-mul.csv	424	581242b4cc14f3c24be2cdca845c6a33e1462dc601c6b1670f06cca8c79a1dca
benchmark/raw/rows/trial-04-binary-software-32-sqrt.csv	425	4d0aa47a8c9b21380bce84c468daeaac59a50717ee36718f713ad4a568b22280
benchmark/raw/rows/trial-04-binary-software-32-sub.csv	424	bb31a6c5d9bd7a15ba50b3b5dd751b8889e89b47ba52e2786d2ba23d35a68064
benchmark/raw/rows/trial-04-binary-software-4-add.csv	440	6d06590c2872aa43089bf384d1eab24f83e55a9ecffe51fa6e7b4fb235dab67d
benchmark/raw/rows/trial-04-binary-software-4-div.csv	442	e73e4a1e487acedd3fffd11b93bf5b14388ad7180dda0878e8747f9386fe2cf5
benchmark/raw/rows/trial-04-binary-software-4-fma.csv	451	1d45c39bc09a0f6703fe5803367f60e25de871c6cdf19f37b1dde26e0fdf1dc3
benchmark/raw/rows/trial-04-binary-software-4-mul.csv	445	ec20bda1f6c3e613cd4a67e1adddf5a48e79aa53b73ba7faf2be9cf4848c36f1
benchmark/raw/rows/trial-04-binary-software-4-sqrt.csv	446	4719e3a73beb2dc4c0b0c64b6341e74c9fc572b25bf593cfb3d61d4a6912dfac
benchmark/raw/rows/trial-04-binary-software-4-sub.csv	445	54c5e255f6573679a82afd45b16e7a79fd6979fd731b9164d91fad8ab9d03ea9
benchmark/raw/rows/trial-04-binary-software-4096-add.csv	454	6a5b252da7fd4565677938b9732fe5ea670a9524a91cb50dec16fa4cda9906a2
benchmark/raw/rows/trial-04-binary-software-4096-div.csv	455	48aab56af39b5b30e7096978032de3bf769b8fd5cee825b0c2a91a11d0f216d3
benchmark/raw/rows/trial-04-binary-software-4096-fma.csv	464	ec419077507901078c078da0763c505bada0093c5d9182caf952a67bd16e5aa8
benchmark/raw/rows/trial-04-binary-software-4096-mul.csv	460	8c789adcd4a0c9ee8a404dcddedd2a591c06681fc724e91ec2b15b97df684b5b
benchmark/raw/rows/trial-04-binary-software-4096-sqrt.csv	458	25dc9f72c95b152b8673e743043bdf82bd7d63289ad2e7b29a0fdfef85d3eb5a
benchmark/raw/rows/trial-04-binary-software-4096-sub.csv	460	147b20c3e3d3e8b2bcd49a0badef54e75b574e0fa8e79a496811842f0fa9b933
benchmark/raw/rows/trial-04-binary-software-5-add.csv	440	75909398c9eff8971e1f2cb8fdb7ffea994b1e9b6261c074af44bcb3a712c967
benchmark/raw/rows/trial-04-binary-software-5-div.csv	440	818ed6dc3aa5188d274e9b4f304cc2f04f940579060d23b58a83e0354ef886d6
benchmark/raw/rows/trial-04-binary-software-5-fma.csv	454	e6454f7c5929772baa92fadfebd2b077a685b36e2b1117dcc471012d9042b052
benchmark/raw/rows/trial-04-binary-software-5-mul.csv	446	8a479d44f27db8a9ee8b676af9c7655b165de93152d10d77968d5737a10810da
benchmark/raw/rows/trial-04-binary-software-5-sqrt.csv	446	57dae39751b58e4c52e9282e42c4f1a17412927148e7e9439e812d4fb407d27b
benchmark/raw/rows/trial-04-binary-software-5-sub.csv	445	dcb65d79236587295c93ef2aea65b8a853eeee9d8347094f13e8040800b6e82e
benchmark/raw/rows/trial-04-binary-software-512-add.csv	452	e14bb7be0f296e7a0b3c64e94b523b53f850465e5a2f51a193a7ec79bddd7f8e
benchmark/raw/rows/trial-04-binary-software-512-div.csv	448	300b9ba4b004cf091a112458b9aa0aff0d131fc63ec153a3126589b860509d1a
benchmark/raw/rows/trial-04-binary-software-512-fma.csv	460	7022edc97408f3a9672026104f656140a75e6172e9f2ca1f698b131824c914ec
benchmark/raw/rows/trial-04-binary-software-512-mul.csv	457	689bc2c4cee7728cb97e092745c177b1e02f326b4169c6b8a14ba1b93473d315
benchmark/raw/rows/trial-04-binary-software-512-sqrt.csv	456	691c0fabd3d537ed166ef0a83777684eeb700126e651ac899f998fb7fcbfefec
benchmark/raw/rows/trial-04-binary-software-512-sub.csv	455	a7fac7e120dd13a118ba704fe911bfec7137a7563f1e6237d652c67d99e76bbd
benchmark/raw/rows/trial-04-binary-software-6-add.csv	439	3686897dc4d7aa5df355d94d763ce85c14cba748cb12d04b8c8f986007ceeb52
benchmark/raw/rows/trial-04-binary-software-6-div.csv	442	c8f56a014d35dd87681d44d269fa2ea02e9e7ea246b8a5aaa791837d97a06e52
benchmark/raw/rows/trial-04-binary-software-6-fma.csv	450	0882237b2c80f194a30c77955f623be130fdc6760942427db931fa0a90fbc7ef
benchmark/raw/rows/trial-04-binary-software-6-mul.csv	450	9ebaec90c1bd19120b8a51128da4858884b85ef87acd2c66ca73404caa2e5690
benchmark/raw/rows/trial-04-binary-software-6-sqrt.csv	445	50547da165c9a8b2bb82a470baf58ae3f31a2c5080da51ca9731c1b7448f08b6
benchmark/raw/rows/trial-04-binary-software-6-sub.csv	444	c7fcfca3346c36e93c6800044b0b721727de2d0731b895302d095274c401fa27
benchmark/raw/rows/trial-04-binary-software-64-add.csv	423	eedd1c3c59fb0db34dbf58f5c9684b2db53fc7847a1eeb48c7bdf63171c489c9
benchmark/raw/rows/trial-04-binary-software-64-div.csv	424	8ecefd5754620531560bef31dda1b01eb9fa30a0b06a8a1a5695efe85670660b
benchmark/raw/rows/trial-04-binary-software-64-fma.csv	423	484a9d8b94c956ee9ff576f5719319d7c3cb0550837a4262e97812b8f818ead6
benchmark/raw/rows/trial-04-binary-software-64-mul.csv	425	435543a18609b4ed468ae2bee3366dcda54423174af5b698069e28fbde69c8ad
benchmark/raw/rows/trial-04-binary-software-64-sqrt.csv	424	ace5ec5339f35e125545365ed2024fa1ba78c6d71e484f7cc71a604294653568
benchmark/raw/rows/trial-04-binary-software-64-sub.csv	423	15aba0dcde1421e6b5e5ab78a476462b40bd563cdee91a4219831b99aef14874
benchmark/raw/rows/trial-04-binary-software-7-add.csv	439	182224b9f312eafc0e5bf77cf5cbc0342a5db0ad625e5c82eaa288547238a549
benchmark/raw/rows/trial-04-binary-software-7-div.csv	443	9c4be030dd193e15fe2e9000dfa491a33260897bfdd1e4241622c297c505a1fb
benchmark/raw/rows/trial-04-binary-software-7-fma.csv	451	94888720228328fea53023bab3fa8628b2d5cd402443c29b33ed04cdd50c6626
benchmark/raw/rows/trial-04-binary-software-7-mul.csv	449	bff2c8b3f81c94de8b3846ec15d8c29ab0a680d5f9602515e4a32ed657281ae5
benchmark/raw/rows/trial-04-binary-software-7-sqrt.csv	447	641b319005819d7f7866389a54281a109ef0472a37737a7dd133dcd7b43efb4c
benchmark/raw/rows/trial-04-binary-software-7-sub.csv	442	29c3b6c51d1113a75b535d3f8b5e52b13833b419534b0e448ab84c3b9fb7da49
benchmark/raw/rows/trial-04-binary-software-8-add.csv	440	81e60195e02cfb8fed9860a13fc98931a38aaa3b7f4cf8242305c8679c7fed0d
benchmark/raw/rows/trial-04-binary-software-8-div.csv	441	cda58d717d67fea6085056ca435d99884a2370ab2634a074ee80765285ca9103
benchmark/raw/rows/trial-04-binary-software-8-fma.csv	451	2c127cb84c96592f141d80f61a988824c681260c983dc555ba3ce0561efe1eba
benchmark/raw/rows/trial-04-binary-software-8-mul.csv	446	9743b8fe0adee4e2ffc393dc34cae456c1c10a86f9c619753ddb8b818244dc38
benchmark/raw/rows/trial-04-binary-software-8-sqrt.csv	447	b4b7d30206fe0e600cee05721eee5fc20275f7d201ab4ebc809b822b33b08947
benchmark/raw/rows/trial-04-binary-software-8-sub.csv	441	c1da749a7f27713a2464a20f986b388f81276742859ab8b187c056cffdd1d84b
benchmark/raw/rows/trial-04-cpython-float64-64-add.csv	466	305b6ddf1e15eb64dc4459a99a04ae9baf5bbf4b29ef36794bc00afe54e37c27
benchmark/raw/rows/trial-04-cpython-float64-64-div.csv	468	8f84317d206828e4c8fc88cacca87aee1ff86752877a8327d3be86388d2ce926
benchmark/raw/rows/trial-04-cpython-float64-64-mul.csv	468	3ec5f2dacc15d7171fbac775432b3309fae46d2d29e147291c4462dd29e1e7e0
benchmark/raw/rows/trial-04-cpython-float64-64-sqrt.csv	467	7a9661a77177a2290c7c6a7abe0b3ad99a3ca27a219c0c085bbe5ec2ffa56190
benchmark/raw/rows/trial-04-cpython-float64-64-sub.csv	466	1be27304a4612706a0906267957fe0028078ebd71ddc1a25efb42100972cc12e
benchmark/raw/rows/trial-04-flocq-reference-1024-add.csv	388	2687159aa8575b92de04d9039fa159fabb3dfdb98883ea24e011c1b7b217f9fd
benchmark/raw/rows/trial-04-flocq-reference-1024-div.csv	389	2ed48bd25196f3ae221a7d4b98b445268550a7377f5953870a78f9967dc8abcd
benchmark/raw/rows/trial-04-flocq-reference-1024-fma.csv	389	0e87b92b2d39b7e8d45c2852d7cf467aebd24060b95bf0733fae37efc27340fb
benchmark/raw/rows/trial-04-flocq-reference-1024-mul.csv	387	17be962ec16f70d3b153c1293857af3deea6d3ea476f0ed958a380006583134e
benchmark/raw/rows/trial-04-flocq-reference-1024-sqrt.csv	386	e8b3054c7338376e602baa7c56443223b53c8ad799535307701545881b24bdba
benchmark/raw/rows/trial-04-flocq-reference-1024-sub.csv	388	fda91f19610d4e551a221e00770e2b29e45204490bb9f847754819f88e0312a0
benchmark/raw/rows/trial-04-flocq-reference-128-add.csv	388	da3fa3aea723f42fda9e3b6c6dfd3faa0a53e680ca278565928db8516f360b24
benchmark/raw/rows/trial-04-flocq-reference-128-div.csv	388	5baa15b578e6ea7118c9c74b62753486ea489ff273427dfcedbabd8983a5a0a2
benchmark/raw/rows/trial-04-flocq-reference-128-fma.csv	386	37fee259ee5f2d83490c19be8a73144552677880a7743b9fc49599a17e6ff13d
benchmark/raw/rows/trial-04-flocq-reference-128-mul.csv	388	b9e51375bfbed789ad2efce621f7251b6752e78a009259c25973859e7c6b83fd
benchmark/raw/rows/trial-04-flocq-reference-128-sqrt.csv	386	371d4850df8bbc5b1cd42a3a17458efe0079569636704f1f5975bf1a63104c4a
benchmark/raw/rows/trial-04-flocq-reference-128-sub.csv	387	d2a0b88d4d0bcf5fe1ba9d80fead93135247154b291e9d3b03ce330ca580b04e
benchmark/raw/rows/trial-04-flocq-reference-16-add.csv	387	feeb92d35291b94a4791d346918a3601774526db33a44021789d0a25607a0548
benchmark/raw/rows/trial-04-flocq-reference-16-div.csv	387	9ba6db021979c0d3da6e5273a82f5cb3123b9eb15e6890ff761f2955bf0c0883
benchmark/raw/rows/trial-04-flocq-reference-16-fma.csv	388	79e30f747ecd5499243527b9f4f179c7f2d2732e234b32a02feb49ae66b05891
benchmark/raw/rows/trial-04-flocq-reference-16-mul.csv	387	477e026fe6b1d45e7cb47e2df0be064bc7d9dd4b752326cf9cce7e4d47df61ff
benchmark/raw/rows/trial-04-flocq-reference-16-sqrt.csv	386	459d665b064192a98443a5b99d08347fd1f3b4267fbd0195672a89fb8d050788
benchmark/raw/rows/trial-04-flocq-reference-16-sub.csv	387	b55a86dd524a803a55a58094e7af5e7109256972f78952bc9fb1e0f9c6b63343
benchmark/raw/rows/trial-04-flocq-reference-2048-add.csv	388	5388c4f7c6593c82e2351ad66baa0d38d7cf60de1f94fe94d6e773b874453496
benchmark/raw/rows/trial-04-flocq-reference-2048-div.csv	389	8ba4015d88fe2de03b16de498bb3fd30c6f797076507455aeba438ad703cbe51
benchmark/raw/rows/trial-04-flocq-reference-2048-fma.csv	388	f8d5cd69b24957531da0a7219ebd400e4a8efb23647e334cbb610ed46f4d4654
benchmark/raw/rows/trial-04-flocq-reference-2048-mul.csv	387	6e74aa8ca9b47b7d7bc3f918315370937f65c065d8f683efe9929afbaf8deeeb
benchmark/raw/rows/trial-04-flocq-reference-2048-sqrt.csv	386	bbd3ef925d5b56e82afb9814ffdc613a6d969e9baf6877e6e7394842c97a9f1e
benchmark/raw/rows/trial-04-flocq-reference-2048-sub.csv	388	d771093e2a8f6e72208bb7e3bf924a842ab79847de11467e5c8e07dbeefffa33
benchmark/raw/rows/trial-04-flocq-reference-256-add.csv	386	94fbc3f076fff14315dd5ee8e73f4e5cb3bc6939a14f8443285bef2b629c6224
benchmark/raw/rows/trial-04-flocq-reference-256-div.csv	387	32905f1114256b3d25d8347a6fd0bd8f1327b132fe12098301120f201c98878f
benchmark/raw/rows/trial-04-flocq-reference-256-fma.csv	387	6506684532321384b5c5e11665e3fbc564bd0a299bba5bbe8e15235d4c4c70fb
benchmark/raw/rows/trial-04-flocq-reference-256-mul.csv	387	30053e3b077e5a0a2342ef7796191dd7ed1b5fe23d750d783a71df6a038324dd
benchmark/raw/rows/trial-04-flocq-reference-256-sqrt.csv	386	db8a79e0e434c1567ad11a572d71a51ffac8005335e48d2f526b783d9275ad84
benchmark/raw/rows/trial-04-flocq-reference-256-sub.csv	386	c34a0b944f6d6da92fecab9475f491dfd08179d5b004d602c8277690dd10b51f
benchmark/raw/rows/trial-04-flocq-reference-32-add.csv	387	6cfe82f8be89703560cb882599a882ac1bce1f03b686155c6be588d1c0acee30
benchmark/raw/rows/trial-04-flocq-reference-32-div.csv	386	4286986f3bd0907013772af1571e1d3e1b1c23a04353387d24994d7dd24802ac
benchmark/raw/rows/trial-04-flocq-reference-32-fma.csv	386	8ffde41261c2a140b3037dffe20e8907ed5bfc246a4b45e737eced146a918094
benchmark/raw/rows/trial-04-flocq-reference-32-mul.csv	386	f82cca68486071a17064ea9f1d8c7d043907cd5aa724128cc0a42ef02fd0b341
benchmark/raw/rows/trial-04-flocq-reference-32-sqrt.csv	384	3491a5a2d2b7bc0b100f4ce283665ec22cc67fcd2aff11465a54230decb9e433
benchmark/raw/rows/trial-04-flocq-reference-32-sub.csv	387	01e00b88b9b4993934e06719f4268908e718113b981ad1115c78644090e0db67
benchmark/raw/rows/trial-04-flocq-reference-4-add.csv	384	a8fb8d0288887126a73faf94450916ebb17f5c94d1f06e2022e301c5385a3126
benchmark/raw/rows/trial-04-flocq-reference-4-div.csv	386	56fcb5bbc2cf4502cc3aef370c784aecbca697838e8666c8b9e71e4f4f9974c8
benchmark/raw/rows/trial-04-flocq-reference-4-fma.csv	384	2223788f22b0ce1e693080d6ddc7f9906712bc88b2f2a33210d62a9c9a50574a
benchmark/raw/rows/trial-04-flocq-reference-4-mul.csv	386	2b7318400001989265e7761db386550bd08da8154b166d0faa54365d54fce105
benchmark/raw/rows/trial-04-flocq-reference-4-sqrt.csv	385	93eca4c54b128bc59970f5d7c1ce3bf12093e4950cb57b4eaff51930bea4898a
benchmark/raw/rows/trial-04-flocq-reference-4-sub.csv	385	81da777cdabacb11afb67bcddc0bd3cd4b280d979ece1fb9a5e117d06509bd4a
benchmark/raw/rows/trial-04-flocq-reference-4096-add.csv	388	132be6e8ab3763facfa301454b25462b0dd029e18038bb229759907ef9970597
benchmark/raw/rows/trial-04-flocq-reference-4096-div.csv	387	27bc317a57cda50113a65e377b47f1ababdd814dd7545965fbbacce19cf9b95c
benchmark/raw/rows/trial-04-flocq-reference-4096-fma.csv	387	e0454b07db3a5eaefb271a7e4fa259de80bc211e3ef29ed385ecf33dcb7641a2
benchmark/raw/rows/trial-04-flocq-reference-4096-mul.csv	388	1bdf2fa8a9dfa20e6c2be1e2fa4d3bcc9b182b14412117c7ea54b42213cdd1af
benchmark/raw/rows/trial-04-flocq-reference-4096-sqrt.csv	388	c4c36ce7df3aa6b9d1dc17b3c51c5a3789f60730c4e0ae39b03c51aa8ada85b7
benchmark/raw/rows/trial-04-flocq-reference-4096-sub.csv	388	d5c8d8355250bd1e83184de47dc5afbb43343a799847768c9b0033cf8117b80e
benchmark/raw/rows/trial-04-flocq-reference-5-add.csv	386	f3a8a5ac0c376734a5b337d7790b1d850dec09b22a9917c37a21468a735fd3bb
benchmark/raw/rows/trial-04-flocq-reference-5-div.csv	385	930f5c07cbc53b0fc9eaa5ee39c514b2e18b7fbe65361b663693141148d29138
benchmark/raw/rows/trial-04-flocq-reference-5-fma.csv	386	ee49f01c160d21c6acd09ded2b55202b5d07f8c5c87b5631e1751793d6e8d54d
benchmark/raw/rows/trial-04-flocq-reference-5-mul.csv	386	f3159adf42b39015989159cbf480f896c9099f107a513b88039bf94b172bf9ba
benchmark/raw/rows/trial-04-flocq-reference-5-sqrt.csv	385	21fd921e6e9794816bef01f696588b690234d7ac69df5c1eb66e797687682076
benchmark/raw/rows/trial-04-flocq-reference-5-sub.csv	385	1217aaf3189aba6bf183b830ff1a18c9296084f9717019bcaba1ec4a01996fc0
benchmark/raw/rows/trial-04-flocq-reference-512-add.csv	387	0eeac247edbb3f9d664332cb53fe62a60cb4eb36ecb50e0cb41516ca17ffb587
benchmark/raw/rows/trial-04-flocq-reference-512-div.csv	387	67e2ba4c76c14c4f887c02549cf5ae7f633fc0f13ac489de3aa166328d519a8d
benchmark/raw/rows/trial-04-flocq-reference-512-fma.csv	385	0c3682a5ef56d1c151aa82f6dbbc1fbe7295d8d74a02fb4ce595a4ea98091437
benchmark/raw/rows/trial-04-flocq-reference-512-mul.csv	387	3b8d65ee4069bcaf47f3199c46608f0bbad69f4d571c4a373dac7dcbdcdae5a3
benchmark/raw/rows/trial-04-flocq-reference-512-sqrt.csv	386	fa2ca561ad56a230429210083ad0dcdb5ada02faef13f1adbc51f3695eb6c4cd
benchmark/raw/rows/trial-04-flocq-reference-512-sub.csv	386	5ff8e3c0e8702daf1343afb1b3617c2d2095cbbe168e1c12ff29db87c279709f
benchmark/raw/rows/trial-04-flocq-reference-6-add.csv	385	38cc3fe6a5cfd4ddecfe6aaa68368c4d870ed17e93d28282da8402bda021a2ff
benchmark/raw/rows/trial-04-flocq-reference-6-div.csv	384	04195cc3339eb7bf6e04aa16ece6ad90840b47744948c71f9edd47a74fc3e3e0
benchmark/raw/rows/trial-04-flocq-reference-6-fma.csv	385	4bac64d5e5ff7fcfab9365730f31ec4771d829d2e2a964812a2fc8faa9ad4e2e
benchmark/raw/rows/trial-04-flocq-reference-6-mul.csv	386	9ff5046edc10cbdc205d821b28d512836814d0cb6e5d14f9f90457613b84b94d
benchmark/raw/rows/trial-04-flocq-reference-6-sqrt.csv	386	41b1f69be413d3a3c74b2406630dad7dcc3b2238e7e6d090a0bd3f78326ac954
benchmark/raw/rows/trial-04-flocq-reference-6-sub.csv	385	7ddd31f1afe718939738fe0963411aa6895b0a99070da80bda6fc1be8e89c278
benchmark/raw/rows/trial-04-flocq-reference-64-add.csv	386	1f3b228cbcc48d2351cd48b3263c52a5eecc6b33606b5626fc3f3576845c38e5
benchmark/raw/rows/trial-04-flocq-reference-64-div.csv	386	ac127e1d761b0d2a89f3ecf18d386598ef68fed76cec943ed178275a9a7fe506
benchmark/raw/rows/trial-04-flocq-reference-64-fma.csv	386	42e650e473156b4c0269b2a9d2b80aff378a83c49633f42c5611eefad812cdea
benchmark/raw/rows/trial-04-flocq-reference-64-mul.csv	385	3f1e3cd84a8e0bbbe9a0c1f0e5b4330b079fa40fb5117fb3669a0e1bed09494d
benchmark/raw/rows/trial-04-flocq-reference-64-sqrt.csv	385	a1c74dc7f4f286614ec406672016152b68f3e8e7e110b72f7cdb267f42f1e87c
benchmark/raw/rows/trial-04-flocq-reference-64-sub.csv	385	1e61d7027994b54197f19e31707561692cf16fc1a5f7b9d0d1ab3ffbae2055af
benchmark/raw/rows/trial-04-flocq-reference-7-add.csv	385	53e774fcca1af97fcb265fbfc81b107ccd5aba556af59e7ce7ac80e0a38d94f6
benchmark/raw/rows/trial-04-flocq-reference-7-div.csv	386	06d9bfdd396947686d3f17f9a2ccb7891e71ed6907a80bab29ad3742fa0ddca3
benchmark/raw/rows/trial-04-flocq-reference-7-fma.csv	385	42a8edd84d526bdf990923f13813097f751d3641edc2d55b9631663accbecece
benchmark/raw/rows/trial-04-flocq-reference-7-mul.csv	384	9dba51cf0013b2ef9110c123cf7abdd40cdca85a55c6bccc63418fe451cc3d4b
benchmark/raw/rows/trial-04-flocq-reference-7-sqrt.csv	386	2e5049b241fc8ff540007c27e700b8bb96de6ba24b4a8db7bfe4925ca93ee8bc
benchmark/raw/rows/trial-04-flocq-reference-7-sub.csv	384	1265888cbff51a71aadc5532e4c828d15f631dce270d922a8adae4936e786daf
benchmark/raw/rows/trial-04-flocq-reference-8-add.csv	386	8059755886000d3dd032474ff1a0b82582366a295ddcf71c6927ee5d881021f2
benchmark/raw/rows/trial-04-flocq-reference-8-div.csv	386	e89b7105366c16cb004bc8cfcc51eda712e83ae4613d841aa2f6d10d057d3671
benchmark/raw/rows/trial-04-flocq-reference-8-fma.csv	384	8da827c45c606746c45a782ff120e87f7418c43e72789bf332534699108c75f4
benchmark/raw/rows/trial-04-flocq-reference-8-mul.csv	385	9ee39b155c65ac79219ee560b99f874dfc81bab22cda32ca66723fefec332de8
benchmark/raw/rows/trial-04-flocq-reference-8-sqrt.csv	385	7c9dd77abc7980d06a5f48119d8bb9eac2d2bba3fcb5e09746f26c81d873fed7
benchmark/raw/rows/trial-04-flocq-reference-8-sub.csv	386	d3df35bb1e381661c4767781c5ab7a8697114f9fa11e558feecdf21311d38065
benchmark/raw/rows/trial-04-mpfr-reference-1024-add.csv	475	f71ab1eae2a305f720b58d7d7256dc939bd41e12c8e4ba83009444b38d7a1f47
benchmark/raw/rows/trial-04-mpfr-reference-1024-div.csv	473	0c907735468ec41edc7626b2783130646dcd9072e1416118b0e832993f6c42e9
benchmark/raw/rows/trial-04-mpfr-reference-1024-fma.csv	475	c7b2d4349b8b37ea749cac652365217ef0013d4ef84eafb7b6d9054afebf6a02
benchmark/raw/rows/trial-04-mpfr-reference-1024-mul.csv	475	b169c64781000b2c783d78a08dcd44c01f328334393c39aded96ffb3cd179137
benchmark/raw/rows/trial-04-mpfr-reference-1024-sqrt.csv	475	a94bc8f79a9030103efa97f0e40214b0dfa6f464f38dcad49f266f0676519617
benchmark/raw/rows/trial-04-mpfr-reference-1024-sub.csv	476	fc3092fa0c3c3d292fdcbb8ff6d246bd524cc5da72677e302c95f9567ec61c94
benchmark/raw/rows/trial-04-mpfr-reference-128-add.csv	468	53ffa2df95bfdfab3e23bf0eb88e4f83cb4eb4e019c49ea61a11df065251a676
benchmark/raw/rows/trial-04-mpfr-reference-128-div.csv	472	6aaa7a4afb6cd097e28fa6300c97abc8d6dfcf49b0c1216b40c8f6c8e42e614d
benchmark/raw/rows/trial-04-mpfr-reference-128-fma.csv	471	e2a8fedd10a48a68a35999a445755dd4ade11da09ab93500f092dbc428da5384
benchmark/raw/rows/trial-04-mpfr-reference-128-mul.csv	471	dc07ae031464c33993e2c7a074a7f7bc0ed42968015f213b4999d2f71a6c9e0a
benchmark/raw/rows/trial-04-mpfr-reference-128-sqrt.csv	472	1053cd2038501c09d957bca52290a327faabcc04930f2eee6a21c80f9eb1bed0
benchmark/raw/rows/trial-04-mpfr-reference-128-sub.csv	473	190cfc26583c87eee37be699cff09d5b020600bb096d0ebf5891263aa2b8bc6c
benchmark/raw/rows/trial-04-mpfr-reference-16-add.csv	467	d85a53afc532d811753f2d764ee1baa99243ff8fe82e3d7f163667cde113982f
benchmark/raw/rows/trial-04-mpfr-reference-16-div.csv	469	60a15df449e321594e3564d825e2d4d953da3986d4d300deb3a8bad4ecfbb643
benchmark/raw/rows/trial-04-mpfr-reference-16-fma.csv	466	db1aa38ec3efdf56d77fdacec5dbaac3fb71f2f74616a0b6c8a6a9a45dd6ddee
benchmark/raw/rows/trial-04-mpfr-reference-16-mul.csv	467	df38ce9491d916665f4e989e58b8c996499c28aca69e3d9fdffab5d1acd21c30
benchmark/raw/rows/trial-04-mpfr-reference-16-sqrt.csv	469	e7dc819d338c0e4e9770f5c10bb31699bb4eb6341139998754ec4a99fbfebae9
benchmark/raw/rows/trial-04-mpfr-reference-16-sub.csv	467	54c74141b87a6ebc974d5ab6fafdafe75c333eff3f7e65131755791e09caf50b
benchmark/raw/rows/trial-04-mpfr-reference-2048-add.csv	475	98186be4c4419957e346003645b20a41bb0a9efab20f309b4b250a75233e0e2f
benchmark/raw/rows/trial-04-mpfr-reference-2048-div.csv	474	4c21051e3899f4c60b996d40b7765633bf306e6f249d8f9101d9b2c23cafe3fa
benchmark/raw/rows/trial-04-mpfr-reference-2048-fma.csv	473	856c3cc6a1db2c9da95f607024aa5a061e3c7c83eb6fb149b9364a50a187bbd3
benchmark/raw/rows/trial-04-mpfr-reference-2048-mul.csv	474	58d23b4b45dee4f1ef17538a3b98de5976d48aafe4b6314f7da501449b68d5fc
benchmark/raw/rows/trial-04-mpfr-reference-2048-sqrt.csv	474	a2f0d72c2705f38734accba8ce39d078cef876a4e2e77afa75ef75eba23fec80
benchmark/raw/rows/trial-04-mpfr-reference-2048-sub.csv	475	8b3aac69de36d95a02ece84a5778696f3115bacbd375ded55e5e8fa0a5d43d96
benchmark/raw/rows/trial-04-mpfr-reference-256-add.csv	472	7da08555edb002f76c999939a7585d578f0c303fb13bfcf43e3e43f8680c6c71
benchmark/raw/rows/trial-04-mpfr-reference-256-div.csv	470	ce55d7be8dc679dbae04cca55741b3346b2437c915161939099a5ed776a78ea6
benchmark/raw/rows/trial-04-mpfr-reference-256-fma.csv	472	3c7a059af3dc19656ca524971f10e9cf669a55c9212990283f46bdf26a0e549a
benchmark/raw/rows/trial-04-mpfr-reference-256-mul.csv	473	0e96127b3334ffb3949d18601aa87d917807fb4087d45a026e7a8af2fd6543d7
benchmark/raw/rows/trial-04-mpfr-reference-256-sqrt.csv	472	e178586956c0b405c921bf94e5286f82801bfffb132c24005721b4211166ecc0
benchmark/raw/rows/trial-04-mpfr-reference-256-sub.csv	472	378c6257dbe31c24416306a7bada2a2ffc0fac9db0b757f44927506b603bde53
benchmark/raw/rows/trial-04-mpfr-reference-32-add.csv	467	acdfd6636e2337f54d9239ba62fc3118201e4ee23e59b3228219b7fafb714f33
benchmark/raw/rows/trial-04-mpfr-reference-32-div.csv	468	7923eb22a554c6557a3a81971daadbadba79961ac8e0b2921be4d072cc591ff3
benchmark/raw/rows/trial-04-mpfr-reference-32-fma.csv	468	172445efb4a720f864d7e1e7c5949eb7d0d555bc5956b4f50b7675ad32b4bd49
benchmark/raw/rows/trial-04-mpfr-reference-32-mul.csv	468	a8f2f38d6bb27c291814f291718c9532c6b9e284fa5a65dc4e0949d05ab90dec
benchmark/raw/rows/trial-04-mpfr-reference-32-sqrt.csv	467	2a47b5daa371f056bc486f92a21b7e64374a9646fb31c0f8f59fa157a067883b
benchmark/raw/rows/trial-04-mpfr-reference-32-sub.csv	468	96b23a3adab0a8dfe79b9b9e4c9d2eab8e60e23020a20044433edb05a10c1bc9
benchmark/raw/rows/trial-04-mpfr-reference-4-add.csv	464	27ddc6f42bef18005eec01fd66aa6e5cca37369122238465ffd6c48c425723c9
benchmark/raw/rows/trial-04-mpfr-reference-4-div.csv	464	8a803d170d5dc5157aa40492d10c95e53b238e8ef70b8b7f34414b782695ff20
benchmark/raw/rows/trial-04-mpfr-reference-4-fma.csv	465	f50563dd767a95f9faedf86ab2abb396e7351a07d98612b1dddfa33534a4f1f4
benchmark/raw/rows/trial-04-mpfr-reference-4-mul.csv	464	52de93604c871d9780e291ff4c5fc43d5bc31e36c73a0d333e425b8389c4cf3b
benchmark/raw/rows/trial-04-mpfr-reference-4-sqrt.csv	464	a8e60c39e7348b4dc204bbb86da58845331a88de8a9a34350f037aa494430034
benchmark/raw/rows/trial-04-mpfr-reference-4-sub.csv	466	a682b442b1270b6fd443c05ef4ab896d9d688710641e74cbf45edb67e502166c
benchmark/raw/rows/trial-04-mpfr-reference-4096-add.csv	474	b51de2b0d3261dba24de085ce4a8c3fe5d3ae0b3f8c935c63d432ee0dc8ae091
benchmark/raw/rows/trial-04-mpfr-reference-4096-div.csv	474	ae89762e7659cc536112a8293851bf90b028b0283ba702e0c3e91d33cd41a74a
benchmark/raw/rows/trial-04-mpfr-reference-4096-fma.csv	474	bea328830f545f5eff9ead7d750e571b1b4f81ed46c7afabe514a0906af2e542
benchmark/raw/rows/trial-04-mpfr-reference-4096-mul.csv	474	668bca951b7cf3f15f26ce33aa6e12d26f7a5b6d8e7ccaca0e70a4992b46ce63
benchmark/raw/rows/trial-04-mpfr-reference-4096-sqrt.csv	475	4ce6679867c6b94f388bbc8af2198b3ba1b029e8d19d5afedcf3e5b5c9e15661
benchmark/raw/rows/trial-04-mpfr-reference-4096-sub.csv	475	250d20428922c4fd390961e7608568112a80ac52b835f2364d5d06b383eaec0a
benchmark/raw/rows/trial-04-mpfr-reference-5-add.csv	463	f340f4cf44229509563c00bf02cc83174aa259a4405a4731cb60e3a5a7e1ea63
benchmark/raw/rows/trial-04-mpfr-reference-5-div.csv	465	5072aec8350f43dcda92b8a2a69b867d9cdcd94a0039cf61307562bad52ad8d4
benchmark/raw/rows/trial-04-mpfr-reference-5-fma.csv	467	9e5f4f0f606efc3fc4af74b6bc022177646b261f11f82f76ad4ac6a0d027e3bc
benchmark/raw/rows/trial-04-mpfr-reference-5-mul.csv	464	57f378854b3e2d5f5c27a5d702f0bb1ce9976de8e2547d89e171e85d618c6369
benchmark/raw/rows/trial-04-mpfr-reference-5-sqrt.csv	465	1f7bc395e011f7fd25e024cd98701276bc3e6e01e2e7820a7be3bc61055643e6
benchmark/raw/rows/trial-04-mpfr-reference-5-sub.csv	464	d177ac95b54d8ae399d982d60a5b28988dc0dfd8b04b81543ccf633967a3d5e4
benchmark/raw/rows/trial-04-mpfr-reference-512-add.csv	471	0a9bdd9d7bdc1c66b69205875ef2821a116ba73ecd2bfd95ced5aac99b464eb2
benchmark/raw/rows/trial-04-mpfr-reference-512-div.csv	469	7cbe23017af349467d912d047ce0677b9187c834d72043b8223bbffca130bfe9
benchmark/raw/rows/trial-04-mpfr-reference-512-fma.csv	470	53152022a4b0f72743267c4b08972e57a6aba86357177ac8da7fa1231a69ba78
benchmark/raw/rows/trial-04-mpfr-reference-512-mul.csv	471	ae6f9b569456e071a856db5aa2287d6854ef4f9ef61d862226deedbd3179eb07
benchmark/raw/rows/trial-04-mpfr-reference-512-sqrt.csv	474	7a7b5890a1470d69b05ec5f50c76547e09baa321d4155b98e62f2c8862280828
benchmark/raw/rows/trial-04-mpfr-reference-512-sub.csv	472	64c27e4d84cfabedf28f9f48de4fb637ed3af4632d36e9d290edc8156f5a1159
benchmark/raw/rows/trial-04-mpfr-reference-6-add.csv	462	032ffcccdbbdb5db791f2d1d484b7e0357f25d4af523990e685c967943347c8d
benchmark/raw/rows/trial-04-mpfr-reference-6-div.csv	464	211db4aaa2ff01986daa8cb76c683c3ec064946f5992fb2ae7663ba21a4d127f
benchmark/raw/rows/trial-04-mpfr-reference-6-fma.csv	464	57e83963d0ae0f7c17be096f585bce891b6cb1fa22dfcd9046bc036a7caa0c48
benchmark/raw/rows/trial-04-mpfr-reference-6-mul.csv	465	d0a1276cb1cf366e471bb3169757cf6f8b50fcb28e248c47f89ba62a774c071f
benchmark/raw/rows/trial-04-mpfr-reference-6-sqrt.csv	465	0c910795a98230cc7752bc0dd91e682f9cd977680130faacbf32a4c8653026fe
benchmark/raw/rows/trial-04-mpfr-reference-6-sub.csv	465	09e358441f534fe3a669b547e2275adea8c26bb5b457d72daba6d4239176b2c0
benchmark/raw/rows/trial-04-mpfr-reference-64-add.csv	469	573255c409b7780f446219edd729b48c0a8d6abdc72f9c3a403a90166066b316
benchmark/raw/rows/trial-04-mpfr-reference-64-div.csv	469	f4e8cbe7f6d11da394c7ad268e62298b5819a6bfce8ea8293d45360abd36ea68
benchmark/raw/rows/trial-04-mpfr-reference-64-fma.csv	469	7da58f5d46b96c32dc1001273c398aa160110d4b2d9e4a307e1fbac48954e9a2
benchmark/raw/rows/trial-04-mpfr-reference-64-mul.csv	471	4cd7e19cb8c467b8cd1be0e8faf45be3b35727c9f1b51f9586b8eaefd9609bd6
benchmark/raw/rows/trial-04-mpfr-reference-64-sqrt.csv	470	07779e1b9fc0c8edaceb2b8b95113eafedff633d3b01ba7bb2c8d830dfd3080f
benchmark/raw/rows/trial-04-mpfr-reference-64-sub.csv	467	92b2afa97525c3991159431e753d3d9c6323d7ab01e5afff0bf2851c9ade9402
benchmark/raw/rows/trial-04-mpfr-reference-7-add.csv	464	05fc82a9787078d66cabb5fb675cbfa3f4901c76b11bdab44449431b0c5e546f
benchmark/raw/rows/trial-04-mpfr-reference-7-div.csv	465	07ae470455ec4008da91828a57a392f26c1dda77fb55559fef1fb809bfd35dba
benchmark/raw/rows/trial-04-mpfr-reference-7-fma.csv	467	268019b9070608a0b4f427fc211fcf60942cf1a4e8d87c4d229c9069f4d78e71
benchmark/raw/rows/trial-04-mpfr-reference-7-mul.csv	465	1e33f194abd32cab98e4e84649c2c973db1e5d434a68435ccd17116bceaa6462
benchmark/raw/rows/trial-04-mpfr-reference-7-sqrt.csv	467	fe84d45e5efdeefbbaf4128a265e4a23765867ca1ac8d134c26c9bc606d2ed86
benchmark/raw/rows/trial-04-mpfr-reference-7-sub.csv	462	3073b7192cd530b003fccb3f079d36eb3fc62aa78c91392c225a0c05a7b3822a
benchmark/raw/rows/trial-04-mpfr-reference-8-add.csv	465	1ca28a1958d71676759ddb8219a7a239edae5e913925378b0fa60e893a0d16d8
benchmark/raw/rows/trial-04-mpfr-reference-8-div.csv	465	1bcc80792aaa7eb0f73135eb2aa8d0859b07924f0a075c7be86b0ea4929f8742
benchmark/raw/rows/trial-04-mpfr-reference-8-fma.csv	467	667710271437eafc56a9f99a63c4fc23f8f38aec7d9da1adf592a53e1abf57f4
benchmark/raw/rows/trial-04-mpfr-reference-8-mul.csv	463	8e4542061db06151844996be708f19436498b9c0848cc65dc5d38888799454c7
benchmark/raw/rows/trial-04-mpfr-reference-8-sqrt.csv	468	e5e723f17d23d968a5e3b5947aedb8bedc977d32beb464930c83f3212d5609d2
benchmark/raw/rows/trial-04-mpfr-reference-8-sub.csv	463	7738e7288903a9650d14414a83a3b1718fbdd2c74ae5c7b182b65818cae46fd4
benchmark/raw/rows/trial-04-posit-software-1024-add.csv	374	5d1d4f931978b2bdf20b6fbd711992972ba5f43704f9e488a7f186dc00e7bcf1
benchmark/raw/rows/trial-04-posit-software-1024-div.csv	378	984d251eb566627323f68d991bec3da68d31331dc62b5d3231d3648330e0d5c6
benchmark/raw/rows/trial-04-posit-software-1024-fma.csv	388	217716fd27fe1696947bc5974f75084b1eadac92b223cca250265f35effa9b83
benchmark/raw/rows/trial-04-posit-software-1024-mul.csv	378	531ccd1c61a7d8a53b00762683c3feca968b9b1ec7f29d0f587dc712c525dd42
benchmark/raw/rows/trial-04-posit-software-1024-sqrt.csv	383	7ba966e469402a6b4e17ccf155499c0f00eb3d4ec9ee931489b740732628e481
benchmark/raw/rows/trial-04-posit-software-1024-sub.csv	380	a0cf7bb9a024dcabd23b1c6f5b536c4531381836365500aed8d9004f072c66c4
benchmark/raw/rows/trial-04-posit-software-128-add.csv	377	32dbb103ff332f75032fa1f71251af45f21bd66edbca2993ec7c8dc7c8242d3f
benchmark/raw/rows/trial-04-posit-software-128-div.csv	376	e7c9e08d0e5a813fe3e4fd38ac62496398802ccc0c35b56e02f17ea6e12bafcc
benchmark/raw/rows/trial-04-posit-software-128-fma.csv	391	2b21be89a0b1d3993f889155ad2fa0522f0057321c71726a1372ced1a2fa59e2
benchmark/raw/rows/trial-04-posit-software-128-mul.csv	382	a88de8af2f1ff37b9fe56db1dd045ea68633c0ab46d60d6a757095ad2da56cd5
benchmark/raw/rows/trial-04-posit-software-128-sqrt.csv	385	ed42dc4e5fd45138e78311f2e9166d949bfccf1d6d869562fdaa40043f57e6cb
benchmark/raw/rows/trial-04-posit-software-128-sub.csv	384	ef27ab60ac4a038f7d5c0a5c6e4e86d88ad19c24f624e58973a4e30bf151d35a
benchmark/raw/rows/trial-04-posit-software-16-add.csv	374	5c562bc4ab337ce27f528916652485745aa45d772b77b0b2441197248a7146fe
benchmark/raw/rows/trial-04-posit-software-16-div.csv	379	d62713396aacfeddb47efcdc82c0d79253472e5c4bceb0e0241a2f80db7c5fb3
benchmark/raw/rows/trial-04-posit-software-16-fma.csv	390	34c1a732359b236450f7462ed14388936b0384eeae93e775bbfcf1465d760e04
benchmark/raw/rows/trial-04-posit-software-16-mul.csv	380	5bd6d4a641b05653760802b22deca5a0fec02a02e757189f281d1da1359f3ba4
benchmark/raw/rows/trial-04-posit-software-16-sqrt.csv	385	9585fced59d95b8a7bc7b7532aab9822f425614b84ef0e5ee668a11098a489cb
benchmark/raw/rows/trial-04-posit-software-16-sub.csv	384	1b52acbd2ba2de29b34aac82814a0568ecf3262ed625a8275d496a3c27ebb4db
benchmark/raw/rows/trial-04-posit-software-2-add.csv	376	8f2a7fffcbac1ada566302f362b39b1db5b2f91f0d72a88eed1e08ea4b36db6a
benchmark/raw/rows/trial-04-posit-software-2-div.csv	377	dfb1a18fa73731aaf0b3fd851c78471d9433a5a94ce1bae8dbc4fd61b321e24c
benchmark/raw/rows/trial-04-posit-software-2-fma.csv	390	3afc26a85b17be1a368634b8d80aaf15a6252ff8c36b991c66b25f37b4a9bf90
benchmark/raw/rows/trial-04-posit-software-2-mul.csv	376	ec1ff361691cee4901b37ef7d72e163994ac72d0b1e09c4b0211ddd203ec6c0f
benchmark/raw/rows/trial-04-posit-software-2-sqrt.csv	378	77cdee5b805c484c1a248cb664edd4ecca4d0837623e2f4ba464bf1cdfaaebd6
benchmark/raw/rows/trial-04-posit-software-2-sub.csv	376	bf6638452761bfa280696a852587c1ea6928d702425b88c3ed32abdd0c70fc81
benchmark/raw/rows/trial-04-posit-software-2048-add.csv	372	d4ec4ea4234356b533d54403821a8eaa8d60de6f2270cc3df4cde0d0c23db024
benchmark/raw/rows/trial-04-posit-software-2048-div.csv	378	d6fbfe76b07c480e47748d86d6d7f458e824b11c29efe9cf83071675c48f50bc
benchmark/raw/rows/trial-04-posit-software-2048-fma.csv	387	de086dffd1b6ea8603666b41cc734758e68ab68450406326da1c33a2322e5baa
benchmark/raw/rows/trial-04-posit-software-2048-mul.csv	376	1dd0f08a72b7c92944948ae35ce6040f7b21f0bb6476c9ae5280eff232d261e4
benchmark/raw/rows/trial-04-posit-software-2048-sqrt.csv	383	2e8ce507e6a5378329c758398d95bfc09f9596badba77473b4ddafaa9d02f411
benchmark/raw/rows/trial-04-posit-software-2048-sub.csv	380	27867b5f1b91ec1a6562f11806af041b2fd9d2bd224b63ffbd405c2c48614a44
benchmark/raw/rows/trial-04-posit-software-256-add.csv	372	4bdb52e0e0254137ec7c992ce95959c53ca1be2549869fc572bb4d4aba4d86d5
benchmark/raw/rows/trial-04-posit-software-256-div.csv	375	8072eaf47564cc4ebbbf9c3fe9324c8a41390d8bed52b4eebe6be1499cc9fb10
benchmark/raw/rows/trial-04-posit-software-256-fma.csv	386	1e57927400da4186a26076d825e05d14054906e52fa2873c7c8d5d10b77a0752
benchmark/raw/rows/trial-04-posit-software-256-mul.csv	376	181b9564614080b3a29b57803ef1d3e2595419ce1f974d0eac667847aab9d4ca
benchmark/raw/rows/trial-04-posit-software-256-sqrt.csv	383	5af9bd4278a18f949e2b840b74075c0978022b67f21a24f3ab8756e871babf38
benchmark/raw/rows/trial-04-posit-software-256-sub.csv	377	e0ebcf2db5eb76a5337c4f76933716152f8159082e72a9e8dd0efe8f35433a9f
benchmark/raw/rows/trial-04-posit-software-3-add.csv	375	0e9441eb552927d282a1d42e8fa8e8c8fad35f5bf2f8d70d4c3d5113dbdefaf3
benchmark/raw/rows/trial-04-posit-software-3-div.csv	376	a6dee3847bd04937f747b4395c9bece13962d56a10e0e5c4e334ac0d34d79f37
benchmark/raw/rows/trial-04-posit-software-3-fma.csv	387	d8a26cba3816deaea6d5b0d200347b08d0e08fd3fdb0ad396dd3569beda602e3
benchmark/raw/rows/trial-04-posit-software-3-mul.csv	376	2b568bd1ac5ce0ecb5ab9fe448ad902502d57075cbeeeabe7b21628b8c8071e8
benchmark/raw/rows/trial-04-posit-software-3-sqrt.csv	378	099e70e83b25aed54abffd330028ebc2c7a4db9e868c0286a4f9da80447b75dc
benchmark/raw/rows/trial-04-posit-software-3-sub.csv	375	e84932e38c308a8f623cf9b635ad708225f4b666156abfb10f5746079daa7e51
benchmark/raw/rows/trial-04-posit-software-32-add.csv	374	560cc7144fe1e1993ac5482b30d73b4ffbfd105f696f8916cf8c9107bffbfae0
benchmark/raw/rows/trial-04-posit-software-32-div.csv	379	9c4446ac372b8e83fd5139e3f0bc09613448d77764a983afb3029242720c966a
benchmark/raw/rows/trial-04-posit-software-32-fma.csv	388	7af7bdba7c97c57a455d55d8f69117d269a0b33eafc153240e3d98c5e7abb359
benchmark/raw/rows/trial-04-posit-software-32-mul.csv	379	10cfe673a5cf949515a0f909589e683a92bd28867956716fb5a97efb580682b4
benchmark/raw/rows/trial-04-posit-software-32-sqrt.csv	383	8bc42044ef42db950f949b5dd8b5d2e670fa16f557e94c960ade90fd89fd378d
benchmark/raw/rows/trial-04-posit-software-32-sub.csv	382	accd25999b5856126a399d48fdb135ba07130a81c4c53965a225118caf05e09b
benchmark/raw/rows/trial-04-posit-software-4-add.csv	376	073073dfe2fbb080bd78ef957a6d6d8b190c90c0f41ab26aae25a1807405ab2e
benchmark/raw/rows/trial-04-posit-software-4-div.csv	376	4c287129e9019770adb7bfc344378f58b232bc5d41e0cd96292157a73fe085de
benchmark/raw/rows/trial-04-posit-software-4-fma.csv	389	0577fe96184cffcd07c7a53df0f7d0ab2177494ae75006e0f7bdd4a95f8cea7a
benchmark/raw/rows/trial-04-posit-software-4-mul.csv	376	d66ae0d79d3969a0867a7cdccb3e4bbe4559cbc23c80aa2ade642cdde55bd4cf
benchmark/raw/rows/trial-04-posit-software-4-sqrt.csv	378	7a2095490c25f5081372157022401ba94b558e080c393d5cb61ed01b3301fa90
benchmark/raw/rows/trial-04-posit-software-4-sub.csv	376	895a420d9490ee736f7f9d42da7bd7798eaade54c115e74dad78ea3bd15b6c3b
benchmark/raw/rows/trial-04-posit-software-4096-add.csv	373	fdf2444d357f9b5d11ead079ca8bbe412eb7f5200f3b6e9c626aa964ebd21bf7
benchmark/raw/rows/trial-04-posit-software-4096-div.csv	378	161d81919e90d5c3555af8c98ff5284b80376bab1a9ad13f66f4359d5f4bf62b
benchmark/raw/rows/trial-04-posit-software-4096-fma.csv	387	713fbf240591b79f591a3d72e10424ae2a0d17a51cbdf25f39e6af7b0dd21c85
benchmark/raw/rows/trial-04-posit-software-4096-mul.csv	378	ef9d98089d5e9f76ae306b3b83b89ca107c4936d6ed51d4cea999fef91d0a8d4
benchmark/raw/rows/trial-04-posit-software-4096-sqrt.csv	384	799b418579aaa9d10629f6e62f46a6fb963ede05ba6aa7453941fc6cabc0a752
benchmark/raw/rows/trial-04-posit-software-4096-sub.csv	380	4e025e8b68bb9979eb68f8e4bcc606bb72268183e627b62b3a134c62bc52e641
benchmark/raw/rows/trial-04-posit-software-5-add.csv	376	0fa7d5ade4a1344b40792d091f6f7a0d7042d7357e5fade061c56e38b981858e
benchmark/raw/rows/trial-04-posit-software-5-div.csv	376	82908abec2a9dd9cc7b29fc350cf13d21a3f76317d21519307adfa34f732e6eb
benchmark/raw/rows/trial-04-posit-software-5-fma.csv	389	a5f8ea224455ab687ee7651a6bfae4d554c2d94837c275ec9a4073ecbea17a9d
benchmark/raw/rows/trial-04-posit-software-5-mul.csv	376	dad9c25ad4b6f8e781e7acac139303ec2e115671aa953e62e021890f2cbb0edf
benchmark/raw/rows/trial-04-posit-software-5-sqrt.csv	376	e409b9bc2c840ca244362e458ef770f99860616eddc6c3de3788acf14e47bc38
benchmark/raw/rows/trial-04-posit-software-5-sub.csv	376	1e651cfa1862fc7c47769f7a1b4023eff28ff095e1974500b4cb5340b7d0158b
benchmark/raw/rows/trial-04-posit-software-512-add.csv	370	48befc6025e919e61a24953e18c75688bfe0efea9d8807d5266025fdc48f847e
benchmark/raw/rows/trial-04-posit-software-512-div.csv	377	7e8e9eda3fd3ed9fd979f4376b485876acad10fecdd3b83b14c7039c1058be48
benchmark/raw/rows/trial-04-posit-software-512-fma.csv	386	dfc10fa63b724e1b6c88513b0d6df652e919341dd986d61aa5c161c73c2dea37
benchmark/raw/rows/trial-04-posit-software-512-mul.csv	375	ac964e72da9f0c9fb902ac5cd2fc33760d89c9d98d37d918a59f24dce999b68b
benchmark/raw/rows/trial-04-posit-software-512-sqrt.csv	380	535d1cf7089d149af2fdcb920c794259c5be5cf53462497070724115709f9106
benchmark/raw/rows/trial-04-posit-software-512-sub.csv	378	905d6372fbd289ba10be0e9e1727bb218467dfc652b2c9e17169be191172641e
benchmark/raw/rows/trial-04-posit-software-6-add.csv	376	3e34c94cb4cbc3a3442b1e156ab9598f01a7e08d2c77790983d7a038365fcd6e
benchmark/raw/rows/trial-04-posit-software-6-div.csv	377	edd1fa18ee39f5532f3a89f623cfb5c7fcd08a2c8b663f4dbc1e6653bf5efe8e
benchmark/raw/rows/trial-04-posit-software-6-fma.csv	389	a08c3f16cd917329ccb6e744709a39a1fc8539aa81875fa8c5f5f58841daba60
benchmark/raw/rows/trial-04-posit-software-6-mul.csv	375	96523172a04ee54e7bc2b12ddabd3b1cd6c16f90bf9e61c2b8081de078fcac7d
benchmark/raw/rows/trial-04-posit-software-6-sqrt.csv	376	7bb104941b72eacc45c7d0feeaf0945133c8cbac458c239f84090f0a7e1201c5
benchmark/raw/rows/trial-04-posit-software-6-sub.csv	375	bd5bf0541f3ae3da518529a582ccaf12e8613c3817dba8a30c95d049b560b612
benchmark/raw/rows/trial-04-posit-software-64-add.csv	373	899f275140e9550a0622009c3cb4f8c70c5451041399edb314f0d8acd816fc78
benchmark/raw/rows/trial-04-posit-software-64-div.csv	379	ec88ae6638671fe2b71eee52787d4bbaa550710b57ce112baef69c16574e0fd4
benchmark/raw/rows/trial-04-posit-software-64-fma.csv	390	970d8b3d0857f95bd03fe149ff43a4d56e274feb8197173b144d9813ac48acaf
benchmark/raw/rows/trial-04-posit-software-64-mul.csv	379	0a5c59b761ee912ce1ba24a26e602ac8be6d28a2781ae17164430847169f751c
benchmark/raw/rows/trial-04-posit-software-64-sqrt.csv	383	812f066e0a06589d9ca615ee46e4f5e43ed8d7bf8905172805637c7d813b2b11
benchmark/raw/rows/trial-04-posit-software-64-sub.csv	382	0af6239963b8a1b9819a28d761786427825241349b8d6e9e1d16fb2baabd032d
benchmark/raw/rows/trial-04-posit-software-7-add.csv	377	dd04c058d76f764c6e39d27ff7ac2d4019ef6f13e539ba62a4d1edf81b4af5db
benchmark/raw/rows/trial-04-posit-software-7-div.csv	377	a912e24207d4ccd8d2ce65a21072f3ab3119eb3e55a5f782f372651ab5627ac5
benchmark/raw/rows/trial-04-posit-software-7-fma.csv	388	03bdb87541e95376003e8f302702aad9ed0c0bb2291343e89a00d2633ac77467
benchmark/raw/rows/trial-04-posit-software-7-mul.csv	377	8771069584e21f41ee1d067de7be36437a575a48c458122f5c4e708ad1bf48b2
benchmark/raw/rows/trial-04-posit-software-7-sqrt.csv	376	0a9328a36a874d67617ed2c71ce98bcc9de02ad4c05bf473489bc8cc2b9c623c
benchmark/raw/rows/trial-04-posit-software-7-sub.csv	376	99d7ddd34e3fc599f4200b61e123116499878961f54a4a12cb29de20ef928c01
benchmark/raw/rows/trial-04-posit-software-8-add.csv	375	76340fce4b781454427bafe568f24fe07a63f6425cc3930ae7be6151d1a0c9c0
benchmark/raw/rows/trial-04-posit-software-8-div.csv	376	15a11950d23a5d53d1bfc2e0dbf0d5746f8c5e62ef2e666a46f671ba65a58660
benchmark/raw/rows/trial-04-posit-software-8-fma.csv	388	f63cd70d81d97380490f2486b4d3aced50c5f494715c384e1a884a8c15481f9f
benchmark/raw/rows/trial-04-posit-software-8-mul.csv	376	ace687bb0b0b5cf7ad8e47979b64babf94e73cbd815db6c868316defb56b6226
benchmark/raw/rows/trial-04-posit-software-8-sqrt.csv	377	7d80e485d1e042a5dc3878fd0c7758c4591e22ce0d1db883e7b9c9bba8083f4d
benchmark/raw/rows/trial-04-posit-software-8-sub.csv	376	01d41a3e81e789939e832b34cf84eb16734f413f673bde6d0080bdb02b13778f
benchmark/raw/rows/trial-04-softfloat-reference-32-add.csv	418	3a39198ee431ed4212abf8b548698b0177981d005223f248dcc568b5f539f829
benchmark/raw/rows/trial-04-softfloat-reference-32-div.csv	418	9c48f9ad9eb52a93b939c7274a046d77bbde89e4203a2eaa548dfdb235d54a2c
benchmark/raw/rows/trial-04-softfloat-reference-32-fma.csv	419	f989c65a7b4e106563a29b43dfd923a16b5221c599924ea152129e5dfb4f2d64
benchmark/raw/rows/trial-04-softfloat-reference-32-mul.csv	418	b7bdba52858313f61a460ad5243151accb552fe5fc95f0eef1ff86fb556fd697
benchmark/raw/rows/trial-04-softfloat-reference-32-sqrt.csv	417	bc0163a78438d5de7e784ab19e7c10d000260a0ba25565b58c73016bc988fff6
benchmark/raw/rows/trial-04-softfloat-reference-32-sub.csv	417	b89f225b6aad523685161e50dd6f7d913d31096007a2378830e4b52408a5d42c
benchmark/raw/rows/trial-04-softfloat-reference-64-add.csv	418	fa463ac69a37bfe8ae1cca762d46f6348d035946dd42e338bd7c32173c776437
benchmark/raw/rows/trial-04-softfloat-reference-64-div.csv	417	c602062bf30dc3ada8ff8e44ee53b5cad1dee9b6a56cb0acc8689d762308382c
benchmark/raw/rows/trial-04-softfloat-reference-64-fma.csv	418	cc29e8bc360941cc8b231ba1497ed800eac078f324c03fb9965c6760590320cc
benchmark/raw/rows/trial-04-softfloat-reference-64-mul.csv	421	c8949637c4c0ae835eddfb4b50fbbd06e9ea54b9eaf902660f3890cb77b90601
benchmark/raw/rows/trial-04-softfloat-reference-64-sqrt.csv	420	3c37dcca3def6ec4a7e359530e29e2459fb57ea37c66ba8df9e0ab2fcf39a9c3
benchmark/raw/rows/trial-04-softfloat-reference-64-sub.csv	414	1872e079f52a94d89d57aea318490654217d485b144d2f4279dc9c032f5d8b7f
benchmark/raw/rows/trial-04-universal-posit-1024-add.csv	447	c6fcf9f9471de7db947d5d2a471564e532f73444e58971b68724669c8d3f0db6
benchmark/raw/rows/trial-04-universal-posit-1024-div.csv	444	4dd9b678056e9a3b56786f249af51405a574967c9aaec7130165ba1b008d16a6
benchmark/raw/rows/trial-04-universal-posit-1024-fma.csv	442	e98d384c0a019fccf12f83bff238293042974a86774b1c5dcfad66aa50a109ef
benchmark/raw/rows/trial-04-universal-posit-1024-mul.csv	445	b4b4be221d62c9726743b4cb9b51f2c238a65af5ff433c90deca061228eb3619
benchmark/raw/rows/trial-04-universal-posit-1024-sub.csv	447	7aef4ef9a6a5e9367533e2ab229f71a50896aba0c1668232389efe3f84096b6e
benchmark/raw/rows/trial-04-universal-posit-128-add.csv	442	1bb68a4c5389826b8702f26964f324ad26ab1e9da4f13c04e1bfd58a5d5d52a6
benchmark/raw/rows/trial-04-universal-posit-128-div.csv	444	65ffecc1b0e57deec5b06a3f32cfb48354509475eb3b1475a6ba771ab3492742
benchmark/raw/rows/trial-04-universal-posit-128-fma.csv	443	9815cd34e0e301f7a8ecfd224c394ef40ada3281b6a3cf0714b4f219c19c261f
benchmark/raw/rows/trial-04-universal-posit-128-mul.csv	444	b9c356e878b91a1053e3491e65f1b1e676f04ce1a6e115ae9da4ea206797967f
benchmark/raw/rows/trial-04-universal-posit-128-sub.csv	444	cf760f78f3d55dea076e8bc435a00c6828e407fedcc2e6701ecd3090e70b8d51
benchmark/raw/rows/trial-04-universal-posit-16-add.csv	443	05fb3bdec264eb0186c75d4f03eeb1cf346e63c9fdc9720482282b0018e6ee3e
benchmark/raw/rows/trial-04-universal-posit-16-div.csv	442	1d1f2a7c79a2eaa077d8fd80c5bbde531e16c31ee6024d255f6485f9c240705e
benchmark/raw/rows/trial-04-universal-posit-16-fma.csv	441	08f38d00d6cae9c1ba0ef16d2482604bcdc6ffef64e8bbc6382876db7f74d054
benchmark/raw/rows/trial-04-universal-posit-16-mul.csv	441	ec719d1ce0284188e8a69eff82757c3873ef7ba73acac7181e843d030ebaf51c
benchmark/raw/rows/trial-04-universal-posit-16-sqrt.csv	461	2687e1138758edb8e67d349e165b227a5f44eca10f9a3d97a52a4930ba2ecb9f
benchmark/raw/rows/trial-04-universal-posit-16-sub.csv	442	35f8e2bc0f41dd7aa3a53f8a7bd9982abd3e9a582c1b0f507a67224ba88f89c6
benchmark/raw/rows/trial-04-universal-posit-2048-add.csv	445	3ddb72ac24fb0d6eccc7e45ce1d15ee953237346cde0a1140b82b013fbafb320
benchmark/raw/rows/trial-04-universal-posit-2048-div.csv	442	0964fc1e4b43247823465c971d2c1cb7779a73a24969c3d93071ddd6b4c5a7d2
benchmark/raw/rows/trial-04-universal-posit-2048-fma.csv	444	11d0fb3b730888c09a662ec55da842c39e0916d1a3af96031c11c4d13e144eb7
benchmark/raw/rows/trial-04-universal-posit-2048-mul.csv	444	5ffc6c19ee8d257e3bdbe1494641ba66dad5f46907f0b26c5f1b39a86dc8cec8
benchmark/raw/rows/trial-04-universal-posit-2048-sub.csv	443	e5f5c1b10db1db3336665eaad80bdb5ff14cbdc11914d361c2eb2becd2a0827e
benchmark/raw/rows/trial-04-universal-posit-256-add.csv	442	a9966937c0014b87c2996729abef34b27cc8ad17291fb6b674475e212d661937
benchmark/raw/rows/trial-04-universal-posit-256-div.csv	442	688043287556d61b48b308a91c276859bf6efadd1f2db4d25f4358e15f32f012
benchmark/raw/rows/trial-04-universal-posit-256-fma.csv	443	fdee131cd2dc192f7a347fe73e396f813c0bd2b07016ab9cd90ad303bbf11b9b
benchmark/raw/rows/trial-04-universal-posit-256-mul.csv	444	e3537a8ba51bfb16879647f7e80e1c04d6595ce0adb3c4137aed1b2f333008f5
benchmark/raw/rows/trial-04-universal-posit-256-sub.csv	443	efa87f68c9783f84512ef8656663d6719083bdfe89052ca8343e38b259246475
benchmark/raw/rows/trial-04-universal-posit-32-add.csv	441	1ba51d9711cba9a507e9a976498833beb261b7938983a683a825190baf8e1e22
benchmark/raw/rows/trial-04-universal-posit-32-div.csv	440	6b3b7822578e33d7d8794c40dc9a50426190d5ccc22201c89d7887e8b7ce73ee
benchmark/raw/rows/trial-04-universal-posit-32-fma.csv	439	c51fc0a9099ea09b7dd6121d9e017619f049da4a87efd244135c5d1fc1a80a1c
benchmark/raw/rows/trial-04-universal-posit-32-mul.csv	442	c8b92a8b2da63ffd9fcce547978dc5bab1cef0daa904f92801575ff864dbbba9
benchmark/raw/rows/trial-04-universal-posit-32-sqrt.csv	460	81f65dc9357f0c1a60117e1bdc8c1f6819c6dbf7320271a1cc604205d76af7a6
benchmark/raw/rows/trial-04-universal-posit-32-sub.csv	440	477b1967bfa258e831dbe0afe6de6c33fc1bb8758964850623bf4cb076a18db1
benchmark/raw/rows/trial-04-universal-posit-4096-add.csv	446	21e5a8bac792a24f1ca80b57f24d3827f6da146e102dbc23b9535a70d0442470
benchmark/raw/rows/trial-04-universal-posit-4096-div.csv	443	97a96f6242917092b48613d866626e0480fbb3d618bd1d4b64a3b4dcd50b84f9
benchmark/raw/rows/trial-04-universal-posit-4096-fma.csv	443	3687df52f820c7936c373c83bffd5fad3e26d74db45d1f681248f3d6b1b2aae5
benchmark/raw/rows/trial-04-universal-posit-4096-mul.csv	445	a8b2ded1718f7c29ca60ea40605b732ab43d1f13eb2cb45a6bac7b51e4ffe617
benchmark/raw/rows/trial-04-universal-posit-4096-sub.csv	445	47cb7c9f9b0faa0e8a74a6684f88ab7422a5f83507ace003590c0f8c3d2636aa
benchmark/raw/rows/trial-04-universal-posit-5-add.csv	438	1709f80d5e0b6f7efb4927ea0aa8954469026ae46ce5384c21b4537f2d4648cb
benchmark/raw/rows/trial-04-universal-posit-5-div.csv	439	4be9928a93adb8b846a4a58c504f7e5c6a72e81d3b5629d56639554260c93bba
benchmark/raw/rows/trial-04-universal-posit-5-fma.csv	439	a2a63fba72431bdb98663755fdc9cbd54e062ec7762a5f0740a7e2fc4a2b9ba0
benchmark/raw/rows/trial-04-universal-posit-5-mul.csv	439	939bfe45b99dd08e600e12f9d4ad364567698177ef5867e5e8416b494c16faa6
benchmark/raw/rows/trial-04-universal-posit-5-sqrt.csv	458	68a5df8f50e91820be9cc3c5310284ef745449f7dc28c328a2f119cc7acdb1f9
benchmark/raw/rows/trial-04-universal-posit-5-sub.csv	438	b3895371a3ddf41cc066c0831d3c047aa1999d370b4bbb7581b1e26935dcf59c
benchmark/raw/rows/trial-04-universal-posit-512-add.csv	442	5d521c19647df4ed6f5532699795314c0fd91b0ce0c412c103232d7b1a82a3f4
benchmark/raw/rows/trial-04-universal-posit-512-div.csv	440	6282a0a5a3cc565734322395cffb4cc9f4ff50565bc880ad916372ff35d29e0d
benchmark/raw/rows/trial-04-universal-posit-512-fma.csv	442	2f2466e52592e26202c02a2af5404c39aece1d8c23621ac8d6561f6029461bdc
benchmark/raw/rows/trial-04-universal-posit-512-mul.csv	444	abb502d3c5b9f6a4fb8472af53c5a733ab5eea1d73546e4ff0ca2aef549f08d3
benchmark/raw/rows/trial-04-universal-posit-512-sub.csv	443	868d9543e39246e953ceaab3a381bd2aba0cb1710ef004c037cbc81b66149c0f
benchmark/raw/rows/trial-04-universal-posit-6-add.csv	438	0fb44673ac63c8fe8599213f20d64e817437a629214c7b953fac2c537e1efb00
benchmark/raw/rows/trial-04-universal-posit-6-div.csv	438	b05f8a0123d06d710cad574fc72aefcd296d14ad030984854d41a32e9a4c26ff
benchmark/raw/rows/trial-04-universal-posit-6-fma.csv	439	c1a5386febe7adafaf4a3053bfe74d9097f40e92e66be61e4c9d72ae7e3f5e5a
benchmark/raw/rows/trial-04-universal-posit-6-mul.csv	438	9d1448c078638437039e29546a0c311cae037b0acd20a35a74513df6db5f0803
benchmark/raw/rows/trial-04-universal-posit-6-sqrt.csv	457	17bd0be1d0575106c48f368fe18e6a6c07d5c11f359d782a2b38aafa3b2570f0
benchmark/raw/rows/trial-04-universal-posit-6-sub.csv	438	af992850868c700ebac68f694e9f36718e59cddcc9a85951c340a1095c5f15f4
benchmark/raw/rows/trial-04-universal-posit-64-add.csv	442	6a668c1df6545162234eb37131cb3aff971a0700414ce835f997e9122b710584
benchmark/raw/rows/trial-04-universal-posit-64-div.csv	441	4b13d918eb1d9c7755708af5bcc0783dd997fbd5b568310e0c756822785432be
benchmark/raw/rows/trial-04-universal-posit-64-fma.csv	441	8aa4a44b4e466437d14310e563bf92a7d5c151cc8b618e7d875b990e6c93e74b
benchmark/raw/rows/trial-04-universal-posit-64-mul.csv	440	dca32bda3d849d85e0777e4b03e2feae766f2d80857190b2548def37d1aa55eb
benchmark/raw/rows/trial-04-universal-posit-64-sub.csv	440	aa96b1ff90e06244aa0d53e7532a8d0e4612196a7e44b9e482160345baabda43
benchmark/raw/rows/trial-04-universal-posit-7-add.csv	438	83ec3e3189e0e557f2ebd68365a6dabd1602abe8dd9c82fdf37240ecab140a22
benchmark/raw/rows/trial-04-universal-posit-7-div.csv	439	4007787a921befd53e1d694c2224e91dd8b695eb934393492bf3f405da147943
benchmark/raw/rows/trial-04-universal-posit-7-fma.csv	437	a829fb2a5801081d8f608efbbaa96f61b12bf5ea987a08243e3c834e68c2d5ff
benchmark/raw/rows/trial-04-universal-posit-7-mul.csv	440	c6ccfb26f0b46a8c7bc3de3183f6d9d273d23ae82c6ad2e49c82ef0212e7d00c
benchmark/raw/rows/trial-04-universal-posit-7-sqrt.csv	457	8d23eaf466491405b76181e3c0b95d982db5eb11bbaf992744f872abe09d4a75
benchmark/raw/rows/trial-04-universal-posit-7-sub.csv	439	ed613858e958204f740f72870565ce97e35995e5e77d2dd6e9534c4d827ae370
benchmark/raw/rows/trial-04-universal-posit-8-add.csv	440	44a102b83fb344df943a6d6be432aef22ac33fb0ff2885490492ac7b36386090
benchmark/raw/rows/trial-04-universal-posit-8-div.csv	438	b424a5f2f49f699b0a4dfdd59f703efcca02f893cf942d208605322ca1db595a
benchmark/raw/rows/trial-04-universal-posit-8-fma.csv	438	256e27fdd384914c8f5a32686fc7f44480bd4b1cbd278c7c7f57106524280077
benchmark/raw/rows/trial-04-universal-posit-8-mul.csv	440	190ce879c477ca8fd68a32d0a48234fe342b472fa5c99085c090f72e7bc5be5c
benchmark/raw/rows/trial-04-universal-posit-8-sqrt.csv	458	59b1a2de688d1e1de5784a42be9c778028d13483262c333afbab84d3f1238018
benchmark/raw/rows/trial-04-universal-posit-8-sub.csv	439	6d033c1f77298cc3f57957c9b46f14e24f2713f43464b72139c0e0d2c5f1809f
benchmark/raw/rows/trial-05-binary-native-c-32-add.csv	405	a23afe4c151d875189f577a539758fa29768db4aedc4d35d2cd3c9fc000baf3b
benchmark/raw/rows/trial-05-binary-native-c-32-div.csv	406	059190f500fd8d8da9074a87b46715738abf0607380ceb6d3279603b488510c8
benchmark/raw/rows/trial-05-binary-native-c-32-fma.csv	405	802fbc1a57b6a2c6bc73f837bcd6ce9b66445ceb81821e50d4e2acb2a4d5f257
benchmark/raw/rows/trial-05-binary-native-c-32-mul.csv	406	aec7d5bbaaf36ebe27336fce6187e811c098059b01cba96b7376bcfcfce80991
benchmark/raw/rows/trial-05-binary-native-c-32-sqrt.csv	408	9b9a2c3d16953ce92e31c2fb22dfda1c490bae48d2e649a1a8f8163daeeaf442
benchmark/raw/rows/trial-05-binary-native-c-32-sub.csv	405	f9338db5e859e5275ffed2cfb5fc0342089638cd1fe40a8113a89d41cea11cbd
benchmark/raw/rows/trial-05-binary-native-c-64-add.csv	407	e83d075438430a467b8e116f63b5bb077191fbcde72f4ea877ddb34147397b45
benchmark/raw/rows/trial-05-binary-native-c-64-div.csv	407	4d0be781ce64ded5751e53307bd6a2d2e00e7a407ac5f97847cdc4ac5b224ba5
benchmark/raw/rows/trial-05-binary-native-c-64-fma.csv	405	8bf6b8e61bd04032484647fa6b1f0a4f7d5fd644aacd3627439157baa3b64127
benchmark/raw/rows/trial-05-binary-native-c-64-mul.csv	408	39d32a5579bc7f99ac0fb7e523f5b3c0a0397b0ef0f59d595bd649b128e49473
benchmark/raw/rows/trial-05-binary-native-c-64-sqrt.csv	407	c0b6918d6ded7747ee284e0f316efdec0e29c156d50ae83acbaf37c85f871091
benchmark/raw/rows/trial-05-binary-native-c-64-sub.csv	406	e02ea1ca58a975fa7e0986e91f1a087855a46020c5a061035df02e36de6f3704
benchmark/raw/rows/trial-05-binary-software-1024-add.csv	455	48b549fca77932abf4003f8aa7915d015a2de16a040a524c6d0455fac6b02d33
benchmark/raw/rows/trial-05-binary-software-1024-div.csv	453	1aae4ec9f97a969d3f2eeb4f467a065032a4f73d4e1bd087de9bc4f513eb3aec
benchmark/raw/rows/trial-05-binary-software-1024-fma.csv	465	cd8664c37a1e674c31d5112d15fabece352af6e5d66e3a68e6a84dce451346c4
benchmark/raw/rows/trial-05-binary-software-1024-mul.csv	461	3070bc7b10acd6437d925d5cdb5971c0d7af991f9885cc10375dd2ecbb817fbc
benchmark/raw/rows/trial-05-binary-software-1024-sqrt.csv	459	50c7b77213a68306ee6e697cb2802e984c8b71ffa619a5571fa5583eb15abeda
benchmark/raw/rows/trial-05-binary-software-1024-sub.csv	459	fc9bfef70bb69030bb59c985a5bfb7b17bb2095053044d975cb9c9ff4a971923
benchmark/raw/rows/trial-05-binary-software-128-add.csv	437	f89a2be447c637197e05d084cfad4c9bbe245c20c4ead99f16c6063679466899
benchmark/raw/rows/trial-05-binary-software-128-div.csv	441	cf808262c2f4f9f4eb4c6f3d64b370823db4d726d443d3fafbe06bce6e1de415
benchmark/raw/rows/trial-05-binary-software-128-fma.csv	449	ac21279f0a36b94f8fd7e947a773509f2f751a2a3f11c22bacc9fc30f9f41e21
benchmark/raw/rows/trial-05-binary-software-128-mul.csv	446	ae26c722e4f9971fd977a38962b822aa65964058c53d0940df028642dbb47219
benchmark/raw/rows/trial-05-binary-software-128-sqrt.csv	444	b6c06f92e5ac98eeaed10d534e14383225280fe8fdfdd182b2c27c3d693e8524
benchmark/raw/rows/trial-05-binary-software-128-sub.csv	443	39449d9476552e6df1a93568e07d37c4007f73ce0ec8e9d8c5ada78e1bde3712
benchmark/raw/rows/trial-05-binary-software-16-add.csv	440	36fba01e99985df60692611bcf78dcfbae981b793c0b8d4f78dd7ca2e1e72f50
benchmark/raw/rows/trial-05-binary-software-16-div.csv	437	ceca522a23adf1209d6082bd1ee9c07fe4f14afee72b745efab841b462f30d13
benchmark/raw/rows/trial-05-binary-software-16-fma.csv	449	ccc53c710dfb24dbe992804f95217a159c2b7b1c2bcf2333806fd738941ae672
benchmark/raw/rows/trial-05-binary-software-16-mul.csv	446	7d1f7157a14de23aad2eebc85cb13ec0fd1c46daa746127c086b33c9de042ca0
benchmark/raw/rows/trial-05-binary-software-16-sqrt.csv	444	7e8ac05896fcf94f96e14f95697297424e0491c06aa1cf779124f9c958fa5f42
benchmark/raw/rows/trial-05-binary-software-16-sub.csv	443	043e032e043129bbaa14da8d653d8aa10a5f0069825911504f1ff0d34f47884b
benchmark/raw/rows/trial-05-binary-software-2048-add.csv	456	86e81adaf544d8bbdbbf3f22b0cd65117348f59812db09323a8e21ef2d7e7af5
benchmark/raw/rows/trial-05-binary-software-2048-div.csv	455	8246c09036a36d133b85b96fb033f8a46fbc7e5465ab4e15f30d242fd4398237
benchmark/raw/rows/trial-05-binary-software-2048-fma.csv	464	45d904d78ec5090d0f6bcc5b60d43dc5b196e3472f0f5bbdedbbd7b5b91cf491
benchmark/raw/rows/trial-05-binary-software-2048-mul.csv	462	df1ecc5d8c641e8493347d00cdbe21485d0d46cee64aeef444ad3cad21cf0d2c
benchmark/raw/rows/trial-05-binary-software-2048-sqrt.csv	459	c4da44adb192ddcc772f6c9062b224258a6c0379cecfe50df32edea454c0684c
benchmark/raw/rows/trial-05-binary-software-2048-sub.csv	458	ebb4b6f8ce36a312c2c130d829f451d94ddc8fbbecacdb6ddea8b1b8008f0f63
benchmark/raw/rows/trial-05-binary-software-256-add.csv	452	b848ec33d9019aa970302960a9a8b85614f85a6c451909c7933c63fe2d5cf3be
benchmark/raw/rows/trial-05-binary-software-256-div.csv	448	ca406ac7790e79555a988618b9dc80e829f45259fa63e2b886c459ea40e38a00
benchmark/raw/rows/trial-05-binary-software-256-fma.csv	462	af368c53ef4a08cee81d95137ff835c28065369ba3d8151c100401befc7dd322
benchmark/raw/rows/trial-05-binary-software-256-mul.csv	460	5138c351db3a3c405cf3012e1df8f10f6dc3fa2940839a82dbb6f2ac08f8150e
benchmark/raw/rows/trial-05-binary-software-256-sqrt.csv	456	4db554309a4c3285f91c54dc82bc11422198c192757ccbbbc54acd2d2a5731c2
benchmark/raw/rows/trial-05-binary-software-256-sub.csv	455	a340fe9f479f4204fc12c76ba3170a0295532428f380e1822761f326fe48c491
benchmark/raw/rows/trial-05-binary-software-32-add.csv	423	3ab16937ccab222fc5127a6fe1a31cef28826660a8c8a1f2d7ed935b3b84c8c8
benchmark/raw/rows/trial-05-binary-software-32-div.csv	424	65ab347ed33d2fe685e08038b08e3b06cd00e1fd6c178ec2fdb08b27a00a8ea9
benchmark/raw/rows/trial-05-binary-software-32-fma.csv	425	c8f8d8fdcedc6334547208098b27312f72a23d4069b1e6dc456f8de7febb88c8
benchmark/raw/rows/trial-05-binary-software-32-mul.csv	424	e646d6b384c8f1aa29f14106d3b9d1faf6b4e03be8af68ea7d7f43b0e596c8eb
benchmark/raw/rows/trial-05-binary-software-32-sqrt.csv	425	c4ebc3eab23221ca615c342e9811e806fa6c310f86c561355dabda057de1d334
benchmark/raw/rows/trial-05-binary-software-32-sub.csv	424	07e6d07294083794baf5474d502a2d0a8496bf1d6a595e95e38761696a2ac901
benchmark/raw/rows/trial-05-binary-software-4-add.csv	440	daad32eb3dc7913a701056a7670e3dfeaebf2bee3bf30bd727c4cd61dfbd8634
benchmark/raw/rows/trial-05-binary-software-4-div.csv	442	8975bcfb6989aef9cd1a3f73391479586a43c0353d54a1d4102894c07cfa6f45
benchmark/raw/rows/trial-05-binary-software-4-fma.csv	451	f9ce0b6db1420ecab434d183614b7d70490f6bf377e43a8bb2c1bc4b8e393dcd
benchmark/raw/rows/trial-05-binary-software-4-mul.csv	445	1c266dcb85b8038d7bbf8f767bd288bbc24e6e2961493d63d4bedd57f904dca1
benchmark/raw/rows/trial-05-binary-software-4-sqrt.csv	446	b5e1daf32b9f660f99d19f72dca748abfb51cf42840396c4f5d0d4c721026fc2
benchmark/raw/rows/trial-05-binary-software-4-sub.csv	445	85acaff2ee10a6af05f04a6100ce18275cef75ce10b28282d5b502ce94174e8e
benchmark/raw/rows/trial-05-binary-software-4096-add.csv	454	a59e3ce7c1ce8bbb91569174a0343729471dc3c662af21ab0f992a20d4037cd3
benchmark/raw/rows/trial-05-binary-software-4096-div.csv	455	f885811f19b0b708c2e5eb17973285fb5eed603bf569b13e9a32e12465d8ad6f
benchmark/raw/rows/trial-05-binary-software-4096-fma.csv	464	dd404d534e961c202e62210572b8d3c763a16d3c7102c05c708a10ed93a2a353
benchmark/raw/rows/trial-05-binary-software-4096-mul.csv	460	4b91c76dfb436e5bfa08623c913c3e34fd2643ddcf3ffd9d7ef11dd13603b3e3
benchmark/raw/rows/trial-05-binary-software-4096-sqrt.csv	458	0dbed8fb778dfecf2ed599d4937c9bad3b5b1686793fcb20892e92d3cd8dee30
benchmark/raw/rows/trial-05-binary-software-4096-sub.csv	460	bd3e2a73e592f91501b5e1c45aaa147ec854484cf273a8d12bdf060dec09298b
benchmark/raw/rows/trial-05-binary-software-5-add.csv	440	009b4a8e65bc78d0c26b7a13a99f94349b945fda832c2caa7b92d9ab85c7a0a0
benchmark/raw/rows/trial-05-binary-software-5-div.csv	440	168cb64c1f406040a99d233f427d048d6382edd033d9cb4f8fa23fb4e6956bf4
benchmark/raw/rows/trial-05-binary-software-5-fma.csv	454	3de4527888fd107f74d7a0d7621b6e6e6911acf7af430036d16d9249fad1317a
benchmark/raw/rows/trial-05-binary-software-5-mul.csv	446	3fd84a03bf957e0fcee9248a8f148009c89a939feb0295f5ae60fcec8bf7cf6b
benchmark/raw/rows/trial-05-binary-software-5-sqrt.csv	446	1f5df656c0dd06447fde82ba7a7dc169e8fd24a89f03a19b0d52cea9543807fc
benchmark/raw/rows/trial-05-binary-software-5-sub.csv	445	8341feed85d59731e9d4a8aa477224d41646165720038b284bed4da5d42b72bd
benchmark/raw/rows/trial-05-binary-software-512-add.csv	452	78716a9a761717b69611f86923d50bf19fd0461ed5636323256e932a034df46d
benchmark/raw/rows/trial-05-binary-software-512-div.csv	448	4f89ad71c2b16e52d4acf78cee7e7376702d0266e37b3296168508e4851fe77b
benchmark/raw/rows/trial-05-binary-software-512-fma.csv	460	11a0a4ae7acbc13c33573b787654d7d83e8d94a6100e2329d659528f07eacb55
benchmark/raw/rows/trial-05-binary-software-512-mul.csv	457	ff837d487689f0536c65aa28fdfd3b7039265d9572a2b7c8480d641f6273a78c
benchmark/raw/rows/trial-05-binary-software-512-sqrt.csv	456	b40870edfb51182829d3cf92a9cf4c96dfdc53d88e848a78af060abb83f76122
benchmark/raw/rows/trial-05-binary-software-512-sub.csv	455	54b3f3da89ba7225ba36c429a43cd57bb0cd90431013b571ea2b2f7ea990f189
benchmark/raw/rows/trial-05-binary-software-6-add.csv	439	346394b9bfd45d124842e07ce15fb608e83a2ed5a87c8f081dfc32dcc40e295a
benchmark/raw/rows/trial-05-binary-software-6-div.csv	442	2e54264a496d12b741c16ee08086e7e089f6afd4b970e6726506cf9e7b90c185
benchmark/raw/rows/trial-05-binary-software-6-fma.csv	450	d7232bf36663ac01957d71cd42ad869161daa7a83df46817bcf674ea4ffee362
benchmark/raw/rows/trial-05-binary-software-6-mul.csv	450	fa9abc4e9be7b4293738a887b8d000580494240eb0b601bcca0c79f01c0de21e
benchmark/raw/rows/trial-05-binary-software-6-sqrt.csv	445	833f29065ce25027678aacb5c0c0d3af779b1bb5c9c25ac3294ca4ca61a9b410
benchmark/raw/rows/trial-05-binary-software-6-sub.csv	444	4aa4fcb9e49926d89a3ae8739054a0953144b97a83d4455a943e970f9015918c
benchmark/raw/rows/trial-05-binary-software-64-add.csv	423	4fa13424d842baeee42ea8010a2616b0d45e69f9a7d87c293b47eb5548fe9a9a
benchmark/raw/rows/trial-05-binary-software-64-div.csv	424	6d27a70436bc8b321b86412cdab8b5f552cef52b3aef6b33b0fb8189730a59f1
benchmark/raw/rows/trial-05-binary-software-64-fma.csv	423	229fdde51bd5b7417e9dd24a74bf0601e65ad07c5db7ca0daea82437a612eec1
benchmark/raw/rows/trial-05-binary-software-64-mul.csv	425	585cc7bb315b71145a73861b7ccd900dbc33b3b917286842eb4568b6f40a09a0
benchmark/raw/rows/trial-05-binary-software-64-sqrt.csv	424	b292fe4a53a44ff4ce9408ffeb33e417300b016cba9a3e24e439db5ba765b9f7
benchmark/raw/rows/trial-05-binary-software-64-sub.csv	423	c7d777ca3e4501c82643d7bd37e6dd569d3c1fe8d07a2fd006d278b7ab106b5b
benchmark/raw/rows/trial-05-binary-software-7-add.csv	439	3fb8efb40bdb4cee10bcdde46a1a0211b43503658fd6f99f1c7a57d25d2be8f0
benchmark/raw/rows/trial-05-binary-software-7-div.csv	443	191fa278d99cf7957ad2862ad8946a6c5f059c749caf2378a9ac87149dd3f4f4
benchmark/raw/rows/trial-05-binary-software-7-fma.csv	451	716a4923f9ce8925b2ac2d7efa96f1ca75515dd59ca131f27c899cba63240273
benchmark/raw/rows/trial-05-binary-software-7-mul.csv	449	83bc23bbdfd5a874897c6bf16fd8c46445e736382c8c8c35057e50417029b076
benchmark/raw/rows/trial-05-binary-software-7-sqrt.csv	447	5bfd826ad4a0ea9c72acea04def27b59ace887cac532d8e1c9f0b6aff40ec018
benchmark/raw/rows/trial-05-binary-software-7-sub.csv	442	370b5c3dbf3df85bada6791c142b5df0e00cd3268b1a36ce728b79f5208e022d
benchmark/raw/rows/trial-05-binary-software-8-add.csv	440	dd6a4fb5a0bbeeda14e06c5ef9c05bc124430b0a74b9bef0c034eb4b51fd23aa
benchmark/raw/rows/trial-05-binary-software-8-div.csv	441	922f94a4da6c24dcf7f9c35fb0d79d8c14623b191df17ab667e5e7281fdfcb18
benchmark/raw/rows/trial-05-binary-software-8-fma.csv	451	999a835a535716ce1191fab39d226b2b9d75179ea0debf395adf2be32a982d57
benchmark/raw/rows/trial-05-binary-software-8-mul.csv	446	0de938aaac54f16d1d950e76636506ddb449093ec7ee274d81a013d2521ff849
benchmark/raw/rows/trial-05-binary-software-8-sqrt.csv	447	e5054e835ef1ffa80e675247db29eacba64b82b1f7e47a2347f3a6854a0f5637
benchmark/raw/rows/trial-05-binary-software-8-sub.csv	441	df0676a59d60d8ceb4f8152621d814e47029607b3e06bb318f7079aa523dfe33
benchmark/raw/rows/trial-05-cpython-float64-64-add.csv	466	73ab3744bb92fc96867c66975be40d3228252b618afb60f400dcb9cf374ae5a7
benchmark/raw/rows/trial-05-cpython-float64-64-div.csv	468	2a427f17a14b308a2467a83f5146bd0d607ad73cc68aff5943796e21b2b8d46d
benchmark/raw/rows/trial-05-cpython-float64-64-mul.csv	468	987a735549122f354d2848eea131a68f83d34436463db7b353d5860b43e20d23
benchmark/raw/rows/trial-05-cpython-float64-64-sqrt.csv	467	c292bda28aa469bfa1421fe6c31ae3515483081d258b4e7a15867cbe15ab1b82
benchmark/raw/rows/trial-05-cpython-float64-64-sub.csv	466	9f12eeb3c6399f1a271b0d0975dcacb8254a360de20339802ef84545ac5c0fcb
benchmark/raw/rows/trial-05-flocq-reference-1024-add.csv	388	f50dd3c6c6886ee0936f08d2220977f65304b11597367380650c541a92437541
benchmark/raw/rows/trial-05-flocq-reference-1024-div.csv	389	b4f59b70cf985907a3248e48097f15b2da6508813a6be949440ab4523151ccde
benchmark/raw/rows/trial-05-flocq-reference-1024-fma.csv	389	2f64f72204d9a13f365f476ef29c13699bb311f50d34b3db63a0ae64050d6718
benchmark/raw/rows/trial-05-flocq-reference-1024-mul.csv	387	67e5c0d8f5bbc1317834094a89f25d16c1d94f49af8dbda471793c554e824d02
benchmark/raw/rows/trial-05-flocq-reference-1024-sqrt.csv	386	5e881f5b5c951393a6d8320514f9dba4e8413363861cdc74cb0e46dd9f7e1a06
benchmark/raw/rows/trial-05-flocq-reference-1024-sub.csv	388	22f1fef3e5e7a49317f973cf3285a03bb591a87fc0e96e0d04a3c1132b0e27de
benchmark/raw/rows/trial-05-flocq-reference-128-add.csv	388	9879e9de199f48a61c8ff77ba6a0aa8bfca153d0b388767f84b1ed9c8a432ce7
benchmark/raw/rows/trial-05-flocq-reference-128-div.csv	388	c550848ef4c92ffbcd7a1ca580952b26c72dee8be3eceba5b4f0aa108d3d5613
benchmark/raw/rows/trial-05-flocq-reference-128-fma.csv	386	2e4cd043a573e830cffba8fd03ca56827a92d25c927fb32d5934311af49c2026
benchmark/raw/rows/trial-05-flocq-reference-128-mul.csv	388	01bcfeaaa9190357307d4c017a4ea163d7395db9a323f158cd2524a9590b5b01
benchmark/raw/rows/trial-05-flocq-reference-128-sqrt.csv	386	b13dbb2fc2fc4c52a4fb7f48251e217fd6984ccf482ff7c03f62058a117861f3
benchmark/raw/rows/trial-05-flocq-reference-128-sub.csv	387	fa35ea25c72e202278f1b313494e822c12370b94ea6092c58d7956fd249b0a1b
benchmark/raw/rows/trial-05-flocq-reference-16-add.csv	387	6e38f9abec1b61dd9b8e9535f14b6cf571d548cf42822f678de5c0bed038f1d0
benchmark/raw/rows/trial-05-flocq-reference-16-div.csv	387	788b23f07ced1e8db212c228c8a604add58c0346116194ca59180641744bb1a3
benchmark/raw/rows/trial-05-flocq-reference-16-fma.csv	388	b04478c54e223e459f533466589657772bc5da86d44991328a7d5368cca2ad0a
benchmark/raw/rows/trial-05-flocq-reference-16-mul.csv	387	0f608688b16b21fe82e713d18668e948d5218623491302a000d766b7ec87da18
benchmark/raw/rows/trial-05-flocq-reference-16-sqrt.csv	386	873b13662b297f6e51c56b55e6abbe5da80f19d546bf8cc2d7012b90e09cacc3
benchmark/raw/rows/trial-05-flocq-reference-16-sub.csv	387	4e18511d3a8942331a5714a08c1cbe11f28becb9c4d174b557fc6a46731450f0
benchmark/raw/rows/trial-05-flocq-reference-2048-add.csv	388	337363b5cd34d6a22122cbdd55c58f49d4d5e19154f47e48042bb8b9b4cead66
benchmark/raw/rows/trial-05-flocq-reference-2048-div.csv	389	5fce13794c81701e0b3d018488fc86562a25c7e7a85ef067bd2a2c7b52d876dc
benchmark/raw/rows/trial-05-flocq-reference-2048-fma.csv	388	b09d44eaaf4a4529763c1defadebcf62375804529c292e2ce2e4b91a6c9f0a99
benchmark/raw/rows/trial-05-flocq-reference-2048-mul.csv	387	856cb454f1e30e5a4c09bf7ae44d89f60b4aa4a8e752b1c7ecc68d203f7aef56
benchmark/raw/rows/trial-05-flocq-reference-2048-sqrt.csv	386	7d4d448c34a37f4f6c432ba5ff987c0a3f3434e8b533ec0f22bf4b444ef1797c
benchmark/raw/rows/trial-05-flocq-reference-2048-sub.csv	388	e50b579875c89a3e21bed07334f9f18db374c38e52e29bf0894adc8cca9ff1c2
benchmark/raw/rows/trial-05-flocq-reference-256-add.csv	386	2e9fa4ad2832209e63aa65c2619e47fbb2ca555b367b22d9e9f5ae24fd2a97ec
benchmark/raw/rows/trial-05-flocq-reference-256-div.csv	387	71975960bd4d22ef8036545a7813070c721cc9129cbad3fdfb4009ff101a24f3
benchmark/raw/rows/trial-05-flocq-reference-256-fma.csv	387	9333d960b3a358f516f8a40f45d722f827a88af2392b977cfa461cb4843dd80f
benchmark/raw/rows/trial-05-flocq-reference-256-mul.csv	387	c781f344a5843953e94b12d8fc2339db679070ce9fab6e53e2fd5d133d7a68cd
benchmark/raw/rows/trial-05-flocq-reference-256-sqrt.csv	386	b53b15d28ef6e449d0436153a943d64b190684dbf67d3fd203c16477b7b2a909
benchmark/raw/rows/trial-05-flocq-reference-256-sub.csv	386	b7b2dd2a8fa54835b269bd037f104f2f198b19d43ddfc08d2fccda9eb2a3f95f
benchmark/raw/rows/trial-05-flocq-reference-32-add.csv	387	701d2d990b479eb1d518130dbcb90efb6cfe6f49142fdff98bdc71617f1bc8fd
benchmark/raw/rows/trial-05-flocq-reference-32-div.csv	386	0c9ff0573d0f64b959ee1244354856d2d8caba4e734e181835cd0832fb596545
benchmark/raw/rows/trial-05-flocq-reference-32-fma.csv	386	f44ce6bf142418fb0df31618b3894159797ea97870ac6f1311303adcb512b005
benchmark/raw/rows/trial-05-flocq-reference-32-mul.csv	386	c84961227e660cc40ed805b6472afd6b1198e3cbf1f8ae7eb7801ae6bf37478c
benchmark/raw/rows/trial-05-flocq-reference-32-sqrt.csv	384	692be37945aa672626a73e896b890fbdcf955ca82c8cb14bc85d87ed9dd32021
benchmark/raw/rows/trial-05-flocq-reference-32-sub.csv	387	33a6e276767c6d8ead237d769744baa64b8d987aad91d34c9f7545273f13d2f5
benchmark/raw/rows/trial-05-flocq-reference-4-add.csv	384	7da41db0bac93e332b8835be93dbdf9c16806efe0e938252732da6c65f38ae6b
benchmark/raw/rows/trial-05-flocq-reference-4-div.csv	386	a61b94bbbcee253f347d8009ffb5981842add57535b75fed4bcdfbaed5406cc0
benchmark/raw/rows/trial-05-flocq-reference-4-fma.csv	384	b08cffd8c5d6c6014579ca841b4e48759474a3ec05089bb1e3b8ada1819975c6
benchmark/raw/rows/trial-05-flocq-reference-4-mul.csv	386	02066f77b15293c183699fba1e265d190060132cc75e76de908980e67b31a183
benchmark/raw/rows/trial-05-flocq-reference-4-sqrt.csv	385	d5e5514e0f179f024cde2ce64f0081ffe1a9f40a5580259eb104e4baf8b474e3
benchmark/raw/rows/trial-05-flocq-reference-4-sub.csv	385	1d3d5f714be9524e4b1459ddfa1d8c5162f9090fadb929654a55afcceb849948
benchmark/raw/rows/trial-05-flocq-reference-4096-add.csv	388	bb7376e61c4b78f4a0e353cc22ba934ee8cf78bfaea4ba26f24a27e50a6d7522
benchmark/raw/rows/trial-05-flocq-reference-4096-div.csv	387	443c6faee702e297fa3e00a022a3aa61c4ec5bdf367ffd608c62e2b4c382eede
benchmark/raw/rows/trial-05-flocq-reference-4096-fma.csv	387	aea224ef3286240969901b28b2d9ad0bf12c5a0c32a3f3a0cf31558da6ccba0c
benchmark/raw/rows/trial-05-flocq-reference-4096-mul.csv	388	a40058af5dd7eb64e011769dcbbde7fdaef8236dd8019bd74f103f9802238b7b
benchmark/raw/rows/trial-05-flocq-reference-4096-sqrt.csv	388	9e53fd3479d55dfe499d956778246df472f0b5eaeff2b894b128d64d9ff2e3c7
benchmark/raw/rows/trial-05-flocq-reference-4096-sub.csv	388	cb7ab2c949e59a99474f370d4bd5b1438635a016fbd268ccf13dc5cbc4835571
benchmark/raw/rows/trial-05-flocq-reference-5-add.csv	386	b234a9cd7a7ddc95bdacff4aa54b81eccb5b28619c18f8d18fabc3e6eebf5c3b
benchmark/raw/rows/trial-05-flocq-reference-5-div.csv	385	23ca645220ad1c42090b82fa9d46fe62f7c92f9ada09def1477456ae214a8808
benchmark/raw/rows/trial-05-flocq-reference-5-fma.csv	386	c5eed5ee4826e6adef6e7a4431daf483633cdfbee639ce331c3328234caa7363
benchmark/raw/rows/trial-05-flocq-reference-5-mul.csv	386	f6a65106f00ea6b05c813002ae91b66232d9687b505b99b939b943baa8d587ad
benchmark/raw/rows/trial-05-flocq-reference-5-sqrt.csv	385	8de3233e06f91f1101bba88882118b3c7189ae0817a5ed929baf97fd4c73a86a
benchmark/raw/rows/trial-05-flocq-reference-5-sub.csv	385	62c5027b28a09f4ed304aa906707d63e81b3fa0ee8f84527a9d90d2afe05671b
benchmark/raw/rows/trial-05-flocq-reference-512-add.csv	387	b5f306b01a5d76ebac5fd2ffea08851ab82bf09e7c75c183d8030668e8969777
benchmark/raw/rows/trial-05-flocq-reference-512-div.csv	387	01245f5647a2d9b6e95bbb4fc2237851c959e4d756ef4f0f8789599aa9d2a22a
benchmark/raw/rows/trial-05-flocq-reference-512-fma.csv	385	59f6df56d015e71df1c274feafceb05551494b56bcb49baa220aec83572d1700
benchmark/raw/rows/trial-05-flocq-reference-512-mul.csv	387	9953d6eab3de73c655fd12e88a76dc5f3666f2b1646356682eb736113c68a8c4
benchmark/raw/rows/trial-05-flocq-reference-512-sqrt.csv	386	efbdd5f38c3dd9b097fdb883b9d5095be3c11780e288e81217f316db79fabe97
benchmark/raw/rows/trial-05-flocq-reference-512-sub.csv	386	bd2ee156430cda03b9d6130ddd67339310a924ea6ce9875c480db022eeb75c77
benchmark/raw/rows/trial-05-flocq-reference-6-add.csv	385	a76af3ad703cf299f18ed6a0d23c4fe9f11eb51a1f67f3159ddf7cf3ba6871bc
benchmark/raw/rows/trial-05-flocq-reference-6-div.csv	384	87ad76e97d459fb4a7cfea2629587c2d84e3be66a200ee1a2c6679e8402dd628
benchmark/raw/rows/trial-05-flocq-reference-6-fma.csv	385	3e7e3a85b0a89eb01429c2f86829d39e63e0c403a75357b3f2fd4dd8d0aa6209
benchmark/raw/rows/trial-05-flocq-reference-6-mul.csv	386	58f0d2d72dbf5838cfb9636ec9fdf91f1fa1b4a0a8b1898079ac9c9311761db2
benchmark/raw/rows/trial-05-flocq-reference-6-sqrt.csv	386	75032e0f4e9abb42f8f730b5f5d92624a5944dc6ced343618994a7305092ef5f
benchmark/raw/rows/trial-05-flocq-reference-6-sub.csv	385	b078c1fbfff2eed9522faf87b05a13288a197ca4b9e4a02f60436bf466bce965
benchmark/raw/rows/trial-05-flocq-reference-64-add.csv	386	dbdb2d5cb03f2e3080c2a2d8cafeb311bff870bced905504496ed0386a317cfa
benchmark/raw/rows/trial-05-flocq-reference-64-div.csv	386	29105e82bedb75441d62547dc944d4af9c2b0d19acdcbd2e380c16f34481e61e
benchmark/raw/rows/trial-05-flocq-reference-64-fma.csv	386	aa4643cec8db027dfbd5da016421f1a56db57132973e2457e5f950f6e0cb7756
benchmark/raw/rows/trial-05-flocq-reference-64-mul.csv	385	1af91b21ac89cea28f0ffb2442796d990ec83046f55a28095d3793088a0718b1
benchmark/raw/rows/trial-05-flocq-reference-64-sqrt.csv	385	800dfc7e204b4df3d8cffa3b0ed2efe40e72fbdf8ff6aad4fd3d2e24e4aac37a
benchmark/raw/rows/trial-05-flocq-reference-64-sub.csv	385	f333d0c52384b43ebc31184a6f34781bd849cb9e6400fc79ac04d70ac3ff50b6
benchmark/raw/rows/trial-05-flocq-reference-7-add.csv	385	a883fac6aa4b1936539028249a12b3383d20901814a2628ec1481d93f3f5e740
benchmark/raw/rows/trial-05-flocq-reference-7-div.csv	386	e7039025c46ff1237cb020b0c35aa3a62dac2d17f16f1fbc2464304cc8c4f33c
benchmark/raw/rows/trial-05-flocq-reference-7-fma.csv	385	04194ff2bfbe0c36243acd62cf0044a46b28e0771ef4a270416f860ff3f311da
benchmark/raw/rows/trial-05-flocq-reference-7-mul.csv	384	9953b64daf9d3065e81c05eb2f96a78efc72ce8e15260ef6fe7ae91f490f1978
benchmark/raw/rows/trial-05-flocq-reference-7-sqrt.csv	386	fe693692642672a2d0de082d8e01fefd337e780b1dbf5927ed9a925441bd561c
benchmark/raw/rows/trial-05-flocq-reference-7-sub.csv	384	29ca3abfae7527b51daa2d04313f7d5ef0054db27904fdb3e00982b5e3341e94
benchmark/raw/rows/trial-05-flocq-reference-8-add.csv	386	cbfe61bbf6cb592c4d451fd4ffe56bc84ebdbebfdc0c499f06181198f07dcae2
benchmark/raw/rows/trial-05-flocq-reference-8-div.csv	386	ae7fb3c8088399ff6faab0488c6da5bb06a14a06bc16908deac17475823ca2b8
benchmark/raw/rows/trial-05-flocq-reference-8-fma.csv	384	7a0d9830ddaf3de592da64ed30dc17401aaa1af18efa874959471e98e79c1494
benchmark/raw/rows/trial-05-flocq-reference-8-mul.csv	385	2cbfb1382ca326ad9ae3015f2a8b9322ce9243b6225aa5a9bd4590a999ee3e58
benchmark/raw/rows/trial-05-flocq-reference-8-sqrt.csv	385	4a6c341cdbe20a7cbbccc43489b30118233cc3b78e2f71b963a95efed79ee520
benchmark/raw/rows/trial-05-flocq-reference-8-sub.csv	386	a261ca84424cf5e790e3d97f480152d1401a102bb5be78eae773dc88c54080a6
benchmark/raw/rows/trial-05-mpfr-reference-1024-add.csv	475	b4007e5a596b5e891845f345cb7ff7394da0ed49ac039e384f2fc25c8750977d
benchmark/raw/rows/trial-05-mpfr-reference-1024-div.csv	473	3699f5e5cd645bcbeb8b200be711c343fb345515176ca8db9a1c82826da7cfe1
benchmark/raw/rows/trial-05-mpfr-reference-1024-fma.csv	475	be8178a6add2e8981a9afab8c8dc66cc7fde5311eebb50208e3f5b32b14ade4b
benchmark/raw/rows/trial-05-mpfr-reference-1024-mul.csv	475	739787d8847436adcefc11dffef82eb8540e41755793f8e5c9abcc68bd9aa85b
benchmark/raw/rows/trial-05-mpfr-reference-1024-sqrt.csv	475	d04f35160ac8c48fe042f348fe8b227ac55d65f6ddae311b8b3279eca8fd5afe
benchmark/raw/rows/trial-05-mpfr-reference-1024-sub.csv	476	f2d4503c1c56783acb1b4b0842ebfc936921bf72d1df9dc25c0cfede32317d05
benchmark/raw/rows/trial-05-mpfr-reference-128-add.csv	468	837711efc1e25a14bf9644c211f1032780bbce96049e411d8da84c8ddbc01522
benchmark/raw/rows/trial-05-mpfr-reference-128-div.csv	472	0dc4cf65afdd5bc45fba91839fc588f8534ac966e7b16e41cee5b62b24074cba
benchmark/raw/rows/trial-05-mpfr-reference-128-fma.csv	471	4afcdf853a2836efa3ccfc6a7cacb8f2bb00018bc54e03809049591416e585a7
benchmark/raw/rows/trial-05-mpfr-reference-128-mul.csv	471	ff186176caac99e117b3bbc5e751890702605c42f37e54931349c2ee7e76e3bb
benchmark/raw/rows/trial-05-mpfr-reference-128-sqrt.csv	472	5e5a0bc1f0c139d82ae92baae1604638eab8c2fbde42cd4322cf9ce82998a6c3
benchmark/raw/rows/trial-05-mpfr-reference-128-sub.csv	473	672eeeef7fbabdf03294d7a4b1ee26cfd09975c41eac2f08a2c831d5566e7cf3
benchmark/raw/rows/trial-05-mpfr-reference-16-add.csv	467	aa49f16fe7eae2c2a76ae90569eb36234d393d78bdb1cc3bc20c427a1fb44ea9
benchmark/raw/rows/trial-05-mpfr-reference-16-div.csv	469	1a85377438f395a164699d3629217032dec4b8880cc73db43dd523824a74e0ae
benchmark/raw/rows/trial-05-mpfr-reference-16-fma.csv	466	38c44e544a5a22c4e5807019f4364fde6bf9c95543cb7e36777c95307cc072c9
benchmark/raw/rows/trial-05-mpfr-reference-16-mul.csv	467	1ce329f335db98f5540711d5d8e1fb158c212e756b4d1d05d357655200009097
benchmark/raw/rows/trial-05-mpfr-reference-16-sqrt.csv	469	6ea5515a5930aa2026544a4ee4fc1db6e17a40ca963e9edf73fc6dcd997b3fbc
benchmark/raw/rows/trial-05-mpfr-reference-16-sub.csv	467	2b69cc53ceb5c61913fd628cfba07166cfcd50ab893b525cbf2726f92e4d4e6e
benchmark/raw/rows/trial-05-mpfr-reference-2048-add.csv	475	0101e82de43bc06c1ceb4965e09d4d8050829b4473c09f3c4c449ecfa36587fe
benchmark/raw/rows/trial-05-mpfr-reference-2048-div.csv	474	16c2620e9eacedc3bc8d61f519341ada90f7aed39374fb4f73aee107bffd8615
benchmark/raw/rows/trial-05-mpfr-reference-2048-fma.csv	473	a3cf49f95735e96c8e8bf43e07fa0e80157d084b17742b33aa295a34b56b22da
benchmark/raw/rows/trial-05-mpfr-reference-2048-mul.csv	474	8819a043f793d084f20527ce2019de97d5ef7feb06c5027e3684f99964bd1930
benchmark/raw/rows/trial-05-mpfr-reference-2048-sqrt.csv	474	fd07a160200790b26ebdd19aee18f9d96cb801a558358d188279e10ef1ff515a
benchmark/raw/rows/trial-05-mpfr-reference-2048-sub.csv	475	bfeaf09e9778f0bde313eee60c8154ddf29c5cc3d6aef86cb7a534ff46eab923
benchmark/raw/rows/trial-05-mpfr-reference-256-add.csv	472	ad136ae5fbe8bdd6b3c79d2f4441e43dfe2ee0d391e913fd5cce74ca13971687
benchmark/raw/rows/trial-05-mpfr-reference-256-div.csv	470	ce7a8ad71fcdb9c3fa2c412bfa21ad73940b392253740edb2d2f6800ea738f0a
benchmark/raw/rows/trial-05-mpfr-reference-256-fma.csv	472	5c9f7d46c50e874f358d706dd08d0db99d9dcd6c08d49bf20db7a2f9bbe502c0
benchmark/raw/rows/trial-05-mpfr-reference-256-mul.csv	473	055f66c7199925b7483da3091d4d99caeae1179c4aeb6de02228fc128fecfd4b
benchmark/raw/rows/trial-05-mpfr-reference-256-sqrt.csv	472	e74efd7b7c4eb631b9877be27aa76c184ec04f6397e625485848dd3ee239b596
benchmark/raw/rows/trial-05-mpfr-reference-256-sub.csv	472	bfd70dc2dca284bfa447c57c5ee14b711331b3ad1073af4c43c411248c5ef71c
benchmark/raw/rows/trial-05-mpfr-reference-32-add.csv	467	732e794d914384ee997ccde6042162b6191e4a92f83c29adeea0eadf9a66ec51
benchmark/raw/rows/trial-05-mpfr-reference-32-div.csv	468	2c31e1a7c5a78b1f1ec60634e5cf3aa30a062ee1276ae7086de5b5fe8513514f
benchmark/raw/rows/trial-05-mpfr-reference-32-fma.csv	468	22d871bf23f3dddb177668c486b2f274ac1c582107243ed52b4d2f5d7c16781f
benchmark/raw/rows/trial-05-mpfr-reference-32-mul.csv	468	bbdcf2ca1ef3bcdce84e8fb0ad186c8d4a18aa564e6d0d87d50b927069099cea
benchmark/raw/rows/trial-05-mpfr-reference-32-sqrt.csv	467	dffca1f9ccc1954a75ee95320c122502ba810f1a51a08904c39fb09a34feac34
benchmark/raw/rows/trial-05-mpfr-reference-32-sub.csv	468	294b236dd39aac46f8f92d6332c4ad5046d0ef812cf0d54eaff7dd9ba2e52944
benchmark/raw/rows/trial-05-mpfr-reference-4-add.csv	464	1b7185c7304790a6204cfd75a5e0ecc82994ef196603ff270c45e9e6086d1bf0
benchmark/raw/rows/trial-05-mpfr-reference-4-div.csv	464	db19bfb16d468c0c5163e8d9aab7603acca26ab24b5fc79bf595f0659adc4752
benchmark/raw/rows/trial-05-mpfr-reference-4-fma.csv	465	3e2d4ed617cb87c5df85af8557bbe99900256937b024b87acfeb213fc44ca6f3
benchmark/raw/rows/trial-05-mpfr-reference-4-mul.csv	464	ba9d25d92641aea1ccdf4e088c91d4c1e626921c27fb5545f1cea833471e77f7
benchmark/raw/rows/trial-05-mpfr-reference-4-sqrt.csv	464	7cfc4f0fabfcdb3ba61b89bd323d275cff98b45b081967e27a4e711452d53f10
benchmark/raw/rows/trial-05-mpfr-reference-4-sub.csv	466	977a1d73e46e90181c92a910fd752d56517cbc02c83cd82943d9c6a5316cf5e9
benchmark/raw/rows/trial-05-mpfr-reference-4096-add.csv	474	31f6cd419b43e1b07d63ed9b07096a1aba59bb884d0cf6645d3438bc67e25026
benchmark/raw/rows/trial-05-mpfr-reference-4096-div.csv	474	e929ff5840d247c37009a62c2579e8ff884b2fa79b68b277164e63381d027ca5
benchmark/raw/rows/trial-05-mpfr-reference-4096-fma.csv	474	300f8f2854564ea941a41fc191b51e7528fcccab787a133476571e369b300da5
benchmark/raw/rows/trial-05-mpfr-reference-4096-mul.csv	474	3ff42a5c47ba22b76f50e4eb57296bf45a7922c1d47178c19dc3d8bcf3629e57
benchmark/raw/rows/trial-05-mpfr-reference-4096-sqrt.csv	475	5fe377d9a07d392e5a1a6d2290b4994a5c3d66dbc720c6eb3a7a8450f151ee86
benchmark/raw/rows/trial-05-mpfr-reference-4096-sub.csv	475	5f2e720a3e996a1628b5a5d31491caa99d69f80494b6f5a3bb92f944c33c305b
benchmark/raw/rows/trial-05-mpfr-reference-5-add.csv	463	d803e2697b8666dd8cbc6adf0e50f96ce0730994d4af4607878a439fde595a9a
benchmark/raw/rows/trial-05-mpfr-reference-5-div.csv	465	a03b7f5e77baec466e92f4f8344d63636ae6f9d4e7a08fd30cb715a55249183f
benchmark/raw/rows/trial-05-mpfr-reference-5-fma.csv	467	4a7754d7290c2b7086adc63f33789c1a45ae2518d9a4d4e44e9d7e5aa4d8247c
benchmark/raw/rows/trial-05-mpfr-reference-5-mul.csv	464	0574d78a90fdbf82970c39efb958323acc10002e1ac06c79651a3b8f8aa584b9
benchmark/raw/rows/trial-05-mpfr-reference-5-sqrt.csv	465	eca714769a506b4d1d8d8267648632be9f86f50b5a851ef7de5c1c23d2af59e9
benchmark/raw/rows/trial-05-mpfr-reference-5-sub.csv	464	a297acb41e92f717531dc0544a474adf5e7f72cc4c708e2e6bc105a87e106dd3
benchmark/raw/rows/trial-05-mpfr-reference-512-add.csv	471	9166b3eea753482b499c2b0b6583308bed2086cd45e2ca066e7a0f721a797b43
benchmark/raw/rows/trial-05-mpfr-reference-512-div.csv	469	aac4000af26da58d103e5031805cd06f0d87b8c05832e4a38db446691c17457d
benchmark/raw/rows/trial-05-mpfr-reference-512-fma.csv	470	df315b4524de0bb2e79f14d49fee86ce6441847ce72a9a16419b4cd7179b5a98
benchmark/raw/rows/trial-05-mpfr-reference-512-mul.csv	471	3ac9814f03f79c74d6a2ad33795de0ac25ae827f8a57cd043a2cb3126e12c3a5
benchmark/raw/rows/trial-05-mpfr-reference-512-sqrt.csv	474	b6054f4201a722b5abab659b475e8acf3da3b0c73bc2d84d6338d7f6c69d5286
benchmark/raw/rows/trial-05-mpfr-reference-512-sub.csv	472	8b2bf5c132f49955329ee6342f09954e7253e41c1dfad21b84cc70714b784eab
benchmark/raw/rows/trial-05-mpfr-reference-6-add.csv	462	bcba68f760e0ebc42359e8fa9d5e5cfc678939a9d8f688c1b49bdf4c29eff40b
benchmark/raw/rows/trial-05-mpfr-reference-6-div.csv	464	60e0bc036d52392e6e25dbf39ba51615d2422d58f986b05fc1cb82d250b92a13
benchmark/raw/rows/trial-05-mpfr-reference-6-fma.csv	464	1eba8b4349cb1f60fbbcdc807cba45ebe20d510f2fa4419e177187157a6d5819
benchmark/raw/rows/trial-05-mpfr-reference-6-mul.csv	465	d3592bc6b009b4b3e2c278c7de5fa433cabee0a01def6cd9df347c6dd799ed29
benchmark/raw/rows/trial-05-mpfr-reference-6-sqrt.csv	465	f3ff1b011b8451255670bae945c2b75c4f43313ef405f55eb0913d3f050d8df2
benchmark/raw/rows/trial-05-mpfr-reference-6-sub.csv	465	581b1674442e8cd2605efebb12aac6165cf11612fd9b786e90344f655a578f3e
benchmark/raw/rows/trial-05-mpfr-reference-64-add.csv	469	8a7939bed134cf56477e0cb61a6c112ff17d30c3956ce6f7d894e3ef7c75e2b8
benchmark/raw/rows/trial-05-mpfr-reference-64-div.csv	469	bfd98700d39aa9dd1649e97c3d1d0e4a4bfef8549566466dba324ccd5da5caae
benchmark/raw/rows/trial-05-mpfr-reference-64-fma.csv	469	8722a93591b6c16e889fd7c70c3b634de01a8f48dd87ed4a2691c37c0c2b4118
benchmark/raw/rows/trial-05-mpfr-reference-64-mul.csv	471	2e94d8197c787a367740de6deb413aaad3f2a7f6372984bcdfad64f6fac5a937
benchmark/raw/rows/trial-05-mpfr-reference-64-sqrt.csv	470	0664acd47dfe6c97cca468c9a5905bbadcf1f4c602e469b0d7f7389fa3f976ee
benchmark/raw/rows/trial-05-mpfr-reference-64-sub.csv	467	243aa79c42a048ae89b6e6e23caa7a93b9198a34552c448a2306a66cb738453f
benchmark/raw/rows/trial-05-mpfr-reference-7-add.csv	464	7a23c804db6fc980a6770c6327d31f15e437711cce76638749ef5f46387a374e
benchmark/raw/rows/trial-05-mpfr-reference-7-div.csv	465	9ecce34f4cf6839bbab3af8bb83f496893d0b25491f85306816aed2a0292e936
benchmark/raw/rows/trial-05-mpfr-reference-7-fma.csv	467	0fa77002c16c2f144a769ba3377e96f4d40825685b2c17db5b185cf58b01e839
benchmark/raw/rows/trial-05-mpfr-reference-7-mul.csv	465	097165c6e932a608360b99589b81f23d22e2c6e6c35602430c5fec63ccc951cf
benchmark/raw/rows/trial-05-mpfr-reference-7-sqrt.csv	467	94d9ab7549fe4b68d2a4e468e6554fff01cd43492fd2735dea7ec8a2ae764ba6
benchmark/raw/rows/trial-05-mpfr-reference-7-sub.csv	462	68c0ae996c6f380894b74fd95f7917d813422ee35d81b4993082582f9094786c
benchmark/raw/rows/trial-05-mpfr-reference-8-add.csv	465	97e1302b4a3688bba8c8d286b281a5229345647094ba0e61d9d27a8ab3a21093
benchmark/raw/rows/trial-05-mpfr-reference-8-div.csv	465	d6ed707b4d2f3049e3f0871817efc993188e61dad61f2203385f6cf9064f4b4a
benchmark/raw/rows/trial-05-mpfr-reference-8-fma.csv	467	a8e7268ef2c68f8343d3ecf2a324646eb6611989ff4f04ae3efcafd972b96d68
benchmark/raw/rows/trial-05-mpfr-reference-8-mul.csv	463	0534a42a32fc386d7a413acbf8c6efac52a99d06e4b9365d19b2d1d2248a40b7
benchmark/raw/rows/trial-05-mpfr-reference-8-sqrt.csv	468	d46e0a7dffbfceb73a5b25315dfcb2dd185599db5ec69f37b5f28383832d837d
benchmark/raw/rows/trial-05-mpfr-reference-8-sub.csv	463	f5e5eeebcd337d5058b3886fb1d70b227ebfe2973a57bff89b9ad111ab8d3ea7
benchmark/raw/rows/trial-05-posit-software-1024-add.csv	374	e25545b89686e875d6136c5ec4aa0f4682caf9282f5bffac23c5a7fa4de1302c
benchmark/raw/rows/trial-05-posit-software-1024-div.csv	378	b38e452360a42921c012724a17abb89a739ac2393564bd35f4595c1328f85d45
benchmark/raw/rows/trial-05-posit-software-1024-fma.csv	388	21637e3b19e8951e3cca751b3d79682075bfe83a4eca509ed1ed3cf1a974c900
benchmark/raw/rows/trial-05-posit-software-1024-mul.csv	378	6c9315db9b46e2f61ec099448c5c6abe8402cde8b3b4a91526473a925bb9992b
benchmark/raw/rows/trial-05-posit-software-1024-sqrt.csv	383	cdb3f8e669302111f316e8193aa25ee49f333f11b37d0c5b6ae69f7c9a39d37e
benchmark/raw/rows/trial-05-posit-software-1024-sub.csv	380	9b49b0f7d181235fd13f3c7be26a800b6e57f282c7d106f73ce078a6dfa5bd1e
benchmark/raw/rows/trial-05-posit-software-128-add.csv	377	7d3621ddd74f9982c5c55b2241eb6bb2eec04d693b5dbc3f4a919716c3ea7023
benchmark/raw/rows/trial-05-posit-software-128-div.csv	376	a4824f770e15bb1de1b78a37512b04da78a9a6e21396936c59e15518809639ea
benchmark/raw/rows/trial-05-posit-software-128-fma.csv	391	aafb1d877b1e8f7e51eb7dc63019a3a81cdb3443156eee010ef0ddf37a4dce4c
benchmark/raw/rows/trial-05-posit-software-128-mul.csv	382	9ebdb868cb1fec8fd30a49af8903c0197bc17fc669741bdcbad9e7f84a90e50e
benchmark/raw/rows/trial-05-posit-software-128-sqrt.csv	385	095acd53e3c3a0e786f978c792bac967033fcaacec38529dad83c6d7dddb865b
benchmark/raw/rows/trial-05-posit-software-128-sub.csv	384	26f0211bc402f938e38990d3daf1806cdb7a468eb569ed16361745ae74fffe05
benchmark/raw/rows/trial-05-posit-software-16-add.csv	374	e6afabb8eec2fe8cce2aa05ae5759fef93856026083aca5dfba7426c97208a3e
benchmark/raw/rows/trial-05-posit-software-16-div.csv	379	82e3c409eea588be5676cab895415f1c1d80b0274ddec08688d4aa89877e76d6
benchmark/raw/rows/trial-05-posit-software-16-fma.csv	390	e4c569055ae71b363a9b83fe52021b52eb1be6d5c05735e078fa98772c7e4bf7
benchmark/raw/rows/trial-05-posit-software-16-mul.csv	380	bc5ea5614d93238e20cb9c8504ceb398db2b039bd51e31e5c800b5cead30eb8b
benchmark/raw/rows/trial-05-posit-software-16-sqrt.csv	385	ba37434215bc6eac72970a04a0bb8f28baa51e0bad1739705034847c6930f9b7
benchmark/raw/rows/trial-05-posit-software-16-sub.csv	384	8e6a538170c048721ddd2f461f84efcedba8a71235a981902262d614bff4b95d
benchmark/raw/rows/trial-05-posit-software-2-add.csv	376	3642335c2e1a488faf058237cb1880b225c2d22501f8a1d0433ee8ef262db80b
benchmark/raw/rows/trial-05-posit-software-2-div.csv	377	5222b4cebaf73f5ed2888a938288a2da994db41a6b3ab3ee7164f096fa780bcc
benchmark/raw/rows/trial-05-posit-software-2-fma.csv	390	1578b9f51c4d4b33940572449cc26d25c9311ef90bb3ec3efafee328e3a76af8
benchmark/raw/rows/trial-05-posit-software-2-mul.csv	376	be869c33dfab03cb14f909b1b7423d648724f376cd424459bdcecf86ef130dec
benchmark/raw/rows/trial-05-posit-software-2-sqrt.csv	378	54a8b55d3f5600d6d9436211a182df8c20c8b96592639e0f0dbbd57afee5097e
benchmark/raw/rows/trial-05-posit-software-2-sub.csv	376	ca96372198abbfa1d75484aaa5c9425f6481e7a3325e6b5ead3fb5e9e395093d
benchmark/raw/rows/trial-05-posit-software-2048-add.csv	372	48213fd911ec4babb2688d5e4510ea2ec8b458cb6918b6b45fb11ea1b394b2ba
benchmark/raw/rows/trial-05-posit-software-2048-div.csv	378	010e16de8e68699b8cfcbf825df8a54aa010c481eadd13fb433cfbf8f9be6d6f
benchmark/raw/rows/trial-05-posit-software-2048-fma.csv	387	b529410db560d8804ff61320318ca16b07d7ffd26f782e5c57192d2f98eed220
benchmark/raw/rows/trial-05-posit-software-2048-mul.csv	376	f9b3898f6ba0b82b5d5345ae3b3a8032937b5f2e1cbfd4fe297576c5ba912ddb
benchmark/raw/rows/trial-05-posit-software-2048-sqrt.csv	383	99325f276026f3c109d6e58240ea4e60270767728cd1f85bbb27cecfdc34025b
benchmark/raw/rows/trial-05-posit-software-2048-sub.csv	380	1542bd6f949de4ba6e224c57e1c85ccc4586d3fd4f82d9b79ef011fa76d9030b
benchmark/raw/rows/trial-05-posit-software-256-add.csv	372	ecc1b042c7b5057e4593f44a2853f39086b11fae03443b16f72a45cb11f809ad
benchmark/raw/rows/trial-05-posit-software-256-div.csv	375	f77cf2c37f12be974f71af9a550d79b04ced6773a99a79fb578eda1d12b46c84
benchmark/raw/rows/trial-05-posit-software-256-fma.csv	386	b1b63da2542c05f0e0afdfe1de1fe6c6c082080ff11d701e902acd4a0cc04ee8
benchmark/raw/rows/trial-05-posit-software-256-mul.csv	376	781495247df8984e0ce1d759e9bb8a4b1ce4a13fb83a9c6be7341ce95fc1d011
benchmark/raw/rows/trial-05-posit-software-256-sqrt.csv	383	8ab7336da34651cde07a2dc89d54d9467b58e71a1cc4c5db50e7029c9af48516
benchmark/raw/rows/trial-05-posit-software-256-sub.csv	377	4ae69eb75cefe26256b28eb14d349a715a6e9b379cf31268d82b55ebe1b5463a
benchmark/raw/rows/trial-05-posit-software-3-add.csv	375	b1c87803eff4cc685aa62924b46bbdb5989eb903f7052c8449742d113a3a238a
benchmark/raw/rows/trial-05-posit-software-3-div.csv	376	48c3feb707326f5f767c3c855f140c8fa604aee922fd6819a603378c94f58fe3
benchmark/raw/rows/trial-05-posit-software-3-fma.csv	387	7f074cda9dd1b9f409ec609e22dc3621663401bd5de284f3fed2a1ab72238f80
benchmark/raw/rows/trial-05-posit-software-3-mul.csv	376	8eb3e68d64da43fb380194e645f92169ad34ebdc78575d3b1109c6ad74d3e874
benchmark/raw/rows/trial-05-posit-software-3-sqrt.csv	378	39e6b437f2915620a4fa31ff9feb41607207eb196beda1aa32bcb1317d099ca8
benchmark/raw/rows/trial-05-posit-software-3-sub.csv	375	20113c9d2adbf2d4373f77672493fc076e2cf18133dca03ebf3a9c71034f6f80
benchmark/raw/rows/trial-05-posit-software-32-add.csv	374	b3255fef09e72c469b7ca5411d490eb507bb414f932ab6e960a717c3e4ca3d48
benchmark/raw/rows/trial-05-posit-software-32-div.csv	379	54a9e079b072b32553320389cc1ac3f6f6457a692cded9f8eeaccafd170f979f
benchmark/raw/rows/trial-05-posit-software-32-fma.csv	388	58181160ba8dba88495139f2348189384526030f4e74a0690a84339794d2b52c
benchmark/raw/rows/trial-05-posit-software-32-mul.csv	379	67ebebc96311064897bb4198166b8b4bee7dc01270851751d51a06a810d6984e
benchmark/raw/rows/trial-05-posit-software-32-sqrt.csv	383	95c3c8a31c1891cf25fbff49e1446804c9e48062d7e1816b3f470cd93a1835ed
benchmark/raw/rows/trial-05-posit-software-32-sub.csv	382	47234a20b9306a34a62b8c83e48bfb760baec6b39eec9eb00329952bd82e348c
benchmark/raw/rows/trial-05-posit-software-4-add.csv	376	f7f190198bc92ae23d6cf231ee17ec08dc0192ae2d959f80ab8c8dee076ee73c
benchmark/raw/rows/trial-05-posit-software-4-div.csv	376	751c5c346b3dcbf0d831a26011bd0d4d0840cc6a2b634c5a223d20ec29a57c6a
benchmark/raw/rows/trial-05-posit-software-4-fma.csv	389	c864df4f9773394fa5b7855d1b46aa28d0d6a4416d05d4e0e19e75b2b5584b8e
benchmark/raw/rows/trial-05-posit-software-4-mul.csv	376	4ac725dc2bb69decba8f0a7bc23dd9d77a78af5e0fbec8fd925cd3b00428f53d
benchmark/raw/rows/trial-05-posit-software-4-sqrt.csv	378	2a354b79f35356ae92d6abe6b9c058b0331b608a378d921e4ec2152790d240f9
benchmark/raw/rows/trial-05-posit-software-4-sub.csv	376	957d33d2c9feff51ecb04f8166f42ff223aeade2b5635ae52c07d64670765849
benchmark/raw/rows/trial-05-posit-software-4096-add.csv	373	ff5cd5a6a4248cb1383f47f7390f2dcf51b01a276afc87da18143e4cdb2e6c12
benchmark/raw/rows/trial-05-posit-software-4096-div.csv	378	e98598ff3cfb166c3bbd6cd9d91681e500fc822852b487398ba1f4c1b38ad025
benchmark/raw/rows/trial-05-posit-software-4096-fma.csv	387	0ffb42cd17326201a8205e15890d4c4b8b40a7c0d97902e9db72dc02f4d257d5
benchmark/raw/rows/trial-05-posit-software-4096-mul.csv	378	a0052fc092118c44ae37d6185e15a13e68feb960e68ede6c81459b83904f7d60
benchmark/raw/rows/trial-05-posit-software-4096-sqrt.csv	384	cb14fd0daedfa0af4be7e44a91b0b08e34570adfa4e8569d1d419f6c593e15c4
benchmark/raw/rows/trial-05-posit-software-4096-sub.csv	380	661851d94c70dbb64fbc317e3d24a9ea96eb022168a808ea5c1c302c54ca345e
benchmark/raw/rows/trial-05-posit-software-5-add.csv	376	1254e716ef6994c6273889d547b33ee9624235ece2dc10570aef8c48b3a7b358
benchmark/raw/rows/trial-05-posit-software-5-div.csv	376	d9955423402922ceec65bd71ecddfb4a2aad85272c975fd87eba64d26be8229f
benchmark/raw/rows/trial-05-posit-software-5-fma.csv	389	d7eb9e017183d4f232448a488e3273cec19dab065959624446750715bb9e88da
benchmark/raw/rows/trial-05-posit-software-5-mul.csv	376	ee2897ea3925133c44687a1d31e98c222c31b52cc2facedaf3ab5769cf8212cd
benchmark/raw/rows/trial-05-posit-software-5-sqrt.csv	376	28ca8829bac08c8a3503b028585a3fbbeafeca72797f3b2af994e8d334dfa7d5
benchmark/raw/rows/trial-05-posit-software-5-sub.csv	376	d8efcdad40817289ef5478854dfc17cb38fb266dbbeee513b6f6aab8ff3714ca
benchmark/raw/rows/trial-05-posit-software-512-add.csv	370	ef6ca4cc70d74199e514db8af0fcecaf411df30952bd859852ab8672903a652d
benchmark/raw/rows/trial-05-posit-software-512-div.csv	377	f2b156cde4cb27b3c040b46a9762ce0ecea9cf80a8ec1d56015b9a4bc1443efe
benchmark/raw/rows/trial-05-posit-software-512-fma.csv	386	bf82daaf66867cd0d33b5b6afe31d077bcc318d2393095c209c53a6dc8f1cc11
benchmark/raw/rows/trial-05-posit-software-512-mul.csv	375	225d2c081bad1e5a5378ef50f9bbba7a5c628898ff30ef9f9cbd686d6fd9025e
benchmark/raw/rows/trial-05-posit-software-512-sqrt.csv	380	00c12287da0a8c8ab90694a1fe9ad09d0fa63174a6b3cddf75921c6ecf1d3dbd
benchmark/raw/rows/trial-05-posit-software-512-sub.csv	378	41388565265e24b1fbae3ad1ee0f9e2fbe9887dfb0a0af672ea91c3174051dff
benchmark/raw/rows/trial-05-posit-software-6-add.csv	376	6f6a4ff42de4b57e091a03ed04a80cd5de81b4e2b3c35e733a7e2d4b0cc6a872
benchmark/raw/rows/trial-05-posit-software-6-div.csv	377	e78bee0c13a309bc65755043c169f8f0dfd403285318998ea1ab1812935ed7be
benchmark/raw/rows/trial-05-posit-software-6-fma.csv	389	2027391ce349e260b4ebc78af2bc415bb8090a3401fec8f47682b3e6c5b807d9
benchmark/raw/rows/trial-05-posit-software-6-mul.csv	375	4bb801f28fe9468fbd974d37f206f570b3c456e420d8d30a1a3ef1886eb18487
benchmark/raw/rows/trial-05-posit-software-6-sqrt.csv	376	422c5fce60595f07fbf226678e5632db8c3ce65e20f93aaa10cb769aa84e8408
benchmark/raw/rows/trial-05-posit-software-6-sub.csv	375	4e111199f03ab4bdc2e19fa5c89168715a91244b8b62012e3a26ff300918b32b
benchmark/raw/rows/trial-05-posit-software-64-add.csv	373	d360b250d6c3ba8beec829ac8fb756208e73645c3063de047fdc3fd399116eba
benchmark/raw/rows/trial-05-posit-software-64-div.csv	379	da7f6f556238694879a54d3fa4e021eb19b08f346919fd93e29ff18dd16e11c6
benchmark/raw/rows/trial-05-posit-software-64-fma.csv	390	45fa326e276453745d5ca6484dddf04c10d51ab30754593fee9bb6d8be70a968
benchmark/raw/rows/trial-05-posit-software-64-mul.csv	379	8a033e2709cc237863785148d891de33eb892c95454a8945d787b0ce0ac6abda
benchmark/raw/rows/trial-05-posit-software-64-sqrt.csv	383	cc300fc127a2a119e3dc3559c6e5314e4901387a7a3380a0bd2c60b5e8f6d05c
benchmark/raw/rows/trial-05-posit-software-64-sub.csv	382	fc74ec76d2dfbfebfa5a2dc4dcf1702afa8541b7f3f79e85e0afb941b141a8a9
benchmark/raw/rows/trial-05-posit-software-7-add.csv	377	b8d3296f162802ef766df236cfa91aae7ab2d7761fed1be7d76b12629b96a792
benchmark/raw/rows/trial-05-posit-software-7-div.csv	377	2c7a05f4c919c0fb63ab576e79e9e48d6d72da52535d66291bdb2ad0b28eb3fd
benchmark/raw/rows/trial-05-posit-software-7-fma.csv	388	f795cb23f62658e06df541b02fcb3f029c93f852e8ed469bf1c75d3665ac8ba2
benchmark/raw/rows/trial-05-posit-software-7-mul.csv	377	6bbe21876d380a27b72fe609e71a7ec4eccc770dd163d1c2c740a391ce4fd36a
benchmark/raw/rows/trial-05-posit-software-7-sqrt.csv	376	d180aebe4f0478d26553423fdb57c8c8c4bcd594ad679c9b26eeb2763e3d01dd
benchmark/raw/rows/trial-05-posit-software-7-sub.csv	376	dcc3a8dad0e8272abe4342fa81c78e2439fa881501b66c52e4c5a594882bd47c
benchmark/raw/rows/trial-05-posit-software-8-add.csv	375	fb61bcbc1b7819ab7d8ae91afec5c395af19d165cce3a728f97d331b656bbd72
benchmark/raw/rows/trial-05-posit-software-8-div.csv	376	c84e5ca554e59e2c9d9eae905a500af53c7fc0331245205d47339695d0d79643
benchmark/raw/rows/trial-05-posit-software-8-fma.csv	388	c211b76ba1b90e2f8ee749d81e7121e73d8c223f465d0f310dec43ca3c7df887
benchmark/raw/rows/trial-05-posit-software-8-mul.csv	376	273e369f353711bfc639ea69161dd6bfa3671ac504ecfb47efe441af18789c06
benchmark/raw/rows/trial-05-posit-software-8-sqrt.csv	377	9862f55e628fdcd4179200a57d0153a20729c0c23160ab65cc00ece56601c791
benchmark/raw/rows/trial-05-posit-software-8-sub.csv	376	c663673c818334f4faed8f9010a399faff8f02a27695c804b996a317243b3cb0
benchmark/raw/rows/trial-05-softfloat-reference-32-add.csv	418	f5e32ab9349e131b7c383ec3783d76e5e860d49c8ee52d062413eccb41a70879
benchmark/raw/rows/trial-05-softfloat-reference-32-div.csv	418	f42c18b008115e824f23c411664d93da1f71bc6797e77fc5f33beddc685668fd
benchmark/raw/rows/trial-05-softfloat-reference-32-fma.csv	419	78bfcefbbe86e54c2667e48f7eeb196b314e31fc33aad1bfce18eb5525a9c6d9
benchmark/raw/rows/trial-05-softfloat-reference-32-mul.csv	418	c80600393f1d3863d73e94695d1d0b1720108031577237d15e105061ea4535df
benchmark/raw/rows/trial-05-softfloat-reference-32-sqrt.csv	417	d00b29f392495ec1ae817a1b89b562248a9ead444e043383d45d2ab805e3bdd4
benchmark/raw/rows/trial-05-softfloat-reference-32-sub.csv	417	0011c8f33c45412386c5f39b91dd69a6debe12bc35163f643b89bd91be526437
benchmark/raw/rows/trial-05-softfloat-reference-64-add.csv	418	29d13b55602404997cc752469ff56badf9a896ff098710cc0c3e43fec1d8e983
benchmark/raw/rows/trial-05-softfloat-reference-64-div.csv	417	fb30548efefa417b1e94c044f9c8c19802b67f8821618d51d4253b2f8abb68be
benchmark/raw/rows/trial-05-softfloat-reference-64-fma.csv	418	f241524cfd60797bfc76b63d95879e7be747a9fd8fa823d9691f3b41d7a3cd48
benchmark/raw/rows/trial-05-softfloat-reference-64-mul.csv	421	936dc474cb66a03d61a8c600bf638a61018079993f61c686caf8a85274836b31
benchmark/raw/rows/trial-05-softfloat-reference-64-sqrt.csv	420	ba6615d679dbe469c868d892f14723646fa6a76bff12b64b84457cde916a6404
benchmark/raw/rows/trial-05-softfloat-reference-64-sub.csv	414	5e499073e010cd358b867ffafb360bda54717c4ae899607a9eb3b3dcec615774
benchmark/raw/rows/trial-05-universal-posit-1024-add.csv	447	694df343ee175d0b02f1efbe9c6e27fdec22ef28cbe1fac6fd7240f72c8f7215
benchmark/raw/rows/trial-05-universal-posit-1024-div.csv	444	ec96f4c85d4051103435caad02b5c79402c462f2119ac33d05ed13fe38fe2b98
benchmark/raw/rows/trial-05-universal-posit-1024-fma.csv	442	783c14b7250ee40c881b7b263a2ca9ac2d70fe13048d6d3ee7726ec022f48614
benchmark/raw/rows/trial-05-universal-posit-1024-mul.csv	445	01f544621a354b49e489cff0370e837474f68ea7653f6fd815df72bdc858a2d8
benchmark/raw/rows/trial-05-universal-posit-1024-sub.csv	447	83c017a9b32c5c6e07215279fa09220c3f127a3d958da43daf38e8afd09de2cb
benchmark/raw/rows/trial-05-universal-posit-128-add.csv	442	299f168996c2b805346e8dbfd07ceacacd73eb3ec7dcdd910c40a00d74b0baa2
benchmark/raw/rows/trial-05-universal-posit-128-div.csv	444	c2027ac4b30daa8f3c1652906b4e688fd70f4847a3f8b45427c9f99c1887c98e
benchmark/raw/rows/trial-05-universal-posit-128-fma.csv	443	288c4bdeca45bbd42c9947ce8a8f9a82eb5ec089886cce7ee2099cc2482dd5b8
benchmark/raw/rows/trial-05-universal-posit-128-mul.csv	444	7c7aa80e8731d6604417d794182c789c4ff73d89d0c934ef8d7ce950c3ac8188
benchmark/raw/rows/trial-05-universal-posit-128-sub.csv	444	4205a507a8a80b7c287f46e8936402e432e5eedeeb4d3585eaf20ee9881c24c4
benchmark/raw/rows/trial-05-universal-posit-16-add.csv	443	8385451cd94184f117dd91c8e42dd149515fcb3e51bb1fe4d44f8852c3e7b0ad
benchmark/raw/rows/trial-05-universal-posit-16-div.csv	442	04d6355cce7ec6512792580d815a36a04771582ba78e5ef6964074ea26d284e2
benchmark/raw/rows/trial-05-universal-posit-16-fma.csv	441	290e84b3bffe415294bd9f86a43a422c4d57e613ceb591f65508ea5d4a30e356
benchmark/raw/rows/trial-05-universal-posit-16-mul.csv	441	498736435fc90c1eed2078d33ee4e2bb84c8ac6ea39b98017078f97e84918314
benchmark/raw/rows/trial-05-universal-posit-16-sqrt.csv	461	89349d10f33d0ddd17bcb50ab25b6e2d1ae10b2d8378ad9e553ce2f6246d68f1
benchmark/raw/rows/trial-05-universal-posit-16-sub.csv	442	68c1404be53c6bdc66746ff96faf20cafcfd82888f22941dc1e6c49ad09a4b25
benchmark/raw/rows/trial-05-universal-posit-2048-add.csv	445	e12a72dd89389da2b0a06318024c4359853721fc2ba85c34ef91a65786867a52
benchmark/raw/rows/trial-05-universal-posit-2048-div.csv	442	7906472eb098f738ef5e2b19d6d66aa21baa5cb45e2375e00438c55c7b611c08
benchmark/raw/rows/trial-05-universal-posit-2048-fma.csv	444	026a5042b7182fbc43688dbeee27d297e51ecc914174eb84ca0b452fa6f4ac8b
benchmark/raw/rows/trial-05-universal-posit-2048-mul.csv	444	2ec06a922a602d46d0484af0edbc2672b2cafe8784c205b9edd305ec0321d330
benchmark/raw/rows/trial-05-universal-posit-2048-sub.csv	443	07f7e542b36863ce64409e8ccbec2fc97cdb78877d09b18ae16820b3fc7d459e
benchmark/raw/rows/trial-05-universal-posit-256-add.csv	442	b73af61fc3b306aba2cc5827cc5d0044ef37bb553f70810d07761d905e0df9dc
benchmark/raw/rows/trial-05-universal-posit-256-div.csv	442	5a97c02124e4fd8199331f27448d4fb87d0d524e05c1b9490143b11b727f2513
benchmark/raw/rows/trial-05-universal-posit-256-fma.csv	443	fe976cba0b0b3a059aec9c0cb495f9a67e5922a4d1a96f1ed68508923a14a7ae
benchmark/raw/rows/trial-05-universal-posit-256-mul.csv	444	3dd662034052db50a6865911dcf74221b4d23e4ff298561eac363ed8da3bd3de
benchmark/raw/rows/trial-05-universal-posit-256-sub.csv	443	b2f2210154d9f8d337c5b15f94eb4a967556b1e66c7a6bd9d6d7d62b7cba3c37
benchmark/raw/rows/trial-05-universal-posit-32-add.csv	441	37ee13df096a9da66ac44ddb06ca1a9829dd62ba903d6cbbefe7a7f123d67c39
benchmark/raw/rows/trial-05-universal-posit-32-div.csv	440	66cb57f37a17f714b70919d6f1231f9a03339bb4ffdbbffc22e77a6bf66ea272
benchmark/raw/rows/trial-05-universal-posit-32-fma.csv	439	364808eb8092a17d0393b68e3cef7c88cc0b34fcba66c46d9389c0a2071f609b
benchmark/raw/rows/trial-05-universal-posit-32-mul.csv	442	9521acdc1d69970192626c5779cd5bee5b732094878e74f6c54743f983b07c4e
benchmark/raw/rows/trial-05-universal-posit-32-sqrt.csv	460	92c2adbf24f5dfa26ecdcd9e8ebd856241fdf8b0954b47f319dbee96b35b2b44
benchmark/raw/rows/trial-05-universal-posit-32-sub.csv	440	6d1bdad8f7fe55827f9382b68d0e97f9a599bc345a74e89b878b50069f1b9814
benchmark/raw/rows/trial-05-universal-posit-4096-add.csv	446	62ca080f3ea85885e90cd7421efeb8224439c1d0bc6340f975997a0efc12a791
benchmark/raw/rows/trial-05-universal-posit-4096-div.csv	443	bdebd4987a1f35486cc0d2b7b5dae9b80b1880daa46dcc2910fd2684ada1a62d
benchmark/raw/rows/trial-05-universal-posit-4096-fma.csv	443	440de7759ef5d34a8d4977b628559c2fe8ec49b521d7d7859d781d2a5557f3ca
benchmark/raw/rows/trial-05-universal-posit-4096-mul.csv	445	aeba9321d8f472c66361475f8bc3ce15b13e9505c4b6dedd81a0f731cff37ccf
benchmark/raw/rows/trial-05-universal-posit-4096-sub.csv	445	66c3ea8b3cf85ca77c91289a24f0ace666cf7b4eae7a63de9c49fc9b32a9941b
benchmark/raw/rows/trial-05-universal-posit-5-add.csv	438	11ee3d31ca08c5fd447f301e4e2559d943b26e6484a0bcd80c615f75b68ba161
benchmark/raw/rows/trial-05-universal-posit-5-div.csv	439	deeee833f84679ad5ffffca4457c2ef05ebee0df0658293b772240c32c56ab23
benchmark/raw/rows/trial-05-universal-posit-5-fma.csv	439	a0a63f467ce2b2d99e444c64579a95dd14242c9d13d89d5502dd826a28836367
benchmark/raw/rows/trial-05-universal-posit-5-mul.csv	439	ffce66e610d945b2f99291f340a7d249eb08b50433a5ba3910dd37cb37744ea6
benchmark/raw/rows/trial-05-universal-posit-5-sqrt.csv	458	c563e76349a0c61c357887bc30f214868d307150d59231a2c90babc0395d9c5f
benchmark/raw/rows/trial-05-universal-posit-5-sub.csv	438	11918c90b4cad25f8c079b793fdbfd322abcb5dbfdfb89c05620856947aa2f55
benchmark/raw/rows/trial-05-universal-posit-512-add.csv	442	2430883e21e73cac76e20de780e4dd74a5ce91fe28aca3e79fada0acd1225c05
benchmark/raw/rows/trial-05-universal-posit-512-div.csv	440	c6050e8e5f26642119d329940d204741722501104ac16df77ad0d1e5552a467f
benchmark/raw/rows/trial-05-universal-posit-512-fma.csv	442	4d83d70b015222a255b42b27146d42945fd9647b021815ca7105ceb8feb952a8
benchmark/raw/rows/trial-05-universal-posit-512-mul.csv	444	1dc3f7722137fed0eb58b9e0fc376c1ee805737ca5cbeb03e8564207ef1f5b58
benchmark/raw/rows/trial-05-universal-posit-512-sub.csv	443	fe5ee35d1a4a49bbd2e0c09362cdaad041ea4ec43bc359e57a6e886b60115114
benchmark/raw/rows/trial-05-universal-posit-6-add.csv	438	a2ffcc87eddbcbd281d36c5e2b38b06c730d3310f70265517c3f95e30f9a06b2
benchmark/raw/rows/trial-05-universal-posit-6-div.csv	438	5b4420e7d6816f444481c1ae07f4f5d3a07a73514bb4ca152ba1ebec53051c90
benchmark/raw/rows/trial-05-universal-posit-6-fma.csv	439	971fb4af357a1b12810781fa2b898b41adbf940fed05e0b4ea4b190506c378d3
benchmark/raw/rows/trial-05-universal-posit-6-mul.csv	438	b589d25b1e88a3b2d414bd888a44123fb5a0d8d73faef802dfa27468d084cbbe
benchmark/raw/rows/trial-05-universal-posit-6-sqrt.csv	457	fd499b5dea202dfa0cd8f3830de05798340752c0fd87e6878eb240172d62b90d
benchmark/raw/rows/trial-05-universal-posit-6-sub.csv	438	9a4eff9346f5651415c93be11cef6d6151989ed166c6fdf75e1a472e3078adc2
benchmark/raw/rows/trial-05-universal-posit-64-add.csv	442	0b8996089f1cb486cf8a09cf836949a6ab1934082894eec1c2a28fbcc6ce10ff
benchmark/raw/rows/trial-05-universal-posit-64-div.csv	441	7a5d16d12e3ee9b91662bed245d8179e6804b4756d2921523a05a4acdae3af34
benchmark/raw/rows/trial-05-universal-posit-64-fma.csv	441	5e98819664febd4b6c97a28af771f3d596cd622c7952a2414b387caf6b6f8b48
benchmark/raw/rows/trial-05-universal-posit-64-mul.csv	440	814677b1b3fbe8faef41fe9f4e679c51a0cb1c857c06f373315999ef32b6079b
benchmark/raw/rows/trial-05-universal-posit-64-sub.csv	440	6babb8ff464c52880dd7c362ca1a8c270889aa95743bc9b988f2d27d1642f13e
benchmark/raw/rows/trial-05-universal-posit-7-add.csv	438	f369d4aa112a9be877d87961cf03876553df88393fb51500be8822df34b48e94
benchmark/raw/rows/trial-05-universal-posit-7-div.csv	439	f2ae988dec0d6d68678d914c0d8061fbd7aae722a9394a38724ea6c36729a5cb
benchmark/raw/rows/trial-05-universal-posit-7-fma.csv	437	c1597e740ad66e546a3ed0eb0a41bb6307ae076b1bc99ae4f89a019d5dd5bc8f
benchmark/raw/rows/trial-05-universal-posit-7-mul.csv	440	5864e4ca9345e8bc21f48fb2f87f6aa14c449f3ec93280b0f2553f0d24b876a8
benchmark/raw/rows/trial-05-universal-posit-7-sqrt.csv	457	7876ea0d39ec1ba9366ea1a66197d69cad2a7fc76f328e14f51a25e6234b03bc
benchmark/raw/rows/trial-05-universal-posit-7-sub.csv	439	87dda2cd2613e06053e9e741f1a5678f476cca5e41ae176b013d135975771264
benchmark/raw/rows/trial-05-universal-posit-8-add.csv	440	894b976219e0cdd63b8796ffdeff5a5384fdb61e23707859eec5ed9d36d87db9
benchmark/raw/rows/trial-05-universal-posit-8-div.csv	438	6b73dbb3274763b744c42abafb421ed18bfcbb662ed260f11756cefcd7bd216a
benchmark/raw/rows/trial-05-universal-posit-8-fma.csv	438	17e6697d587065890da0c331f5554b9d1f23f26390f6a7cf4c4caf1d6b790872
benchmark/raw/rows/trial-05-universal-posit-8-mul.csv	440	1d0fe0b924568c2a71340b32565f597e67cf16fbe740cdb474442d1fbb2ce0ee
benchmark/raw/rows/trial-05-universal-posit-8-sqrt.csv	458	7aa337998c5a1ba72f5746b972861da428f48f74499b3739dec2b1ea3fca62b3
benchmark/raw/rows/trial-05-universal-posit-8-sub.csv	439	ea18ef62dadb9f79b2b6e5e54e5dd6aded331981a51460e40f7adda1aa738e06
benchmark/raw/rows/trial-06-binary-native-c-32-add.csv	405	8de2c6837fc671a0ee05027f615994ed1c21bc748b440771591f658b18ac1b37
benchmark/raw/rows/trial-06-binary-native-c-32-div.csv	406	b6ce6476978dff8ed5694d767f59a00e9c8ca83069e6f0c1e4fe523136962c79
benchmark/raw/rows/trial-06-binary-native-c-32-fma.csv	405	d41e14c16d37e29f7e3645172cf3a931f101b557d47a2a5e4e76ca307286196d
benchmark/raw/rows/trial-06-binary-native-c-32-mul.csv	406	6fbabeb7203f5ec800e7013d7322140f7599d39581386ff31601c8545b2f104b
benchmark/raw/rows/trial-06-binary-native-c-32-sqrt.csv	408	32008feb9626e15f2b5da161744da1ae5dc085bdbf1dfa9f50e4fb5482430bad
benchmark/raw/rows/trial-06-binary-native-c-32-sub.csv	405	3fdbb634702a485ad21ebc4224620ad2e0ea37c70c90317f8aa17d5d4968fd58
benchmark/raw/rows/trial-06-binary-native-c-64-add.csv	407	b96935db1bf6332701d8ea37747e2931f23669029875230f0980a745f1f49734
benchmark/raw/rows/trial-06-binary-native-c-64-div.csv	407	2b00cc047cb5fe9c26362f1374d64613aa36c824e8d7fa96eef18de6dc66b138
benchmark/raw/rows/trial-06-binary-native-c-64-fma.csv	405	ba0094b670936d1b0685cd3de12780e16f62de0479f7fd9bd471a7d50242eb26
benchmark/raw/rows/trial-06-binary-native-c-64-mul.csv	408	75823e4dcf14afc1fa7ff06c0b2253871152dfaa7f80ee6193e40a6e9fa8c846
benchmark/raw/rows/trial-06-binary-native-c-64-sqrt.csv	407	60ea9768de5dfdfe4bccb26970b6d1a963e90cda8539d13a72f58fda4a9144ac
benchmark/raw/rows/trial-06-binary-native-c-64-sub.csv	406	4a50ae517307b12d3361c49805871576cd89a1eed60a3cd98826cd62685be711
benchmark/raw/rows/trial-06-binary-software-1024-add.csv	455	7ffa056d250a6c17898c9a6e63ddc2f964a55a2022909845468a3113d4548b39
benchmark/raw/rows/trial-06-binary-software-1024-div.csv	453	a5b8e755324c28c09fc1513659aee030e9870aba90052cca85d547f14efa8ba5
benchmark/raw/rows/trial-06-binary-software-1024-fma.csv	465	cd2f974f921906ec5c48718243d90fd3d195d506ca295003eee908b3556a4fe0
benchmark/raw/rows/trial-06-binary-software-1024-mul.csv	461	92549c4ac1bbec8d96bac4b678e45f3fbca6b4610822752df17a6a6e499b4e54
benchmark/raw/rows/trial-06-binary-software-1024-sqrt.csv	459	b02d12ed2fe61fece128e5c09e5203fbca892de8597d080f77ebcf9c37a656c4
benchmark/raw/rows/trial-06-binary-software-1024-sub.csv	459	acf007903e5d491dc62e9daaad1fbd141bf87ca43f83c5acf78109016170ce17
benchmark/raw/rows/trial-06-binary-software-128-add.csv	437	baf8267ad895662d86f027e342468784bc504907c484b7811291258fdec7a81b
benchmark/raw/rows/trial-06-binary-software-128-div.csv	441	9b6d9f777532374a8fbb971f8cc019c0e4cf31f2b4ce587cb509061d7bcf178e
benchmark/raw/rows/trial-06-binary-software-128-fma.csv	449	9787da972a512da721029098da68ba0670df4a0f9add0836acaddfffe344519a
benchmark/raw/rows/trial-06-binary-software-128-mul.csv	446	5420e6ce1c8a88a06ae010b58bd330f3c229497e92eb7634436ae8816e1bc0e1
benchmark/raw/rows/trial-06-binary-software-128-sqrt.csv	444	c95b1f99ad3e9b554b5868c567a88600eed02ac3680a2921d581bc72d75321be
benchmark/raw/rows/trial-06-binary-software-128-sub.csv	443	81f057e1c887830980a97e3810ac539882af1d0e4bd21afa2df60abb33d6eb39
benchmark/raw/rows/trial-06-binary-software-16-add.csv	440	fd679439a195017d5ba5f7d07a99567a0f6a6a5471bda6f1134c2c5bef36b6e6
benchmark/raw/rows/trial-06-binary-software-16-div.csv	437	667f920e798eddc15c2902385b122fa4cdf6357d072b81396468f91eebf4423f
benchmark/raw/rows/trial-06-binary-software-16-fma.csv	449	addbb6aba414aa02a49752981510d26c95867ad20d66cab462173899e68f7495
benchmark/raw/rows/trial-06-binary-software-16-mul.csv	446	8322309fb32477951f667bd296a8a4efdd1b93f529cde2b80ccd7f6424f2d9ec
benchmark/raw/rows/trial-06-binary-software-16-sqrt.csv	444	3bde5689b3f7fee9694a8734a134be625295e57598c18f6082e4e702eb9b4a94
benchmark/raw/rows/trial-06-binary-software-16-sub.csv	443	ec1dbcfe1042d6179f7ec4a54306a8c70802663c6125791b2e685f28ca8582dc
benchmark/raw/rows/trial-06-binary-software-2048-add.csv	456	a48ad6a61249794aff2930589087536000281c6ed361fd13fff510347b474c7c
benchmark/raw/rows/trial-06-binary-software-2048-div.csv	455	f31461e30c8046fed0f1b268d63d3bad50d2d0e7e182ce9178f13e268ac60286
benchmark/raw/rows/trial-06-binary-software-2048-fma.csv	464	442d8a846f3c270005897bbb1b63de1c2ebcfa098cd2976bbcdbd39c4204dd9b
benchmark/raw/rows/trial-06-binary-software-2048-mul.csv	462	37229b0f931cb7c3a37e77c6d95cd95e878a5baaf9074568ddce28924c18d88a
benchmark/raw/rows/trial-06-binary-software-2048-sqrt.csv	459	4d70546720753e943e5e1a2bb69b8521cae8d2737c68af59d23b59f1cd0485ac
benchmark/raw/rows/trial-06-binary-software-2048-sub.csv	458	3e77b7aff6a60422edd34d7f1397b6282f7480d346942267a3b098d9185eee4b
benchmark/raw/rows/trial-06-binary-software-256-add.csv	452	d9808207f471a2b0e22129b4dd219964067c00c79a36e8cb8d48b39edd447153
benchmark/raw/rows/trial-06-binary-software-256-div.csv	448	8e8d1d267821b4090f5716920a649a582bc90155604a9581452a150c0189c55f
benchmark/raw/rows/trial-06-binary-software-256-fma.csv	462	5786d5d4d565d6e4e68dc5db1453fac0286a7a95b8faec32d7c6abc044f212a6
benchmark/raw/rows/trial-06-binary-software-256-mul.csv	460	ea94776bbaed07ba50b54ed3684981431611b228da9df00549e32289150b4118
benchmark/raw/rows/trial-06-binary-software-256-sqrt.csv	456	b52be0b3fb8cf9559fe4c5c1bb8068bd811897addb41b46bd29aca1eadc3fecd
benchmark/raw/rows/trial-06-binary-software-256-sub.csv	455	5efbbb862632319331a135e658abe976f1c8adc5cb08b5dc5364e07f56a238be
benchmark/raw/rows/trial-06-binary-software-32-add.csv	423	fe5f1ecd4edfd6ef6fff61f6374640d11c86daa2b4325167f9ffa4db47f001cf
benchmark/raw/rows/trial-06-binary-software-32-div.csv	424	f14bbeb46cdacfa00cbf8751cd5436a1676224271a0a4469ec0e33823135b3cc
benchmark/raw/rows/trial-06-binary-software-32-fma.csv	425	76ec181958c0b37e1ce048cc9974fe22ce6e54e2703426d2ec26b36d1772c32a
benchmark/raw/rows/trial-06-binary-software-32-mul.csv	424	9c9f481e0bcacd6daa22320112d3b62ce160c573504ac6f9825c41a84188e6b8
benchmark/raw/rows/trial-06-binary-software-32-sqrt.csv	425	693046485f755bc86fdf5f996387321d5892926b95c4ffa031e6bf838b68421a
benchmark/raw/rows/trial-06-binary-software-32-sub.csv	424	7757f27d670720c1d00212ef986a87bcc88514e91647433939ed9b9f28d05c41
benchmark/raw/rows/trial-06-binary-software-4-add.csv	440	2c4d8002439dc70983b9ce01b02d3556994ccbbde6b564dfeaa176a4469ac204
benchmark/raw/rows/trial-06-binary-software-4-div.csv	442	65932a36585901fe8af253d512561780eeca2da9f8ea06bfd22e796ef52e070c
benchmark/raw/rows/trial-06-binary-software-4-fma.csv	451	ed20bc3b1d6e4439b78c0bcbb2fcff5c5d1712f06a7aaf58f21dccb529a08c28
benchmark/raw/rows/trial-06-binary-software-4-mul.csv	445	b3028107e61880d900782cacef59acc61a5ac5d70fac21c51a6c0558d3ee98df
benchmark/raw/rows/trial-06-binary-software-4-sqrt.csv	446	f908cbb63c43f54f7b3cd670490fc9774ac56602398231fbd202297a3ef031b7
benchmark/raw/rows/trial-06-binary-software-4-sub.csv	445	cd6361fe8b1797e32548e6c4f35fc2097efddec6b65d1d27f5fcad2847f1f863
benchmark/raw/rows/trial-06-binary-software-4096-add.csv	454	545f4e10d8bb6609fee99546d9a82a0135cfe139f9125cf6b8d6c89fabd0f319
benchmark/raw/rows/trial-06-binary-software-4096-div.csv	455	717e399b6c81f555ef640ebcf2d00d0b445d93aa86aad7301263fa327a03748c
benchmark/raw/rows/trial-06-binary-software-4096-fma.csv	464	bf8e3bf46554a12f6c315046ef4ce009c8a626a0bd04df3497ac8174cfe9dbb0
benchmark/raw/rows/trial-06-binary-software-4096-mul.csv	460	765b6ee4e8c17ab7747c54604988da20cd8ffd368014ade419f73a180875b1b7
benchmark/raw/rows/trial-06-binary-software-4096-sqrt.csv	458	78bc1fe6b256712af7063f30b9e7fe1fb3cb6059fb483c3c4e7a66b69ba909a4
benchmark/raw/rows/trial-06-binary-software-4096-sub.csv	460	1fad36a4e8974c8aec54f712938106fec871db237123112c57ba46468410d616
benchmark/raw/rows/trial-06-binary-software-5-add.csv	440	75481d786855c74def1f2e0fe6a26ecc64d1362eeb90236ea9df8db15f17eb53
benchmark/raw/rows/trial-06-binary-software-5-div.csv	440	518a43968ea6cb9bd445cd6ad749d6bb1ca84062442ed67a1931bbd59f9e2f10
benchmark/raw/rows/trial-06-binary-software-5-fma.csv	454	cd64313450002721db7f765303788a8d0a170f23b68059e3824add17997d0d37
benchmark/raw/rows/trial-06-binary-software-5-mul.csv	446	f6a654cf3497697d169a663cf20eb769d70af0cf65cb054dea39bebee1d8d192
benchmark/raw/rows/trial-06-binary-software-5-sqrt.csv	446	9ba8310d2e7c2debd61f3568ecde3050a82ca66a5bf5d5de094e2ddd8b63c6e4
benchmark/raw/rows/trial-06-binary-software-5-sub.csv	445	ff0e217462807b092e217ffbcf3dce9507d2f6b7d4b83dacec80104e2f9329e0
benchmark/raw/rows/trial-06-binary-software-512-add.csv	452	509e27555f385cf83801259c1267405de0f71a8c04538108149388bcbb9c9d91
benchmark/raw/rows/trial-06-binary-software-512-div.csv	448	5e6dab189a4c48955eeb29633dfe5047fbdca7b6371c613e2c1954485d176b32
benchmark/raw/rows/trial-06-binary-software-512-fma.csv	460	27237df5ad27e4cd654130c3f46d98ab292f01448926b979eb503b99f2629dca
benchmark/raw/rows/trial-06-binary-software-512-mul.csv	457	23465b3f392c0dd6f48ab2430ed761b9e4a5ea6a1e96be6ae989c3f26720ad0a
benchmark/raw/rows/trial-06-binary-software-512-sqrt.csv	456	281f243086cb6e76c2e7ae967f3bb425a179724146c18b646704a1902f25f74f
benchmark/raw/rows/trial-06-binary-software-512-sub.csv	455	eef8c28117d06c43d7c24b919240becf7222723263785c3bb1751133312dbc50
benchmark/raw/rows/trial-06-binary-software-6-add.csv	439	3b5ca205d279fa5d02635afc2187f97c2b5bf236cbbff3da64df5b45d66e1c09
benchmark/raw/rows/trial-06-binary-software-6-div.csv	442	5601229f2c515e4d0d531010336068e6b2ce553228a0797be1a998bcdcdc09dc
benchmark/raw/rows/trial-06-binary-software-6-fma.csv	450	748631cd66cf2468051f459d84a0dac49cbb9337fbf95bfc1fd9a1bfe3158aa9
benchmark/raw/rows/trial-06-binary-software-6-mul.csv	450	91202a56d6b71fecf815e6ce3ec01ceffcf74f55073b6f27d9f05b9c37c9dad2
benchmark/raw/rows/trial-06-binary-software-6-sqrt.csv	445	cac33c790e699accffcc60a7f3fe7963053c531262d82d1dcc7ed43c077e7eea
benchmark/raw/rows/trial-06-binary-software-6-sub.csv	444	1cd8ca283c64b927d6616a91982f84910ebf5554ee4dfcb6b65b5f8483e63ebc
benchmark/raw/rows/trial-06-binary-software-64-add.csv	423	607aa2d4805a2fd70c1662a44b3bb42152a65a79dbc4a3f4a00519786721ef06
benchmark/raw/rows/trial-06-binary-software-64-div.csv	424	2c98da5798207b4344d5a58255d51a7a5e8de0d651fb47e8db4db7ffd8982d9f
benchmark/raw/rows/trial-06-binary-software-64-fma.csv	423	216d53ae9db37d91779438b8d84c11c82391dde3b7379c50ccd9570d37f1f8c0
benchmark/raw/rows/trial-06-binary-software-64-mul.csv	425	fc2e07b4f5d1324f053dee16c73891ee007f4e6b8338aa055c0c2c911228f39a
benchmark/raw/rows/trial-06-binary-software-64-sqrt.csv	424	2f26af6cdd3f5247f80884580394f59534843f7c37cc7d348c86b5b135af63ea
benchmark/raw/rows/trial-06-binary-software-64-sub.csv	423	fb2de9a94d409501db27b16f7bf17b16299b06e90bb4e4db6a6efbf5236a6c79
benchmark/raw/rows/trial-06-binary-software-7-add.csv	439	ab6e16f4048051a09d08f2a376251601b6dfdce12de04222310b8d24bf8be19c
benchmark/raw/rows/trial-06-binary-software-7-div.csv	443	ca72b0cb6c5283ad38fc9d2130e5c45376d1e67b462890341775aac20d8732ef
benchmark/raw/rows/trial-06-binary-software-7-fma.csv	451	7686dc63fa2281d52e58e083e1a4a08caa79a27b1cb64152152a6058d18e6769
benchmark/raw/rows/trial-06-binary-software-7-mul.csv	449	6d3ccaf40b6fdded55186a3a5b3b2337b57f334fa971da816f036b394dc8fd67
benchmark/raw/rows/trial-06-binary-software-7-sqrt.csv	447	e31594f84dc473c528ddfd2ab8f225dbca07cc50a7573893a6505c45606de498
benchmark/raw/rows/trial-06-binary-software-7-sub.csv	442	03b36250310b98cddcf45ff39d22a11c688c0d21b522ca2a6fe81e3a145b8e20
benchmark/raw/rows/trial-06-binary-software-8-add.csv	440	e943247751840505aa4657eea0eeee1109d645af8fb057a4be8794ddfd3e51ad
benchmark/raw/rows/trial-06-binary-software-8-div.csv	441	4a5073346d833a3f4945b3867f28ca853b3ddf65d40c9ed76ab1fccb27d8dde6
benchmark/raw/rows/trial-06-binary-software-8-fma.csv	451	4884e78dd45e0fba96d7f5a867f972e8fe29a897fcd3a57c6c2ebb8b2d6bdb80
benchmark/raw/rows/trial-06-binary-software-8-mul.csv	446	d6c06aebfd47de3f86a67ebdf2809324b53a3ad5f4b71ec1183fcc6537f8d352
benchmark/raw/rows/trial-06-binary-software-8-sqrt.csv	447	fa954e64d929e6166e97ad3800a03f5e3ed4928c68a1c695416cccd5b8e5a189
benchmark/raw/rows/trial-06-binary-software-8-sub.csv	441	0be8bf66c71eae3aa4a95a1c61d3a44c0e924599a2a7d878daccd575e1579037
benchmark/raw/rows/trial-06-cpython-float64-64-add.csv	466	934077332a0209152a6ed821bc0b7be3b1e8c63f2e1da2c26522bf3c3d1c0e59
benchmark/raw/rows/trial-06-cpython-float64-64-div.csv	468	5431ef381f61934e52d1742bbd4bf43fe1a8da0c73f27896d74727d88a6d1aed
benchmark/raw/rows/trial-06-cpython-float64-64-mul.csv	468	9b5c679e051908a86e4d5a714632a3d36daec087265707ee7b9a0515a82d5330
benchmark/raw/rows/trial-06-cpython-float64-64-sqrt.csv	467	9e6ce8c9ac137d835e51d91053692fddcdcebdfdd49195d3b1755c09c444924f
benchmark/raw/rows/trial-06-cpython-float64-64-sub.csv	466	6b6e62303ba354858cb6902499e0534f4933a18c17458b620aa19de9f55b36ee
benchmark/raw/rows/trial-06-flocq-reference-1024-add.csv	388	b721fec92d6d36ec64c8fa6e3e46274525ea6d384c4333c4a70b0da9eeb09789
benchmark/raw/rows/trial-06-flocq-reference-1024-div.csv	389	fe59a6bc77c273f35868cba84a278281f014c87b16c1635f9a78e848fc863458
benchmark/raw/rows/trial-06-flocq-reference-1024-fma.csv	389	76f2ceb230079e4c525b3ac0512aad2edff3471804bb630e046fbea1a7456ac0
benchmark/raw/rows/trial-06-flocq-reference-1024-mul.csv	387	61b67610f0ecc10715b65d6bdad00067016e88b9de263b78e8d887d53deadb4c
benchmark/raw/rows/trial-06-flocq-reference-1024-sqrt.csv	386	13258790fe52e229981cba15149adb442bc9cacbfcca5852c9723b6b09ba641f
benchmark/raw/rows/trial-06-flocq-reference-1024-sub.csv	388	4f7c5c9602c1516e331fa28432731f7cca2ea0fed12b6bcd0d9e9bf1ec375500
benchmark/raw/rows/trial-06-flocq-reference-128-add.csv	388	0466dc034a707831fa806b163247bc4b4570323f721f72eb21d3c76e935936ec
benchmark/raw/rows/trial-06-flocq-reference-128-div.csv	388	e34b239097b73823b1b48bc4ef6a86b80daf9a27f021e8bd8817d86dfdbe225a
benchmark/raw/rows/trial-06-flocq-reference-128-fma.csv	386	79f7800053443c276f2b932b8c86684a46fda6455f3bced9302144e724e4b2e8
benchmark/raw/rows/trial-06-flocq-reference-128-mul.csv	388	0e9c8642b34e82aae6e53acd4d3caf672ec38d98552cb419568cbde3cb06192f
benchmark/raw/rows/trial-06-flocq-reference-128-sqrt.csv	386	5f2fa1010aea52e000095b4d8c80497831e896b69c39e8ed19ff794b28f86f3b
benchmark/raw/rows/trial-06-flocq-reference-128-sub.csv	387	9640af087c694b65f6806ca68ccee6f36d7db005ac9cf2204101528e393504af
benchmark/raw/rows/trial-06-flocq-reference-16-add.csv	387	6ac7c41f035695f0ed24af0c65fc9e493b15f1070184c28f112e075e9fad0614
benchmark/raw/rows/trial-06-flocq-reference-16-div.csv	387	7fcb22228d2340751bd21d11107b80e3f5b2e7f4be5df5b3a752fdedf3c3b583
benchmark/raw/rows/trial-06-flocq-reference-16-fma.csv	388	7dc27b22d24736312523588752dc6b2b4b62c33a02ec56c9c28ea9dfcee326b2
benchmark/raw/rows/trial-06-flocq-reference-16-mul.csv	387	a6ea63ab8276c945fb3572926dfdaedc6dc5bd77e1c277c98e465d8ce671befe
benchmark/raw/rows/trial-06-flocq-reference-16-sqrt.csv	386	8fa4dcb64b7563393de8d25df2e917d6dd35169c0038f128af7d6c08fb193517
benchmark/raw/rows/trial-06-flocq-reference-16-sub.csv	387	ad006ed2c7b381941b842353dfccc4c855683c7f9afe47e53723645a8c4755b0
benchmark/raw/rows/trial-06-flocq-reference-2048-add.csv	388	a9ef8cc98f0b77f6697696d440422a2ba169962e9b477caccd9c3dd523009669
benchmark/raw/rows/trial-06-flocq-reference-2048-div.csv	389	8054c5f4989bfd765660c5a1a5864a3a1bd46b0c5aff4f68bb86f129cc0415f6
benchmark/raw/rows/trial-06-flocq-reference-2048-fma.csv	388	fdbeeba5b8900c772818b53abdbfa6957bda49f99c60436b4583dd2f1c67f443
benchmark/raw/rows/trial-06-flocq-reference-2048-mul.csv	387	3ceef62451dd74f3fb91cc9d1e41c4df99733b8433c996f3bfda8639b972e1cc
benchmark/raw/rows/trial-06-flocq-reference-2048-sqrt.csv	386	06211f059f33fd9ef0acf4d198e0fb04f55876f46dc9e56422ad1f9af2a9f67b
benchmark/raw/rows/trial-06-flocq-reference-2048-sub.csv	388	cd75afd13bd8e4df8e45c6aec3f5046eaced68f4348ad8db71947fe9c5cdef27
benchmark/raw/rows/trial-06-flocq-reference-256-add.csv	386	f3586848ee4e9d67dca5394c4db9631268454304b34f02794ac8789d0c1ad423
benchmark/raw/rows/trial-06-flocq-reference-256-div.csv	387	645dd33cbb65fd00081ffb029d65f4d51ff78c802b65222782bb22233245feae
benchmark/raw/rows/trial-06-flocq-reference-256-fma.csv	387	951a832051c92ef31b87d942e785204c29214b7818567f53a898fb031e4205f2
benchmark/raw/rows/trial-06-flocq-reference-256-mul.csv	387	986824fd823d8019d0aed01a652ecb6ab077297a66aad06bf40afdf5b818c32c
benchmark/raw/rows/trial-06-flocq-reference-256-sqrt.csv	386	020e56f895aadfb8bf55cd9f5540bdce2e392de54d8dff4644c02d295a260a05
benchmark/raw/rows/trial-06-flocq-reference-256-sub.csv	386	7e39cbe468e096f93b86181f2036e94ce8136a8d5aa0d9fd55c80214d24a2022
benchmark/raw/rows/trial-06-flocq-reference-32-add.csv	387	8579874229376e9cc05b24b78fa55e3d18505a193da6e07fa077764ff784430e
benchmark/raw/rows/trial-06-flocq-reference-32-div.csv	386	5f19d68e55d976a44147887e5e715ce62aa4adf9fa0558f9b2d1a4412fb893c5
benchmark/raw/rows/trial-06-flocq-reference-32-fma.csv	386	9420079d8798a902cf583860b7574c4dd2b9f0cfbbe7910e9f377ae193ee485a
benchmark/raw/rows/trial-06-flocq-reference-32-mul.csv	386	6c3541aa274fee175bb5cf06eac8e879bf679f2948b31a09228b4151c835df67
benchmark/raw/rows/trial-06-flocq-reference-32-sqrt.csv	384	e764ea8881e158ba4d1f24029b81b9bf2f11ccba31cf823720b5c25b553602ff
benchmark/raw/rows/trial-06-flocq-reference-32-sub.csv	387	6aefecac79eabc6eab11bcfd697f8c06a3f4862c912dc7b15bac2937680ce417
benchmark/raw/rows/trial-06-flocq-reference-4-add.csv	384	10d00724a5b36af5ecafef6796b343b26cb7ea136594d3c53ca27805c111072b
benchmark/raw/rows/trial-06-flocq-reference-4-div.csv	386	82e16d5a0b8d6cf9bda306853a9cc2618e18050528ae7fa67c35bf9b8000f906
benchmark/raw/rows/trial-06-flocq-reference-4-fma.csv	384	9c8e36d0292a9d2b2907a38fc65889a37bcc0851abe2f06a14db0a7d040d4676
benchmark/raw/rows/trial-06-flocq-reference-4-mul.csv	386	efcef278f9fed906e01c6dc3154c2a883bef2c5bd8924db8b76691507af3df99
benchmark/raw/rows/trial-06-flocq-reference-4-sqrt.csv	385	7a7cabc5d02c890f22746abf43402356012118c69d4d38e3881925e4c8c89d98
benchmark/raw/rows/trial-06-flocq-reference-4-sub.csv	385	22de4f8c3891b093dc230032619884ec891427f52f385ddee2df33fe21bdf185
benchmark/raw/rows/trial-06-flocq-reference-4096-add.csv	388	9049407b78451e425db5bb87ff0fe4060b66de141f5244d54014d174472b6e29
benchmark/raw/rows/trial-06-flocq-reference-4096-div.csv	387	b4f81093adfa8130b42db182b977bbe897c71863bb840cfa675972a6eb2039b8
benchmark/raw/rows/trial-06-flocq-reference-4096-fma.csv	387	6b4924decbe2ab361ec5042259911e2d1669d335b30c7c3282c2565396d0146d
benchmark/raw/rows/trial-06-flocq-reference-4096-mul.csv	388	d95272c57c1dbee7c8b8c4d6753282a07b40ca70c039424351ce8d27213f63dc
benchmark/raw/rows/trial-06-flocq-reference-4096-sqrt.csv	388	3ae57131c4b66e38bb32486b8df497860e5fdfac048a20db0359692de1fdcc15
benchmark/raw/rows/trial-06-flocq-reference-4096-sub.csv	388	6982492a9778786bcd41c87f294148b127b600cddb95df247f2c823c8172b932
benchmark/raw/rows/trial-06-flocq-reference-5-add.csv	386	516e0253023c8938fa6523bada3cb5f57188f3ec23f5f5d7c20382e738a5568a
benchmark/raw/rows/trial-06-flocq-reference-5-div.csv	385	08abaaf6d5474c343f1910a34cb822def1b4a8b7214969dd9cd316c0eeca7437
benchmark/raw/rows/trial-06-flocq-reference-5-fma.csv	386	61ddb6f98ffa7622d6e363611ba84a0db8f54e866df43a824a02679e2500ebea
benchmark/raw/rows/trial-06-flocq-reference-5-mul.csv	386	8e0d4ce04d30238cba08e0a656953adf8243ca635afa70e78d4ea511a1c26b0a
benchmark/raw/rows/trial-06-flocq-reference-5-sqrt.csv	385	e1eee530e8dc77dd2a326826028597adcde03a344c89de23bbeb06af61c69095
benchmark/raw/rows/trial-06-flocq-reference-5-sub.csv	385	769b9a0dfd2df3657078e7a4db1058b9fb668706056e66c226254fc1d93029a1
benchmark/raw/rows/trial-06-flocq-reference-512-add.csv	387	9d64a19b45876dd08f2ebdad530acaa833ac37e59028e444cf82bae73227c3b2
benchmark/raw/rows/trial-06-flocq-reference-512-div.csv	387	06aee77711580aac1d4dd1259a91825dec8fd2e210baef4b7aff7afcbf82551b
benchmark/raw/rows/trial-06-flocq-reference-512-fma.csv	385	ad55d944ed83f6ab241cd06b40d9c7d1b7bc6eeaba60d3c190a8c24ca1cf9618
benchmark/raw/rows/trial-06-flocq-reference-512-mul.csv	387	1783bf3f97f3458589c4944a641c33da3cf26d535be703cd1659729ee60089ef
benchmark/raw/rows/trial-06-flocq-reference-512-sqrt.csv	386	0f44385eb3afeb5e52b0226e8069830b89ecd6fc5cd6198a72f500b63ae604c3
benchmark/raw/rows/trial-06-flocq-reference-512-sub.csv	386	8653514efd15a496e543ad66610b625c52e28adb0abe80260dc26dbea7361c84
benchmark/raw/rows/trial-06-flocq-reference-6-add.csv	385	6a396ca154348de40dea3586f99bb40f6a4ee8584c6ba7808ae3013f2b87ec47
benchmark/raw/rows/trial-06-flocq-reference-6-div.csv	384	7646d397096addcb01b02093f8cd62adf29ad6a879c211108e15c9ae6c82c6c6
benchmark/raw/rows/trial-06-flocq-reference-6-fma.csv	385	b416bc1cb96e99154532abc3fd9ed0ee8e315df797bc8e2eda849a80603a3399
benchmark/raw/rows/trial-06-flocq-reference-6-mul.csv	386	856f9ea61bfc3314a3cee1d01e1a82c1dacf38e98f12eae727a72ea498c81422
benchmark/raw/rows/trial-06-flocq-reference-6-sqrt.csv	386	aef1d475f0820f802e5efb020176a6cc45091c64d2b1dff820c117fffb952619
benchmark/raw/rows/trial-06-flocq-reference-6-sub.csv	385	0e759321c224b333344e09f10eb614fd9b2d0d3f9a922758fff65f1f52ad18d5
benchmark/raw/rows/trial-06-flocq-reference-64-add.csv	386	32400efee9809b73f589c4d767f376c17a8faa3331defca55936a86eded50968
benchmark/raw/rows/trial-06-flocq-reference-64-div.csv	386	74d2cdd4dda59df29222fda6f9205c0a90ae11ec70215f74d4ca3625df6f8f4e
benchmark/raw/rows/trial-06-flocq-reference-64-fma.csv	386	c843b1e9f53b9cbf2a44d0f39106582ab0ab45b29453adfa6178ec746d879d88
benchmark/raw/rows/trial-06-flocq-reference-64-mul.csv	385	9b957124a0050d0a2d91d4af244bfcdec813a1e4e5dbe7fbdc60f021f72dd613
benchmark/raw/rows/trial-06-flocq-reference-64-sqrt.csv	385	cc07fff017751f2dd71331b5faea59224c8fbbc18cd3073f5a8f2f7bc75fa0a6
benchmark/raw/rows/trial-06-flocq-reference-64-sub.csv	385	8ca55bf060498a240ed1ce20587d7e0d95150038a8bd0968b14df5bcc92aff27
benchmark/raw/rows/trial-06-flocq-reference-7-add.csv	385	e350f323fbd3a705072b2ab681632b49b288246bc5060f98e4d5bd9e11b99b09
benchmark/raw/rows/trial-06-flocq-reference-7-div.csv	386	a20c3df39a49b7392564136b11de273751b55ec17a19adc593fcbac0d17a9018
benchmark/raw/rows/trial-06-flocq-reference-7-fma.csv	385	1c416e71eb6f549047c0f3cdca685c7e94b5825018f503c83c6a4e0036d4e9cf
benchmark/raw/rows/trial-06-flocq-reference-7-mul.csv	384	8e17aa9f09c1d334dc13542d73b85fe2ac2de02976482fe32f1f07286610f9ca
benchmark/raw/rows/trial-06-flocq-reference-7-sqrt.csv	386	504cd4400bc43d5fc93586d4bd4c67eee6961829ea363ae36ce470e9ddb57d39
benchmark/raw/rows/trial-06-flocq-reference-7-sub.csv	384	2f8ff5f982e4026f2e8e149bf26c1faca4426d718066d87738ca13f3a4d5e1eb
benchmark/raw/rows/trial-06-flocq-reference-8-add.csv	386	5e91e7fbae16f0943e32b2030a6d69f8e7d876624ee721cec2f3c49dd7982440
benchmark/raw/rows/trial-06-flocq-reference-8-div.csv	386	ff124a04a2fc53d42ff83950398c5c966bf1551e7f915b2eff694e0eb21d0087
benchmark/raw/rows/trial-06-flocq-reference-8-fma.csv	384	390e63e3efba562b581e432e5d44378efb2df79498f26ee8c6156bf3ddedfa3a
benchmark/raw/rows/trial-06-flocq-reference-8-mul.csv	385	fdd9f4e9b7d16a307aa302850c7288fabac2dee4b8544353377352590d0d64ee
benchmark/raw/rows/trial-06-flocq-reference-8-sqrt.csv	385	bba615979ebd521a004287cba875e6cfa89ddb804a9f7e1d3f41828fbbf097e7
benchmark/raw/rows/trial-06-flocq-reference-8-sub.csv	386	d036c65bbfd7e39d6f1b34e0ecf052b6c4f0c2b2d15b529eafab98354f3bcf74
benchmark/raw/rows/trial-06-mpfr-reference-1024-add.csv	475	830e2c468a4bd0bfb29d202badb3dc1f5acac8113e53960cb86273df3604fc89
benchmark/raw/rows/trial-06-mpfr-reference-1024-div.csv	473	f548ec6c6c42d124fdca2615cbe565a31a5c124cde8278bbe4a4b19ccdf0b02a
benchmark/raw/rows/trial-06-mpfr-reference-1024-fma.csv	475	901cb02606268e12106adc6e5d08344c497dc841ba352ec74f453067cadd95ca
benchmark/raw/rows/trial-06-mpfr-reference-1024-mul.csv	475	1ecc9d921af5d76fcbcfbed2c14a34e2cef551117105d0015dfc1337f2ae177f
benchmark/raw/rows/trial-06-mpfr-reference-1024-sqrt.csv	475	52755bf98d525c73c0aaf48547baa43f0b7c89cc51f036b0c63d5969812106d3
benchmark/raw/rows/trial-06-mpfr-reference-1024-sub.csv	476	9dbe44f42f315a6ff9cdb3ba703a4f5d218c70ec2c22ccce207359a4386fbfb7
benchmark/raw/rows/trial-06-mpfr-reference-128-add.csv	468	bf638a1db69c82b445916f696516bd034d95fd8d51c4350692a3567d5558ca15
benchmark/raw/rows/trial-06-mpfr-reference-128-div.csv	472	96ee43a468f856ade8b7436c3d9730638582d7ba9b43444283afe74151b09412
benchmark/raw/rows/trial-06-mpfr-reference-128-fma.csv	471	7ef007601577d52836d4181746ba9457893b313a0ff0a6fccf410fc797127843
benchmark/raw/rows/trial-06-mpfr-reference-128-mul.csv	471	9f5178e10aa5c7e4c7ec964fbcf2ba2b39c383c25ad2ed6e41fdb135048cd1d2
benchmark/raw/rows/trial-06-mpfr-reference-128-sqrt.csv	472	58275bc680c785ac60a97b49fa9808fb9debb4736cc1c7494571877011f66f90
benchmark/raw/rows/trial-06-mpfr-reference-128-sub.csv	473	af014940ab70a74c5f16a7ba41a179f67a95129f96c7a50d98792f02ee6e7f98
benchmark/raw/rows/trial-06-mpfr-reference-16-add.csv	467	6d8f7a0f12bed348f60e70dd303e4bb4ab38c63c1eeb1a16a8901af48cbe13b6
benchmark/raw/rows/trial-06-mpfr-reference-16-div.csv	469	a31c40244ea28cf2cb754720a17b793a0f4ca68df8ec33b19013dce749668c58
benchmark/raw/rows/trial-06-mpfr-reference-16-fma.csv	466	2ad7823edbf695c6c9f414a45ffe2f055ba6804ca3617b17d9ec87711441e9ce
benchmark/raw/rows/trial-06-mpfr-reference-16-mul.csv	467	57e59a001626594fcb877f8d3d24c80800d4aa8e8b712e34c2dff7268a333c4e
benchmark/raw/rows/trial-06-mpfr-reference-16-sqrt.csv	469	dfb76882e3d56c3084d727616c1aabd193a85888571e9daa08b83aa3809b8038
benchmark/raw/rows/trial-06-mpfr-reference-16-sub.csv	467	cfb89a56e1aac1b8494ab4b778fd4558c6d250ed2aa0d3ba2cb868852ff11a31
benchmark/raw/rows/trial-06-mpfr-reference-2048-add.csv	475	5df7f53cf85579449a4b9f17544b80b8a5a73f850f66e27e88260aa1e11d5222
benchmark/raw/rows/trial-06-mpfr-reference-2048-div.csv	474	7abf3c93ed0bef7631ec6c879a1413722a77fb2f13058ccf2fb80eb58a0fe90d
benchmark/raw/rows/trial-06-mpfr-reference-2048-fma.csv	473	2cd78c34af5bf355278aa60c2554c5d35ff83152c24287e4ed9da9b261bcdbe2
benchmark/raw/rows/trial-06-mpfr-reference-2048-mul.csv	474	a011ad2a753d4bc88aee8d01b80b5a2a8e2ac6a9026ed816fd7c1c3b6d8f43b3
benchmark/raw/rows/trial-06-mpfr-reference-2048-sqrt.csv	474	4b44c7e6f13ea071d261b4f3ee0f2db75b49996f0b1a9dc5cf3656550d85d51f
benchmark/raw/rows/trial-06-mpfr-reference-2048-sub.csv	475	3b8fa013fb270379e839b80e49889a465eb462db83f63f80df96548e1b801941
benchmark/raw/rows/trial-06-mpfr-reference-256-add.csv	472	aaacc74ef47341cb6b1cd99fb9c87f9eda2ceff582617889da23ac07401366cc
benchmark/raw/rows/trial-06-mpfr-reference-256-div.csv	470	7f4a63d4121ec26af37e0546d2b53954704a4b20ed747e9ab9130af0880275e1
benchmark/raw/rows/trial-06-mpfr-reference-256-fma.csv	472	583349268821ce9ccdd304b59b55d3eeff91b6546d340de7d069965cb2040f51
benchmark/raw/rows/trial-06-mpfr-reference-256-mul.csv	473	80ec56a046c8e989e2bbbd1b08c1e10c9c219b0f8db71e2aedbffcdcb4afa9de
benchmark/raw/rows/trial-06-mpfr-reference-256-sqrt.csv	472	0b15a10e2873ae45205ea3375931ae0ef00893ec17e4a427617335385084f791
benchmark/raw/rows/trial-06-mpfr-reference-256-sub.csv	472	a10a354ee669b60c0438b2fe29673d0c8df366ce35ff90323326fc4b937e16fb
benchmark/raw/rows/trial-06-mpfr-reference-32-add.csv	467	abe2468ada600357983b7e3e384fa800c60dbf147172c0c8140575b1f792b440
benchmark/raw/rows/trial-06-mpfr-reference-32-div.csv	468	42e02c3c12ca8e3c5bca0db0ad2c0a485009700f4fcc8dd425706adf2aa93bc6
benchmark/raw/rows/trial-06-mpfr-reference-32-fma.csv	468	3b19131d8edd9648a78bcb17f6ca24769096662b0f50fc73d1d6c4b011c09174
benchmark/raw/rows/trial-06-mpfr-reference-32-mul.csv	468	1faaead2337052b20e798ce865e2c5b2b4cea25794e6b1461e5ed4775ae41052
benchmark/raw/rows/trial-06-mpfr-reference-32-sqrt.csv	467	a2936af06fb9e8f42e55acc3cb4cdfd64fbb0aa8b438c3ef91023109a3325c38
benchmark/raw/rows/trial-06-mpfr-reference-32-sub.csv	468	98db78f6a3f43659e8db9156f3b2fa84a507afcf234e9716de0ab81e2f9bf494
benchmark/raw/rows/trial-06-mpfr-reference-4-add.csv	464	0fbe2ec3840916df1eafb9e17f8cbcda2fa03beea4c497955edf52e9aab2de86
benchmark/raw/rows/trial-06-mpfr-reference-4-div.csv	464	fa17ad39c3eedf50ccd50ccc107379cdbd566edf868138ab1966b52fffe411d1
benchmark/raw/rows/trial-06-mpfr-reference-4-fma.csv	465	05c3879fba68ac247a21aef64624327a868b6531eb23f06078c67a6b5544ade0
benchmark/raw/rows/trial-06-mpfr-reference-4-mul.csv	464	4b0106746352fea18e0b1371ace45e68dddc0d696315c774495cd597c802fbef
benchmark/raw/rows/trial-06-mpfr-reference-4-sqrt.csv	464	9082be0660fce3c627f91da0660ef9b1bb0240ddc01d3e85a57a986cc1e8b603
benchmark/raw/rows/trial-06-mpfr-reference-4-sub.csv	466	5d8f1502dfd9a5b9e4e54bc99c44ff9e31da6c3d4b7ef768ce4e306f6ae796e3
benchmark/raw/rows/trial-06-mpfr-reference-4096-add.csv	474	eca4cca541e9407022c9232fc4aa6be031629c776de93462991935937e7f69e6
benchmark/raw/rows/trial-06-mpfr-reference-4096-div.csv	474	68cf92243487cd1ff378688722b619884b6d69c6762bdde5280f159f123ecfaf
benchmark/raw/rows/trial-06-mpfr-reference-4096-fma.csv	474	ea91510caa8b7db2ad0488d45a107bf9edfcc7bf4af64c976527bc5f1d5f5125
benchmark/raw/rows/trial-06-mpfr-reference-4096-mul.csv	474	8481dacf28aedac1feaa79c30af39fd40768870d9af55659809e9c0429854156
benchmark/raw/rows/trial-06-mpfr-reference-4096-sqrt.csv	475	31147337eefa9d35e6e4250dce0cebb82d629b982c44342f4f8d7a4e943bb46e
benchmark/raw/rows/trial-06-mpfr-reference-4096-sub.csv	475	3f4021d6ccce0281463735c8988aefbadd7d5c1239c86978135c951b3ccb23e9
benchmark/raw/rows/trial-06-mpfr-reference-5-add.csv	463	8eaaa6117fc2906815cac85602ca823ac54de7722f07880ad0c6bc7635532abd
benchmark/raw/rows/trial-06-mpfr-reference-5-div.csv	465	430de8a63059331459768fa068bb03c1e3d03ab2c07210abfa77ca20907174b5
benchmark/raw/rows/trial-06-mpfr-reference-5-fma.csv	467	d2c6f7aa3ce55b94e7b3e9ad155b710b3402c6038681ed03c197731d5d0e2da3
benchmark/raw/rows/trial-06-mpfr-reference-5-mul.csv	464	dd95a2fc7318d4c02b2818f03b5549c7f5aa5cc60fcf16954f4b8149af4154f6
benchmark/raw/rows/trial-06-mpfr-reference-5-sqrt.csv	465	6a52696e79fc8365ccf7ee0b55b7e5fa035abb35ee89e5a557f3451a45397b69
benchmark/raw/rows/trial-06-mpfr-reference-5-sub.csv	464	f9f4366f9d2d12cc143d367e13f4654b9be947b9bd4f91558b8e84fdbf55e0a3
benchmark/raw/rows/trial-06-mpfr-reference-512-add.csv	471	386a1f6c883f35601ed4a82af596bb902427cd4695cb77b13ddc46082b7b1d6b
benchmark/raw/rows/trial-06-mpfr-reference-512-div.csv	469	341d3ee7aa296a694546ac1986479c29761df84ec4523fa76a01799d0d57fe3f
benchmark/raw/rows/trial-06-mpfr-reference-512-fma.csv	470	22bed69c7ba66bf3751c1fe6a62f7c9153b81f36fbcae95a2d6811b48dff29ab
benchmark/raw/rows/trial-06-mpfr-reference-512-mul.csv	471	00b7f5b5276f0f8707f198a29bacfc423f22b5c6e983859dc5915e25be15a2c8
benchmark/raw/rows/trial-06-mpfr-reference-512-sqrt.csv	474	969222029a49f04dafe690cf849eb52c1ffc03478bb1045f2400a2d449d7b78d
benchmark/raw/rows/trial-06-mpfr-reference-512-sub.csv	472	424215c393058ff6bef03f1a3d4dbb8cc588e737bff457e64c35630716177175
benchmark/raw/rows/trial-06-mpfr-reference-6-add.csv	462	9803a8cffb78b4441e598ec63d7c7ba3ccf4a610958bc7d321203d856496932e
benchmark/raw/rows/trial-06-mpfr-reference-6-div.csv	464	2c377cc2bd1734313534ac635774c09defc66510296cc6f5fb6a2c9c31e618b8
benchmark/raw/rows/trial-06-mpfr-reference-6-fma.csv	464	148289d6ed56d72a302abbf9fd57c8e6fe06f685b3606027ab0963bfae00f2e4
benchmark/raw/rows/trial-06-mpfr-reference-6-mul.csv	465	f686a0a96cc616a88368b6043d62b5341a6112159f05a16de0093ab49a8bd341
benchmark/raw/rows/trial-06-mpfr-reference-6-sqrt.csv	465	1508a4c46cab244be1a47f196e643aebf63aa8b746b6b94966ec0691daa8546a
benchmark/raw/rows/trial-06-mpfr-reference-6-sub.csv	465	1efda01344c051c1e65568b01c7fdd2c615cdd65e9ed43ee915090ad44e43f36
benchmark/raw/rows/trial-06-mpfr-reference-64-add.csv	469	ecf0b68058bee269e0500d04131cc2a139157ddc3389a559a7ad00267cc4e731
benchmark/raw/rows/trial-06-mpfr-reference-64-div.csv	469	29f6566f2c8d7a68fe0b571d80071b4b6c944d43a89f50b53fc85a99c5fa2ac0
benchmark/raw/rows/trial-06-mpfr-reference-64-fma.csv	469	be8ec01b9ba46bbe134a0ce18ef17635cc0483f524d5be355f894d5cd966fab4
benchmark/raw/rows/trial-06-mpfr-reference-64-mul.csv	471	3264cb40b8a16a61ef90b304bca9e9fd600329b34297862b6c8c5c1a58adbf86
benchmark/raw/rows/trial-06-mpfr-reference-64-sqrt.csv	470	c90f970e7c373a71ab9e25e743a87ee59e0309a6f31ebd8cd837da48bdc1c328
benchmark/raw/rows/trial-06-mpfr-reference-64-sub.csv	467	88930aadd9d61295e1147b2c5bb2ad75628580a81577dc6b8872edd221432f97
benchmark/raw/rows/trial-06-mpfr-reference-7-add.csv	464	8ecb9ec69cc81d0d5e66de3ade2bd02af6da07feef972c8b2caed0f0f883c0b2
benchmark/raw/rows/trial-06-mpfr-reference-7-div.csv	465	b168b131849b1fd16c97aee455463624023106e7f1e804f048cc76c7af36b827
benchmark/raw/rows/trial-06-mpfr-reference-7-fma.csv	467	64980547f1a86da458d2baa05b51f6806f77164f87fc4ad086be3e61272c3c16
benchmark/raw/rows/trial-06-mpfr-reference-7-mul.csv	465	ee920b98a0463f97e53ab8ea29fa1d7d16cd9c754ea62201a42b36a6192cf288
benchmark/raw/rows/trial-06-mpfr-reference-7-sqrt.csv	467	d06475b382f2b00a30cd52f26ffc04a14d03100a864a4dc5819db2aa474148bc
benchmark/raw/rows/trial-06-mpfr-reference-7-sub.csv	462	aaf1e7107c89785ee26b7dcad294a65073b89aede3f9c1df0836692b3c9f46cf
benchmark/raw/rows/trial-06-mpfr-reference-8-add.csv	465	40fd6b109528d1709046dcd98077852cf68f4d5607e09c4cc7a4ba036cf3e33b
benchmark/raw/rows/trial-06-mpfr-reference-8-div.csv	465	ef7315d567d86c702a2b02a2262778ed61dd74c08a2ef351292af9d188e82dda
benchmark/raw/rows/trial-06-mpfr-reference-8-fma.csv	467	8c0189cd9a9a2b9afaa8127dcb8168e92d6503febd1e2671b911b97a5df58c1d
benchmark/raw/rows/trial-06-mpfr-reference-8-mul.csv	463	03825638ddbe2d7aa8bfaf4a5c4316f2497f5b199349c7298f3b0b76566675c1
benchmark/raw/rows/trial-06-mpfr-reference-8-sqrt.csv	468	a1a1990a64dca99b4dccde8773710618de5f945d11b261cd2b778a695b89efca
benchmark/raw/rows/trial-06-mpfr-reference-8-sub.csv	463	eda7475739855c75050df0cd25fc2bf9b1e0d1838948f31d40733903eacd024a
benchmark/raw/rows/trial-06-posit-software-1024-add.csv	374	fc599cd586ea93838fe6fd2de0c3808a5953a4c665eed6c81f9dc0afbd84a7d2
benchmark/raw/rows/trial-06-posit-software-1024-div.csv	378	5ebd8077a8333b908efb52003ba787c18b7929c0239baf22a5a9260531f24e81
benchmark/raw/rows/trial-06-posit-software-1024-fma.csv	388	f43cb2b4d492432fff1b201df92315e37d631c5bd2397bbae9b32db88dc48c7d
benchmark/raw/rows/trial-06-posit-software-1024-mul.csv	378	85be6345b230ddac4f7f577b5fad2115a9784e4581b0bceeb4e02df56a2e0321
benchmark/raw/rows/trial-06-posit-software-1024-sqrt.csv	383	d906a65f3c4c02612cbb81f7d698ce49a68bf68a382e89379406687b816648af
benchmark/raw/rows/trial-06-posit-software-1024-sub.csv	380	c72a4649ebf371831bb5ffb25639041bd28367515484a4ff9e92047dc39fae48
benchmark/raw/rows/trial-06-posit-software-128-add.csv	377	23124936f7d05b2c9ef21d5c81c81972a990616100eaddb6beb153e8a0357a5c
benchmark/raw/rows/trial-06-posit-software-128-div.csv	376	7cb582d14e7d8f5764b24b4166bf914e655e0f86022eaa8fd047d8fd8aa15dc4
benchmark/raw/rows/trial-06-posit-software-128-fma.csv	391	82a3c861ee9887f57b7ec4f1e03b093983c717c15972bfacfbbea75af78ea56c
benchmark/raw/rows/trial-06-posit-software-128-mul.csv	382	2be1bce62add425d99ec4bc89f504da5008638163fdaafa4445410b9a50f3a9d
benchmark/raw/rows/trial-06-posit-software-128-sqrt.csv	385	8fdd7d9459231ed71edd533ca23b97f05f5d7d50d0c4d1d69465b2c139f662dd
benchmark/raw/rows/trial-06-posit-software-128-sub.csv	384	d993eeb01d206b9ff23351ef01e21038b8f86ae42d29e6542d2131f95b48b028
benchmark/raw/rows/trial-06-posit-software-16-add.csv	374	a97428158bd0bd68cf1395af9b366cf5f9d057dac927e4fedca6889f1abe453b
benchmark/raw/rows/trial-06-posit-software-16-div.csv	379	0f6efd870f8099384a6bf6e0e7fe8c905c56e5aaed722312e24cf7b9a4501588
benchmark/raw/rows/trial-06-posit-software-16-fma.csv	390	8aaa56388dac67477f46656333a84e6343b70affcd0ca1e3a3286d7c617aec68
benchmark/raw/rows/trial-06-posit-software-16-mul.csv	380	defbd07f3864c27be5132da23122afd61aeacbf0874cbd6b15efcf826287bb98
benchmark/raw/rows/trial-06-posit-software-16-sqrt.csv	385	58980994bdfb53225613851b137635d006154837d2c2a445b348a0dc0c9820d4
benchmark/raw/rows/trial-06-posit-software-16-sub.csv	384	19a90d2cf7d914436dd072900afcd4f310cc2e430012047b1058257d5aa840eb
benchmark/raw/rows/trial-06-posit-software-2-add.csv	376	dd6110d064ac756de8f4acbc0e5a3ff721775e71f2944ee6f9ddd04b75690959
benchmark/raw/rows/trial-06-posit-software-2-div.csv	377	e483cfad11bdbb31284c31feb758b48a199b0b78ac8b39a11dde7c934ae2a263
benchmark/raw/rows/trial-06-posit-software-2-fma.csv	390	fe907f02e1772c84447478c28bf344784381bd5fd6a8f2824119c89bd9ddfb70
benchmark/raw/rows/trial-06-posit-software-2-mul.csv	376	5194e097a6be501faad8a48b4f17241dd01926cf48b7c81ab7bdb8872ce2cfc9
benchmark/raw/rows/trial-06-posit-software-2-sqrt.csv	378	a2e695216bf6015ed1899f04a96efc8fa1aca3552394152653b1251cb3ae3a27
benchmark/raw/rows/trial-06-posit-software-2-sub.csv	376	8c2c2f8d8e601d0f36d1567da14f1e46e68b40a447fdedfbb1f5dc8fca587f1b
benchmark/raw/rows/trial-06-posit-software-2048-add.csv	372	f83de842ebaf064a22b7db95203947d10ee1e597718b0c15d2d1b52526acb76e
benchmark/raw/rows/trial-06-posit-software-2048-div.csv	378	71cd52cc7e1a58010db31a71ba3af5336ad0146458925601618240ddf9442ec7
benchmark/raw/rows/trial-06-posit-software-2048-fma.csv	387	82b676ead63befbea3e3d1cadd29a10d2a78572d9e5b7e5430e49df971b88863
benchmark/raw/rows/trial-06-posit-software-2048-mul.csv	376	033ea82899ae79f4b5b2afa6ca4dbf72fce4390d4a1d35fc96292b1063ffd297
benchmark/raw/rows/trial-06-posit-software-2048-sqrt.csv	383	225cf0152f98e6dee2d4094c0774ee601f81a2b3d5a1acbec11dce633548d885
benchmark/raw/rows/trial-06-posit-software-2048-sub.csv	380	acb61314bf13186334f347e1636bb6f61ed62acf2c6f66b297e1f457d3311c12
benchmark/raw/rows/trial-06-posit-software-256-add.csv	372	f4aacd33f8c2312b5acf1df197daadcb991dc378d05478dd9a10088bd6ebd34e
benchmark/raw/rows/trial-06-posit-software-256-div.csv	375	23632ef1a38fdab5aaeab0fc5bdae8825ff0cbab6d875ef5854e4bb3f4db9183
benchmark/raw/rows/trial-06-posit-software-256-fma.csv	386	f1a16928052c73553b79f15616ad7d5e162b920b85106bb334e9fbc21bd5f575
benchmark/raw/rows/trial-06-posit-software-256-mul.csv	376	10c26c928a6383d31dba5edba07d17a012e87e67d1f1b59661a437b101403b2d
benchmark/raw/rows/trial-06-posit-software-256-sqrt.csv	383	cc23e13807ce1da08bcc3240daf9c1ba06eab9c31e69ad27ca64c15c6d0ba5bc
benchmark/raw/rows/trial-06-posit-software-256-sub.csv	377	a673e9f9be164353a3f95760b59bb3bed2ec83060ca3d2f9769a4fa7cd8b41f3
benchmark/raw/rows/trial-06-posit-software-3-add.csv	375	32b8877f5983e9047fbbc6c601df26eb3eade4e80858cefa3343b111f196e2eb
benchmark/raw/rows/trial-06-posit-software-3-div.csv	376	f638652eab99e74364fe07bbb7d43c1b552174aa044cae448700245ca22f45c0
benchmark/raw/rows/trial-06-posit-software-3-fma.csv	387	cf7d91d9e25946034b322e06ef8e05ef479217bb48c716652e939ec57cc14f56
benchmark/raw/rows/trial-06-posit-software-3-mul.csv	376	4ab0da825fdecc5869d76fd54b08083bbb5eebedf3a4ea1e6d87561331bc35ad
benchmark/raw/rows/trial-06-posit-software-3-sqrt.csv	378	e496a13dd9fe6b229a4c7a7c1c5c321e2dad81f69f66f67370ae83b99f91a5dc
benchmark/raw/rows/trial-06-posit-software-3-sub.csv	375	25001591455fab5bcd32eb9d34583f5378fdb3b6c728f3d7453eb63e5ce43150
benchmark/raw/rows/trial-06-posit-software-32-add.csv	374	b04759bb5da5e0b4b6ff6d699f44e257d1cdc1d0b3eb5cba16278d9e1d974cf0
benchmark/raw/rows/trial-06-posit-software-32-div.csv	379	7de8c1a61a1b08b4c700545dfe6f3453e62886fb25a38dd75d6661c7e5e6cfaa
benchmark/raw/rows/trial-06-posit-software-32-fma.csv	388	3abe394cc801ee9d0a150b536ccfedbd70a59a39f467721672ea86b940625a9c
benchmark/raw/rows/trial-06-posit-software-32-mul.csv	379	7cf3cb0f98389648d9d3dcab1901af10271abb486a6e1f125dab2421ffd0d943
benchmark/raw/rows/trial-06-posit-software-32-sqrt.csv	383	040cd647c75066d0e112806524842cefc7aeb93f3b9f82b86df0fbb30e6a0361
benchmark/raw/rows/trial-06-posit-software-32-sub.csv	382	2f1ef9e72fb6458bbd5e8f6b21892e619efe9177fbbbb7522fead2059e74d986
benchmark/raw/rows/trial-06-posit-software-4-add.csv	376	b9d9f8c5310b5e25a14c905a2794e242cf4ddce6ba8b297352849dde59b5cdb0
benchmark/raw/rows/trial-06-posit-software-4-div.csv	376	31036156cb1ce9b5ee452687849d497c796aa4ca5d2162f47163b6a36f83fe0e
benchmark/raw/rows/trial-06-posit-software-4-fma.csv	389	1f3f33e95680d70b07373faa716c1f0a564a56a9b7cc6f26bbb975c212fb3192
benchmark/raw/rows/trial-06-posit-software-4-mul.csv	376	2df31d0540ab84eab7c126fd663232eb1de41184cce64c3ae4669496f02c88e5
benchmark/raw/rows/trial-06-posit-software-4-sqrt.csv	378	ec2e97d95d41bd6e61320a8e57c0d7487d3f61e30f1d114157da07afd402e24b
benchmark/raw/rows/trial-06-posit-software-4-sub.csv	376	0cca88af56f3a5edb590d57801325a82d50e1a8be54fce88104e2aaf2c307ede
benchmark/raw/rows/trial-06-posit-software-4096-add.csv	373	8064230f9c592432ceb6006a68c16b8319ca67aaf80eb55211327f7abe4ba4ae
benchmark/raw/rows/trial-06-posit-software-4096-div.csv	378	ff62a18adf766b42c931770e1c3b9ea1a8479a3ed3917f2dab317e3b0d55243b
benchmark/raw/rows/trial-06-posit-software-4096-fma.csv	387	1fe38974ad0009d56a55dad2e0b1060c87a8087fa8585f578f8bc40168069ae6
benchmark/raw/rows/trial-06-posit-software-4096-mul.csv	378	da1a3a21d0dd5b831ddd855b8cda1d798749e855aee091bad3da881e9ecdfeb8
benchmark/raw/rows/trial-06-posit-software-4096-sqrt.csv	384	4c501fba43f4efe582e97223fe7abf20706744e32083403991a3ca94fa8161ef
benchmark/raw/rows/trial-06-posit-software-4096-sub.csv	380	a3ec70586de332cd54366c4a42b445c134e09805b208763cb043edddfa706bb7
benchmark/raw/rows/trial-06-posit-software-5-add.csv	376	48016a6b02a504e3e5edc2d27b9d4adc7a5c1963be6168b1231d0e12976ddbe3
benchmark/raw/rows/trial-06-posit-software-5-div.csv	376	540bd9ffbd83e8fa79b78697466f3460b33718f648d010397b3fe508cd36d26a
benchmark/raw/rows/trial-06-posit-software-5-fma.csv	389	73c299c514390e96ba6ea8cb19c4e8a3bf781b51ceb16e244a53c8d9597e5eda
benchmark/raw/rows/trial-06-posit-software-5-mul.csv	376	88434014794054eb41275b9c863b6d8e0ebf0f74fbb2e80b892b10a57b1d275d
benchmark/raw/rows/trial-06-posit-software-5-sqrt.csv	376	da095dba816fd769dfb1cdd82db7fead18d53f85f7da9c9f0c12f88becf5c405
benchmark/raw/rows/trial-06-posit-software-5-sub.csv	376	a18d6ea59dffd273536f237e338aa36297b32c52e377c1f404c4d375151e0c9d
benchmark/raw/rows/trial-06-posit-software-512-add.csv	370	c63e5c5adcd263f79035746426d08b7cb717255cd4aa59273953cef7ae9df4d3
benchmark/raw/rows/trial-06-posit-software-512-div.csv	377	faaf2278c581ed800303ace13429acef287964841d535bde470a32b6bf717842
benchmark/raw/rows/trial-06-posit-software-512-fma.csv	386	ebdf5fffda0d62265ebc508f54ebd1cf79d6598b135f2be89913ed2a31c250a0
benchmark/raw/rows/trial-06-posit-software-512-mul.csv	375	dddc283d71ed7bb9b9ab81e1a7b77abcaaf450b9c94dfc72528ce1ebd73d908d
benchmark/raw/rows/trial-06-posit-software-512-sqrt.csv	380	09945f4c41a289939c3c68ea4a70434bc149f93255827a3d686cdcafba70cc3b
benchmark/raw/rows/trial-06-posit-software-512-sub.csv	378	0acf826d963ba3aa813f4e0ace6ca05e5820985e361997890d3db0a33b0fc6e8
benchmark/raw/rows/trial-06-posit-software-6-add.csv	376	ec55ad2b2efff8c1598a72817933c82b26af0f3138b1b390fc2780fc36b99d35
benchmark/raw/rows/trial-06-posit-software-6-div.csv	377	a99326373d6165f6dd451b495aec32b903406eb0b4f9def0570795a0463a834b
benchmark/raw/rows/trial-06-posit-software-6-fma.csv	389	2041b210b1038cc959a2011a10acd3bd18d9db2f19c608484a4a1c8043656156
benchmark/raw/rows/trial-06-posit-software-6-mul.csv	375	bf5730ea76a943130667c92f17027930e575d674af2cf92012cbbd41253648dd
benchmark/raw/rows/trial-06-posit-software-6-sqrt.csv	376	ed3366e092d508c07f3a6314ea9791ae06fdd195229e9e408f7e066a2095370c
benchmark/raw/rows/trial-06-posit-software-6-sub.csv	375	0ee891d32cc5e09431372812fa3d5fca4683fba5a9c74e40d44f726949d099d9
benchmark/raw/rows/trial-06-posit-software-64-add.csv	373	2f16fdfc875ec8973529d8e48cd4ecc9e42312a0b4beafa16e46781912112277
benchmark/raw/rows/trial-06-posit-software-64-div.csv	379	c95238f7745014caaea2599a068894e29c3651c6b06a19df43ea80e5ebae9045
benchmark/raw/rows/trial-06-posit-software-64-fma.csv	390	19041f48e8b02c0eb15f1fe16accd6076ab6bfdd9d1f4471270aca227ae175bb
benchmark/raw/rows/trial-06-posit-software-64-mul.csv	379	4a9386d3262934cd5fc44f4b798f31a5304bb444f19cbf68cc62a92adf2ac726
benchmark/raw/rows/trial-06-posit-software-64-sqrt.csv	383	3fe6a58e08951b3c84bb839d8ba64f3d99cc8b70f886b46358dd0eff507b6c85
benchmark/raw/rows/trial-06-posit-software-64-sub.csv	382	643538e90574068d891661de710d6a465f00e0110497f72c072873a52baf2186
benchmark/raw/rows/trial-06-posit-software-7-add.csv	377	4d2d6795a2dc959d58bf06ff965bf69246c917e6012461d3192986fd1221064e
benchmark/raw/rows/trial-06-posit-software-7-div.csv	377	f58aaf0b8c652b3f88dfbb3357a3614d7afd997da678eb1f73d43d076dcfbbd0
benchmark/raw/rows/trial-06-posit-software-7-fma.csv	388	b3afd590195be7657666997f83b9f89de31f6d7f4cf6e5df930e43b85784a66a
benchmark/raw/rows/trial-06-posit-software-7-mul.csv	377	1925c3eea72a7b946ba5060a8885ce00d2e13317fcdd47105b88784be6ced543
benchmark/raw/rows/trial-06-posit-software-7-sqrt.csv	376	76ea29006871d50342584f14be1d62c3e4a6ab09ebdec64d22cf1be3bcebd266
benchmark/raw/rows/trial-06-posit-software-7-sub.csv	376	d149bf91bf693c77a0ee7f74b3392ec1380a079d78842e1fe0ea8ca0b3984a53
benchmark/raw/rows/trial-06-posit-software-8-add.csv	375	053f1c96cdae70a699f9c1298be67de5b9a6bfe5a36b470d57f46d28c6ed7d93
benchmark/raw/rows/trial-06-posit-software-8-div.csv	376	d5ad636a811796c87e4ebff2303f06b4321152cd1cb5e72408c1b96f9da97b7b
benchmark/raw/rows/trial-06-posit-software-8-fma.csv	388	c655f4910bd011ad4a45ab457b5796851867bee2bc92c41e775b0379a19ae329
benchmark/raw/rows/trial-06-posit-software-8-mul.csv	376	a1f18d0eaa15a2db1ce8437b140ef86bb91022a8fbfb61f47ee9265c122f997e
benchmark/raw/rows/trial-06-posit-software-8-sqrt.csv	377	9e3a239bf6c01d94b0c12156e977c17518d40a3d3ca78debafc4ebff3ee336fd
benchmark/raw/rows/trial-06-posit-software-8-sub.csv	376	4ef6323aec67010356b1617cff4c5053788fa02c31ce399fce7c0007e5d3e46f
benchmark/raw/rows/trial-06-softfloat-reference-32-add.csv	418	20d42b4a078f79512a09b5f5eb0beeabba83047cf1f416371ddaf4ab589555f8
benchmark/raw/rows/trial-06-softfloat-reference-32-div.csv	418	eeaf6cd851a03657ea4ea7ef61c3fd1cfe957032be5ba1d3360af0282e10423b
benchmark/raw/rows/trial-06-softfloat-reference-32-fma.csv	419	dd7dcefe1243b229aa5b129530194e02b47aad82b541c23b3dac4583ed1488ec
benchmark/raw/rows/trial-06-softfloat-reference-32-mul.csv	418	86e3d1a9ee15bc94690cbb982608b28f02a0925a847e83394eedf1704be2543d
benchmark/raw/rows/trial-06-softfloat-reference-32-sqrt.csv	417	ccb0097bc569b1b271b4e76f2dce8ad6ed24f0fa5ff41a82130b3a224a6017f4
benchmark/raw/rows/trial-06-softfloat-reference-32-sub.csv	417	b4f64e24dff3de79a7f35b38f54b9fcbcc96316a9565db0a02211dd6f8b328cc
benchmark/raw/rows/trial-06-softfloat-reference-64-add.csv	418	77cfe7944681ba0efef534816bbade1d0fdb5125187f89dc19b0896ae5acf682
benchmark/raw/rows/trial-06-softfloat-reference-64-div.csv	417	def96a9e612f52fc1cbc5e7fea962788af93174658b6decee1e5694df190af26
benchmark/raw/rows/trial-06-softfloat-reference-64-fma.csv	418	c2848c31f526ae088f76b913e2c18a5d07e857da3841daf057885dd10cc994d5
benchmark/raw/rows/trial-06-softfloat-reference-64-mul.csv	421	ad13e04a542f4262a95dae15d32639a791f38e3734c9c022330d163fbbb1f81b
benchmark/raw/rows/trial-06-softfloat-reference-64-sqrt.csv	420	ea79c1822ae17d8750500787f5835de452bec214ad0edb9e20557e69880d41bb
benchmark/raw/rows/trial-06-softfloat-reference-64-sub.csv	414	9ecb7541a23d49b7fc0cb0470630042006ad581c204db578ae38cd9dd631ec67
benchmark/raw/rows/trial-06-universal-posit-1024-add.csv	447	dc85bec47ebe48ec491d0d42fbad83dc0c8a84454ceb1ca51829bb620909421e
benchmark/raw/rows/trial-06-universal-posit-1024-div.csv	444	ebad125ba97e6d04034193db3b9869503e79ab47a8cd441f5d5f2b814f2bbbd0
benchmark/raw/rows/trial-06-universal-posit-1024-fma.csv	442	9ab454079352948bbc1f87db7865421220759467cd5f03090296c45f2acd25ed
benchmark/raw/rows/trial-06-universal-posit-1024-mul.csv	445	edc0124bb2da21053d64f6e0f27cc33bc0a66bed0874baf9dad3eebce0ec1bb1
benchmark/raw/rows/trial-06-universal-posit-1024-sub.csv	447	03370e21c9b2059c4df6746f63c67c3d3ae2544aeab93ca78756c4ab8b8e6858
benchmark/raw/rows/trial-06-universal-posit-128-add.csv	442	8015a344771b5a56470309cd15d6692dfcc0116784d5a3c16c1fb4e00466721e
benchmark/raw/rows/trial-06-universal-posit-128-div.csv	444	f9a8a88dfbfa1dd0a528a1ed85aa5e8d409dbd4a80c505e70df9cb262903336b
benchmark/raw/rows/trial-06-universal-posit-128-fma.csv	443	f066960583918a88ac402c41a54dadb29effeeba819e18419e7e6fabe69c8cbb
benchmark/raw/rows/trial-06-universal-posit-128-mul.csv	444	705a4e7111a93c02af5bf8eff747ea2378a877847cbf917f4ab9b6cde7c1fb50
benchmark/raw/rows/trial-06-universal-posit-128-sub.csv	444	0a228c4c0885dd419d0c028658291558fc3289bfb2f3a5eca9164b13c8190d3a
benchmark/raw/rows/trial-06-universal-posit-16-add.csv	443	429d205c0764d617f99163ec8dc2a0085a3abf81a3e5ad10fa5ed432eb2c52ac
benchmark/raw/rows/trial-06-universal-posit-16-div.csv	442	d411917b9085695b80ac43f4ad1138d70af9227cd735fc71d994bad89aa7cd04
benchmark/raw/rows/trial-06-universal-posit-16-fma.csv	441	e09777ebe26e6d80bd66ddaac5513e30f7b236b2a6c3ca7d24ceb0409839d205
benchmark/raw/rows/trial-06-universal-posit-16-mul.csv	441	13d4d0feb8f3ba99d7ffc9cd564e2b10bdd01f8ee83e128c5f018751a132d40b
benchmark/raw/rows/trial-06-universal-posit-16-sqrt.csv	461	ec92e6e33cd9c716509247356bfb98a7cfcd402c246146dba7cc40ab9cb8d44a
benchmark/raw/rows/trial-06-universal-posit-16-sub.csv	442	49478baa8b2b46c627c94319cc32eb99e87a0ee5e8841dd82535a5998d30c016
benchmark/raw/rows/trial-06-universal-posit-2048-add.csv	445	bc8470daccd7806e0daaedecb3cd8bb218009ca64e182105578f85aacd15424d
benchmark/raw/rows/trial-06-universal-posit-2048-div.csv	442	fa2a19f1491abc01d1342d68f8b206dafb8705ef5340c9238d2f39906673e8a9
benchmark/raw/rows/trial-06-universal-posit-2048-fma.csv	444	08a28c4d6cc116926ccbd5a572baf4b8560bcc0e9acf6fe52c495d1ec3f04cc7
benchmark/raw/rows/trial-06-universal-posit-2048-mul.csv	444	3abc84fdf7abd1d909e68fa4abae313c8551a05b774d1bc8e73fb9ebf4431a61
benchmark/raw/rows/trial-06-universal-posit-2048-sub.csv	443	dc9781f9b07db68d22baa6d6bb58d090b8874e3d1643a41affbb23cbb73d68ca
benchmark/raw/rows/trial-06-universal-posit-256-add.csv	442	b1aa09a967390641af3398fdd8930dd185f85373fbea6ff20cb277fa2d86ff3e
benchmark/raw/rows/trial-06-universal-posit-256-div.csv	442	50c81efcf7303904b2151c15112a2dc0be961ade91cbafc40ad5d29b8c3406a1
benchmark/raw/rows/trial-06-universal-posit-256-fma.csv	443	e9150f38ce5b47038e14790bbebf37600710aabbf436b28ef5b53d3bdf4f6dcb
benchmark/raw/rows/trial-06-universal-posit-256-mul.csv	444	3f4b78dd5f641268e78baeeb8a27f1203941dd7db152e996a3d2e1fc9c213fb8
benchmark/raw/rows/trial-06-universal-posit-256-sub.csv	443	936be2402f018f041726f8802cefe9f1e331c4a7a41e62c70d628ef924c2a325
benchmark/raw/rows/trial-06-universal-posit-32-add.csv	441	c0ab6f1f1bd19bd28f9fcb200fec39f918220401ec65f35229c9d20fc26b542f
benchmark/raw/rows/trial-06-universal-posit-32-div.csv	440	325ec61ec8fb02a4d5d9fb85ec63da863a75e21163d8e006fcec1a0dd19c8628
benchmark/raw/rows/trial-06-universal-posit-32-fma.csv	439	3fcd48b6804cc8803f2508b505485cfab068b836301ed5fdd7cf6c44a72aa495
benchmark/raw/rows/trial-06-universal-posit-32-mul.csv	442	1f2f03d9d6bd303b6665a051c9807fb1b537bb9a67d3de39c3eba123c07c56fd
benchmark/raw/rows/trial-06-universal-posit-32-sqrt.csv	460	ae67731d2ac3fa901c5bfbd201f2a339d13a555ebf15b0358f14e681ef040528
benchmark/raw/rows/trial-06-universal-posit-32-sub.csv	440	84bffe3eeeffa65286ced2c9a159e2a05e29fb109855be232588f8dfe13737fe
benchmark/raw/rows/trial-06-universal-posit-4096-add.csv	446	f439475cbeef0223a691809663107f4d93f62cd18b7c5370a4b9cdcb4d744015
benchmark/raw/rows/trial-06-universal-posit-4096-div.csv	443	108b0ec81ec982d78cf667f14cfd2e51e5b43f8ffe64515500a001983574da13
benchmark/raw/rows/trial-06-universal-posit-4096-fma.csv	443	3da457c039c2bcf23372b5ab100cbcec1d870a72241a1081c81c9a2e74150f2b
benchmark/raw/rows/trial-06-universal-posit-4096-mul.csv	445	f1870c83b793cd2f34111945d8834ab082c1b76820c895f4dc297dcabef8af17
benchmark/raw/rows/trial-06-universal-posit-4096-sub.csv	445	52fea924373d1e0f33f577acf70d65d6acb9e1afcf983a3e08b3c2ff41351624
benchmark/raw/rows/trial-06-universal-posit-5-add.csv	438	47e7a9dfe46d97f7a7f62170f66943afcf4100485d201ba4348c869087f38b39
benchmark/raw/rows/trial-06-universal-posit-5-div.csv	439	0990cdb879700f2a5d5bf0f33e772ff58b42890b58862c19d3ab2d437028a09e
benchmark/raw/rows/trial-06-universal-posit-5-fma.csv	439	e2744e88d54f1ba2cf817732e35af9b2d50f6ba88a51723d5e95912bad73ec68
benchmark/raw/rows/trial-06-universal-posit-5-mul.csv	439	9ee3a42a608d640e01e1522d3b1347e135e768319144be375a799b0e60e9ca66
benchmark/raw/rows/trial-06-universal-posit-5-sqrt.csv	458	670b8b188cd82af108d0d1bf8ce6b0ce4f37468a81ed3ee1242285cf726361a1
benchmark/raw/rows/trial-06-universal-posit-5-sub.csv	438	e873d7f63043f3e9411c57117e1d7baab6d392e660a0fa1d39f06c19e6318677
benchmark/raw/rows/trial-06-universal-posit-512-add.csv	442	1963b097828d7b09c476b8315466a1e2bf5bc553ff7d710be65bfded627f64a3
benchmark/raw/rows/trial-06-universal-posit-512-div.csv	440	7533da0aaf81717b87c5ea4edbac041960ae9587b9c742e9e55192f01244f5ce
benchmark/raw/rows/trial-06-universal-posit-512-fma.csv	442	139cf9c44da4b75be7935c0f2cd7b7f3de78ea827b9b5db276b48fbbf0b4276e
benchmark/raw/rows/trial-06-universal-posit-512-mul.csv	444	3c37c1c8ce588f3a54598fc50c2d8f8a2174e921b71c7c736408a22ad68d21d8
benchmark/raw/rows/trial-06-universal-posit-512-sub.csv	443	2cd4c2ba9126e219610c0fd203d69227b6b8c595c87b15aeb1f69d6abe09aa20
benchmark/raw/rows/trial-06-universal-posit-6-add.csv	438	94d1a98aca1e3aa2ff0d02bb4188065eb04bf99a618004a72ee830bfe2303f30
benchmark/raw/rows/trial-06-universal-posit-6-div.csv	438	052a8528e8fda269079edfa11e8884dccf32f356e6a3bded561a48e523d571ab
benchmark/raw/rows/trial-06-universal-posit-6-fma.csv	439	d8bde2e9ef0dcc5f7e0da174af3782b61e7da225e41b86600e54b0f1b60d71d5
benchmark/raw/rows/trial-06-universal-posit-6-mul.csv	438	b9691f5ebe323c0c52f1b83fc1d23a94950624bd9a1def2a235890d5ba93fe5b
benchmark/raw/rows/trial-06-universal-posit-6-sqrt.csv	457	4a1b2138fc07d894edc1c6a864aa94ab2e6cb7cfcd332f52d7dca5201d400dab
benchmark/raw/rows/trial-06-universal-posit-6-sub.csv	438	43c12362655542cfc60be28b46dd70bfac9a672eaaea71442ac0b5f266e1b715
benchmark/raw/rows/trial-06-universal-posit-64-add.csv	442	be7ae872701fd3fc906f9418c1746251b2a511381e188f0040249b4f96093954
benchmark/raw/rows/trial-06-universal-posit-64-div.csv	441	7ecb81541c90f11b0788e6db1cbae3889adb22a44d84ce234adeb70360d99404
benchmark/raw/rows/trial-06-universal-posit-64-fma.csv	441	95e3d1d789893ffd5d8d58081f791bb085d92512360f66aec22944de15847c35
benchmark/raw/rows/trial-06-universal-posit-64-mul.csv	440	b94d4ea198686ffd0c509af89e0a9abcc917ea679bf0d6bf66babe35dddf49d2
benchmark/raw/rows/trial-06-universal-posit-64-sub.csv	440	075e6446a6c691e631959a678c7b959b59f0c6894aa85ea295b4e6bd96f1435e
benchmark/raw/rows/trial-06-universal-posit-7-add.csv	438	5e578cce7620d550158fb46aeb2258cfc8bf46943be95010c544a5aac4ef137b
benchmark/raw/rows/trial-06-universal-posit-7-div.csv	439	9ced708007f6dc58bc2e21d2902feb0616cf91217aea44d38e9be93ded907e20
benchmark/raw/rows/trial-06-universal-posit-7-fma.csv	437	8a6ffba2953e5c4d5c61398167a87fcce3d18a5c331249312f0952c19284d2ea
benchmark/raw/rows/trial-06-universal-posit-7-mul.csv	440	752c6f68f65b0f991b4029124bf4e284a139caaaec84be5fa3e65beba1932302
benchmark/raw/rows/trial-06-universal-posit-7-sqrt.csv	457	4cd227bca6565abfc3a5d53865c30daf9f4f13b55f72a1358717bd69401f4e23
benchmark/raw/rows/trial-06-universal-posit-7-sub.csv	439	119e726c507a45d3c1b54d58189fccdd48c74b89a26f1e4b7e7d9dab9884fc2d
benchmark/raw/rows/trial-06-universal-posit-8-add.csv	440	a5c9af0bd4009426aab06bf11a9e9d69eb2f21dfa35bdaf609d2eebf5cf25a79
benchmark/raw/rows/trial-06-universal-posit-8-div.csv	438	024dd8541208b8fe8dd6b62d0616b3bff79309a4a1cd7f1b448009027f42e07d
benchmark/raw/rows/trial-06-universal-posit-8-fma.csv	438	8d37f3a4b5d00d9d79e5fd0bb23c73c0df7e45c3e09c7190502739908c2ca35f
benchmark/raw/rows/trial-06-universal-posit-8-mul.csv	440	cf176fb1bf056c42d89cff12375399e5eb6942170e00e573f3ac173e41f6f03f
benchmark/raw/rows/trial-06-universal-posit-8-sqrt.csv	458	6b720f34214ec5421f6a1812fcea206862838c1a5792ac43543363c6cbe36fad
benchmark/raw/rows/trial-06-universal-posit-8-sub.csv	439	1af6bca01b701340ae6b6789beaeb1850f48ce1d714a004ac73428c76bf5742b
benchmark/raw/rows/trial-07-binary-native-c-32-add.csv	405	18c30b43a7fbfceac3471c9d252bf4f31e7c1f90aabc3bfe70e86f9d93b272e6
benchmark/raw/rows/trial-07-binary-native-c-32-div.csv	406	19fee9890f3bc74ff73518d5b2a99f414e159bd6321456cb0d2cbb1bec726e41
benchmark/raw/rows/trial-07-binary-native-c-32-fma.csv	405	c0becc6f2f39c6ad4da42cd0a3b0ea91c86d8dc4ba70ff1b14585a642c6cc645
benchmark/raw/rows/trial-07-binary-native-c-32-mul.csv	406	ca4614432d917e2cfec2a49679be7536986d24f34820de3853ced0b4cbad71e7
benchmark/raw/rows/trial-07-binary-native-c-32-sqrt.csv	408	97c70e7aa3393f186192d4fb2deccc98591d28b5b53091ea9dc701ba38e90fe4
benchmark/raw/rows/trial-07-binary-native-c-32-sub.csv	405	188fa61c1cae390efa43661d2a735d97f70b7785f76281584d5a312ed4f8d2c9
benchmark/raw/rows/trial-07-binary-native-c-64-add.csv	407	e5936abd78d3cb64f45bfac77ed27fef2fc4bfcf86ba5415e67564f24e9e7026
benchmark/raw/rows/trial-07-binary-native-c-64-div.csv	407	d24da3e4b66d9df84e9037435b7c94511b58b627a20ac1e40b0fbed9e719a6e5
benchmark/raw/rows/trial-07-binary-native-c-64-fma.csv	405	7a8fab6d0c65465ae68fcdbd1631096c7c89763773a06b09f25741dd5e0b6d9d
benchmark/raw/rows/trial-07-binary-native-c-64-mul.csv	408	0d70f056fb1d341b622849f2772f94e0358738ce138fd714d5c725a834624da1
benchmark/raw/rows/trial-07-binary-native-c-64-sqrt.csv	407	8192eb4bc9603ab15b1a48dd5da3fc4f2e37ff22adbbe49afbd1de71449c5461
benchmark/raw/rows/trial-07-binary-native-c-64-sub.csv	406	019065681957c5a536a4c83865040a6f39970ffa3185c7a3f33c9555fea44151
benchmark/raw/rows/trial-07-binary-software-1024-add.csv	455	7a027b95d89ef8d6c5826611bd78a6fead3cbe4b14ca2819879376ae9530e1d6
benchmark/raw/rows/trial-07-binary-software-1024-div.csv	453	562273ddfaba9f754b0e14ff9835e31e815123fe8429c0be6e142251d9409ee5
benchmark/raw/rows/trial-07-binary-software-1024-fma.csv	465	99cc68e068744a5488ab99d11539a2700687d6d23668fd385fb7f59f393f5936
benchmark/raw/rows/trial-07-binary-software-1024-mul.csv	461	a6f304bb8b896442c8db97fef31112b6eefface6af5de8a2d0936111ae2d81d9
benchmark/raw/rows/trial-07-binary-software-1024-sqrt.csv	459	57fbd5da55af54ea71d11e6184aef906a920a595f0535fe04374dd093b00ddde
benchmark/raw/rows/trial-07-binary-software-1024-sub.csv	459	bcd4340d7bbe2d8cb0a16e4bc10821c64f91d4560ed1f7e963a31f67da48a773
benchmark/raw/rows/trial-07-binary-software-128-add.csv	437	05103cc3ef1b56e1d055bddc037583999460799a7d3197963d10094cd70d593a
benchmark/raw/rows/trial-07-binary-software-128-div.csv	441	2885c5c48a1842f24bdf9c5aef1c0afd8fd504810101256505241e3ecb038892
benchmark/raw/rows/trial-07-binary-software-128-fma.csv	449	2b08e723d1f5ad315977e28f22be8d21252c1dda300a16b6935194e73b0d5cbb
benchmark/raw/rows/trial-07-binary-software-128-mul.csv	446	1c8c8120f8844274e3178636f75fb56a14899c361d2d4ad2c608058b38577ae0
benchmark/raw/rows/trial-07-binary-software-128-sqrt.csv	444	f6a2597cc8420a00f515d9e7ac02f7057c78904df45a28e3fd655d55d6668d02
benchmark/raw/rows/trial-07-binary-software-128-sub.csv	443	f5ca0bb937828c8d9f4105e1ec197f2cf01a15bfff98e773cf02a44840640af8
benchmark/raw/rows/trial-07-binary-software-16-add.csv	440	f29b2513e8e38b37ac5e3d6f194b3f47d2b795b6d26b6afaba4f0cf888ec8778
benchmark/raw/rows/trial-07-binary-software-16-div.csv	437	36b900fffd714c9659bcb6673a4194520fa43a6d826032a7810df989c2536783
benchmark/raw/rows/trial-07-binary-software-16-fma.csv	449	002a321cd419e9bda83006477779fa7bf1b335c8dc0d595afeffd62e251601dd
benchmark/raw/rows/trial-07-binary-software-16-mul.csv	446	a20b91ac3d9174a9476f372c7a09da9b986e93fb0e4b38edeeaefcd79273f4fd
benchmark/raw/rows/trial-07-binary-software-16-sqrt.csv	444	25e1cf87cce25b6c652be9862e1d96e1f09326731b7445851610a978b2e4d529
benchmark/raw/rows/trial-07-binary-software-16-sub.csv	443	2ce7b6801384b1458ca530093aa849113205dbe606d3bdc07ab7fbbfc64cf3cd
benchmark/raw/rows/trial-07-binary-software-2048-add.csv	456	a54619d29c9f4dd93ecc2fd8bb44bd2e77b047be9bee3ad8cda47bb656021af7
benchmark/raw/rows/trial-07-binary-software-2048-div.csv	455	97f0e7604dffa3c3b328b629fe90516b54bca496e243629757b333c6fb05a92b
benchmark/raw/rows/trial-07-binary-software-2048-fma.csv	464	2cf83648506e24e3b26add228969453973def14e33588253075f000e0cdd5970
benchmark/raw/rows/trial-07-binary-software-2048-mul.csv	462	4ee08aae696e3cb9f3b1af8100065050977271b0c40e5dfa3bf80dd634a53174
benchmark/raw/rows/trial-07-binary-software-2048-sqrt.csv	459	428d774b498779774adcd001c0b7f1ad4d8fef7ee5acff4af3f55d8aa60d38d8
benchmark/raw/rows/trial-07-binary-software-2048-sub.csv	458	a7bb299744f94af24839ef9c9d28ee4118d88241c32546ce1ba35cf392c40140
benchmark/raw/rows/trial-07-binary-software-256-add.csv	452	60a2707fab78d2d38d16da47c2e40384b15ac954ffaeb5d18d31c1501107c7cd
benchmark/raw/rows/trial-07-binary-software-256-div.csv	448	daac676e19a2988ed9c91b843af9862a5b435c0c8c339bb389e8aeccd5295f07
benchmark/raw/rows/trial-07-binary-software-256-fma.csv	462	095294597755fea61bef35880753664f445fbe35eb8ac4879a1981d062fd3ab5
benchmark/raw/rows/trial-07-binary-software-256-mul.csv	460	d255e7c5197a964f32a5a9d5858f04f65baf96317bf46d3864858126037ff1a1
benchmark/raw/rows/trial-07-binary-software-256-sqrt.csv	456	9916cdba2d90732bfd6cc28d0663f7bc77eab4f61ac036a9dff190f5491f6705
benchmark/raw/rows/trial-07-binary-software-256-sub.csv	455	5fbbb9bf3efdfb7449b410510c24216478573f0e818219b9787ecbe5f755a547
benchmark/raw/rows/trial-07-binary-software-32-add.csv	423	d71d181d9b655e83bbaa524df47d92f4a43225b62e6d7cf8722ca7efde072f03
benchmark/raw/rows/trial-07-binary-software-32-div.csv	424	86400ca3e3ee5be25e400fd10c09e4f7b8a49a405f1ef764e7c9366876efe66a
benchmark/raw/rows/trial-07-binary-software-32-fma.csv	425	5d79395fccaead42d8a0a1ab854701413feccbbfdb7fd60fa18bbd1f0088d172
benchmark/raw/rows/trial-07-binary-software-32-mul.csv	424	a49840c13b240e36cba1885acb10feb0f9d088261f39ecc60d690037d8fc8f4b
benchmark/raw/rows/trial-07-binary-software-32-sqrt.csv	425	d5f71afa06251ff25310e0c6ccd5c24a530874cc6a44ba0a719de265cf489c8f
benchmark/raw/rows/trial-07-binary-software-32-sub.csv	424	a5b70be3b3e1426f3d975626dcb4530cc5e4875ae11e7d3997a9cad903100d1c
benchmark/raw/rows/trial-07-binary-software-4-add.csv	440	6911044a1073165f51ccd913be1432331e9e7f197cfd99cd27f6ee9423811668
benchmark/raw/rows/trial-07-binary-software-4-div.csv	442	74b28a48bd8d55e31394a1b8e00e887decc0fd1681deafa6b89a205f8e939ba7
benchmark/raw/rows/trial-07-binary-software-4-fma.csv	451	14b8da6e8fc762e76eeb3d7e81aa7145393beb526fe4173f3568ba2d91505099
benchmark/raw/rows/trial-07-binary-software-4-mul.csv	445	4401647770aa6949ea0a735ed311d1b44d349e3e11086e72a3fbfa6548f7dcae
benchmark/raw/rows/trial-07-binary-software-4-sqrt.csv	446	34534042e2de20510ed96ff3e73181c7f3111c64bf4cf52f24a49275a17fcc0a
benchmark/raw/rows/trial-07-binary-software-4-sub.csv	445	8dc72511026c924ff94ae2917bafaec5678522cba7c577bef87beddbf2cb6509
benchmark/raw/rows/trial-07-binary-software-4096-add.csv	454	aea296a841361674e150c8e70a4a7bbc761fc0a8ee64226f9ed342d779445f2c
benchmark/raw/rows/trial-07-binary-software-4096-div.csv	455	dc3a2d4a99c1bad8a451a6203b993c9fc4bd13f7732c98994aa899d425479a99
benchmark/raw/rows/trial-07-binary-software-4096-fma.csv	464	b94a370231bb9c2f305f75ac47ebf049b05889ec3f7138a87d8b16a452c62db2
benchmark/raw/rows/trial-07-binary-software-4096-mul.csv	460	a3cc4bbefa86ed1c95d081e63e839327a8f704690a4293c341576aa764f4213c
benchmark/raw/rows/trial-07-binary-software-4096-sqrt.csv	458	cd8d76a63e19ccd38053292b9b95ad18b179868d3cae2f8acc864acde4927770
benchmark/raw/rows/trial-07-binary-software-4096-sub.csv	460	47ae4df1117553efa4ac48aaba47f51ee62d7e3f3213ca559fa22b1ddc415180
benchmark/raw/rows/trial-07-binary-software-5-add.csv	440	c7b462c6f7fb0f4088e8953964047e5f23dacfe03e183ed5091ee3e6ecfe9e3d
benchmark/raw/rows/trial-07-binary-software-5-div.csv	440	9c476aaeb01ec9a6e56886319d1a6b73d86dd0a32fff55a8b1cdadd55c98f511
benchmark/raw/rows/trial-07-binary-software-5-fma.csv	454	c07d4202be791390f55dab4e3475de7d814c253b1aacecbed8d2f59950a637a6
benchmark/raw/rows/trial-07-binary-software-5-mul.csv	446	7ddb5cf272b54d8362185e1c836d7997d50a734c1b9fbd41a2638d5b33683cfa
benchmark/raw/rows/trial-07-binary-software-5-sqrt.csv	446	c3454528a42b1396e8a82c1adbbd6cf8b8f56f66cfa18b2f7183c2a100751b37
benchmark/raw/rows/trial-07-binary-software-5-sub.csv	445	2a596cf907e69e461748c5bd0c70da097d8289d5f93fbd6a46cc513d8be62597
benchmark/raw/rows/trial-07-binary-software-512-add.csv	452	ba4ba920addf22dc43c256a962f0d34926df572acf30242fab6b2c85ca15f35f
benchmark/raw/rows/trial-07-binary-software-512-div.csv	448	a8b40f5df5e1361f17cd23b9e9b5dca99d4a13e4945daa36951cb49774a8295e
benchmark/raw/rows/trial-07-binary-software-512-fma.csv	460	671cb193ed4b92df2e4e38e8681b174edc16d0abcc48919b4fb3029a184594f6
benchmark/raw/rows/trial-07-binary-software-512-mul.csv	457	67aa71e2fc3093106cc64525249de042c56cf4c24f4758a34af24afbe85e001a
benchmark/raw/rows/trial-07-binary-software-512-sqrt.csv	456	6b83dc488f92585f74dc229081dcf8f5878c5108134423a0023368da6b1a0a86
benchmark/raw/rows/trial-07-binary-software-512-sub.csv	455	c25342a3437009b812f99ef284c92d09310b3dcb89e0eaa27ee8ae3743d2639b
benchmark/raw/rows/trial-07-binary-software-6-add.csv	439	55755c83c79275e9e837e0921a999c6dabb6dcea1a58251eb6e4617ae414a17f
benchmark/raw/rows/trial-07-binary-software-6-div.csv	442	73248aa4898c0a24c3a6ed8131e33a96ac778988813de5297b16de2356660da7
benchmark/raw/rows/trial-07-binary-software-6-fma.csv	450	2339bb05c9bafc738980f077e5c7fb90b115eee686788ccecaea7cebcf8c9175
benchmark/raw/rows/trial-07-binary-software-6-mul.csv	450	249bb94c54fec7808309649d1f40e9cdee387c2766e5ddc25507264032fca7e1
benchmark/raw/rows/trial-07-binary-software-6-sqrt.csv	445	48ee7459c6a7ed1c9353bd10ae9f4a6a2c784051f52257e081ad90e560d8dea2
benchmark/raw/rows/trial-07-binary-software-6-sub.csv	444	d7a2ba2f5f4e09e03305fdee96f02a62d34c59538fcfdd2ac293707db2993a75
benchmark/raw/rows/trial-07-binary-software-64-add.csv	423	ba484b60478fe085c4efe20ceb4c6fb9609053b27378f95f47aa23f5b6fb4dcd
benchmark/raw/rows/trial-07-binary-software-64-div.csv	424	3fe58a86b6ae0bbb3413f5678b63c28c157851cf2245f5f5be7b3021e81a17c3
benchmark/raw/rows/trial-07-binary-software-64-fma.csv	423	68ae2b4565bf56968926939710fb7a7afbc25f604a26de4191360a816f55b3f7
benchmark/raw/rows/trial-07-binary-software-64-mul.csv	425	7113629af57d30b5a5e7bcccfc7e0bf6493ea322bec18ca126eba3350d9d2ff4
benchmark/raw/rows/trial-07-binary-software-64-sqrt.csv	424	d0a8cb86ae68ca5f7e698dd89c7ae75c975acc85be6ff79a3815fc7234602364
benchmark/raw/rows/trial-07-binary-software-64-sub.csv	423	7a8c56378edbcad39c310c46d6073e430380544464e63a9930911884be06a02b
benchmark/raw/rows/trial-07-binary-software-7-add.csv	439	c1b8327fd2a8b94c071518e52c8cc533e661a66458657f80b65669600393072b
benchmark/raw/rows/trial-07-binary-software-7-div.csv	443	38fc939ed8dc463bed0c25b9f006eae7814e9e49f82303388539e2d114911cc9
benchmark/raw/rows/trial-07-binary-software-7-fma.csv	451	260b4cad77746082a9691152bab963dc44a35693e00a6b507eada13f912af1fa
benchmark/raw/rows/trial-07-binary-software-7-mul.csv	449	e94173963fa79a6e5d7e32ca8fd1485c32a3b2e99c2bb24afb0a86ac9cc69c4e
benchmark/raw/rows/trial-07-binary-software-7-sqrt.csv	447	96af8a69d649d246618b5f2188153bd5c61813651c505ad326ae8b3ce76f7cd9
benchmark/raw/rows/trial-07-binary-software-7-sub.csv	442	82ba3d73f339f6dca0446918dbb6049298f7b6648f6d10e1f7e87ff69c3fe419
benchmark/raw/rows/trial-07-binary-software-8-add.csv	440	e54338f1327f47fdc8a480b7ca11e500764949593f7395285a1d8f98178688d8
benchmark/raw/rows/trial-07-binary-software-8-div.csv	441	8975dc33da5bb9ddc9a7e0ade144a5c9171169241dd0965f135f21c1503124d3
benchmark/raw/rows/trial-07-binary-software-8-fma.csv	451	b7edc14cd33e612f8580eff6ec9ad0a69ad6c004b22a3823898d42b9bb8afd88
benchmark/raw/rows/trial-07-binary-software-8-mul.csv	446	cfb8a58ee8ca6c24d8720c82e1f8e18120f32b38f994a01299469b7117b9436a
benchmark/raw/rows/trial-07-binary-software-8-sqrt.csv	447	cb2890cc2921c5f94cfb35f8ea35ee1181d9308965249e7cdf22bd0c6afa3413
benchmark/raw/rows/trial-07-binary-software-8-sub.csv	441	c072fe7927529a8c9703caff6f179a16bd4dadcf405c5c0c61ba5fc22ad950fe
benchmark/raw/rows/trial-07-cpython-float64-64-add.csv	466	04333c3ab1cc127c1ee7d97580ffceac9ef243b4d665b56febbff6dcbf582677
benchmark/raw/rows/trial-07-cpython-float64-64-div.csv	468	1144c190369acec1cedfeba5229e64f2c29078d329f07458e3119b0ef7c54c0f
benchmark/raw/rows/trial-07-cpython-float64-64-mul.csv	468	2783027411ada71520a543d6784c42eaf1cfc8f4bddc7e86ecd70d90e53daefe
benchmark/raw/rows/trial-07-cpython-float64-64-sqrt.csv	467	a959bcf1e36a5dec0e89b91769956233dda8dc0631070b983e4d1d7bf072d782
benchmark/raw/rows/trial-07-cpython-float64-64-sub.csv	466	937ed82a9579580dae38568d6cef975c0c5ecbdedd1c0ef2bfca37b6041f54fd
benchmark/raw/rows/trial-07-flocq-reference-1024-add.csv	388	ae33fadd79f763a0a265c41a29f00aaa9f17f45a43d80fcc526242f135633038
benchmark/raw/rows/trial-07-flocq-reference-1024-div.csv	389	e11b5bb4cbb97251ce0f29b04694468fc55a83b40b48173553a6a9c589ca513e
benchmark/raw/rows/trial-07-flocq-reference-1024-fma.csv	389	24da03476e82035326bff7b67684b7b86028b4fcffdba3387cc01bde06971a2a
benchmark/raw/rows/trial-07-flocq-reference-1024-mul.csv	387	dc39a7c5b3125c8ee7b23e556d7a25899ce341f43c345d69c40ff30b4c63040b
benchmark/raw/rows/trial-07-flocq-reference-1024-sqrt.csv	386	42704c941c6c75cdd91aac8c10ddcec368037ab3ec402561794b434eb8f9157d
benchmark/raw/rows/trial-07-flocq-reference-1024-sub.csv	388	507b19d80dc3580f480ee0ef0fed491acc89572231181a7edbd948a7540e9605
benchmark/raw/rows/trial-07-flocq-reference-128-add.csv	388	7e2d5aa3060d3e1510025c5a1ee8d9f662980891f6288ccc3a435448116a4233
benchmark/raw/rows/trial-07-flocq-reference-128-div.csv	388	abd36b2ba73886ecea4a04816977606a9a7d518da9a8b1604add3b562e93b0cf
benchmark/raw/rows/trial-07-flocq-reference-128-fma.csv	386	18787e006d48f6d9fbff1ebfa8d8a38e199cef7301812e21db468ea266118729
benchmark/raw/rows/trial-07-flocq-reference-128-mul.csv	388	faf7d328a5ca1b659dfc6e7d1a4ec3f6c32a6c1c0632841198f5e12b5f291123
benchmark/raw/rows/trial-07-flocq-reference-128-sqrt.csv	386	dd1d9d330eb49810dcc34d5646e52eb246851a2e3538b7d4add1d8f5104baed0
benchmark/raw/rows/trial-07-flocq-reference-128-sub.csv	387	e037f59ee5bdd48e90ee2e93ccd3563ba41819e766094b9755c5aa8e0db28759
benchmark/raw/rows/trial-07-flocq-reference-16-add.csv	387	f2e2bcd9eff4d8ad4a0e8462c81a7e3241f2d91b6dcd8b2e58ae270c1e15f272
benchmark/raw/rows/trial-07-flocq-reference-16-div.csv	387	6239548217836698b7405c87f47ad1c6a0830966ab3876e9db41dd15b65fae6e
benchmark/raw/rows/trial-07-flocq-reference-16-fma.csv	388	14ecca4353068dfebd315b693a47a5cf417cdcfaf5422944fdf6292fd500c96c
benchmark/raw/rows/trial-07-flocq-reference-16-mul.csv	387	ab331540af706891c8f78ef5255d85de05de2fb36bdf761380e8a12c1ac34f71
benchmark/raw/rows/trial-07-flocq-reference-16-sqrt.csv	386	4a1742410d507fcdcdcbc77c62c5b15c07fc6a15e5c6712d0da6bce4423d3cba
benchmark/raw/rows/trial-07-flocq-reference-16-sub.csv	387	805626b8609de5cd3d6c974c94d5ddf9657101c84e2118ff2d50bc7deaacf3bd
benchmark/raw/rows/trial-07-flocq-reference-2048-add.csv	388	02d414194db4bb163eb945946ba62ba67a1978d0a08a7bbfc86533d1c3fddbe9
benchmark/raw/rows/trial-07-flocq-reference-2048-div.csv	389	199d8c8296f15b4d8308ffe679687a8e9070192faa86c99e0a2b940fc9bda14d
benchmark/raw/rows/trial-07-flocq-reference-2048-fma.csv	388	6557c46188fe8de6d36f7acf8baed273f31f5242484f208cc595c134b8f52b0b
benchmark/raw/rows/trial-07-flocq-reference-2048-mul.csv	387	b28e96a752380ada0e7df2efada65169ecabf41eddc20c6e44dc08963c280391
benchmark/raw/rows/trial-07-flocq-reference-2048-sqrt.csv	386	7bb249cead42cc1c4c3c119268f9aab10f5aecfd33db4c1c424c76cebc1a173e
benchmark/raw/rows/trial-07-flocq-reference-2048-sub.csv	388	9e793937b214add818532a04a5d16e0fd1a4c5f214088725f55baad2a0ddb86a
benchmark/raw/rows/trial-07-flocq-reference-256-add.csv	386	2f268815ce1b9b36a9fd1909a11ae1ea4b7224c1f5f4c57e5ac99bddc63cac99
benchmark/raw/rows/trial-07-flocq-reference-256-div.csv	387	f0c9335dfddee8bd480a3593062033b0ff4a25b9961fdfb8d1a4459255466b44
benchmark/raw/rows/trial-07-flocq-reference-256-fma.csv	387	0786ade7efe89efdc6c3f0715d57a2f375b67f6ec6edeff69051d0ed2c28e998
benchmark/raw/rows/trial-07-flocq-reference-256-mul.csv	387	b52eeefd100fdabd25e4e7883656765008b88e1f66d70f71968e6891a27cd8a8
benchmark/raw/rows/trial-07-flocq-reference-256-sqrt.csv	386	fc1d703f7190d7f6fbe3824d4a17356b389864cd9927f3759b46319f7ce77bf3
benchmark/raw/rows/trial-07-flocq-reference-256-sub.csv	386	6d16d674fe1d05226ae84b595a26bccba120542c51a2753960236b2b625db22c
benchmark/raw/rows/trial-07-flocq-reference-32-add.csv	387	9376540887d72e29ef6fa96e80e70f4f8594f2f4d8a1106f0b9d58e0a244bc52
benchmark/raw/rows/trial-07-flocq-reference-32-div.csv	386	0d09b9a6226073f876bcc9b011c80e4b627043e471a0133b9aaf9f0e6cf96bc3
benchmark/raw/rows/trial-07-flocq-reference-32-fma.csv	386	4563b035dd69efc400a477a04eefe5cae7e72f4e7c8c516e18449d8907f3fcdf
benchmark/raw/rows/trial-07-flocq-reference-32-mul.csv	386	9544da63f4475d034dc342579e584452f36d97729404c02df76c86ab7131597d
benchmark/raw/rows/trial-07-flocq-reference-32-sqrt.csv	384	3ecf881ad5628e23d7754537690335abbca2f30cd4f1d259ff1bc75052face32
benchmark/raw/rows/trial-07-flocq-reference-32-sub.csv	387	bae8b1dc8ca13625da17e700337582a13a93d77041877a4623a637cf11be14f5
benchmark/raw/rows/trial-07-flocq-reference-4-add.csv	384	7476617ec03e4ef1ef2077940fa91558d1e38cbea0dc9496c5c32a3a70076699
benchmark/raw/rows/trial-07-flocq-reference-4-div.csv	386	6f133ec548e627125b8399a3471db8ead0d6601f7c39dda856167410f2eb5c62
benchmark/raw/rows/trial-07-flocq-reference-4-fma.csv	384	2163ec8db549d0935247424ce91f7dd4306cf64da8dec3aa33cad82f72f18f83
benchmark/raw/rows/trial-07-flocq-reference-4-mul.csv	386	be3836b1bfa734a928fcb79db5d3489318042e67a5866df1915afa83971d01af
benchmark/raw/rows/trial-07-flocq-reference-4-sqrt.csv	385	a8f81703593d71a4e03f88b920c45657472cfb026068dd36b12807a24e8e9297
benchmark/raw/rows/trial-07-flocq-reference-4-sub.csv	385	a9db5b97c675d88ffb61a3376e785185c5087f86ac994f8444395e5e7c89b3c8
benchmark/raw/rows/trial-07-flocq-reference-4096-add.csv	388	de357e31b05a6b945018abc0eefdc1af8ab4fa0b73a7922b429aec936678d836
benchmark/raw/rows/trial-07-flocq-reference-4096-div.csv	387	6bc8733fdd74803f3d78d655d81d9fd581baa2778b1c828eaed4df9677f85c55
benchmark/raw/rows/trial-07-flocq-reference-4096-fma.csv	387	b5e626b71eef801aaad8f8321cedeaceabcb2ebad7725d3f79880dc30c6fb167
benchmark/raw/rows/trial-07-flocq-reference-4096-mul.csv	388	f836a91a90066481deb71ced84b146f64cf20671e1d257216e52eb45b0ee7c3f
benchmark/raw/rows/trial-07-flocq-reference-4096-sqrt.csv	388	1dd07addb2e263c9cf6be886594fd380b96fd07365782b5d13600fee9dc0a6c6
benchmark/raw/rows/trial-07-flocq-reference-4096-sub.csv	388	82ee5572d5ea994c97b6d9b63e41a4e696df6802ac2b7b40e0990a95277a9993
benchmark/raw/rows/trial-07-flocq-reference-5-add.csv	386	885e796289b579008c9af620ef38977d91aa0becb359c9a84e46df87d723118c
benchmark/raw/rows/trial-07-flocq-reference-5-div.csv	385	88986353148eb085b42f9e8ae9833ad7287f7bf073f2b044fec6eb146a239e6f
benchmark/raw/rows/trial-07-flocq-reference-5-fma.csv	386	17d9fd1945adb1b526e3b5079ee2bc31fc373668a805f18168dc700f0be13512
benchmark/raw/rows/trial-07-flocq-reference-5-mul.csv	386	09015ec9a34cf682464da3defa014071327c08ce32e40364134da195e72addd5
benchmark/raw/rows/trial-07-flocq-reference-5-sqrt.csv	385	b221ec2f5baeaed34b8c6921917f093e5d738bd08f66b03cef520c95b5f6284c
benchmark/raw/rows/trial-07-flocq-reference-5-sub.csv	385	cda6c014ed236de2e11bb228ae744de9e442f4bc432b6f4e6b9bdadc5b55d73f
benchmark/raw/rows/trial-07-flocq-reference-512-add.csv	387	7a6dfda51b4fc3a5d322d70cecc26edbc6a84cd3c35edf38895f04f74c3d5ae8
benchmark/raw/rows/trial-07-flocq-reference-512-div.csv	387	3fd3452f965a73aae3aebe058288e1086ffd3f01b79baa143abc2f651d5cd75d
benchmark/raw/rows/trial-07-flocq-reference-512-fma.csv	385	d2e84e1e064c7057e525125530f05617d540915373164f75df56322261dd646a
benchmark/raw/rows/trial-07-flocq-reference-512-mul.csv	387	0a1afce1971baff212f06877ba554ff401f20db5a781ff7b089199137a52c581
benchmark/raw/rows/trial-07-flocq-reference-512-sqrt.csv	386	dfaf18191dc93b76355ee3a447b74a671c1d5dac6aae30e8b5a3673ef7af3922
benchmark/raw/rows/trial-07-flocq-reference-512-sub.csv	386	64d181a9b09f153d3b17463bc06c38afb2f558e9ac53f346b615339dd708fc72
benchmark/raw/rows/trial-07-flocq-reference-6-add.csv	385	acc0ad71d87f75f10aba9724ca92c7f32e38689b3f05c122a05fbef458e1801f
benchmark/raw/rows/trial-07-flocq-reference-6-div.csv	384	f725edce6949c8bd7538f0b6cf7d0fe97ce32e91e1b7a69fae66422b31b4084b
benchmark/raw/rows/trial-07-flocq-reference-6-fma.csv	385	d746f8de2018328c81bc699cc61a832c09c43e240d9ae9d25f26405499217385
benchmark/raw/rows/trial-07-flocq-reference-6-mul.csv	386	50f07ada50187c49a4d11f2be8b60be692dfdce25b669cfc2a51fd529f846c83
benchmark/raw/rows/trial-07-flocq-reference-6-sqrt.csv	386	0e7349f1d38e38207f485a9a7094295599b2cade958a125331784e3d278bdc33
benchmark/raw/rows/trial-07-flocq-reference-6-sub.csv	385	25f70ee8b25bc8e30bbe6e3e64ee93b176ab33d6989ebddb919c03dfb290a557
benchmark/raw/rows/trial-07-flocq-reference-64-add.csv	386	a41dc93e73f034554c84bc1760b796b1d95cdab0a462f4d17da5c6a4e1abe442
benchmark/raw/rows/trial-07-flocq-reference-64-div.csv	386	95ad685e04d7df78530f9dcc7b9ef42af046560c25e2960b86808c66d9a94410
benchmark/raw/rows/trial-07-flocq-reference-64-fma.csv	386	8b953bea4c6a2fe2e7edce33b3265b09e0c292f2563653ecefc83729dda24bc8
benchmark/raw/rows/trial-07-flocq-reference-64-mul.csv	385	86631afa0e33375940b8c0c88f37e87c789f9903edc961e99713320f0735d31d
benchmark/raw/rows/trial-07-flocq-reference-64-sqrt.csv	385	aafd924927356309e4c3669e81c3d4f68fe30f6a657dfb09a5f7899b475327ea
benchmark/raw/rows/trial-07-flocq-reference-64-sub.csv	385	69e20a4f128a264f21c26881597ffc044c4012b7393aad4634709109fe49457c
benchmark/raw/rows/trial-07-flocq-reference-7-add.csv	385	106d564d2d31ee7eaaba872301579ffb9fb2798fc5181d618b0ee9e674780fda
benchmark/raw/rows/trial-07-flocq-reference-7-div.csv	386	562550870b862e7886d9134082ab482ee2ad5fe6f4ad307af8cc102cdcb438a7
benchmark/raw/rows/trial-07-flocq-reference-7-fma.csv	385	25133f22eb9180bf08e8f9bc2131553b01bfeed1e89f1cbeb1ff70c65f3830b1
benchmark/raw/rows/trial-07-flocq-reference-7-mul.csv	384	161974781f658a2f313bb43a3909610da8d2b7bb4c91f4b330d459a4fb18d5e2
benchmark/raw/rows/trial-07-flocq-reference-7-sqrt.csv	386	589907c4bd97353046cb698dae37709dc658bb7c49c7cd66dbc0a66b2f5845da
benchmark/raw/rows/trial-07-flocq-reference-7-sub.csv	384	0a3283fc041f1b1d2bfd5f2de8481ea2ba727fd2da17fc869c0d05338a550a5e
benchmark/raw/rows/trial-07-flocq-reference-8-add.csv	386	76d8eeca0aa717569f440c63c30a0457239c9ed23f37c3427994e4ad166d66d8
benchmark/raw/rows/trial-07-flocq-reference-8-div.csv	386	b9b2e65a302c1b6c0fa72b42a0cce9476152855d0429159be00171c70b5b1c34
benchmark/raw/rows/trial-07-flocq-reference-8-fma.csv	384	ed91341620dfb29a7126cb6178236f33a38e6987b2606bedbf5ffa349f2f99da
benchmark/raw/rows/trial-07-flocq-reference-8-mul.csv	385	cc8236461146a41e3ab817233587ee715a07d27c8e1c285517da859a24a195e7
benchmark/raw/rows/trial-07-flocq-reference-8-sqrt.csv	385	74ba56857d65489daa1ef5ad47e52f19643c104f6899ec909a1889d971f65a5e
benchmark/raw/rows/trial-07-flocq-reference-8-sub.csv	386	ff1a91809628ca6c7ad1904f65514092bf42634c5a7bb199713cd8d95e5867e9
benchmark/raw/rows/trial-07-mpfr-reference-1024-add.csv	475	9489d4120697a63e4a36bbb22d50ea4755bab0a080be4a55b48b8fe5a095dd14
benchmark/raw/rows/trial-07-mpfr-reference-1024-div.csv	473	d41d62d0d6113de09951841282426baf3a317ddb80f58a020f08e5031d54f7a8
benchmark/raw/rows/trial-07-mpfr-reference-1024-fma.csv	475	ce2122c7cf46b6b25972a1787a983607a0126049779f51af12dea917effa3839
benchmark/raw/rows/trial-07-mpfr-reference-1024-mul.csv	475	5b6f0e281d17895b973898db742b778eed52d33687691cc36b9dd8814f232649
benchmark/raw/rows/trial-07-mpfr-reference-1024-sqrt.csv	475	cd8350379891cbb941cd2614b5560298a554caa118136f593f42f8973a8faf63
benchmark/raw/rows/trial-07-mpfr-reference-1024-sub.csv	476	66b9ca3ccb65335c07c9ab47eed81352385a57e2a53ae9abcfff8ffd537c585a
benchmark/raw/rows/trial-07-mpfr-reference-128-add.csv	468	332f6c855ab599ed7b97a094941a082584c9a6b1b05ba784a6c658409eb9f896
benchmark/raw/rows/trial-07-mpfr-reference-128-div.csv	472	d761734287307d6102710645e41705ce9c23f32dc647bdd0801bccc580fdaf3d
benchmark/raw/rows/trial-07-mpfr-reference-128-fma.csv	471	5156157683eed36be64dfd337e07fd9e7dbd518173f5fe622d2ce51e5cb42ba8
benchmark/raw/rows/trial-07-mpfr-reference-128-mul.csv	471	89f0602d0e76699b85afc94538ec7e7f1711e2010330e0d433db398a4791f1df
benchmark/raw/rows/trial-07-mpfr-reference-128-sqrt.csv	472	73a314d08260dd4bead3190eb657cf47be496babad95ee4cd1ea236e0b18975f
benchmark/raw/rows/trial-07-mpfr-reference-128-sub.csv	473	bddf4c1d1945cc4ed8ca14f211a738d7212725d6d58ec2ab8d5cea52a95b5e9b
benchmark/raw/rows/trial-07-mpfr-reference-16-add.csv	467	8cb42da63bde11848e22c5725ec9a116b16e10fc9c51de1445279f0c7d9b5701
benchmark/raw/rows/trial-07-mpfr-reference-16-div.csv	469	a6c1c587c5f2dc73d46d954d2b38bc198a72b6b1e30b43c81667bc0d32bc244e
benchmark/raw/rows/trial-07-mpfr-reference-16-fma.csv	466	0009d114fde9efe7950750d72da796cc9c6293c428f66be79c4f580b5fc07908
benchmark/raw/rows/trial-07-mpfr-reference-16-mul.csv	467	7d02cfd356718e597d1a7a06e0568c251e9c250b070fcef10063154bd68d181d
benchmark/raw/rows/trial-07-mpfr-reference-16-sqrt.csv	469	c685613f583931542c69ada230892eccad65461b26560867643e148b8487e1dc
benchmark/raw/rows/trial-07-mpfr-reference-16-sub.csv	467	9deecca9a1a3d27e4b10d567336e152ef3c021381b82e71a86d1386450895c11
benchmark/raw/rows/trial-07-mpfr-reference-2048-add.csv	475	58ac3c2f38706401a7fbe676c8c2cb9d546796282f3c8b92a9076168bd03f5dd
benchmark/raw/rows/trial-07-mpfr-reference-2048-div.csv	474	689177c02cd08f39afbab43cea4aa2fcb06fa50fd41c32ac07568d5fc3f9f2a1
benchmark/raw/rows/trial-07-mpfr-reference-2048-fma.csv	473	fc482242afc445a216f7b95afd149649df71ac2f25aff8938a5df55ca6ec3093
benchmark/raw/rows/trial-07-mpfr-reference-2048-mul.csv	474	924ce07b4a5318839907c6f1ee18a06dcba8ec414b97c2c57a0012af2b8e126a
benchmark/raw/rows/trial-07-mpfr-reference-2048-sqrt.csv	474	02a7c921b03dbc2fdfa9af713eb656ccacb4fc370e3c3bd2b8616c83e35e8eb0
benchmark/raw/rows/trial-07-mpfr-reference-2048-sub.csv	475	661d0965c98097a5f1f6dacbff8da29560450f5b6bb65e98b36358dea9a3de7d
benchmark/raw/rows/trial-07-mpfr-reference-256-add.csv	472	fb5d3e7e10ed0643a65ea8d49873bbdd9dbbb65ed4f28ef978c5f1734649dfd7
benchmark/raw/rows/trial-07-mpfr-reference-256-div.csv	470	35c9e13e6c336d16f0ea2038f58ca86f5f81e17f148cfee5f9003082344714dc
benchmark/raw/rows/trial-07-mpfr-reference-256-fma.csv	472	56e2f72052721848505f2fa0aab974fec4353150e54a49ca93462dfe5a3c5f9a
benchmark/raw/rows/trial-07-mpfr-reference-256-mul.csv	473	8e84130aa393db21ca2ac9fa251d30a95b988786bad03dfc3b45eb6ec3fc45a3
benchmark/raw/rows/trial-07-mpfr-reference-256-sqrt.csv	472	f74e3f7ea28a322322af62290f3392ee50b5fd40ec9fddd6885fbc62aaf911b3
benchmark/raw/rows/trial-07-mpfr-reference-256-sub.csv	472	d9aee7063d7cc6fa1b1a6da50e63cfc558fac7211102e7cf757586b12d9ca51a
benchmark/raw/rows/trial-07-mpfr-reference-32-add.csv	467	339b4579fda10e45bc88e89e88adbdbe3342f4f3a62fb0b8006d8e9f90d90a1a
benchmark/raw/rows/trial-07-mpfr-reference-32-div.csv	468	31875ba148354fc4cdcaaf3468c557a3c058506defd641963f482afb32ad2916
benchmark/raw/rows/trial-07-mpfr-reference-32-fma.csv	468	e7d102ad352347b419f1466dc37cfa8f5ba5e3f2d28dc03ef26d66f7da7d8462
benchmark/raw/rows/trial-07-mpfr-reference-32-mul.csv	468	64dc2c1e142f6f00640addd0002aaa23e093ad2ba6f945166f4aa424de5a5161
benchmark/raw/rows/trial-07-mpfr-reference-32-sqrt.csv	467	77559f1b215505125f538e9c766120f6c6161614b4d3fed041a7089ae18a097f
benchmark/raw/rows/trial-07-mpfr-reference-32-sub.csv	468	706b53c039f0dcb581a3bf66e5d70f15b2dad327633b77ca77ddfaa5b41f2e33
benchmark/raw/rows/trial-07-mpfr-reference-4-add.csv	464	3cc4fbbe45dc37f8728978dbd3c8b9ac4108ac1a8afd8925437de1ee670a8d4c
benchmark/raw/rows/trial-07-mpfr-reference-4-div.csv	464	77105817e3b738c20be281c4396f9b00bd947e78e0171034128b539e89dcf9e6
benchmark/raw/rows/trial-07-mpfr-reference-4-fma.csv	465	e934ecdf7c798469eea3cc177b5027af16e0ac5a49cc0030e59c45809140f91a
benchmark/raw/rows/trial-07-mpfr-reference-4-mul.csv	464	e2a61b578cadc41ac3a6824d42fe3710498715d3c8f7b33d47efc8b2ef97b407
benchmark/raw/rows/trial-07-mpfr-reference-4-sqrt.csv	464	70743fd37d2f93e8675f299f637430c55911ffaa28249126ddd60bcdbb163f70
benchmark/raw/rows/trial-07-mpfr-reference-4-sub.csv	466	3ea70e4ad613aab50a994c7fbcbfebbb0bd701b990cd20e29503c8be70f38999
benchmark/raw/rows/trial-07-mpfr-reference-4096-add.csv	474	837754b80c1200a051d6222a5657439b03cf18dc916cf216c6a2a84ec2e62ebe
benchmark/raw/rows/trial-07-mpfr-reference-4096-div.csv	474	0ef29819f4c7af402f4261c8a0341e59e34aee24ba670046f77cc15951602aa6
benchmark/raw/rows/trial-07-mpfr-reference-4096-fma.csv	474	4e046928e1c769cfad23cca46ec1e64a6d7e3eb633167e4dc3aa6a3136434bb1
benchmark/raw/rows/trial-07-mpfr-reference-4096-mul.csv	474	8a69a0cd232793a7d43ba3c081f8fa24bf2e4627bb277d698b4b9e2b49732de2
benchmark/raw/rows/trial-07-mpfr-reference-4096-sqrt.csv	475	0a817527dea88d2975e40cacdd83a163ea599befd69c5250be9a274b4782c72b
benchmark/raw/rows/trial-07-mpfr-reference-4096-sub.csv	475	27816e818fb77474639a45384f226b87cb82f2e86d8139bae74f43033c456bd8
benchmark/raw/rows/trial-07-mpfr-reference-5-add.csv	463	58bd0970568d8bb7766cf3924094dd142d834ce418c8b4c37f22d9b46bf373c5
benchmark/raw/rows/trial-07-mpfr-reference-5-div.csv	465	2909bc9dcf29bb131e58affc9044a944e0ea62b5907adb7bc370e7748b2cf328
benchmark/raw/rows/trial-07-mpfr-reference-5-fma.csv	467	b170e69971676d62cb4845bdbf8a9801d6e42d5896b277cc4d648a73d03afaf7
benchmark/raw/rows/trial-07-mpfr-reference-5-mul.csv	464	3db323592de9e3d00248182abcc3e247aa94496031b05bf0b9f80ece016cf2de
benchmark/raw/rows/trial-07-mpfr-reference-5-sqrt.csv	465	2eed34ca5e36d800f7dd4b783d9264dfab5fa925604483d7dfbfed7744bb899a
benchmark/raw/rows/trial-07-mpfr-reference-5-sub.csv	464	913adba26a2fa3f41a3f73834eeb3f2ba75cc7afb78797874bdbca868fc1228d
benchmark/raw/rows/trial-07-mpfr-reference-512-add.csv	471	8db3efe0681941963499e148812c88231abf961bc2bfd1e8b58ff4083f5726cb
benchmark/raw/rows/trial-07-mpfr-reference-512-div.csv	469	0334e02b8136d3502d07d49c83b5db40c557754c17e76b8a73ab13365041baab
benchmark/raw/rows/trial-07-mpfr-reference-512-fma.csv	470	f90a65a1ddcc25d9c809033ec8c2baceb85b16c488186bb1aaadeb8688b7c41c
benchmark/raw/rows/trial-07-mpfr-reference-512-mul.csv	471	ae3ff53da843ece6f9be6f3f4a06be080d93417068f804ad36c77e5e89a72082
benchmark/raw/rows/trial-07-mpfr-reference-512-sqrt.csv	474	3f557a37a9cc2caac6746f8c26f1931304588947a144df7a24028dd88c91d874
benchmark/raw/rows/trial-07-mpfr-reference-512-sub.csv	472	a6f79a891e392d8a8784811ad5b1b165500a7709f17dc99a361dfdf928a84c70
benchmark/raw/rows/trial-07-mpfr-reference-6-add.csv	462	2bf283a2c2aacdf81f7c4814d88db03f481f69cb87371ce467d501d24dbfbd7b
benchmark/raw/rows/trial-07-mpfr-reference-6-div.csv	464	f937f3260275ab9fa70563cba52e6e80cd9ab22399fa76c89ce7d15d1cb31ab0
benchmark/raw/rows/trial-07-mpfr-reference-6-fma.csv	464	e4a9b1be5e1a96444a9989cd968b98d1f0e56a1fc86738ad067ce7194a1296c2
benchmark/raw/rows/trial-07-mpfr-reference-6-mul.csv	465	ffaa9606df980084130bd41ac0e53acd6d6611d4ec2993f315865ee56c8ddf8e
benchmark/raw/rows/trial-07-mpfr-reference-6-sqrt.csv	465	e51899473a2bc57e8929f1f46184326ec1b05302b6df8809673969ea149fdd00
benchmark/raw/rows/trial-07-mpfr-reference-6-sub.csv	465	0bde492c7844a5246035c4af5889a3759e23f96b36e8417a0bdd310b7a8e6f9b
benchmark/raw/rows/trial-07-mpfr-reference-64-add.csv	469	d36f1247bcc1749ca19ab3940e1c1eb896f0a73920090655ffa2bebb2b1a59e3
benchmark/raw/rows/trial-07-mpfr-reference-64-div.csv	469	d59cca59e033e338f92bca1d91d53663507cfe394b1726b1deb8078db7b73a64
benchmark/raw/rows/trial-07-mpfr-reference-64-fma.csv	469	05a2f957d603fecc81ff7508540ab5f24df8221ca1bfa2ff6dff05213d5436d8
benchmark/raw/rows/trial-07-mpfr-reference-64-mul.csv	471	19f2d08f6236de8a3921b4b6749db716328398b7c28c0aab2f16beca40b46588
benchmark/raw/rows/trial-07-mpfr-reference-64-sqrt.csv	470	983dd2c39ba61c4ff0f339e76d7931d00e4268d595dbaa40836f73376c8ce2e3
benchmark/raw/rows/trial-07-mpfr-reference-64-sub.csv	467	938baaf5c5816149146be2777b5e56296915b68edcc45b1c017174bcad5e34da
benchmark/raw/rows/trial-07-mpfr-reference-7-add.csv	464	7603681b1425108677a4fdedce5004c2a2e1ef727720d76846c432ed2642f05b
benchmark/raw/rows/trial-07-mpfr-reference-7-div.csv	465	ffd91406d00486ea85d4e378a61ae64cf29797e3d5154c65bcde5328bd1466c2
benchmark/raw/rows/trial-07-mpfr-reference-7-fma.csv	467	65efb5d358ffad9910a255212752d3072bcfcbc786ee691e9270aa0faf34e252
benchmark/raw/rows/trial-07-mpfr-reference-7-mul.csv	465	1e258f964e77050bfba5807693abed5b05db4b0cff3698d5b7a0de86128f740d
benchmark/raw/rows/trial-07-mpfr-reference-7-sqrt.csv	467	01f86431ba115ba7f7e442f4666db5ea6b14a04795158fc5a1d77d34dbe18467
benchmark/raw/rows/trial-07-mpfr-reference-7-sub.csv	462	1d8698c51d6934738c0b66fa44fe9f90155edc820832afa50b9516b1423c2ef9
benchmark/raw/rows/trial-07-mpfr-reference-8-add.csv	465	a7ff52e0dc231488370d2eb24804ae83da28757dc1932b31cd1750990bdf610b
benchmark/raw/rows/trial-07-mpfr-reference-8-div.csv	465	586f772be05ffbc71cf1f9de36a1e26ff8107e00c55569d610528009674d76cc
benchmark/raw/rows/trial-07-mpfr-reference-8-fma.csv	467	f8d1e8ba2bb84af14f5771b049437964f2e76ed6b2715aaf4148939ad35e352a
benchmark/raw/rows/trial-07-mpfr-reference-8-mul.csv	463	6c33bca07366f6638bed6822a68c3b0170abce27e4911944e01238516a6f6587
benchmark/raw/rows/trial-07-mpfr-reference-8-sqrt.csv	468	646755fb6a6001422cf17ae79d14ecc588889a8363285ba2e2c56a9e13564bce
benchmark/raw/rows/trial-07-mpfr-reference-8-sub.csv	463	b80c9835d3aa6b209bdde47c0116751251f82a74ac7337e09da0ec0b3bf06772
benchmark/raw/rows/trial-07-posit-software-1024-add.csv	374	3daac1b380d093e6970ffcf8d70ef03a42f13c542dab1ef0640b48b98d682659
benchmark/raw/rows/trial-07-posit-software-1024-div.csv	378	77d56250add2372d86fefba887be49cccfc35e4d91920e8a0a106f84cf126869
benchmark/raw/rows/trial-07-posit-software-1024-fma.csv	388	20286600fdc87ecc288ccc89cd48545216999364346d6351b006d3ac0c2b0bf0
benchmark/raw/rows/trial-07-posit-software-1024-mul.csv	378	fbd82b59574beb60f7ff1e35c29d2196cf6e0b02a4dd1f576e716df1c468e55b
benchmark/raw/rows/trial-07-posit-software-1024-sqrt.csv	383	3f130ba261db2c96b06692cbaff2a2a1bb15b938f453b4a97f0cf3ee8a4e96e5
benchmark/raw/rows/trial-07-posit-software-1024-sub.csv	380	da2a3cae356da2f55e054396078d9bc251c19686f7826f22bb7e80c672e77af2
benchmark/raw/rows/trial-07-posit-software-128-add.csv	377	3b7081bad9ad83a4c193564465cef40a0fb6d5d6ebc5dfc3446f2521e294ef3d
benchmark/raw/rows/trial-07-posit-software-128-div.csv	376	11d3e0cdd3fa60ca8aa9e04242f743fffe12983a9f4fe88da98ab1866c2afcdb
benchmark/raw/rows/trial-07-posit-software-128-fma.csv	391	2436ad347c3555d8f91ad450764ccd7a266ab8f6d5d6dffb662fed0d1c94489a
benchmark/raw/rows/trial-07-posit-software-128-mul.csv	382	34e885665bc6937b2ba9d66277ad8bfaae4adaeffbf1116584bf9ef4548b2b8c
benchmark/raw/rows/trial-07-posit-software-128-sqrt.csv	385	c5b42ee4ea4846af72d439096b4aad3a6448948dfc1cee630e8eb095b4c633d2
benchmark/raw/rows/trial-07-posit-software-128-sub.csv	384	4ee2cf91b2c52076a014ea5d36ff58b5f799ed7bdefec5e4e49c4817a34a212b
benchmark/raw/rows/trial-07-posit-software-16-add.csv	374	bff023a23a09153b4013ef2ca2af8c10fbc5508aef7d9225d88d30f01f469c31
benchmark/raw/rows/trial-07-posit-software-16-div.csv	379	d7428e7f8675f15b8d1ba71c7bd86056ff08ab7ed6c0df7de2e612c90bdcd892
benchmark/raw/rows/trial-07-posit-software-16-fma.csv	390	6c993dac7d9d63920266aa152189a6e69dcd5aa3d5f0aa41aa1792bf61dd3dac
benchmark/raw/rows/trial-07-posit-software-16-mul.csv	380	ae9b8a194f35592d90e9369ec497366e4e34ed40134bcf5c4c6ef4b67c917f36
benchmark/raw/rows/trial-07-posit-software-16-sqrt.csv	385	33730484bd8b5ccef9e3179f30b052d31c1e13064cd5f5fc62f5a6d288bf8f48
benchmark/raw/rows/trial-07-posit-software-16-sub.csv	384	99890318904a3ebe76de5cf23b7963252490072bb3090e6fd16105822f1ca809
benchmark/raw/rows/trial-07-posit-software-2-add.csv	376	712fcd8cc2b75f12de815f681bcd7f0aa63047339f616bee1efb80773a576a3e
benchmark/raw/rows/trial-07-posit-software-2-div.csv	377	07ddfc37f9cd5db71935b535f8290525a718ec707ab9d3be0857f3f590671816
benchmark/raw/rows/trial-07-posit-software-2-fma.csv	390	8e3ac5daebe6fa14d7f726c8fb23175d4ebda04a2695cc7309bf4dfef3de5644
benchmark/raw/rows/trial-07-posit-software-2-mul.csv	376	94f1afeea2c9fd43caf318500325a9eca87262371fd37e91dc7d4e51dac6f40d
benchmark/raw/rows/trial-07-posit-software-2-sqrt.csv	378	171afb712e75911f2f051287ef3f373f0e5fa2d86c3d310f68b7774657aa312b
benchmark/raw/rows/trial-07-posit-software-2-sub.csv	376	c0c5e41cae366ee08b541e79bc612541fb7eeb2082b91363f6675ab5fb6b4b30
benchmark/raw/rows/trial-07-posit-software-2048-add.csv	372	bfbb646b7b37a3197cf33ba32e1f1db504bfd0ecdbb1840e226bdef68c8c8744
benchmark/raw/rows/trial-07-posit-software-2048-div.csv	378	f5d90fccc5c60bdccf38020446c6b4dfd855197f2b9618842d2e3ccf29c60d35
benchmark/raw/rows/trial-07-posit-software-2048-fma.csv	387	b7b062021943fdd97cc60f01b8cc83ac99aec81cc7b4db8625c27b514d3311c3
benchmark/raw/rows/trial-07-posit-software-2048-mul.csv	376	7537bf43e137aa30d74592eccadfc743ac337434938f696f3d07ee90770c7610
benchmark/raw/rows/trial-07-posit-software-2048-sqrt.csv	383	a43976f42596145a1f8aff03f342a340445d2a9ba8a606b2a23878a9317b3a31
benchmark/raw/rows/trial-07-posit-software-2048-sub.csv	380	3299f72d74292aee58e258ce4addd95eb4e65e9885a348231bc49c1ce5bbf6a4
benchmark/raw/rows/trial-07-posit-software-256-add.csv	372	2f5d2a66809b44f25b04c89e3a616b21100d843742b7ffe54131f552da9e7929
benchmark/raw/rows/trial-07-posit-software-256-div.csv	375	eb91d8733032c7d383a1be2a6e60729d239e0a064762f759d989a3b1826e67a9
benchmark/raw/rows/trial-07-posit-software-256-fma.csv	386	ef7e8d8ce91313f579b883b67cc747c003cbfbddb336bdfeb22646ea7486ed66
benchmark/raw/rows/trial-07-posit-software-256-mul.csv	376	4a725cbe3bed44ed3a06cd86e3de52a753fd8dc9f49247f42f6985507a309127
benchmark/raw/rows/trial-07-posit-software-256-sqrt.csv	383	eafd6e7c77e1281a6dabeb0e8882063c17dc38bec366f0d6a9d5a6ee345d6de9
benchmark/raw/rows/trial-07-posit-software-256-sub.csv	377	fb38221d3fd42765be57b49d5ceb55636db7eaf7e7d20f994a6a18f7ea1ae536
benchmark/raw/rows/trial-07-posit-software-3-add.csv	375	a04ee207bf5301bf59b646214d1b2d27f75afb4e1c241d348e4104eff875931c
benchmark/raw/rows/trial-07-posit-software-3-div.csv	376	5dca2711394e2c36274f27bef54d4d2f12826343d386640b0e60fe83c87e1a73
benchmark/raw/rows/trial-07-posit-software-3-fma.csv	387	a54ca1d862f6a94acae13507da520b1e99c6d218f5d40c5e34ad80a087e2f525
benchmark/raw/rows/trial-07-posit-software-3-mul.csv	376	fa87e56f67def0c2ccc73e0fadfd5ec743ca9f8014f580d1667b5f1a7cca3202
benchmark/raw/rows/trial-07-posit-software-3-sqrt.csv	378	2d4ddc29cd225643c678bc5a87417a4389b8c2f8fcd10bfe3e2a9a36f976844c
benchmark/raw/rows/trial-07-posit-software-3-sub.csv	375	16c738b660b74601b05b61e6c8ef33d0e0629a424503fa3eee694914a8e2d79b
benchmark/raw/rows/trial-07-posit-software-32-add.csv	374	aec8d0e577eb670517c0f6f25ac7df042f40515334665f6011978406ef658034
benchmark/raw/rows/trial-07-posit-software-32-div.csv	379	273cbc5e9ce480fbe291d601ed3addc15b99f4689e834c95b3fe9041d5bf4b54
benchmark/raw/rows/trial-07-posit-software-32-fma.csv	388	3e545a37434c2b5e887c069e04a43e2f165108aa72e717ca1589cb99961612f9
benchmark/raw/rows/trial-07-posit-software-32-mul.csv	379	a0835e98ef51f0d0585d9004c1c344ac4682fb239ceda460c68a06642d9f4034
benchmark/raw/rows/trial-07-posit-software-32-sqrt.csv	383	6d6d21cda5b34c2fa18f69828545ebd19d501df6bee40dd16fee1d1ee22f148d
benchmark/raw/rows/trial-07-posit-software-32-sub.csv	382	f16f7e37d5001cfb96dd5aa241b9132c97e2d96483fbd49e1ed51530afa6eff8
benchmark/raw/rows/trial-07-posit-software-4-add.csv	376	d6f88edb0643672f6d52eab7e21d8d9df60aaa8b02853e6c6fab99ababc62b99
benchmark/raw/rows/trial-07-posit-software-4-div.csv	376	4b3fd182847caf1195e8942753aa41e30ee97f9691cc48e943c92aa354114ecf
benchmark/raw/rows/trial-07-posit-software-4-fma.csv	389	271ace629682ca52c3e375de0495eabc66311ddfa0be99d20b969cf644385f5d
benchmark/raw/rows/trial-07-posit-software-4-mul.csv	376	8ee31a3869244eae4ad9c9b8f644a84941e722b41e54ebc054c78c600cda984b
benchmark/raw/rows/trial-07-posit-software-4-sqrt.csv	378	e25933f2ab135e6fe8d258006315b4e03f6ba3f57298b9b7bb7a839f2f5abbf0
benchmark/raw/rows/trial-07-posit-software-4-sub.csv	376	d87d66fe24fdd723a724ca6a1c421feefda485a13812e187cc195b743f5b8f63
benchmark/raw/rows/trial-07-posit-software-4096-add.csv	373	20021a87128d2b2d4cf9e3acfbe2ba35df8b1246372124397b41a68918b3d3d1
benchmark/raw/rows/trial-07-posit-software-4096-div.csv	378	9ef652b44b15978e47df663cf95dabdb76c6e89ea43ff5e30f34a520d5a0049b
benchmark/raw/rows/trial-07-posit-software-4096-fma.csv	387	d6733237d7e9407512ae2fd438fac383270eef8b0783ba1a5d41182642b17664
benchmark/raw/rows/trial-07-posit-software-4096-mul.csv	378	ab354ac7d46a8cc10bac21e100ad6063b886e0e47ef8f7033fe55c5e0313d256
benchmark/raw/rows/trial-07-posit-software-4096-sqrt.csv	384	ab99505fd96e1bb971e650b71c5bcdd6eb544d91d1ee75b1de4861fc285863cf
benchmark/raw/rows/trial-07-posit-software-4096-sub.csv	380	dbf7a8646cb9738673bde0207a9b578b27a9d8e3f276bd65646c89c41992775b
benchmark/raw/rows/trial-07-posit-software-5-add.csv	376	b984068dbda657c004194a264cad0b856780d22f0ace72e7954f7f6960a8113a
benchmark/raw/rows/trial-07-posit-software-5-div.csv	376	664d5fee9d3806760ab0dfbb41825fca1481924f0582717aaf45b8b15455487c
benchmark/raw/rows/trial-07-posit-software-5-fma.csv	389	edcc9c70112d6e60958b0a71923e73f9695eff49ce0be778c136b1d5a1724e27
benchmark/raw/rows/trial-07-posit-software-5-mul.csv	376	5300adfbe9a9700b26d9faab0a20407c5864c213ec7ff58ffc0d6e32f90c81cc
benchmark/raw/rows/trial-07-posit-software-5-sqrt.csv	376	72f0089f9f43d06e1bfbda544987f65b77666ca418588c05a201e11b5d82c1e5
benchmark/raw/rows/trial-07-posit-software-5-sub.csv	376	08beb78f773d5c3ed07f1d7de7b6c86803d6eea07cb709193b234fec62942b4c
benchmark/raw/rows/trial-07-posit-software-512-add.csv	370	556bc0a2954c195a04c19942a8a600158bf8c8e8676a971de64ed4da70c69903
benchmark/raw/rows/trial-07-posit-software-512-div.csv	377	1e264c0555f79767cc2c00239359a38792793f8afc0124c59bccc61cd6bd874d
benchmark/raw/rows/trial-07-posit-software-512-fma.csv	386	d2c0e2781b74bcd57cae02e08d24bb43b4725ef6b84febd0e89cbf6c7e552a9c
benchmark/raw/rows/trial-07-posit-software-512-mul.csv	375	953388410e870cfc7c9607d0289acb39530caf3c036b99af59885e1a4244f697
benchmark/raw/rows/trial-07-posit-software-512-sqrt.csv	380	7e70af57d78a8e76cf50fe368c5465d6f672d3751ef8a276821863029fe96644
benchmark/raw/rows/trial-07-posit-software-512-sub.csv	378	59e0abb55528aadf55ea1681075bd90b54cf101468ae311bf73367889cef69ab
benchmark/raw/rows/trial-07-posit-software-6-add.csv	376	5225acb1e57f8a766c6c60493c0f02517a696af2c3868b5e5b79961424f22221
benchmark/raw/rows/trial-07-posit-software-6-div.csv	377	80dfdf26cdeb1744652ccaf31adc0569e06becb29b8ced2a4454adae4b153d26
benchmark/raw/rows/trial-07-posit-software-6-fma.csv	389	5b70a485117110f11e7e20d1f9a0023e6ecf720578da0702694c1d5008f48bfa
benchmark/raw/rows/trial-07-posit-software-6-mul.csv	375	8ff9777653b4d765ae688f178f309a02c9da7afadd0bdc71e043b4687b821c82
benchmark/raw/rows/trial-07-posit-software-6-sqrt.csv	376	0227de821c260fbdfa0563a68337c1b3854fea88fd719d40bbe3a45ffe2fff33
benchmark/raw/rows/trial-07-posit-software-6-sub.csv	375	ecb506a959bd826db646f06a822bc6ce1ae2d3bd13baf585fa06a13365917fc1
benchmark/raw/rows/trial-07-posit-software-64-add.csv	373	edcda9fe40fbb53b47ab838c1db49fffcb89b579fdfe7050055ab4a5729c67b1
benchmark/raw/rows/trial-07-posit-software-64-div.csv	379	f1a8078670d76c3a34185f6505118af42483fc2ad355c28eed2171437b5c132b
benchmark/raw/rows/trial-07-posit-software-64-fma.csv	390	39618470d0ed0ff92a976a2435c97f9dda3e1eec94646887762cda1f5b5ec7f5
benchmark/raw/rows/trial-07-posit-software-64-mul.csv	379	21920d2326a44f68613cbf335b30fff9ff6c4411c5b815b387fd1bf159896800
benchmark/raw/rows/trial-07-posit-software-64-sqrt.csv	383	1f64b8f67db226a23c23d032c8bd12451101a50a1841ffdb004e88f4688ea430
benchmark/raw/rows/trial-07-posit-software-64-sub.csv	382	25accdc5c39f81de439f0a6b4926698f460ef458002d7c8e6bb2c221ce50d839
benchmark/raw/rows/trial-07-posit-software-7-add.csv	377	6a5eb9ae4a8e9d12daa23fd95acbedb56e79641a11279da8f668d2997ea492dd
benchmark/raw/rows/trial-07-posit-software-7-div.csv	377	41c6adb4ea6228d6cb6b29f104449ed865f993e82c89c6f90bfb00b77a82d9e1
benchmark/raw/rows/trial-07-posit-software-7-fma.csv	388	0d4c1ed8dfbfa6782881e9f7fe4c87f1751596ead3431950ec57adc6a70e7fff
benchmark/raw/rows/trial-07-posit-software-7-mul.csv	377	83a1a4d2e644501ae60ad483ac0b20961070b55ac402570fe9aa6fe6adfbb1f6
benchmark/raw/rows/trial-07-posit-software-7-sqrt.csv	376	993314336ac9d6cc717e0368cf1dec71967710879b03feb5fbeb95bad3db310d
benchmark/raw/rows/trial-07-posit-software-7-sub.csv	376	6622a1f5647a7f91f03effa41995ac1d18b67ff9c0d63d827a33d5623436de80
benchmark/raw/rows/trial-07-posit-software-8-add.csv	375	1bf6dd27c6c4fd29a968821f7052477fe153031e56bc421ac36296306ff46056
benchmark/raw/rows/trial-07-posit-software-8-div.csv	376	57a575755b38add44a03ae314325f72368792a79720908a4bef4b36f5cb6ff17
benchmark/raw/rows/trial-07-posit-software-8-fma.csv	388	1f37ab8e77163c0497acdce98e64a89dac377938e7da906cae85e07ffc0e0572
benchmark/raw/rows/trial-07-posit-software-8-mul.csv	376	a3566173f388ca0773e2033fc4a59c340851cca96138fcd71965157d22a9bbd7
benchmark/raw/rows/trial-07-posit-software-8-sqrt.csv	377	9d7e52a635d0b280c5145352885476e18e2d2dbb42fa0243b7b213111fc7b215
benchmark/raw/rows/trial-07-posit-software-8-sub.csv	376	45181a60a16eae2e6d7656a3cab2d67159e71ad82e0632145a1db4ba8f05c677
benchmark/raw/rows/trial-07-softfloat-reference-32-add.csv	418	59e42a675eb382ccf126cac36a6a99e0887f32cae3e7820a58daeb007d980163
benchmark/raw/rows/trial-07-softfloat-reference-32-div.csv	418	9f5219f7ce3ba062d948a08600169ac781fe8cbbf841bd1f5b66b6df6b149b44
benchmark/raw/rows/trial-07-softfloat-reference-32-fma.csv	419	c06007b4836af09388da13864d206fe492095710ce1ad5860700c4414d451a42
benchmark/raw/rows/trial-07-softfloat-reference-32-mul.csv	418	8f93bb1dcfb8a8576193d03336ea5142063f48c21d8de3ea3c828e0a67d420bb
benchmark/raw/rows/trial-07-softfloat-reference-32-sqrt.csv	417	18587b3a9c502a77d3d22dfc322e04d69c1fd962d4bc53c583be484106cdbe30
benchmark/raw/rows/trial-07-softfloat-reference-32-sub.csv	417	9a9e8af02add2a0ec88332392d696494be98dca144de7122af06dc2dde6128bc
benchmark/raw/rows/trial-07-softfloat-reference-64-add.csv	418	cc305759e7bac94928b160e98b30ee8a946769804676a4b36d236fd1baf17cab
benchmark/raw/rows/trial-07-softfloat-reference-64-div.csv	417	2ea03b73f0c2764dc628209fdd888e7033ef749655c7aacdeb4ce90cad828e3a
benchmark/raw/rows/trial-07-softfloat-reference-64-fma.csv	418	303b2588cb3d3717599b6a7f9d19496e57bc422a11a8246a417a680ee4d7ad4c
benchmark/raw/rows/trial-07-softfloat-reference-64-mul.csv	421	97b0f22ecd989291d95e4599813232e2a7bf065a89f0bba6d8591bfd02cfce97
benchmark/raw/rows/trial-07-softfloat-reference-64-sqrt.csv	420	887a771d92d02fd87cc96481baf0a277355df51a5f8f0bdf533f3a9abaf1ea6a
benchmark/raw/rows/trial-07-softfloat-reference-64-sub.csv	414	c6fb6483e0a2c6f8abdc00b7a0c442e852620f48da97be23cf73ead984295f68
benchmark/raw/rows/trial-07-universal-posit-1024-add.csv	447	f19218a7c1ce2dd9fe3b0544877208772454f774a70ec790f423048c2feb23bb
benchmark/raw/rows/trial-07-universal-posit-1024-div.csv	444	103d7b7f708f26b5a1db406c6881a509e482c3d710ec1bb1265646ae57acb967
benchmark/raw/rows/trial-07-universal-posit-1024-fma.csv	442	a6d2dd23a249b8c10d4d3d218fad14a2a3567ed7bb6af196f8d5fea4f3b6af85
benchmark/raw/rows/trial-07-universal-posit-1024-mul.csv	445	a61e4e9fc859a4010d272381bcc821d3256784e2420d9fc9461d8a791926a7ae
benchmark/raw/rows/trial-07-universal-posit-1024-sub.csv	447	9d3ed1be4afcd1edecdb82d9a365c07e5e461474350c520f2ae168575e7907d7
benchmark/raw/rows/trial-07-universal-posit-128-add.csv	442	202082d2dd17e8f31d0e4fa5f81d37a37adb923302f54ee8d87137de9faf5f17
benchmark/raw/rows/trial-07-universal-posit-128-div.csv	444	5239096a6e96b8456c4a2e41a04a1c59d7c28e8fc1da4a384d056ea3d4e6e9e2
benchmark/raw/rows/trial-07-universal-posit-128-fma.csv	443	284e0f05a533574709bd9c3a26fc7cf9c563032d0758495225dcce8381f3d8ba
benchmark/raw/rows/trial-07-universal-posit-128-mul.csv	444	23941286472cd41af9efe0ea174440541d01ed7c764182efd8642924c359fe6d
benchmark/raw/rows/trial-07-universal-posit-128-sub.csv	444	4247482406c2c5c3b1b551f24d166f4079744d1e891e4cfb142a36ace30771c3
benchmark/raw/rows/trial-07-universal-posit-16-add.csv	443	84332370493e313ee595daf6e4789eb39e8841b637efc9eb00e74f5f90d96fe1
benchmark/raw/rows/trial-07-universal-posit-16-div.csv	442	06c792071b103c2ab62e11ccc503d156e151b3be4c22c726e1545c9d9df1a3ac
benchmark/raw/rows/trial-07-universal-posit-16-fma.csv	441	71172b72c0e65da833276611d53e9446e708da0e57688d18346662aacff75b8e
benchmark/raw/rows/trial-07-universal-posit-16-mul.csv	441	90d45699362dd0946aff043a05f53c7f8d9a7f754f2f3329b330342333dd1df5
benchmark/raw/rows/trial-07-universal-posit-16-sqrt.csv	461	923cc883143ebec94f3e150696cc13f527847fa8376f1f1f094ccfa15fceb0a2
benchmark/raw/rows/trial-07-universal-posit-16-sub.csv	442	74d0c934e64fd4876bb63251069b4b7aae321ef6e6dc2b404dd70c1099f85613
benchmark/raw/rows/trial-07-universal-posit-2048-add.csv	445	2fabfe19f42f447aa143675c37b07d28eb0006dc6e3d2fa4ad9baac7ad4e4106
benchmark/raw/rows/trial-07-universal-posit-2048-div.csv	442	6410e74fb1a1ded9acae1bb5ff42fe74fe4f81393f003ade9ba4701b18845bd3
benchmark/raw/rows/trial-07-universal-posit-2048-fma.csv	444	ee5b4129b9eb801b715cb6be53d7f212face3d812043c7b25705dfd4bda441e0
benchmark/raw/rows/trial-07-universal-posit-2048-mul.csv	444	a5423e45aea5a7450a5719b3d9b91e0d286649ee18c8f791b4e872b5561b0baa
benchmark/raw/rows/trial-07-universal-posit-2048-sub.csv	443	d2673996b8d46d0a524ba6dc0a18db652745f7d9e398a5c317f7ad94b7d350fa
benchmark/raw/rows/trial-07-universal-posit-256-add.csv	442	44cf74cf8c6fdeafaa123907d470a6278f60d26786a41f74db4115740a19689b
benchmark/raw/rows/trial-07-universal-posit-256-div.csv	442	0d1f935cfb154921cdc13ef93771c9b8cd0606d0aae81a1cd38503dc7da044b1
benchmark/raw/rows/trial-07-universal-posit-256-fma.csv	443	146ec52143e62a14eb7fbadad15075bc2b9d148bdec6d8dc47264f4fbdd5358b
benchmark/raw/rows/trial-07-universal-posit-256-mul.csv	444	c26c0f136ace0d80b4307433d2377177ede996026d8cf8de626cf253bfe567b5
benchmark/raw/rows/trial-07-universal-posit-256-sub.csv	443	dc7d7f635adf59679271871a528b2b871498a49b95568913b1ddae9ec7bee323
benchmark/raw/rows/trial-07-universal-posit-32-add.csv	441	d9ad05c08899d49ff65bb3d5c428ac43e60ac2da1d77eb3a5d9b66386ffd7dff
benchmark/raw/rows/trial-07-universal-posit-32-div.csv	440	07715201e9cd4dd7874dae18422479c95cce7f50ee157a4c63f1f968ee027d9d
benchmark/raw/rows/trial-07-universal-posit-32-fma.csv	439	73938ac6c442bf330d7863859d99e7d97b8a730ca2be814229309d587dd2ced7
benchmark/raw/rows/trial-07-universal-posit-32-mul.csv	442	5319cc4ee3296ca5094a553f66f2f818c4f46b6deaa284afde4653e4618d3858
benchmark/raw/rows/trial-07-universal-posit-32-sqrt.csv	460	ca95fa7cc470a541cdc6f07eafc84d4e926a3ed27a2f496952a678300f2ef651
benchmark/raw/rows/trial-07-universal-posit-32-sub.csv	440	b0979b1e849cd53eb5ecf29be82fbf2c4fb5b127b64db379e9f199dfa263d1c6
benchmark/raw/rows/trial-07-universal-posit-4096-add.csv	446	1a74c043d6b91b5d1e847721b05cd8886d1f902dcae8a5a07bfb0e9c7ec7f5cf
benchmark/raw/rows/trial-07-universal-posit-4096-div.csv	443	96220c127ee644e6362756584e4d720110fdae67309bcbd1613a929924918b04
benchmark/raw/rows/trial-07-universal-posit-4096-fma.csv	443	edc40b42b0c3dbddc90e2c1b9ef34d721a62d374347ce9363d943f859a7519a8
benchmark/raw/rows/trial-07-universal-posit-4096-mul.csv	445	4d378b903f9a40d091c004ee04f84809dd42742cff046523c270f8ab25f37e2c
benchmark/raw/rows/trial-07-universal-posit-4096-sub.csv	445	3df8a6b1f2970959859719dd0d23439d925d2aca48f920293358d1d499378b6d
benchmark/raw/rows/trial-07-universal-posit-5-add.csv	438	ce6b369ba235f3276f90f2fce5205fc517decb67de85055371ba056a76ae2949
benchmark/raw/rows/trial-07-universal-posit-5-div.csv	439	5efeebef32e0a411d8056f1044091e6b30ce5f8f096c6607bbddda980e7c5718
benchmark/raw/rows/trial-07-universal-posit-5-fma.csv	439	3897aaee039c291818044a6d2e3134dfc978b6aaf5d14e164a36660d6cc545ac
benchmark/raw/rows/trial-07-universal-posit-5-mul.csv	439	edfb84e1ab2e6ed40aeb73f4ac150b8505382a371caf3031e6d097f680ab3559
benchmark/raw/rows/trial-07-universal-posit-5-sqrt.csv	458	ee023fb840779920a3ac14f3b70b14771c240732a1c577af3903aa382fb0ca75
benchmark/raw/rows/trial-07-universal-posit-5-sub.csv	438	4fc998c5c5890adda3c823d5f40f21964aaa4c2338eca75abcfac22a531d9b1b
benchmark/raw/rows/trial-07-universal-posit-512-add.csv	442	b67aecccf8480b382d7f33e72041304162e06af0de244f2c25f9ab4848a9fd53
benchmark/raw/rows/trial-07-universal-posit-512-div.csv	440	9e8f50c51a3eff22a1f8912499255c93a06f70aa7453f8d4cc2abca0b7bd5260
benchmark/raw/rows/trial-07-universal-posit-512-fma.csv	442	4cb0d3ee8d154a64a3894425ee77bdb3512a7d84f591e8bc69b6b48471d7c26a
benchmark/raw/rows/trial-07-universal-posit-512-mul.csv	444	e624af188690198ab558763959e0de35006ad7c4a61800b994d6d8e6743ddb95
benchmark/raw/rows/trial-07-universal-posit-512-sub.csv	443	f1049e65e3699e4d9f3b65021dcaa01cec3981ca20efebb2628db8f8b350c01e
benchmark/raw/rows/trial-07-universal-posit-6-add.csv	438	429ec293b5539ce9314ef7478adfa2ab2be5f7d22f7e0a03842c2fe786d32076
benchmark/raw/rows/trial-07-universal-posit-6-div.csv	438	2d7db128bbc346ee6c01d70c83699d38896f61f39182302a0a3739e550c8d581
benchmark/raw/rows/trial-07-universal-posit-6-fma.csv	439	bd38ee86339c1edb1754c2858008402b5f9eb26031bbce932eda6a775bd0107e
benchmark/raw/rows/trial-07-universal-posit-6-mul.csv	438	1ac244b65adc572a88acab430dcad673ca0a965bccc2c33d85d1a19e1568e2f3
benchmark/raw/rows/trial-07-universal-posit-6-sqrt.csv	457	f42adf36c0c70381ff3245bb5132a5ff4739ea20505b4191f236fe5b0a4173ed
benchmark/raw/rows/trial-07-universal-posit-6-sub.csv	438	0f1a2d7bc89f711f038cfb4a1be6f3bb5f73b2a1e8e627e8e3a667260f87a5fd
benchmark/raw/rows/trial-07-universal-posit-64-add.csv	442	ca3b737785cfd959ed4a77a631224f46a22db00f581b336e3ad8dae21ed2ae18
benchmark/raw/rows/trial-07-universal-posit-64-div.csv	441	b44ea25d1316b5c57ea7b6d22ef4056a789ca08cd8c45abf4aa55ff860493fbb
benchmark/raw/rows/trial-07-universal-posit-64-fma.csv	441	ecd56df02d97c793ea018047b6d08c9f88b9165f4dbf703955fce691ad86bd21
benchmark/raw/rows/trial-07-universal-posit-64-mul.csv	440	b7122fd24e5fa0823a9f1e6de74a73a05a15b311ac104fbdd664726e990c2c67
benchmark/raw/rows/trial-07-universal-posit-64-sub.csv	440	18b3850f4635ead38b948d35fa01e955919f856ce9713a31194cdc8d36135a39
benchmark/raw/rows/trial-07-universal-posit-7-add.csv	438	9729b1aac35947d5d4ff1419c7bd10dc0b93a1602a23099a2cae18fdb38d8643
benchmark/raw/rows/trial-07-universal-posit-7-div.csv	439	7cee9d55aa8625acacf2a9d25c2931ef7b2bfc18b68ef2b21c39675d3d28968d
benchmark/raw/rows/trial-07-universal-posit-7-fma.csv	437	f9b0bc7628a382ed805a4b2f94a4f5a3f044181a4ba105d7b45f4101265afca5
benchmark/raw/rows/trial-07-universal-posit-7-mul.csv	440	e745a0c73bde6d08a83a324f5ac533b2746b31f59830b3da26060a621cd90833
benchmark/raw/rows/trial-07-universal-posit-7-sqrt.csv	457	1be034cd212f4632c93c30a6231ff396fa49dee76cbb54d355089cc169b52efc
benchmark/raw/rows/trial-07-universal-posit-7-sub.csv	439	d47f69ed187053bf2a6518b950c075538bcc79ba555dbeaaf54d0f6ae6937c04
benchmark/raw/rows/trial-07-universal-posit-8-add.csv	440	e0317ed9cd3c7c3661690e8604a3b658ce34523ed43dd5fac7cf9c5368bc1630
benchmark/raw/rows/trial-07-universal-posit-8-div.csv	438	b722c91ee35f223591aecbc63eb2690c1b8ea1ceb5c3728c4bf82b5257eda649
benchmark/raw/rows/trial-07-universal-posit-8-fma.csv	438	1a9222517503acab56e13e1cd609f5ce3b7d7ac27717bdf9d102867886f3d5bb
benchmark/raw/rows/trial-07-universal-posit-8-mul.csv	440	d3f675a80fec6b17b240e1af05791d3b5bc2648a5982f89b3c78a0c650057f3d
benchmark/raw/rows/trial-07-universal-posit-8-sqrt.csv	458	6caf44731083f800e7a2ec920ad4bb647ffce8e8e0c84916cd9649b2669e00a2
benchmark/raw/rows/trial-07-universal-posit-8-sub.csv	439	0f30860e8567d04600628fae3cdcc32e27cff98f5f5bb94a80227f6cf815a99c
benchmark/raw/rows/trial-08-binary-native-c-32-add.csv	405	c5decf14275e08aef061053f4dbde4e88bce1f1a5f3b5c157b54ac94e5f9c08e
benchmark/raw/rows/trial-08-binary-native-c-32-div.csv	406	256885ee76482c5d3782e733c7d17186b9b437e02bc667a2e9453bed444ac374
benchmark/raw/rows/trial-08-binary-native-c-32-fma.csv	405	2d140b3d06b00fb41fadf3b52f2086f611a0bbdec97ef16cce14267147742434
benchmark/raw/rows/trial-08-binary-native-c-32-mul.csv	406	2d5bb996152f4c11a0cf42437fa54ee659f0c565fefe1f05b4076009ac8ab5c4
benchmark/raw/rows/trial-08-binary-native-c-32-sqrt.csv	408	f566c707c8d6191018e5ed12a064b75ac2a509a8da95d792397e9c2c7f9614e4
benchmark/raw/rows/trial-08-binary-native-c-32-sub.csv	405	5cf56aa7f477559aaa873b9689824311bd2145f5895bc6d8a838a5f2547a7f37
benchmark/raw/rows/trial-08-binary-native-c-64-add.csv	407	84a6def204363ea39fd87393d1e95e604da56b318e96fa4bede1acdf3c203688
benchmark/raw/rows/trial-08-binary-native-c-64-div.csv	407	ae3fae812acabbba0f6cbd41c76d998e3cbc50f21f577172c47f93e8b0f1ad89
benchmark/raw/rows/trial-08-binary-native-c-64-fma.csv	405	311424233051a8578e2b78063bff144f06c04586fed4f1208c5eeb62f42471ba
benchmark/raw/rows/trial-08-binary-native-c-64-mul.csv	408	fb12444aba4f1bc0313b204fca0d68eccc08b5771c9c23aded91df706cdcba91
benchmark/raw/rows/trial-08-binary-native-c-64-sqrt.csv	407	472c1f81d96cfe3592d1a10f763779d8f9d0752efa9d72598c6d1a93085ddf4c
benchmark/raw/rows/trial-08-binary-native-c-64-sub.csv	406	f343ce4dfb72377e46337f3241b2b28b2bc4c1aa3bfe66db53f6813d9c9ed881
benchmark/raw/rows/trial-08-binary-software-1024-add.csv	455	57a5bcb55ef228e64dc6178b7a9fab9460e3dcac3f099bc02118fa20349e2e88
benchmark/raw/rows/trial-08-binary-software-1024-div.csv	453	cab7bf8cd6a7734021a8453400fd88b9289d5b4151b3ecb83b520fba9ab1cea5
benchmark/raw/rows/trial-08-binary-software-1024-fma.csv	465	c0320c6cbace1ef3aeb9d199f26a3baf9f92388ce177942173e08a1229953860
benchmark/raw/rows/trial-08-binary-software-1024-mul.csv	461	aa7c3547ca1d3f8f4453d0150c6550f9384bff113f5901b94a93c5ef70a04d5f
benchmark/raw/rows/trial-08-binary-software-1024-sqrt.csv	459	e7a1b701ecd2addeb2ade6fd00c97c1cfd021c6c9e3c8130c7f04af83da04517
benchmark/raw/rows/trial-08-binary-software-1024-sub.csv	459	1d280c8391a7c596da37e9032061ca688af1f220c5a10b84f6e2e08db236dd8a
benchmark/raw/rows/trial-08-binary-software-128-add.csv	437	a8a0a7ef2d47f0c26bc8feee7368a1f3c8031b1d48251ef2cddd3e06296310dc
benchmark/raw/rows/trial-08-binary-software-128-div.csv	441	95d54fd2772c16c6705f28234fa836b4b07a8991f4d5ee220828e3356a5c16be
benchmark/raw/rows/trial-08-binary-software-128-fma.csv	449	cf80d7752917dbaeac955b2fe1ee908bc238ccd95346e30a44694ed36f8556f9
benchmark/raw/rows/trial-08-binary-software-128-mul.csv	446	7dd56c1bf51bb68a6371828d947fa976bd803bfb30666ad82f4247b92040af92
benchmark/raw/rows/trial-08-binary-software-128-sqrt.csv	444	35ac863f42b93f8c06a9b31454733517110acf118544c998b1b30bc33469f76b
benchmark/raw/rows/trial-08-binary-software-128-sub.csv	443	bec60c19e8bf6e55392ba5111d9461102208221f4f5c8b9318bbdd76f4e3f402
benchmark/raw/rows/trial-08-binary-software-16-add.csv	440	26a6b471b9b77d42356cbf92143cf37e42713ed78c0ebbad0c3d78748412d98b
benchmark/raw/rows/trial-08-binary-software-16-div.csv	437	cfb514e656632be3f2a135b3a9e57badfc3ebab61c7e5e3357657d6bc7c80c4e
benchmark/raw/rows/trial-08-binary-software-16-fma.csv	449	d1c599159e9218615e627c445cb09cd24d8b2dbd02b878647ad7327e1e9660a9
benchmark/raw/rows/trial-08-binary-software-16-mul.csv	446	c2aefe4a64bb72bb8efaaf56ff40770f992f60d28713c4b12479a328fa603f21
benchmark/raw/rows/trial-08-binary-software-16-sqrt.csv	444	f9cb5daf206b518144831c31a35237833848665d42e4fcb185580251a6202896
benchmark/raw/rows/trial-08-binary-software-16-sub.csv	443	75d2c6a5f2eb2689752c08c8b9d0ad80c6e17c3ef3dedade635d735afa3f17e9
benchmark/raw/rows/trial-08-binary-software-2048-add.csv	456	36f308cd384cd696f33337fac1b940083483b028e90e82a65a3ef7ed3e341530
benchmark/raw/rows/trial-08-binary-software-2048-div.csv	455	b0543245610b8d7f73e409fcc8490577a891c07473afabef9e8196f934b1e64b
benchmark/raw/rows/trial-08-binary-software-2048-fma.csv	464	c76cba0638c900bf419333a777cc48b19de5071b561bb74e86bab60849bb8f9c
benchmark/raw/rows/trial-08-binary-software-2048-mul.csv	462	79f927a8493e5dc11ddcd022d871ddae8b26c80062c5faac0c2f7a95100d1261
benchmark/raw/rows/trial-08-binary-software-2048-sqrt.csv	459	78fee6054fb578ed586546150db60d045cc1b40ab5e3f0a8f988dd44ed0a3503
benchmark/raw/rows/trial-08-binary-software-2048-sub.csv	458	812a80b7e334e5d7afb4f6b5dbd20f0d60681da8d8ae1a1c4082e1336ec57ba1
benchmark/raw/rows/trial-08-binary-software-256-add.csv	452	f3e095292942e8061ff9ea4e0757245f473ce3d30cbbb29f6e49118dd5fc0f43
benchmark/raw/rows/trial-08-binary-software-256-div.csv	448	004237cb173c2853efac682674737c013802310582e61692dcaec9cd3475dd1b
benchmark/raw/rows/trial-08-binary-software-256-fma.csv	462	248c4ff361c621176cc140c5cc551981d6d54eb814cbde2e045a34daea5f6b85
benchmark/raw/rows/trial-08-binary-software-256-mul.csv	460	e3d913984e727f406b84ee6982a9e141c58b368628f0c774a3e0ca06d0bf97fd
benchmark/raw/rows/trial-08-binary-software-256-sqrt.csv	456	32de9f2a410635fb21cf83e4f0b347015608504b7e94b4a73774d7a1e3aa8894
benchmark/raw/rows/trial-08-binary-software-256-sub.csv	455	d125dfa18358e5b4ef3f9230d8f900bc3233d067b37b433957cb921aaf0f3b36
benchmark/raw/rows/trial-08-binary-software-32-add.csv	423	dc6880fa2011af87cde034cc612ed1f910a5fb8c54861f2cba654eddfdbdf997
benchmark/raw/rows/trial-08-binary-software-32-div.csv	424	f6d42d07c20fd4d29f68dcb87fd38cb19044b28717fbaddec5e0188c4b2977db
benchmark/raw/rows/trial-08-binary-software-32-fma.csv	425	e7b15f43d3ee61361c915d77bf3c6524dce6f877c5b848ca04adc16dac58917f
benchmark/raw/rows/trial-08-binary-software-32-mul.csv	424	a5bcfe2485265b76a95e037aa980ffda0336f1a48f25b115f39381a4f58c384c
benchmark/raw/rows/trial-08-binary-software-32-sqrt.csv	425	8b38a8bc779b1d8a70373bfc96a4bdd06159c8e192139424536afe5b63c97daf
benchmark/raw/rows/trial-08-binary-software-32-sub.csv	424	6611ec1c314c2daf415874901e20cb29b530d03418a991b5fbf9979591e34a0f
benchmark/raw/rows/trial-08-binary-software-4-add.csv	440	a06f9ff17bc31a45cc933edfd59b0e680d9fd7c319b8049e81cd77bde7c82256
benchmark/raw/rows/trial-08-binary-software-4-div.csv	442	9243cbbcd1dea36b86b95088743a72991c0ca360beaa546cfc55bbf39465e790
benchmark/raw/rows/trial-08-binary-software-4-fma.csv	451	bd7b07866e0923a6dff18b157b95ff01d737870ea85dca2704d5bb99256df5db
benchmark/raw/rows/trial-08-binary-software-4-mul.csv	445	4966867a89b55a9a60566c8d48d8caacc61179d797915377c564af3b52b189e4
benchmark/raw/rows/trial-08-binary-software-4-sqrt.csv	446	9fcfd8f67445a46dab8a901628223bc5d113fb8257052bc65dd70f4f4e745523
benchmark/raw/rows/trial-08-binary-software-4-sub.csv	445	869bedab7a7aa1ce355eb40fca29d0a9a2d7869ec0a2ca4144d67ba58b02294d
benchmark/raw/rows/trial-08-binary-software-4096-add.csv	454	8e8dfefb952b83b5c11505ea35816b983329db4e950b5216f0aa61ec18e026d4
benchmark/raw/rows/trial-08-binary-software-4096-div.csv	455	9764ed64c790f5fa2cebee2f248e4cec3581e4ce5ba586974401fbaab9d2c31c
benchmark/raw/rows/trial-08-binary-software-4096-fma.csv	464	13b64e982778eb75b401dfa902bb9c1c3dfd3df365145ed94abf2f31d6c5e54c
benchmark/raw/rows/trial-08-binary-software-4096-mul.csv	460	1a62ab36cf3fdf59bf986aacb96f3b0ac4ad760e29373cc276c881717f821118
benchmark/raw/rows/trial-08-binary-software-4096-sqrt.csv	458	08c562555fb0a401e2f176e50598a9a621bc0737e51dab6bebdd97729d21d0ca
benchmark/raw/rows/trial-08-binary-software-4096-sub.csv	460	261369f313715b6938fd79cb144b431a953edadf417ad70c1807992a9911f16a
benchmark/raw/rows/trial-08-binary-software-5-add.csv	440	89ea577fd28fd30f7f725f443d8ce4fbb651638a605ebce2a8b52d3f424c3af0
benchmark/raw/rows/trial-08-binary-software-5-div.csv	440	3469fe900f74f35b9ff61256743fc966d61b57cf9c8a4c09ccbe7cfc9f4e7763
benchmark/raw/rows/trial-08-binary-software-5-fma.csv	454	25e574365cdb64ab182e41b0fcabe3deded32b47206aaefb84c3c0a56470e5f2
benchmark/raw/rows/trial-08-binary-software-5-mul.csv	446	3a37706274b3c31b2343f65618b07bc1bb505b458ba3b4c07406a98c1210b958
benchmark/raw/rows/trial-08-binary-software-5-sqrt.csv	446	48d1c9c958e86b378c5a31aba73422ba2cdadd58b890c683fa73872621477e48
benchmark/raw/rows/trial-08-binary-software-5-sub.csv	445	06419117928cd1d19ec401a25071b792d3284c9a2a6a07b46c24a92ff0344a40
benchmark/raw/rows/trial-08-binary-software-512-add.csv	452	9396d17eb97a434d09f244daf6021d0f3abce7e2a02f0c0e937cf548d633aa68
benchmark/raw/rows/trial-08-binary-software-512-div.csv	448	d5f0d2722695897a5b01809c63582810a27dc469fef0e6a07eaa4db620814bdf
benchmark/raw/rows/trial-08-binary-software-512-fma.csv	460	99a7ddac628e1980d62606450f68038d1b8ee330b4ffb1c6f05c32b25e15c821
benchmark/raw/rows/trial-08-binary-software-512-mul.csv	457	92d2ac14b45ed736394ee3c826a8ac1859ea37d2b7d90d363abe8505e6eeb3be
benchmark/raw/rows/trial-08-binary-software-512-sqrt.csv	456	58ecdd9f321531590ca5c721b6a9604a1b8dbd883904e2313f9ab0bdbb94c1d1
benchmark/raw/rows/trial-08-binary-software-512-sub.csv	455	5addc409112ba4b1548ad5a9df0fa0d90b523c5e35044c18f9377e86d6d9f825
benchmark/raw/rows/trial-08-binary-software-6-add.csv	439	11765c791b830524c099fbf64e0357a2c9598f57d625290c36e5291baada9cc5
benchmark/raw/rows/trial-08-binary-software-6-div.csv	442	36fb7b5a11dda926bd0fc1be7911a939e2c6f197dea6f3ec28005c13087eb12c
benchmark/raw/rows/trial-08-binary-software-6-fma.csv	450	f007071714c9c351d679ea0f5a046f23bf6be86a8ee5c18b4f9a47a4344b768c
benchmark/raw/rows/trial-08-binary-software-6-mul.csv	450	77b8eccd8e1cc501dcbd0f306236ed4faa3539c67781ad66d7c46d5d780fe8fa
benchmark/raw/rows/trial-08-binary-software-6-sqrt.csv	445	968d9ad0e0b1e7e131cda46b8239675d7ecb993761092973d1ac7aa562f4b146
benchmark/raw/rows/trial-08-binary-software-6-sub.csv	444	d0b8ae1f43324eb3abdb5afe04b80e984204852a98a246e37529eccd9ba0ca2b
benchmark/raw/rows/trial-08-binary-software-64-add.csv	423	c3e2f1d82d3345221567e79b6ea25d790236b33cd2b0aa3d3e9f3d1d5002f4c1
benchmark/raw/rows/trial-08-binary-software-64-div.csv	424	0136426beb19b3c7b46c466fa15f4fb6bd07ef643201fad24489e80354b7f6ca
benchmark/raw/rows/trial-08-binary-software-64-fma.csv	423	527f9f716064952def854d9035b285237f054adaa0af7be1b7e60cfd23c8ea7f
benchmark/raw/rows/trial-08-binary-software-64-mul.csv	425	226517c6be3f2cd32bc3ad93bb894809b74b92355abd1cd21db3a0983c09776a
benchmark/raw/rows/trial-08-binary-software-64-sqrt.csv	424	9a5f3d862f1afdb1d26716742baa8ac2d720c30bf16eadce59d031c0a2e9f138
benchmark/raw/rows/trial-08-binary-software-64-sub.csv	423	1ab4797222eaf3a75cfa75de6391d1dea7438d2b349b165d584964d01383f987
benchmark/raw/rows/trial-08-binary-software-7-add.csv	439	0ec8bbeed3576f27b635dc7f92190774d06fd716a49b0c5ccbbefd5d12dfed47
benchmark/raw/rows/trial-08-binary-software-7-div.csv	443	18f235c1d523a4b486867f05ea64b60bc277385a8d814f3c6d54fe353c9c3824
benchmark/raw/rows/trial-08-binary-software-7-fma.csv	451	3f0257a3733739459d6b5846b56f2f6ee4602de3b9f19d2ccf3214bbe2b43e8a
benchmark/raw/rows/trial-08-binary-software-7-mul.csv	449	ccbf3b9956ad33ece9bef94b1a7fcbc4ab15b88810b3a30480fd08f59975f31d
benchmark/raw/rows/trial-08-binary-software-7-sqrt.csv	447	684724e0eab854edf7f6bf8645fccabea723fac57ac48b1802a0efb2e9c4447a
benchmark/raw/rows/trial-08-binary-software-7-sub.csv	442	67a9154551bdc41cdc9799d47d07668c4a67852113db18b0cc53a69f885b9125
benchmark/raw/rows/trial-08-binary-software-8-add.csv	440	f4eefd34b0debf165a188484357a123f85526d1e3f42dca96b869ec06a109808
benchmark/raw/rows/trial-08-binary-software-8-div.csv	441	9396af2bd823d4c3b9e8c5491ad75ddac4264d0257c5386d6fc4553aa4658673
benchmark/raw/rows/trial-08-binary-software-8-fma.csv	451	62b5922111a50ba3db0685c69a4590cc313828e05175382ccebf71d55859d783
benchmark/raw/rows/trial-08-binary-software-8-mul.csv	446	0b29a5b4ac387bc03419a5e0776daf07b7afc51783fa1a240b423e32ceac5bad
benchmark/raw/rows/trial-08-binary-software-8-sqrt.csv	447	3b6dfa4a842c76ae58706d5ae944fa3f9c02f109c7ee369d94fd3cdeec07feb5
benchmark/raw/rows/trial-08-binary-software-8-sub.csv	441	fbc9d8300642f355fd0bf34ed3e42942af5865f7aef9a226a0064b31aa5ca95c
benchmark/raw/rows/trial-08-cpython-float64-64-add.csv	466	82f0f8031b9ceb90f5a0c534b4369f7d9942be7be484a037d4b617b9c2f392d4
benchmark/raw/rows/trial-08-cpython-float64-64-div.csv	468	f5f660318db2313d092ecc5300bd3b3385710af35c2ba6ce0030d5a017863c9f
benchmark/raw/rows/trial-08-cpython-float64-64-mul.csv	468	d7a61753f4d4c40488089a5638e8698441ae2ec63bedd1cdd8cf979191e6222d
benchmark/raw/rows/trial-08-cpython-float64-64-sqrt.csv	467	28955e402ddb20746db542f7414900d8f1b0af5aca1d70cb77a04c50ef587654
benchmark/raw/rows/trial-08-cpython-float64-64-sub.csv	466	846467e9966967dc1e84683b74ac656797f13512998ce9b21b6ea0eab7f91e9b
benchmark/raw/rows/trial-08-flocq-reference-1024-add.csv	388	874dff208c1a38a20f099c05473f3cb0f322646bdb5900d38320eccf72e60193
benchmark/raw/rows/trial-08-flocq-reference-1024-div.csv	389	73f23d702bf1ce2074fbaa26b5095dad3e9b794bcc4200ddc8b95377a88e8c88
benchmark/raw/rows/trial-08-flocq-reference-1024-fma.csv	389	98fa405c504fd3ace10097697e7489388a69ce0da010f7a6ff90e355afe469d3
benchmark/raw/rows/trial-08-flocq-reference-1024-mul.csv	387	ac866241722e416e48d8f60e18abdc1bde99124b918f38b29542108170e95ce6
benchmark/raw/rows/trial-08-flocq-reference-1024-sqrt.csv	386	3672d63cae4a8a60edfbb8c5265d8baedf0876795f0fb4940a60905fbf9d77ab
benchmark/raw/rows/trial-08-flocq-reference-1024-sub.csv	388	0c3a4e1e8fb04efcb9baab7e72160f483b7e6a0eec8b8e32b6a43aa1b18ba2cd
benchmark/raw/rows/trial-08-flocq-reference-128-add.csv	388	1ea8e9c6ea346c991d102304603cfbfc3216556babff3260dd0c92835cac7e3d
benchmark/raw/rows/trial-08-flocq-reference-128-div.csv	388	9f0876fc5e64839259c489c38cac80645b14dba8c72474b941df7811df151a8d
benchmark/raw/rows/trial-08-flocq-reference-128-fma.csv	386	950053ef47c1acffe29285857ba9c9b5c8c5bb43be44e8c437e8c6abaad8c15b
benchmark/raw/rows/trial-08-flocq-reference-128-mul.csv	388	aaa1ab71a81802cb148da8b78f883139a7559a546c99633c59a464f16419df0f
benchmark/raw/rows/trial-08-flocq-reference-128-sqrt.csv	386	ef223055c8e0cdf27be67e4fdc4382d95f5bea4af9228669ec722b51bdf1747c
benchmark/raw/rows/trial-08-flocq-reference-128-sub.csv	387	a86175c8a836728b5f7b144921e196bce3a583ea753dd6887dc1de05c601ef10
benchmark/raw/rows/trial-08-flocq-reference-16-add.csv	387	7e7a111fb66315ff2708449d790d3fa0f2c7c9e4cbba3cc176a3a923653e7154
benchmark/raw/rows/trial-08-flocq-reference-16-div.csv	387	c4d35ae7227caacb02470655b22f223f7ea088f0c0977383536a5cd4d579e198
benchmark/raw/rows/trial-08-flocq-reference-16-fma.csv	388	779da00a00d90ee193b95c86c7de731ca8c01aea9fe910f276069d9116b3a669
benchmark/raw/rows/trial-08-flocq-reference-16-mul.csv	387	8a5b68e4e02f98894a48dea7659adb4d90e7b39ac4be40e8930112be60602706
benchmark/raw/rows/trial-08-flocq-reference-16-sqrt.csv	386	9c8951896378c9ae5c77eb3c634e84e565fb78708bc9f30e5c0b34c9003d8832
benchmark/raw/rows/trial-08-flocq-reference-16-sub.csv	387	de0183e27df4d37df98d2f7e8e51c86faf4b9540b33e67c673c06e6834480bdb
benchmark/raw/rows/trial-08-flocq-reference-2048-add.csv	388	0ae1bb99fe07f86bb6b3e63760f3baef879390f731064c5dd15e5ac09cf91286
benchmark/raw/rows/trial-08-flocq-reference-2048-div.csv	389	b746ddd0a7808eb9fad2f0c8a12b4cc51bc9d63e86738b7f607bfbd77c7eb1c9
benchmark/raw/rows/trial-08-flocq-reference-2048-fma.csv	388	f8755275c319592ad7ddb0a4f03ca11785ef7949d5beda391bec42e9d08fb701
benchmark/raw/rows/trial-08-flocq-reference-2048-mul.csv	387	3c85e7ad0a81e4372af397cf7d094446c21c8dc52c14f7da02855874109a76ba
benchmark/raw/rows/trial-08-flocq-reference-2048-sqrt.csv	386	5d9c8ad48f0980ebc87f80148d315f4ba59dc2abc2469b7aaa7c4a2c1f39e99a
benchmark/raw/rows/trial-08-flocq-reference-2048-sub.csv	388	6abbd177c414217f540720142bc4aea02f08ecd3e32dd5eb66cd1c707d4733ce
benchmark/raw/rows/trial-08-flocq-reference-256-add.csv	386	e1f428b0c478ad943a152cffab8ec56a1b94ff392b181975a55039650434b691
benchmark/raw/rows/trial-08-flocq-reference-256-div.csv	387	4c1f54e4c2e508f8eb79a0000acba565c1121d35cc0586996d4415756ed8aafa
benchmark/raw/rows/trial-08-flocq-reference-256-fma.csv	387	cf608da84aec0dd4d7599dee51e62c72416c62758e577c4c1d5989190026111c
benchmark/raw/rows/trial-08-flocq-reference-256-mul.csv	387	1301383fa597fe49d1c76d549f0cf9d6d34af318be4263147b32e511ba612605
benchmark/raw/rows/trial-08-flocq-reference-256-sqrt.csv	386	d1686306786f8a4e1aa41e3ee15f1fcca9529a0d8d8b972cfa2d2c7676de03e9
benchmark/raw/rows/trial-08-flocq-reference-256-sub.csv	386	05c52e191cb7160616aea41cf94aa080c38f60d432cdb621aa95ce908ff7c015
benchmark/raw/rows/trial-08-flocq-reference-32-add.csv	387	f0c56b6be601fb62eb2479e4143230b02e45ed2b7c68029e03dddc0a7677ee2b
benchmark/raw/rows/trial-08-flocq-reference-32-div.csv	386	b43d3db0dfb629ae21c076b4ab087efbfa67309cf52fa9b937d2fe9cd8723759
benchmark/raw/rows/trial-08-flocq-reference-32-fma.csv	386	311b7e9396ea24892748af25880878ad797aec30ba2e138331e988b6d5488759
benchmark/raw/rows/trial-08-flocq-reference-32-mul.csv	386	65e5e764ae6a6f446fed60aea25adbb250f5cd22f29b2d4190104c6542523727
benchmark/raw/rows/trial-08-flocq-reference-32-sqrt.csv	384	d234df56a4fe2fb74659ba37639a67a9a8d01394db0bcd961a3493bdf0ddc0d4
benchmark/raw/rows/trial-08-flocq-reference-32-sub.csv	387	25c7ea89f1b5f4c0067c691ae7453c041b3ad6191285ee2a4538d6d0daf63432
benchmark/raw/rows/trial-08-flocq-reference-4-add.csv	384	299aa9e9869f8edec7e987fc03753125aab3fb8871f96a26f1960c7ec28e2703
benchmark/raw/rows/trial-08-flocq-reference-4-div.csv	386	e2f1a5e36f4a7f865f97430a916df3742eeac60475496192bf5a799895c7ef6c
benchmark/raw/rows/trial-08-flocq-reference-4-fma.csv	384	e600a75bce1555122aace52a5956bce733b7266c871f39d10d3b5bb2976d822d
benchmark/raw/rows/trial-08-flocq-reference-4-mul.csv	386	fe35ea14fb01438125ccdf1c4c9755a0a90fdcc181cc1fc3c7675f12d3296033
benchmark/raw/rows/trial-08-flocq-reference-4-sqrt.csv	385	b03881add39cd1a24d3760f04346753a0f304ecd530405a6656fd07da2cb2449
benchmark/raw/rows/trial-08-flocq-reference-4-sub.csv	385	47936b1df89f9970be04a9786d1910e2b9bab0a98bc4c196b0feb9e7c1a95d95
benchmark/raw/rows/trial-08-flocq-reference-4096-add.csv	388	cd56cfdb0f6a7554dd4f0ef744d4f89e5d69451adce9b13898e83eb91c201297
benchmark/raw/rows/trial-08-flocq-reference-4096-div.csv	387	b9feb3a22707a5c7b2af3ddc048f86dc86c8faf4c8b02dec5002635f29413b80
benchmark/raw/rows/trial-08-flocq-reference-4096-fma.csv	387	2a5c44b8ad6c375e511ddeed60c07e87ae149ff95d705bc2639e8a23b6c62a61
benchmark/raw/rows/trial-08-flocq-reference-4096-mul.csv	388	36d3806d1d204a6ee6674bf9314b420069b8ee5d010999a03e2d06a09ef4ea60
benchmark/raw/rows/trial-08-flocq-reference-4096-sqrt.csv	388	ebe8dba16c590e97dc2ae33cfe90c82cf60ca30b29915a7dbb9ffe4fbca3ce7f
benchmark/raw/rows/trial-08-flocq-reference-4096-sub.csv	388	b89c9af6227e9bd1a44363bb48f520606e8cfea8b8341f29dc2bdbcb0f948eb9
benchmark/raw/rows/trial-08-flocq-reference-5-add.csv	386	294f1f707e3112bb71908ea62dfd29c0251a937252c001a03454c8e3b23da4f2
benchmark/raw/rows/trial-08-flocq-reference-5-div.csv	385	148df1c2abe0320e7e86620868364b355a1da581fbabeec88a008b5d14d9d186
benchmark/raw/rows/trial-08-flocq-reference-5-fma.csv	386	32d9e923c162a720c8c656034a98b0837d352b45a823acc126482c30ada12ca8
benchmark/raw/rows/trial-08-flocq-reference-5-mul.csv	386	a4f8c6d4c84dd49d7e090a4edc5748952ea9085e3a07199c28199a119322ee6e
benchmark/raw/rows/trial-08-flocq-reference-5-sqrt.csv	385	99d3098e444f5950b8dc16ac096d68956796d44fe403ebbce24c7c0b1ec50d87
benchmark/raw/rows/trial-08-flocq-reference-5-sub.csv	385	f5974c56a371cd8899262024a0dd1a08eb824b7a6d88c9c8daad879dde4d4e67
benchmark/raw/rows/trial-08-flocq-reference-512-add.csv	387	8d31d5d02060488f75641e981b9abb5d80e0b59974fdf285b80fd9973be2f7da
benchmark/raw/rows/trial-08-flocq-reference-512-div.csv	387	05271af265264a92ab44a6ea065df5440a76f0dd9547138ff848b51a631d07e9
benchmark/raw/rows/trial-08-flocq-reference-512-fma.csv	385	7013ca58532722926613729297206a7ad81cba9cbbb239c316fab9a3b541e67f
benchmark/raw/rows/trial-08-flocq-reference-512-mul.csv	387	e68df0948a74ae41bb1be7cfe4e3cf59fc131a24222de89a8f61f7a78a5055d1
benchmark/raw/rows/trial-08-flocq-reference-512-sqrt.csv	386	574c4d379095b58d3e55192ad32b61b1fd1ebb467837389dd80aa6eb2c21e8f4
benchmark/raw/rows/trial-08-flocq-reference-512-sub.csv	386	1dbe6e2a1e01ae951ec2d99e69598c8aea2df4a3eb1357131e7af0b9e8d25245
benchmark/raw/rows/trial-08-flocq-reference-6-add.csv	385	b5e680fe58d70154cb5fd380cbd5a1e58eb4337bdce97c90fd3d4847d8fbae7f
benchmark/raw/rows/trial-08-flocq-reference-6-div.csv	384	5a2e7dc8ed1cceac6ffa35038593e3d2fd7b97b1f32100e61ea17017c1b88df5
benchmark/raw/rows/trial-08-flocq-reference-6-fma.csv	385	df234f134d37b3e6d5a13418c5d527e61aaf76e3c801ad2f2b4635e92022fb79
benchmark/raw/rows/trial-08-flocq-reference-6-mul.csv	386	59ec4a793b738e84ef01d9f9ab50565ef703d78b60fcc5fe03984a27ccb0e8fa
benchmark/raw/rows/trial-08-flocq-reference-6-sqrt.csv	386	96ebdb04f29ffb25eed9fd87275826f260dd3957102f2fd030e33dbe9aed10ce
benchmark/raw/rows/trial-08-flocq-reference-6-sub.csv	385	37b69d5f412c25cad2daa2641c3b1a86a737360be5f13a2d488bec2c9247af26
benchmark/raw/rows/trial-08-flocq-reference-64-add.csv	386	831d1a4fb3590c4eb9925dd7ff0ee0197cd099bbc9b8bebe9a5ce991bcbca5d9
benchmark/raw/rows/trial-08-flocq-reference-64-div.csv	386	7695efbbfad05f2dc7b5f95873802b87f7ff5fec87f91443342156d3930d8f59
benchmark/raw/rows/trial-08-flocq-reference-64-fma.csv	386	42aa40cacc5a1bc9a7b691110c4bafac4a4b1da8ae2f4d76a41b2b90136fc2de
benchmark/raw/rows/trial-08-flocq-reference-64-mul.csv	385	8050575472622c5db4be758537ba6974c4a4b6f0e0d68ceedf412ecba9713d14
benchmark/raw/rows/trial-08-flocq-reference-64-sqrt.csv	385	6d1c3cbdff5a1652ccf47d1fdf214f6fe9192a9136dc09a66cd37fde4a685791
benchmark/raw/rows/trial-08-flocq-reference-64-sub.csv	385	876a467f8b702c2219bc524c6b885770d5b810fef5d7dde1f8b4b4506dfab218
benchmark/raw/rows/trial-08-flocq-reference-7-add.csv	385	525f939e5742f92a18bdaea91ea98fbaa5e38f29c079d107355939a428a7f9b2
benchmark/raw/rows/trial-08-flocq-reference-7-div.csv	386	1abefe363d445ce4b430dd9844b2fdc17b9d8667d4aca5b702edcb0fa3628a82
benchmark/raw/rows/trial-08-flocq-reference-7-fma.csv	385	1ca2baecc33c3340e66e3078de4bbcb7e22c399a48053f148f0fac0a1807b46a
benchmark/raw/rows/trial-08-flocq-reference-7-mul.csv	384	5f5a05f18b846d68d20a804820f6c6e901da2b1bf11e8a9b1fcff8bf60e126d1
benchmark/raw/rows/trial-08-flocq-reference-7-sqrt.csv	386	3799564c3f68c2d4e5acf2cc16d909fdee3d2243e3ce1b808dc8fb3b4721fbaf
benchmark/raw/rows/trial-08-flocq-reference-7-sub.csv	384	5d0b37108182bb581149f044a78c07f10a248f2ec4e9dae1c412dcccaa43c827
benchmark/raw/rows/trial-08-flocq-reference-8-add.csv	386	7b271c4d802dce5f50a9cc8ccb7f46a273f3d300159e39f92a6a842b6c6551e9
benchmark/raw/rows/trial-08-flocq-reference-8-div.csv	386	28cfdfe307542097858639605d97f4f83aa8e19c343d9cd3d2ba5d2be48cde99
benchmark/raw/rows/trial-08-flocq-reference-8-fma.csv	384	3eb8109bcde9a9bfa9f8fa7a328126aa90d9de19af7c5136fadf0d0f641ea1fd
benchmark/raw/rows/trial-08-flocq-reference-8-mul.csv	385	8dc0a656805d4efdef9c21f885828bd6bcd921677b7256ce71f0bfaf43cb4d26
benchmark/raw/rows/trial-08-flocq-reference-8-sqrt.csv	385	8ffb4ad8250ffc7b31dbcc064438713b4b87cc15783cfc7c7ec6241ff3736944
benchmark/raw/rows/trial-08-flocq-reference-8-sub.csv	386	f7489a38fc2b007d4ceebcf9b542ae6429a35c7f70a022c53047fdbeaa715282
benchmark/raw/rows/trial-08-mpfr-reference-1024-add.csv	475	6e7f12becec7eb6592dee9b393dd5d405dd3692c30d72240910975e5c50b130a
benchmark/raw/rows/trial-08-mpfr-reference-1024-div.csv	473	de923e53dccc3a3ff9090616da1ad53f3f92517cc32cba037814ebbeaf7d672d
benchmark/raw/rows/trial-08-mpfr-reference-1024-fma.csv	475	be2b550dac60d35de1ab58700cf7a2aa697dc85c6cede75e255ec68470f361a7
benchmark/raw/rows/trial-08-mpfr-reference-1024-mul.csv	475	c388bebe767ad00df1a3c6c4d7efd699398c9397e5d9f5b326548a1c9329e730
benchmark/raw/rows/trial-08-mpfr-reference-1024-sqrt.csv	475	d3c5eef332e15bccf619f1ca9e355237c87457ef37ec1e56d4e50106558dc804
benchmark/raw/rows/trial-08-mpfr-reference-1024-sub.csv	476	b45e3cd5b7c7a2d0225d35deddbb3be26fe0df7aeca5a59a0268ac80f7dcb797
benchmark/raw/rows/trial-08-mpfr-reference-128-add.csv	468	256ce0c74509e503ce0eb69fb02c5e36b682da697049c7027aa2d8cd713be605
benchmark/raw/rows/trial-08-mpfr-reference-128-div.csv	472	2c21b97353caf9b4c184e3dc63afd9fcc7f8d2e6f8adf245a93545790d2efe6b
benchmark/raw/rows/trial-08-mpfr-reference-128-fma.csv	471	617de2087c0efe20f88748d332cba50a56e8c487713f99ec7b494a129ac1aae2
benchmark/raw/rows/trial-08-mpfr-reference-128-mul.csv	471	4be0849ed6c951eb8a5d76890b0c0447480c7714bb028c928ba8fb7e7280f540
benchmark/raw/rows/trial-08-mpfr-reference-128-sqrt.csv	472	dbd4d6ed5d5de634d12fff5e943648fd8029e9f906a0aa9f47286d9fa32ebf50
benchmark/raw/rows/trial-08-mpfr-reference-128-sub.csv	473	b9fc3467467ecc6de3b7e4a8aaebb30d55d255457b9e8254eb5ac86e458204ab
benchmark/raw/rows/trial-08-mpfr-reference-16-add.csv	467	4067f457bee0640f737afa75b0dc2c5fb5a4f20d6a27744e57e9d5483c73fdf8
benchmark/raw/rows/trial-08-mpfr-reference-16-div.csv	469	e1a6c75413907a0b4e55d2418b0943e64a354755379901a6b843b94721c66176
benchmark/raw/rows/trial-08-mpfr-reference-16-fma.csv	466	443f62d6083b6d8771e0be69a6d5ecdf8ecfb8cbf5cea022383fdb45bbd88fd8
benchmark/raw/rows/trial-08-mpfr-reference-16-mul.csv	467	024dea19dfacebc4a1a5dadeef86571ffae80efe63e0db177363beae8257f5a8
benchmark/raw/rows/trial-08-mpfr-reference-16-sqrt.csv	469	710278bc05c0b3ac86a11229b4b20229f3c58119d72c52780f0b2fcb5c753ed5
benchmark/raw/rows/trial-08-mpfr-reference-16-sub.csv	467	4a4230b68da6c3bc2522c14127f382d7baf561245974d6cc0864191df172c0ec
benchmark/raw/rows/trial-08-mpfr-reference-2048-add.csv	475	18fb8e70133b5409276713a3746e991aa2d7004bf31874edf5916e4496124066
benchmark/raw/rows/trial-08-mpfr-reference-2048-div.csv	474	14c6d15afbd7d8e15b89e06e12966636d3f1596e32eb464a2b54d6a934e0eac6
benchmark/raw/rows/trial-08-mpfr-reference-2048-fma.csv	473	791ccf5f52d50ae42e2f10674a35991f3e8038e9f6d05fb752ae68cc2c910136
benchmark/raw/rows/trial-08-mpfr-reference-2048-mul.csv	474	9a3f4dde43c1b9f6c611464f468e026c7210b514849f9b914e2fa386809329ec
benchmark/raw/rows/trial-08-mpfr-reference-2048-sqrt.csv	474	aca9ec1149505efa57fb7311c070f23f4143a0d74130cf7dd376e5ea7b7a3553
benchmark/raw/rows/trial-08-mpfr-reference-2048-sub.csv	475	0f409c84213b628ca4219267084f4f6d89f282e7cd39d01988eceeafb1641183
benchmark/raw/rows/trial-08-mpfr-reference-256-add.csv	472	c2c8649d08ff7b6a28e0be4c479133ef08619cf90fd261b584dc9c2b381886a9
benchmark/raw/rows/trial-08-mpfr-reference-256-div.csv	470	f03aa67c017985802e3ce83e7a0f09516ab48e89e9b5ffb6e8b965e408a6f163
benchmark/raw/rows/trial-08-mpfr-reference-256-fma.csv	472	ad74cd10a120092211ef6ee9bb66e10443ebf9282461bb53f28ce310b92f6cfd
benchmark/raw/rows/trial-08-mpfr-reference-256-mul.csv	473	55c1d0a7966705cd2f762eb0173968d0504e37c7ee3a70c478336674227b0cf3
benchmark/raw/rows/trial-08-mpfr-reference-256-sqrt.csv	472	5862f49467f4aa44c6a6e10ac2cc23166eb765f1a84ebcace2a9e8d6c4d0bcc5
benchmark/raw/rows/trial-08-mpfr-reference-256-sub.csv	472	ea9aee980bcdb888f42e5b10d4bde540a0a090e6e0a0f19f04ab8f5425452ced
benchmark/raw/rows/trial-08-mpfr-reference-32-add.csv	467	a4d7805cd5f7bd607b0201c9a22cb99dd9132bfe27014d2b941fae90c6557020
benchmark/raw/rows/trial-08-mpfr-reference-32-div.csv	468	3fa7784b8f0be68423704351ea98979d63448685a79701414d6b2ceb5ac7f9e6
benchmark/raw/rows/trial-08-mpfr-reference-32-fma.csv	468	02e023377d4beb837720d80508b3cdfd19ce1452f605242a10434177063a590a
benchmark/raw/rows/trial-08-mpfr-reference-32-mul.csv	468	987c4ba2b3373c097ac877afdd0e2b0d241a4e13ec7c63c08201e8d859c4c922
benchmark/raw/rows/trial-08-mpfr-reference-32-sqrt.csv	467	fd6bb6b2cde154fb353dff1d6945db60203032ca91c717520e55e567d177e437
benchmark/raw/rows/trial-08-mpfr-reference-32-sub.csv	468	48f4c1bbf790c758eabf0517ac5e99433fb484bb88002cf521dde6f1ab7240db
benchmark/raw/rows/trial-08-mpfr-reference-4-add.csv	464	e74827816a5f2e7600e76d0077b2888f449e10aa12465b9ed70cb7ea7df83fdc
benchmark/raw/rows/trial-08-mpfr-reference-4-div.csv	464	9c6329f90229d92fbad212fc71f42899ef94d382ccfe4f3ba76460690b44239d
benchmark/raw/rows/trial-08-mpfr-reference-4-fma.csv	465	7c941df68e9edaa33cbab8b9297f591134aa4ff446ad1ff7c406680912ec0866
benchmark/raw/rows/trial-08-mpfr-reference-4-mul.csv	464	4872bfeaceb5fed075ee4b7aafc9329a544650276462352a8182490474ba48c1
benchmark/raw/rows/trial-08-mpfr-reference-4-sqrt.csv	464	010c1a94fc9b1a9b84e67a3952b9b40feb23a57b69353ced3935ecc11ad9baa7
benchmark/raw/rows/trial-08-mpfr-reference-4-sub.csv	466	fda563fde8249d1c79f2fd972905de963f0f5f5c2fd8cb7aa73f9863ced1584a
benchmark/raw/rows/trial-08-mpfr-reference-4096-add.csv	474	97be70b2678f0ce4122c55bebbcd8dee7dae37b364983a470ff2c37427cafeb9
benchmark/raw/rows/trial-08-mpfr-reference-4096-div.csv	474	234ce32a49547feac77888285156d99282c4a77e30f69d3c3fc06975c426d06d
benchmark/raw/rows/trial-08-mpfr-reference-4096-fma.csv	474	7057101f3c073c6fb6633f751a953c639e4f78f197acabf4a714bb24f3e2c81d
benchmark/raw/rows/trial-08-mpfr-reference-4096-mul.csv	474	e114b58edb4fbfe23cad7ddd55847aa30b720ddba098c7c58ac9041d992cfe4e
benchmark/raw/rows/trial-08-mpfr-reference-4096-sqrt.csv	475	e328e956a788a43a3bf2549862903c4ac20b97005ed69c0b6515fdb109be348a
benchmark/raw/rows/trial-08-mpfr-reference-4096-sub.csv	475	78a6509189af96429b7d26b6c3b7d4ff5d68477b6fd179329255c20fa857b31d
benchmark/raw/rows/trial-08-mpfr-reference-5-add.csv	463	f43af8a0534eb215b171ad5ad967696cfd3587524943d978b846584e4fc4ebe6
benchmark/raw/rows/trial-08-mpfr-reference-5-div.csv	465	662ef723b674024de352c3f5567624505d08b89ea4d953c7a92d3a1007a03264
benchmark/raw/rows/trial-08-mpfr-reference-5-fma.csv	467	28bcb8b4a156c93a8e04069606f659730c8826fa752a3d4c376aaf64ebfcabde
benchmark/raw/rows/trial-08-mpfr-reference-5-mul.csv	464	4c4262311f1b982fd905660df7ca067dfb89bdd9ab4cf2dd8b14b1088d184093
benchmark/raw/rows/trial-08-mpfr-reference-5-sqrt.csv	465	eb3c1ff518d7699c4a3e42de47c3e104f656cc026455194005007ce0b6885fe6
benchmark/raw/rows/trial-08-mpfr-reference-5-sub.csv	464	82d4ed3108f31f399468b84d2899941af85de4a8dfa11740609ac099ab0040a7
benchmark/raw/rows/trial-08-mpfr-reference-512-add.csv	471	8524e06a38bb25e7c6782519b5fa8b7cb532e77699b76ced3227ff7b65ea8256
benchmark/raw/rows/trial-08-mpfr-reference-512-div.csv	469	507fe57429509dea5301a8835e86f91d9077a0e9053acaef62387de24e9cdf55
benchmark/raw/rows/trial-08-mpfr-reference-512-fma.csv	470	ca10eb4ea4943fc19aa54118de91a25822b6164b16d87b1e9d24391ca4c1da9e
benchmark/raw/rows/trial-08-mpfr-reference-512-mul.csv	471	c679aad535ad71d5837f885d292d9982ea017530843f5179d272571cbe79e9e2
benchmark/raw/rows/trial-08-mpfr-reference-512-sqrt.csv	474	933c5a9740838f6679e121531ea430841fe8b34a3ec721802cbc35f009ea29f5
benchmark/raw/rows/trial-08-mpfr-reference-512-sub.csv	472	7329c8e1fd75ad7a2a4fdddc04687263a491e4b865d799aa4e982b8d137afe46
benchmark/raw/rows/trial-08-mpfr-reference-6-add.csv	462	6678b5b533a01231692430bf6c3d75ee89dc9076055c532590dc77c62c1a3b04
benchmark/raw/rows/trial-08-mpfr-reference-6-div.csv	464	2b7f66f3a566a8c6d818f9a689216a63ba729504bbae77952bb7e5353bf54124
benchmark/raw/rows/trial-08-mpfr-reference-6-fma.csv	464	79a23abd9dbf8fa4840277f0c50352aafa769cdc4ef1cb31eb3dd851f4924aab
benchmark/raw/rows/trial-08-mpfr-reference-6-mul.csv	465	6b88093e6085faa198c5b3043c10a30cb1ba37794edd2be0e4309b596ba5e6f8
benchmark/raw/rows/trial-08-mpfr-reference-6-sqrt.csv	465	00a0bd5edb695052e895cff61d06c5552deab2464595a65120ab29b45517faaf
benchmark/raw/rows/trial-08-mpfr-reference-6-sub.csv	465	09c8e7745c7cae5a62ad86c45b35f688b4c8f5931effdc1ac9b0b451feb3cd7c
benchmark/raw/rows/trial-08-mpfr-reference-64-add.csv	469	e109feccbcd57b666fd23bc12999eeede41324d2a3cd6f20bbfe5f42a21f06ad
benchmark/raw/rows/trial-08-mpfr-reference-64-div.csv	469	897050720be747fbf19bd3d8d30c1f49280b7ecb9cbe3cda682a98748348da87
benchmark/raw/rows/trial-08-mpfr-reference-64-fma.csv	469	af10007b0eba7f0055e20837014b6eb1f411eff1a2be563300acf17fad815d24
benchmark/raw/rows/trial-08-mpfr-reference-64-mul.csv	471	5c009442f8ca229b241ee0bac3a901c6d9fedb164f6d4599e78d6d1b5e6bdf20
benchmark/raw/rows/trial-08-mpfr-reference-64-sqrt.csv	470	fb56cd2280a70cff1dd6587eca1feceb030d4901091c73b6f33a0d3b0299c6f9
benchmark/raw/rows/trial-08-mpfr-reference-64-sub.csv	467	34623f1a90cb4c1f6cde1b7488cf8198702f9a3db056d0aac8a48ff986c6fc04
benchmark/raw/rows/trial-08-mpfr-reference-7-add.csv	464	5cf056a925ccfb4648f399ff2ee6ead3382ca7563b495a60992caf2946586eff
benchmark/raw/rows/trial-08-mpfr-reference-7-div.csv	465	4c0cb5eca50bd9af0e6cdb2df280fb47e883046d8f50befc41d5dc76c32cc15b
benchmark/raw/rows/trial-08-mpfr-reference-7-fma.csv	467	6dd58c80251130b621bf2660bf6118d4aaccaf3263bcc38b393751245095c2d5
benchmark/raw/rows/trial-08-mpfr-reference-7-mul.csv	465	d8968e6dc11c7974386e7d403402027e07dd717139679ab7efbee42abaab90fa
benchmark/raw/rows/trial-08-mpfr-reference-7-sqrt.csv	467	7058be10231d79c9d1410cead7f158b1f6b1a3878fc15d9300f28ff7f4f0531a
benchmark/raw/rows/trial-08-mpfr-reference-7-sub.csv	462	db3ef3b362fede79dc8c3c1c17a97897f35ae84dd67a1b5117a89da7ab1deca6
benchmark/raw/rows/trial-08-mpfr-reference-8-add.csv	465	23913e01a55a2bbd457b2e63e423ee9a7c09cc4c5bad009f03c0b3c4038904a9
benchmark/raw/rows/trial-08-mpfr-reference-8-div.csv	465	0505ffbfa8161fd65cb9ad19a3de4a594bfdc495f6ea39485d1731e8894981a0
benchmark/raw/rows/trial-08-mpfr-reference-8-fma.csv	467	d168333ca028a0d41ab3d04256ce547b62d2c035e572305540d5315f889d7abb
benchmark/raw/rows/trial-08-mpfr-reference-8-mul.csv	463	66af3fd25395f1d0b6983092afb813da18397837581a3255a27fef5908b3e5c7
benchmark/raw/rows/trial-08-mpfr-reference-8-sqrt.csv	468	afeeff86cd279b6ddc9f2c953a538a14dfb04671e2f5fcde714bbe759b449f73
benchmark/raw/rows/trial-08-mpfr-reference-8-sub.csv	463	48955c2cf438d2ff53e526f0573b7b2eda757e3e32338b3482525728fe8dbe17
benchmark/raw/rows/trial-08-posit-software-1024-add.csv	374	b454b1524da93bbeb978e9e2de7271443c6be7f76a162f426e88e70967c17377
benchmark/raw/rows/trial-08-posit-software-1024-div.csv	378	cd98e78646de00f55a2cb3c3bd81188d3d8a7fe86c4b263c54afc0ce5f57526a
benchmark/raw/rows/trial-08-posit-software-1024-fma.csv	388	2b3bdef592436aa8605fa5b230916495b86caf9b1fc3fdc765fd07153493f034
benchmark/raw/rows/trial-08-posit-software-1024-mul.csv	378	478167b42595e7df7a55acfc8f22ab5041646694dd3bc7d5de7ce5b94034de51
benchmark/raw/rows/trial-08-posit-software-1024-sqrt.csv	383	b5bf79f2cf4b1c4113bf978b921bd390e7a233b2eddb99bc2aa0bffd97087942
benchmark/raw/rows/trial-08-posit-software-1024-sub.csv	380	60b7844d5a337f7b4119b14c1fca0263f5d3e2cb614c48110645c468bfac4777
benchmark/raw/rows/trial-08-posit-software-128-add.csv	377	12eb0b0b7528ccd53ef3dd4edd91f3135cffa3bd630b79f828c8769e16f59157
benchmark/raw/rows/trial-08-posit-software-128-div.csv	376	bc26f19173862bfa463b6389210755d193fedb48d12e7dc55638d75eb9de8f86
benchmark/raw/rows/trial-08-posit-software-128-fma.csv	391	16a20fd2f3638ebc42df013bbe965b822bbc926e528aadc4e4005fc99964e6be
benchmark/raw/rows/trial-08-posit-software-128-mul.csv	382	3ba1712aa30f1c67afbe733e97130e05516d8696369e8009009deeef885da9d1
benchmark/raw/rows/trial-08-posit-software-128-sqrt.csv	385	228ad244d27c5af64ab2a307b32b6b1ce56f2aec4477d8e5d1434f45526a3715
benchmark/raw/rows/trial-08-posit-software-128-sub.csv	384	c0f75d2211ef98335a69d1c2ed994efa9ca1ea764932a6101be0766c4aa078e3
benchmark/raw/rows/trial-08-posit-software-16-add.csv	374	d1d80a5764c13b576182968b6dfbfc33f7c6fcabda0c90295c2490d11e096526
benchmark/raw/rows/trial-08-posit-software-16-div.csv	379	66952ad1e5fbaba60e5515055ca3861aad7d2047ad9f4ac3cc3fb80a76e6437d
benchmark/raw/rows/trial-08-posit-software-16-fma.csv	390	ebebb0983c5a93730781a5b1f765ac872037e956f67cd73c43282bfd7239b026
benchmark/raw/rows/trial-08-posit-software-16-mul.csv	380	875614cfc15e01404c13c99f9ed0f857e16bd8307ae74049fbadc30bcfa42233
benchmark/raw/rows/trial-08-posit-software-16-sqrt.csv	385	c76483ea54bbc9221c557f5b8c23c41638426e47ba1c47bdcc226a885fc08181
benchmark/raw/rows/trial-08-posit-software-16-sub.csv	384	2875400baba873c942ced4d4bec5d6d0558276e4cc764dee71de394cc8516bdf
benchmark/raw/rows/trial-08-posit-software-2-add.csv	376	26a83a6a22bac535b0dc32f1f2b3f8b3ff04474c548668e48b536d0f72953ec1
benchmark/raw/rows/trial-08-posit-software-2-div.csv	377	e2da3ed4c3d7665501990d7d0c9c94c92812a92ba2704a93cd4ad7ccf2d4b661
benchmark/raw/rows/trial-08-posit-software-2-fma.csv	390	0580795532400663c21ec9abd62df051158a0447790b4421d5521e33885916ca
benchmark/raw/rows/trial-08-posit-software-2-mul.csv	376	7915253a417063f198d5defc75220a557ce03594d4d50da4935fe690eb62f1f0
benchmark/raw/rows/trial-08-posit-software-2-sqrt.csv	378	ff02210b5e93c8b371f38551b6d01affc15669008d6fcca842b10df453f987b0
benchmark/raw/rows/trial-08-posit-software-2-sub.csv	376	6c0057bbfe2820cf851dfe7625de77196979b67533f3be8b76301fc619731b84
benchmark/raw/rows/trial-08-posit-software-2048-add.csv	372	b07860f123cd09644ac2fa3146f20e350f8b2366986390e54c424522489d4d06
benchmark/raw/rows/trial-08-posit-software-2048-div.csv	378	8cdd8964d6ddc318db0fd3182d7d7090737f8a59afbe8c5b5da441c5e0ec3081
benchmark/raw/rows/trial-08-posit-software-2048-fma.csv	387	7b19e09a7ed9288348e84f55013498a025622b7131321a2995e855d1c70ecff4
benchmark/raw/rows/trial-08-posit-software-2048-mul.csv	376	4911891e168f3e0bb548828501df836eb583854b306d098e3f7e2f2280146810
benchmark/raw/rows/trial-08-posit-software-2048-sqrt.csv	383	c4a68c5eebc5357930c9bde4a5f45eaacf911ab0eaf18217eace6b9d2e3f4901
benchmark/raw/rows/trial-08-posit-software-2048-sub.csv	380	de86b0636ed695fbb6a33e3dc9b8deb4768d96c6db3055aa467c10f7dabfb5f6
benchmark/raw/rows/trial-08-posit-software-256-add.csv	372	cff52118765867f10cfcd18e5ae8aee982881d793f5d27dfaa3e61a24c8e7556
benchmark/raw/rows/trial-08-posit-software-256-div.csv	375	e6e81d7e8eb3505a029715cc4815b71ca1e8c0690ac471674e441c8bec8c98cc
benchmark/raw/rows/trial-08-posit-software-256-fma.csv	386	ad70e0ca946dd6ff803fdca15bfe86e873c67752b353b8a94afa0544574a7f72
benchmark/raw/rows/trial-08-posit-software-256-mul.csv	376	31aac2fb0b9546ab923a95dc8ca93ecc1e2f86764dfc0fde88f35b4fecd260f5
benchmark/raw/rows/trial-08-posit-software-256-sqrt.csv	383	15c8c73d0028efcbfe4c5951de717f2e9545841a86debe69105be38d3aa48dcb
benchmark/raw/rows/trial-08-posit-software-256-sub.csv	377	3d8ab551730d39a1b5d0071f3de072f24136e8a1d06e9c87d1001f26f6a4245c
benchmark/raw/rows/trial-08-posit-software-3-add.csv	375	5bb56d14504c1cbadf77e2af70691dc99c6c3f2ad3abd34885d37b8a4ac7950a
benchmark/raw/rows/trial-08-posit-software-3-div.csv	376	439d672e2ce63bdbaa1675e8b80ca3b91b4ccb64370d74d2ab0f18427a3f0cbc
benchmark/raw/rows/trial-08-posit-software-3-fma.csv	387	e53db0af78b82f4fe9ef2fd58a52695be20044afde067260499f8cb39a15d219
benchmark/raw/rows/trial-08-posit-software-3-mul.csv	376	382c76b4c4edfee60c57b58358bf1d48916912226c3dbbf032be3da485ee40d4
benchmark/raw/rows/trial-08-posit-software-3-sqrt.csv	378	988c838d9947121d7ab709391abdb49f6e114f3937a9bfeed8e513d375fdafb4
benchmark/raw/rows/trial-08-posit-software-3-sub.csv	375	90e40cf8d2728c221d1ef4e0a568d3c267ef8c80bc5a3342a491dc751301f2e3
benchmark/raw/rows/trial-08-posit-software-32-add.csv	374	cf96f91dc383a719af7717e176bc88fa86408617d5d6b664b532698f7cee1e24
benchmark/raw/rows/trial-08-posit-software-32-div.csv	379	e1c2e17fdbbf0eb029a538fd85b9f8227c867a877763cd96d7bebeff24350a82
benchmark/raw/rows/trial-08-posit-software-32-fma.csv	388	65b11e2608cbf09035beb8c76cfd1e5e7045afc7628fbb9543fdc9115c13ea9b
benchmark/raw/rows/trial-08-posit-software-32-mul.csv	379	899b05c71a4f79a14d8d32c6b01b1cbc65257b167aecf02956575b8257acf697
benchmark/raw/rows/trial-08-posit-software-32-sqrt.csv	383	315d4b59bbf6f63898069b276fcd2b622628dac21e169eb490f0a6ecde65d8d9
benchmark/raw/rows/trial-08-posit-software-32-sub.csv	382	e8ff27133f8928c44796a5f324e88b4657f0c2cb26ca599437a3d0dbcf9730c6
benchmark/raw/rows/trial-08-posit-software-4-add.csv	376	63ca629fc99cb168ec47be773d3dc96bead899aa337764abaf6b445037fd4f08
benchmark/raw/rows/trial-08-posit-software-4-div.csv	376	c65c2ff5fed507061e4ec8ff2159026cb2057b0a27e282934e7bda2d320af46e
benchmark/raw/rows/trial-08-posit-software-4-fma.csv	389	f7f455fcb10301e9d3c3672ef3463821ffd77d118a80e472107fb82a380d17da
benchmark/raw/rows/trial-08-posit-software-4-mul.csv	376	817ecc898a7dd70fbbb5eb8c5931ea2d9ebfc9a34337f947820f25188954a07e
benchmark/raw/rows/trial-08-posit-software-4-sqrt.csv	378	c50c35e213f5cd0c5234823974306b99a305bae08f2e2d5cbf08793293085f6c
benchmark/raw/rows/trial-08-posit-software-4-sub.csv	376	777b9ba38f09c8eb5353587f4ecc0cdd564c057f82f4ab6f850cbb0b5ba0e815
benchmark/raw/rows/trial-08-posit-software-4096-add.csv	373	9d328041f89d87e166361a4efcd6d4cab089afa46b22eb002da1c86003df7fe5
benchmark/raw/rows/trial-08-posit-software-4096-div.csv	378	00173f623d2f71bc19a5c5270dd1d89ec88dea4d7b5ef5e9396274cb43ebb061
benchmark/raw/rows/trial-08-posit-software-4096-fma.csv	387	f1e3213474b3b07fff052058475722f181a68a7e872b76673b39781ed8c98622
benchmark/raw/rows/trial-08-posit-software-4096-mul.csv	378	fa7b4e2ab96815e7dcf8ffc6e8df47fac6afba4fe49197998a3a93744728ce3a
benchmark/raw/rows/trial-08-posit-software-4096-sqrt.csv	384	6835cbf30f4f2f9ca040ef8242dd524897b7b8f828e050612b0388c3db04b4b5
benchmark/raw/rows/trial-08-posit-software-4096-sub.csv	380	3a257cda50dcdbc70bf8e3a89d38d2bb0051cce908aa43f6e11ec517da43eb03
benchmark/raw/rows/trial-08-posit-software-5-add.csv	376	5e7737bde31fcd3fcedfcc236a479640cedbc5a66733864f20a22e48fcc933c7
benchmark/raw/rows/trial-08-posit-software-5-div.csv	376	44452df3056f7432a82b55f4bc723dbe9f00128d4564ea411eabaa493cb83890
benchmark/raw/rows/trial-08-posit-software-5-fma.csv	389	4ab2306cca665f9a2229d65bfe29234223c6f2b52e5c2f317fb4686d84abb844
benchmark/raw/rows/trial-08-posit-software-5-mul.csv	376	a39e7907a52073f165a871a0f6d65f68c1e8ed2a8d73301e663095964008fa9a
benchmark/raw/rows/trial-08-posit-software-5-sqrt.csv	376	3baa8482f93f7d033f019d715a306cd94b14f699d4b8098b6724073e64382a9d
benchmark/raw/rows/trial-08-posit-software-5-sub.csv	376	cd96f98d211106985faa802626bb710d5cc04c82cff2ced72327c960798eb722
benchmark/raw/rows/trial-08-posit-software-512-add.csv	370	f81ecaa3be180fc125b22a800d5004ad605c2e5bd2a0e3657f1bd58a641c07c5
benchmark/raw/rows/trial-08-posit-software-512-div.csv	377	34aa9828fdea2682501bece2c38ce638f0474c9c7e2071b26db70023857a0a7d
benchmark/raw/rows/trial-08-posit-software-512-fma.csv	386	682c3da9e09dedaa55b7355dd6ea4d28b9780e0018c7cf499e782428feda1808
benchmark/raw/rows/trial-08-posit-software-512-mul.csv	375	02f2b723d172754e292d835adca8fd6bd25f994fe7dee70e87e38eb2c1624a37
benchmark/raw/rows/trial-08-posit-software-512-sqrt.csv	380	dfb72b9338a185c5cbc51216d723cf0f1c348780894c4a7a4bea580ea991af60
benchmark/raw/rows/trial-08-posit-software-512-sub.csv	378	a72c39f253741dba56fc937ee9dd344d59331935726e15a137c6c9ca192fa92d
benchmark/raw/rows/trial-08-posit-software-6-add.csv	376	bdff3ab8ac83e72bbac7fb62ef13d830352b10bb709834a2487911e6dbfc5f7d
benchmark/raw/rows/trial-08-posit-software-6-div.csv	377	abebe41f104b5f7525c927dbb6eef288765a1d72ca46c277d648f567a2ff8e0d
benchmark/raw/rows/trial-08-posit-software-6-fma.csv	389	7126811e82b57c20bf426be0d95b9c5c2f630fb2e58fe2368239377b5d819b55
benchmark/raw/rows/trial-08-posit-software-6-mul.csv	375	c89a18fd5790baacf07bd6ab3f4192955e3137d15d830e58d2290d7c875712ba
benchmark/raw/rows/trial-08-posit-software-6-sqrt.csv	376	9119386b0af2800f30ee24520716cf4eed463ee2464b6df9d5a25d556f7a25c3
benchmark/raw/rows/trial-08-posit-software-6-sub.csv	375	44ff1dc74a319a285fe9ae4deb4679e4c0cf033fde437967dbf1459034040390
benchmark/raw/rows/trial-08-posit-software-64-add.csv	373	2210969daa11abd6c109e5ab9bfd417616e6bc1bbac3638de787c57cc5848977
benchmark/raw/rows/trial-08-posit-software-64-div.csv	379	cba8d97be02fb0f7b8e9e0e59fa13020722f7d83454f767d567a53b2546b04a3
benchmark/raw/rows/trial-08-posit-software-64-fma.csv	390	e5955ea062fdd4cafa034f0bac3931ddcf6fe95a3f0b494e292a509c93bc767f
benchmark/raw/rows/trial-08-posit-software-64-mul.csv	379	a0eced978f866f80d52fb7fba433f9c5e17ddd0e6eda8e0dda3180ec4b89244e
benchmark/raw/rows/trial-08-posit-software-64-sqrt.csv	383	49d4ab3768ac3cc8ba5f76b01f39117920db22525d507dd6d11b9631315e838f
benchmark/raw/rows/trial-08-posit-software-64-sub.csv	382	286a4200b324e5843741556e136b8f56cb11fa72e57e384c89e55de0935caf61
benchmark/raw/rows/trial-08-posit-software-7-add.csv	377	e74bd664fc5e2e8d54f8d0be81c96cffedb69fd905b25681b9bb6768448b4818
benchmark/raw/rows/trial-08-posit-software-7-div.csv	377	6da8df4b1f28eb09f7523ed5e09857d0113a213caee6fad41527b2c4bb0e76a5
benchmark/raw/rows/trial-08-posit-software-7-fma.csv	388	7e7a60838a5cd27a81fe0fbd9151b75971e7c5715757ddf9ac5a8b97d6050635
benchmark/raw/rows/trial-08-posit-software-7-mul.csv	377	0be7f4c26988c63941fa3c3074a769430d175f2f5160e939e992941001febb8c
benchmark/raw/rows/trial-08-posit-software-7-sqrt.csv	376	d6cc846ff12bf9e02ce76ac6d9e0fa7ef50391c71e7a2aa6aad55a4aae013d6b
benchmark/raw/rows/trial-08-posit-software-7-sub.csv	376	09ae6331add6ddd3cab4c8ca58cdd517f4a128172689e8afd434cce3cfa045e7
benchmark/raw/rows/trial-08-posit-software-8-add.csv	375	d1369e48bd27c2abd360c400bf76e810bdf8232dc384d3bef2ae7552f2db4c43
benchmark/raw/rows/trial-08-posit-software-8-div.csv	376	678e88872c96c0767153640b1227d797ca112c6a3c287733e55c135154429bd7
benchmark/raw/rows/trial-08-posit-software-8-fma.csv	388	b3baf48f776b1935b5d52cb5c0124fe96db41045184e368e9e820333fa55d2d9
benchmark/raw/rows/trial-08-posit-software-8-mul.csv	376	e713ea399177f3c587b46271bb7e1e5554d8b503185cd438d9a7d035f9514d9b
benchmark/raw/rows/trial-08-posit-software-8-sqrt.csv	377	8489a2f1052330308f987b25bbc24f436ff0777c21a415f92a44b8328b6d5815
benchmark/raw/rows/trial-08-posit-software-8-sub.csv	376	71fb88d02db61e7d8f3ce9c20f3758a4f717b973260360b636ead89bbad26bfc
benchmark/raw/rows/trial-08-softfloat-reference-32-add.csv	418	7b1efb85b307ff0579f0b14c94a911dc88fb08a41890bf87c04dfbba641ca3a1
benchmark/raw/rows/trial-08-softfloat-reference-32-div.csv	418	3f967f43801ccdd621abc117aeb219c553d12a4365607031cd258f64f2337084
benchmark/raw/rows/trial-08-softfloat-reference-32-fma.csv	419	7239d2b35755739790af1003c4110e8a79f9f9dd2d5d92f81966026dd75657bd
benchmark/raw/rows/trial-08-softfloat-reference-32-mul.csv	418	df7681018294fab89356032622649574462caa30b9ec343ec9a836d4cff818f8
benchmark/raw/rows/trial-08-softfloat-reference-32-sqrt.csv	417	6603289badb4a193f6b1670462dac368a350b937159d9a59e78e5c53aa69ce40
benchmark/raw/rows/trial-08-softfloat-reference-32-sub.csv	417	ea93c5cc380a2f7413e8de3321deb816f91966ddb2a83460ea313bd3a58b2499
benchmark/raw/rows/trial-08-softfloat-reference-64-add.csv	418	31d109d88765bd76175d80a55c942e407c88c052feca5aaaeadc1dcc5f327962
benchmark/raw/rows/trial-08-softfloat-reference-64-div.csv	417	f367ae60e0ee59286ff2b9fcce562916175b426841aba0dff30f4869ebda0972
benchmark/raw/rows/trial-08-softfloat-reference-64-fma.csv	418	5bd9182fdfb8597c4e71e7bf164db651cd29e53b0e7687dacc20fc3f4eb0c1e7
benchmark/raw/rows/trial-08-softfloat-reference-64-mul.csv	421	14010ad0b1c21bc2f6279e77e11772eb67e75c717939e00646b030809ab3abf7
benchmark/raw/rows/trial-08-softfloat-reference-64-sqrt.csv	420	842adc7512c35e410d36e4d151ac0d85b893498a6ee663f35c4c34be260a99c1
benchmark/raw/rows/trial-08-softfloat-reference-64-sub.csv	414	a1a7470ec5d715226156392f8f1ac56c68558e5841ea5eeffd68f811a08f3a6c
benchmark/raw/rows/trial-08-universal-posit-1024-add.csv	447	14dba93d41b461625dd691cfd84e40041e22f815e92cff8649457634955781cb
benchmark/raw/rows/trial-08-universal-posit-1024-div.csv	444	bbfa8e61d69aa16297cdf9a01adedbcf7ba9fc83bf7d2f0adcb23ef7e2c0c3b9
benchmark/raw/rows/trial-08-universal-posit-1024-fma.csv	442	95389761d029858056d5e9a42a23d6d91209b1fbc87d50b4e674cb8bbe8bf23a
benchmark/raw/rows/trial-08-universal-posit-1024-mul.csv	445	c5de176ec3d26d860a515a5d9fa7c884928df6d505f59cb2b9d0b734deb41da3
benchmark/raw/rows/trial-08-universal-posit-1024-sub.csv	447	26894487e19c96b1b2f2180c4ce9c778b4e13bf986589032ceac6b904664413b
benchmark/raw/rows/trial-08-universal-posit-128-add.csv	442	44bfd4802b2e20e73af684ee30d8dd5cd8c4576dc345169dd3ff9a640b337854
benchmark/raw/rows/trial-08-universal-posit-128-div.csv	444	e5ab311d83a7c26d89afee4183620d2f6eff661c6ff75e57c13001c1b921f567
benchmark/raw/rows/trial-08-universal-posit-128-fma.csv	443	0ed3f0eb09de8ef82bad62de6ca62a5586d0611fc434aea5a20874762b0819aa
benchmark/raw/rows/trial-08-universal-posit-128-mul.csv	444	1b8befb0325ae7d7efd5cc0977ed85a6dd34536f31c5ffe931dd797b3ec2fc4a
benchmark/raw/rows/trial-08-universal-posit-128-sub.csv	444	6fcaacef06159ab3f69d3314d71b709be17e54efc79aa28bf89fdf586db34d8b
benchmark/raw/rows/trial-08-universal-posit-16-add.csv	443	03bd2bd8b177264d7e2ec801213f23f16eb7b28abe12bba5f25c11765f45e243
benchmark/raw/rows/trial-08-universal-posit-16-div.csv	442	6a7346e8a6c94479357e4dbe843538d3870f1b2c5b23b44e413c99c7ad0308bc
benchmark/raw/rows/trial-08-universal-posit-16-fma.csv	441	80afaf9b074fbe3f9258ed3f9bd26f63eb4e1f71c0c0a16eefaa453fe92e55a0
benchmark/raw/rows/trial-08-universal-posit-16-mul.csv	441	8eab2cab8c77df45b64c731b59a768a0d3c637565bd476a05784efa78b079636
benchmark/raw/rows/trial-08-universal-posit-16-sqrt.csv	461	4f0924a7a04c26cdca8d32483331a64a3e4b5d2cab414becd9b7f6d15f1feb5f
benchmark/raw/rows/trial-08-universal-posit-16-sub.csv	442	eb433a25cbc4711bed0f40d8c4746b514a501aed3e8cc3cc6d475536924d1db9
benchmark/raw/rows/trial-08-universal-posit-2048-add.csv	445	4cc22ca379af1c86eb00cc01fb66c2edf691aa1a1e808173481725577b66a05a
benchmark/raw/rows/trial-08-universal-posit-2048-div.csv	442	b14013f85ae5f25f51677f2b3335cd3d5465d58859eb643b50b370594c5b0b76
benchmark/raw/rows/trial-08-universal-posit-2048-fma.csv	444	cec71f8cf5feae9b7847c56cab9ae461df628af6eae10bcc56d2ba2b39b577e5
benchmark/raw/rows/trial-08-universal-posit-2048-mul.csv	444	8ceeef9e7cf971c75f6b5309243bf0c059ff89b17fe083d132d46c271f02cc62
benchmark/raw/rows/trial-08-universal-posit-2048-sub.csv	443	5f383a8c07c64e0c4fccc059e55dc94c64e969636f3531487f5fa6d40de541dc
benchmark/raw/rows/trial-08-universal-posit-256-add.csv	442	0f2611bb43ca49f8fe8ddb042fe888cc9016bfac1c1de762c03e0c31c2e9f40e
benchmark/raw/rows/trial-08-universal-posit-256-div.csv	442	74dc09ced0ab1a39bbb8b03efc59281dbc19a2a24a8fc5efd390ff0def4b71e5
benchmark/raw/rows/trial-08-universal-posit-256-fma.csv	443	8620ded782d24af2abfe2c83eb87cfb2a1327901160cd9fbe224b43f620309ba
benchmark/raw/rows/trial-08-universal-posit-256-mul.csv	444	1eab70ff99e489d309108e4331bf3055bd601dd8511641051192817451464ba6
benchmark/raw/rows/trial-08-universal-posit-256-sub.csv	443	b24bf2930786b92aba4758499cd53e54ad6c943b3cf38cf576a078799df37c7f
benchmark/raw/rows/trial-08-universal-posit-32-add.csv	441	625559dbc8eb53190c91c877428f5e48bef28197078a242f5cbffdbd8ef75b50
benchmark/raw/rows/trial-08-universal-posit-32-div.csv	440	edf6ad0393616e233fadd6039c2a586664e513465187f7eb7205cef382bb2665
benchmark/raw/rows/trial-08-universal-posit-32-fma.csv	439	de30853f33109ec54c752fe06dbe9f1f0953536a4492a807e72ec24f5d144907
benchmark/raw/rows/trial-08-universal-posit-32-mul.csv	442	45ff9bd7701785da674b69a47190ef2e5572946459ffba226aa5e56b6fe36e35
benchmark/raw/rows/trial-08-universal-posit-32-sqrt.csv	460	eb65e76390d697fa269ca9bd08670df17d9f10d0a62a53888ce657f9fdf1e1f1
benchmark/raw/rows/trial-08-universal-posit-32-sub.csv	440	d7097a0479196f5db6ca5257b6f8c9679c05dbe9207ac7fd2ce544c7d13fca4b
benchmark/raw/rows/trial-08-universal-posit-4096-add.csv	446	dbba3f1864cd890a0213deb04cc0c190464446aad700c8c8b1caa68bd92c52da
benchmark/raw/rows/trial-08-universal-posit-4096-div.csv	443	e82e33cf94ec3cac5301354efbd672e4bd9e8b03c2a300fd353eacbc51302bce
benchmark/raw/rows/trial-08-universal-posit-4096-fma.csv	443	c72e72a5634695f374c56ef5c6db2513ffede36c0a4d926e89d41aa220a88331
benchmark/raw/rows/trial-08-universal-posit-4096-mul.csv	445	e0553e331c19291880cec0d499c9bffc721b18ba1a79f26cd620ce4df3938fa3
benchmark/raw/rows/trial-08-universal-posit-4096-sub.csv	445	bbb23d3fe808243de598a29083c705de13469ec6927563307b34322ed18df815
benchmark/raw/rows/trial-08-universal-posit-5-add.csv	438	c7b4cba5808f0c77149515f1ae97ddfccd42769a70105507eaae942d6685b9ec
benchmark/raw/rows/trial-08-universal-posit-5-div.csv	439	b90c2cfa329d6ae5f82b472b51ff4b195543c237edc626cb0f0a24eabc403913
benchmark/raw/rows/trial-08-universal-posit-5-fma.csv	439	f39aa5e20be4fa933539c9de008133337b8cb2bbdee0cbcd6fa82f8d133cdd97
benchmark/raw/rows/trial-08-universal-posit-5-mul.csv	439	fc7cb51e80525b8599effd11f89034b2c0717c332e97b6108c24415a79fd14fd
benchmark/raw/rows/trial-08-universal-posit-5-sqrt.csv	458	c16f7855de6f6574357a3a417da8772d381371d52d45e4a6120bb9f22c49ffde
benchmark/raw/rows/trial-08-universal-posit-5-sub.csv	438	2046f8e3cf2a896b507e8ee356878bbe4397310bc51285d04661edde2013a53c
benchmark/raw/rows/trial-08-universal-posit-512-add.csv	442	d932aebecf4a4f9d744840de5ec2f8b5ebe050305fc3b900d36b70328f3cc8b3
benchmark/raw/rows/trial-08-universal-posit-512-div.csv	440	12893ad55ca9c277d410e1b8aaa001944de356f7c9172dfa18d43192ede5e20d
benchmark/raw/rows/trial-08-universal-posit-512-fma.csv	442	2f454f4e2b32ad46998a2b1fb460bf4730f2094789224ba2d844596d42ea12f4
benchmark/raw/rows/trial-08-universal-posit-512-mul.csv	444	407d6d34ce47d9cc7561f416e16cf12c52da42427d283d41d3dcd3a3b5625b48
benchmark/raw/rows/trial-08-universal-posit-512-sub.csv	443	f54a9d9717c5c1d1d3249a011ff4d4f5ebca10515e093d691d7feef0bac7b5d5
benchmark/raw/rows/trial-08-universal-posit-6-add.csv	438	b43482d13b7dc49dd35ee209d85be73cc2e54a4709033848e2f15beef0c642e2
benchmark/raw/rows/trial-08-universal-posit-6-div.csv	438	73355c8af02a7f844f50b53823cf7c6895be9ba07964c9e03d45c5dd6df889c6
benchmark/raw/rows/trial-08-universal-posit-6-fma.csv	439	70902f13ca5ea78314805ee81dd959e9ce79c89d015b3825d87ae98556862dcf
benchmark/raw/rows/trial-08-universal-posit-6-mul.csv	438	c2ed165ae095f4d5f10a7274edbbf6c7415aec803cedc505033fd77b4abf9eb1
benchmark/raw/rows/trial-08-universal-posit-6-sqrt.csv	457	01ff40e1e02fde4db1fd05fa428f6b3b79b2babe06998c374dd76c2e96ff6cb2
benchmark/raw/rows/trial-08-universal-posit-6-sub.csv	438	5ba66ee3818b55b076dc3a70339b0b780a0add03c3d4df0737a3e5304d96c966
benchmark/raw/rows/trial-08-universal-posit-64-add.csv	442	0f97d7540f0f351b8a8fe73932f34da5da253ad1e0f46888fa5ea9be7bd89ae1
benchmark/raw/rows/trial-08-universal-posit-64-div.csv	441	65b6a7eee1569285adfa9058d1e53d59a75bf3af56b973f4c2aed947878b0f2c
benchmark/raw/rows/trial-08-universal-posit-64-fma.csv	441	92d79e930a49cef3d453165e4bc46a906cdc31bfa668e96ebc564d6c5305fa33
benchmark/raw/rows/trial-08-universal-posit-64-mul.csv	440	5d4f90ef98c605be4fd99ef8eb430e87e279c6370b8d4cb41a64d48f02a0a3bb
benchmark/raw/rows/trial-08-universal-posit-64-sub.csv	440	f63979e1c2002aa1b6de13a5244e347c05ecd8330619bac1fc207df1144a1ef8
benchmark/raw/rows/trial-08-universal-posit-7-add.csv	438	4e0974b05db71f8858cd112793fecf972cbec490cf2d4b6f4fd94c2ad8a33018
benchmark/raw/rows/trial-08-universal-posit-7-div.csv	439	6e9a59c5f9faef02e2adb8efeb07c8c6c332a66a9a88b74bfd50373f19ca905e
benchmark/raw/rows/trial-08-universal-posit-7-fma.csv	437	9132a5cc269e479f9e1d31fdca780936014b097209d4c50b78dfb0d4a590259e
benchmark/raw/rows/trial-08-universal-posit-7-mul.csv	440	faccc2089d3dad3bdcf82e4153f755a9ae8a1054c1fe3bcb9c0278a849f18cba
benchmark/raw/rows/trial-08-universal-posit-7-sqrt.csv	457	5531fe373747bbb7daa67db5ee3897a0088603a93991c44e3dbee52632450533
benchmark/raw/rows/trial-08-universal-posit-7-sub.csv	439	ae2b9aa8e86011d3c1ef9393ccca56ba64438b55cb5ee9e958d3c0332dcba52a
benchmark/raw/rows/trial-08-universal-posit-8-add.csv	440	d6d6595569536fe2ab5554e2e8155d8e6b7eeea50d15da519d92e4a9f70ff40b
benchmark/raw/rows/trial-08-universal-posit-8-div.csv	438	49a203a94deddde18ef5c16ceb3a2e7adb2aea6eaf8e9cf6c71c3a9310df0627
benchmark/raw/rows/trial-08-universal-posit-8-fma.csv	438	2bdac22750d08db5d9d8591031307ca0259a8fbf29386c497963a511472cb322
benchmark/raw/rows/trial-08-universal-posit-8-mul.csv	440	0b7029dced5230690cda3bef2bd6a07c3376d7e73fa9f78f9a55099b8b4c9257
benchmark/raw/rows/trial-08-universal-posit-8-sqrt.csv	458	6d48404cea063ad662631a215c88c79250cc6eab1d46f456f97b57c8edb93321
benchmark/raw/rows/trial-08-universal-posit-8-sub.csv	439	984c99b54053a53c0d52ffdf96b8a21a0308586548ba8f116efb4bbbaabab760
benchmark/raw/rows/trial-09-binary-native-c-32-add.csv	405	32b2e260a5c852e7db2d1ce42532c61b4937c1670cedf6a386c30f0955233152
benchmark/raw/rows/trial-09-binary-native-c-32-div.csv	406	34ccab88c64e305630c01c45363893b4294593fa8ac3a989c6f1f5661563c41e
benchmark/raw/rows/trial-09-binary-native-c-32-fma.csv	405	8e5ee68b02e9f06c85222f092196d3890602b55c97a236ffb38405b0f75aadf7
benchmark/raw/rows/trial-09-binary-native-c-32-mul.csv	406	9dad8f9914d22bc579704f96e22475e5dc5075d1098f7f69f7c0b32b157beb72
benchmark/raw/rows/trial-09-binary-native-c-32-sqrt.csv	408	28952943f478468ef128cc07d4da4c4c75478f22485f15fca3caa57d7fa71294
benchmark/raw/rows/trial-09-binary-native-c-32-sub.csv	405	62cc1bdb6d5eb26459e760205f2e1b29593223bb69f0bdae45dd236f3109800b
benchmark/raw/rows/trial-09-binary-native-c-64-add.csv	407	042474aba5da32739bad386817795e6d5554c2e4c35c581bd8bbc73f54d0b511
benchmark/raw/rows/trial-09-binary-native-c-64-div.csv	407	e0475edd9c8c5e6a765c8c93936d3471e3dd5daeb9a60465935ddb0d20b43ed7
benchmark/raw/rows/trial-09-binary-native-c-64-fma.csv	405	f6747af54b5b9e446f15baa500406bc3a0d775ce05f3bb6295bf51c52aae86ed
benchmark/raw/rows/trial-09-binary-native-c-64-mul.csv	408	c0f7dc1587f669682c0451704614320afcbc93830612f9005d77947fa7b49a87
benchmark/raw/rows/trial-09-binary-native-c-64-sqrt.csv	407	587f03be0b504fa77916d4195064a98111d615662f4c7f6e3cc52db4a775eac0
benchmark/raw/rows/trial-09-binary-native-c-64-sub.csv	406	221e7f2b7f27a9c2856d9a82b3df41bf3a82c7311580c0dd4d1193af07ccaf38
benchmark/raw/rows/trial-09-binary-software-1024-add.csv	455	88829555e557ddb5959ba85c114e5be9c599fd350411e325f43cc51e51f34dd9
benchmark/raw/rows/trial-09-binary-software-1024-div.csv	453	87cd1583275c76b5be1763ca9a53d6b82dfc52865628ee2cc084aa8e42170402
benchmark/raw/rows/trial-09-binary-software-1024-fma.csv	465	d8d9eececfc2cdb8d6fbe654e69c6de356cbe94fa30f2b5fc32eb4b79855f859
benchmark/raw/rows/trial-09-binary-software-1024-mul.csv	461	44e0e52ff348207f46936efb3a1257807d7b580615aedc53d2ef9f49772467bc
benchmark/raw/rows/trial-09-binary-software-1024-sqrt.csv	459	e28aca3fba1a4de8adfde526b7656e3540dba85d044cc5cec14f522601cbfc41
benchmark/raw/rows/trial-09-binary-software-1024-sub.csv	459	887681e8b4aacabe13d67f59d14aaff79f3df925de01a92891ea5b4afea9a2b9
benchmark/raw/rows/trial-09-binary-software-128-add.csv	437	ede7acb4c9b4efa25e43cebc8732e937402ba7afde7d9944c9890bb682a34885
benchmark/raw/rows/trial-09-binary-software-128-div.csv	441	e9b8ce8228ff9d40c4a18c8be8c0452fabd5b4e398afe502a946c1f66b2eba98
benchmark/raw/rows/trial-09-binary-software-128-fma.csv	449	7102fe3eed4fb1df4bf29f1f0721ea3291826dc3363fbd75e7bf6c312c395845
benchmark/raw/rows/trial-09-binary-software-128-mul.csv	446	e2c5848c2dd705afb9ac33d044d39f02568bda41fab2d67060dcf73936de14fd
benchmark/raw/rows/trial-09-binary-software-128-sqrt.csv	444	7869be7c0f4020f2a9df8e0b00bea06466ab4090fe30d63fb7226d28b8669a68
benchmark/raw/rows/trial-09-binary-software-128-sub.csv	443	da610863e892b47c7e32c93ca13f45211cf932cd718058970662a82b44296748
benchmark/raw/rows/trial-09-binary-software-16-add.csv	440	803191c45281c20a63c508f3c654e5176165a9c6483c8a5553b60f23a87cf56d
benchmark/raw/rows/trial-09-binary-software-16-div.csv	437	c9e6002db406aaef3f140fc82da19091d644a20aa9b918f0705273b020dc8c04
benchmark/raw/rows/trial-09-binary-software-16-fma.csv	449	056a6237aba7e535e1d3624592dac2f0f7baefff0f8fb8a43acbdb14b1dfab17
benchmark/raw/rows/trial-09-binary-software-16-mul.csv	446	190b3899486a288de78e67ec271cecc3c0b4f2b6ef95cc50ff4e26e3db9b2bb8
benchmark/raw/rows/trial-09-binary-software-16-sqrt.csv	444	c7bf113028ff7b9eaa60daba925ab794a0d913f0d104cbf21fcc6431a9273113
benchmark/raw/rows/trial-09-binary-software-16-sub.csv	443	b55f86ed06aa6097f93d7bd823bc4c114bcd1901b49d44068c712e3df872576d
benchmark/raw/rows/trial-09-binary-software-2048-add.csv	456	12025bda88662f3f3b4481a11cdda5725a8e5368619cfc1d10f42fc9b84a7d78
benchmark/raw/rows/trial-09-binary-software-2048-div.csv	455	dbf8962ccae2e484eb35e3f17b2d376a86f0eb1fbf25559471441f850db7ec81
benchmark/raw/rows/trial-09-binary-software-2048-fma.csv	464	a4bef4c28c6c61c87461cd15d88603172cb5cfefb73f4ed56efa61cb16cace8e
benchmark/raw/rows/trial-09-binary-software-2048-mul.csv	462	6cdeb3932b88858d56bb6a6e801080316a39d8787351bca6e161e1a1f12f8ca5
benchmark/raw/rows/trial-09-binary-software-2048-sqrt.csv	459	f6c4a2a4456610846f4fe163e4878be85a2835bbe6e9a45f75b0cd9f2ba4625f
benchmark/raw/rows/trial-09-binary-software-2048-sub.csv	458	7f889bfe3befd9ca66897e9509a18ce0b0645bbea00057d828f12b3310b2c908
benchmark/raw/rows/trial-09-binary-software-256-add.csv	452	395bcbf5e0e2cef6e706542e9df8566132875343c4985fd013fc8fbd1990f4e3
benchmark/raw/rows/trial-09-binary-software-256-div.csv	448	e74d74f7182dbc7f55af919a8c8371c21dbeab3b0a9f96adaf7b54ca06ad9ed3
benchmark/raw/rows/trial-09-binary-software-256-fma.csv	462	a6d37b103793cee1ec232082e9214af1e369403c271e6d4fe52216b46ba0a843
benchmark/raw/rows/trial-09-binary-software-256-mul.csv	460	e76b60452dbee3ffff6d55a9498c12e81e125435633d63121b32d7a7238455e6
benchmark/raw/rows/trial-09-binary-software-256-sqrt.csv	456	900ed30f5db9866d6f055a15659ea76eee212f4a8d523084f36722d461e7b1f0
benchmark/raw/rows/trial-09-binary-software-256-sub.csv	455	a1b6741bc4fdeebce554340c3b2989d1dc4a8df123d778f47aeebdeafd8e686f
benchmark/raw/rows/trial-09-binary-software-32-add.csv	423	f14d42ee9f91af45134520e6525c12cbcb7f699e0c1bfeeb3ede450f29d97347
benchmark/raw/rows/trial-09-binary-software-32-div.csv	424	c79e0ebc948ac8bede20f4ee2e144b9cbe3986bc4d0cf73b0f0d82c11cee34fb
benchmark/raw/rows/trial-09-binary-software-32-fma.csv	425	ced0af69b7b285c4868df6748f7c78b8306ff1bf5f1a5ee20cee8abd8ed53715
benchmark/raw/rows/trial-09-binary-software-32-mul.csv	424	f5a1fdd71042f10f61ba3908500be7352e8682c82bfe8a02bff2627b42e87327
benchmark/raw/rows/trial-09-binary-software-32-sqrt.csv	425	704bc95e3941c21d4c3a4d47e6851b32e97680edf853fd473750acf2afe8c510
benchmark/raw/rows/trial-09-binary-software-32-sub.csv	424	f2678cb645b4987e33178f85863eaa0ee1d28a47469cf94cd04ce61d341a19ce
benchmark/raw/rows/trial-09-binary-software-4-add.csv	440	57534477ac845f0ba1688e3524b02000f3bb58132f5588dd7481e4a858076ca3
benchmark/raw/rows/trial-09-binary-software-4-div.csv	442	03ae0541ca47ab91e22e5f6b1c809301ded74c6462a359a59baea4442357c1e6
benchmark/raw/rows/trial-09-binary-software-4-fma.csv	451	6a196562ab3a75a27b799eaba8958e59af75b6c26611b4538fc03738a7b10d88
benchmark/raw/rows/trial-09-binary-software-4-mul.csv	445	c2e6d78559bb7a71c0dc94a574bfdecc0a0f99683c636e1e4a969083a5a639cc
benchmark/raw/rows/trial-09-binary-software-4-sqrt.csv	446	89b270c5dfcfa218f57642b8889b3f614ce3ab3d43cf5a799ca21bf67105e755
benchmark/raw/rows/trial-09-binary-software-4-sub.csv	445	351c002f3e90715e1ac272fb0adcf78d2456c4da33c41f47a06281147346b730
benchmark/raw/rows/trial-09-binary-software-4096-add.csv	454	a8a2d960fa0f25d465ba8f476140ec52e48b1dd06c17e8bafc8003910df04897
benchmark/raw/rows/trial-09-binary-software-4096-div.csv	455	0189f092e4632c21f4e0a0b30f922401e19f4f288ed79b536b8a3d3a6cf0cce8
benchmark/raw/rows/trial-09-binary-software-4096-fma.csv	464	73dbf503d96740c9d31e366e3c25a9c581a7e6b9637db7ae4a11b41cd2d20377
benchmark/raw/rows/trial-09-binary-software-4096-mul.csv	460	b233d005ebbcfef2b5657677bdf1fa411004e576681ea6e1bd0d5bc9a57b696c
benchmark/raw/rows/trial-09-binary-software-4096-sqrt.csv	458	ff98e9a0c5210b68ee68f32b4bb2e41a7b188e0c6b16f1f6d814f5a9f785e108
benchmark/raw/rows/trial-09-binary-software-4096-sub.csv	460	ee094bf29013b5a58c8f9af0c07bc3f8b8ddcdfa4815669bf9b57f4a4c9e0815
benchmark/raw/rows/trial-09-binary-software-5-add.csv	440	096512c882a3553e15dc96a91ca8ca1d585657dd77377cd259f6ca56a157c000
benchmark/raw/rows/trial-09-binary-software-5-div.csv	440	02763743f84f71b119ae9c0bf2c5810b5492f6d0f3ffa36884a8f9815c549bf6
benchmark/raw/rows/trial-09-binary-software-5-fma.csv	454	5bf383ec4dac94a7fc19957fd94b019de4537c0cc9e39b30ba9d3cb559766efb
benchmark/raw/rows/trial-09-binary-software-5-mul.csv	446	a586a6b8d595b174a2b99213432a2dc86aa90b2c163d72e615e926aee36a0786
benchmark/raw/rows/trial-09-binary-software-5-sqrt.csv	446	db8b6a0ee6c1ea2ffae0481d27e1a2738292b1cfe41da38c30a4fd77ab736e20
benchmark/raw/rows/trial-09-binary-software-5-sub.csv	445	76c7cec3ed524396856966260dc8515e48098cd2832e728da9396eb69fd45a7c
benchmark/raw/rows/trial-09-binary-software-512-add.csv	452	e9f1bd7e306a54a7cab0abcb21fc2f9e30dc9751b4995886eb5a12e8aad38e3f
benchmark/raw/rows/trial-09-binary-software-512-div.csv	448	10f0b468fff7158516e2cb7efacdd34fcd6e4669cd6efc03ce322c70975b2fbd
benchmark/raw/rows/trial-09-binary-software-512-fma.csv	460	781a001d5e15380be9d04ea547d7b20050e9bf1b5d28835cbd21732eb965cf4a
benchmark/raw/rows/trial-09-binary-software-512-mul.csv	457	e4ba02f7244d9a446b6148fe0f4db76d6b561b4f80069cc56adc78241c8ad61b
benchmark/raw/rows/trial-09-binary-software-512-sqrt.csv	456	ea21525d3167fa4cbffb2c301a10a7a5bc35e4960c50bc4d904b3c30a12d7954
benchmark/raw/rows/trial-09-binary-software-512-sub.csv	455	a6fcf3d7c9f617f19267f776d23f11dcfab5d92c711383ec2be12f471ef4f975
benchmark/raw/rows/trial-09-binary-software-6-add.csv	439	4f446bf065a1f4d07d7a6369d6ff6b7f85b34d8924f047b9000cf280de3225dd
benchmark/raw/rows/trial-09-binary-software-6-div.csv	442	d4331707b335868798e758419fd70ca6e639f1abd034e6966266f3c581e811f7
benchmark/raw/rows/trial-09-binary-software-6-fma.csv	450	8155cfb6e12936b3af9559574ecfa4e3efdebd7db033cee7a41b4c6447ef2f11
benchmark/raw/rows/trial-09-binary-software-6-mul.csv	450	2d1529dc4207c092073811d28c09f4742dd614078962ace76e17ad7ef6297fc1
benchmark/raw/rows/trial-09-binary-software-6-sqrt.csv	445	592bcee9f00fb0f41125ed04297b257ef33e10f2ea38faf23edadb2660f53219
benchmark/raw/rows/trial-09-binary-software-6-sub.csv	444	ad710817026a49bd4c66de4f78a7d927ef1f4630573981667c35525a822136ce
benchmark/raw/rows/trial-09-binary-software-64-add.csv	423	5387f5e01f0228905cd6ca3c584416e453971034f42d3c57c490401f23d0647f
benchmark/raw/rows/trial-09-binary-software-64-div.csv	424	5c95200cde7d642dce4de72c99b5584fda4d781d5aa2f65d273bb42d2aab3bd4
benchmark/raw/rows/trial-09-binary-software-64-fma.csv	423	770dc4a8275a098f578f90afdd4879dd086a1324b15ab741105e63027d1175e8
benchmark/raw/rows/trial-09-binary-software-64-mul.csv	425	0b57adfcbbd0eec6497f2df5b86629ca37517057262ed700c35e09d17a83147e
benchmark/raw/rows/trial-09-binary-software-64-sqrt.csv	424	9990cdb962930cdbc59b0a798d5539b0954d2dff04e3ed2f9c797a0b1e6a1b61
benchmark/raw/rows/trial-09-binary-software-64-sub.csv	423	762f3887a4d19c423b1069699f5f44c485d194b6811e7e28424783baf39f47ba
benchmark/raw/rows/trial-09-binary-software-7-add.csv	439	df333328384e10099455076e61d69168e980e9238fb595ca493445dc895ef1d2
benchmark/raw/rows/trial-09-binary-software-7-div.csv	443	3a8c6381346a580aa31f03ad3b10749b8769dc0db2a93e07fb73a676dc1302bc
benchmark/raw/rows/trial-09-binary-software-7-fma.csv	451	8e9da27bd60f1ccb6a412d7ad226dcc0740b09dbb1a8fe4fece6796ff2e19b08
benchmark/raw/rows/trial-09-binary-software-7-mul.csv	449	4a3206c467440a1a9c6bd334a1fe071ae59d68f597559123ee16617de957254d
benchmark/raw/rows/trial-09-binary-software-7-sqrt.csv	447	053c20c384c075a2dee871a9bcb234f8fa319694e6e74e812440ab882cb6d8d3
benchmark/raw/rows/trial-09-binary-software-7-sub.csv	442	7aed502c7ab1fae37ce10b0be81e2645cfa0a68a1e33a69f941585ce9b213c3d
benchmark/raw/rows/trial-09-binary-software-8-add.csv	440	1b69ad676351a6d3052fd9e196c9f96ff5a68ce2aeb17a47f9b6ce2020b9e6c9
benchmark/raw/rows/trial-09-binary-software-8-div.csv	441	db1c4182ea47e4878f5ae0f988d97ec6bfcded467cb8042f9c84df97e1ea0167
benchmark/raw/rows/trial-09-binary-software-8-fma.csv	451	0946425a9568d177a831cca1030247746fa7741a9f5cb533f9aabf2755fb6438
benchmark/raw/rows/trial-09-binary-software-8-mul.csv	446	eb39a68de1bd1cca34c2b0fed6c5a8323de3891228a332fd895c17ab5564de2c
benchmark/raw/rows/trial-09-binary-software-8-sqrt.csv	447	9e8521d63092bf94680c1e58a4e4db35078fccf57e01df4fd33e59becc29e43e
benchmark/raw/rows/trial-09-binary-software-8-sub.csv	441	0ace4a9d063cb7872b420f778255ef49d1905e570173f2cdc53f8ae479560bcf
benchmark/raw/rows/trial-09-cpython-float64-64-add.csv	466	3f0a64b5e92a16a303f135dfa986407492b1173b76ce5e54b9c60775e73ed58a
benchmark/raw/rows/trial-09-cpython-float64-64-div.csv	468	d303619c3aba2d636201414ef119f3af7506bec054bf9c2bed74060b09262491
benchmark/raw/rows/trial-09-cpython-float64-64-mul.csv	468	057dff822599fc229f77926e65a9985eb72ea1c13ee4f1ff46c8d606596a5b18
benchmark/raw/rows/trial-09-cpython-float64-64-sqrt.csv	467	ede975fec3713e7d4bdd085fee736e11a3ab5a71257edf50f37715b12ecc3826
benchmark/raw/rows/trial-09-cpython-float64-64-sub.csv	466	48ec02a8f06aa9836417b4c04b8296a726dad98cf7ff71962741cae932f61610
benchmark/raw/rows/trial-09-flocq-reference-1024-add.csv	388	7549f1ee34b1a76274472652ff9908242ce9b61957ea37a719ee1f8ccf78688b
benchmark/raw/rows/trial-09-flocq-reference-1024-div.csv	389	637dcb9a042f155476be14fb0ec0e731f33be5b88c3e9a46db420daef2a8b2dd
benchmark/raw/rows/trial-09-flocq-reference-1024-fma.csv	389	295474657bfff2496689ba574e2046e582d4cf1f1d1b8e1139bee22459f623dc
benchmark/raw/rows/trial-09-flocq-reference-1024-mul.csv	387	72ae6f25e8da921a96e1aa0dfdbe999366ee0df508b751bf0a6742d87e5b7ccc
benchmark/raw/rows/trial-09-flocq-reference-1024-sqrt.csv	386	730fd8dd81497a3a0805b27f045efa7a63f0148ec4c80e8253a9c810b293b528
benchmark/raw/rows/trial-09-flocq-reference-1024-sub.csv	388	2ec1cc2af5aef9394f8be96dffe391a3e5a52d42680c6bb8be5e7d7928cbc2b0
benchmark/raw/rows/trial-09-flocq-reference-128-add.csv	388	228e50874afdfb307d3f99b70c871557c5ac011821419a4734f999b369134204
benchmark/raw/rows/trial-09-flocq-reference-128-div.csv	388	e0d0b3e738ba5f2cd8381ba6555718712a3d254544f72516d2b59eb2a344126b
benchmark/raw/rows/trial-09-flocq-reference-128-fma.csv	386	da3924592df206eec6f9bf311efc5ec3c2ef0767673c7cef55711ff87e215416
benchmark/raw/rows/trial-09-flocq-reference-128-mul.csv	388	fc6603a3c4a19d75f47e631c39f7303cc4d47e9384c44b072918dd982381a335
benchmark/raw/rows/trial-09-flocq-reference-128-sqrt.csv	386	acdf88fe441843bdffb122542cd666bfe7ac721d9f8edf5c876ee232ca4e3c77
benchmark/raw/rows/trial-09-flocq-reference-128-sub.csv	387	6e2baf67828d773b03b373d4827cb35c517570909fa0a51f995d55a5f4183aa1
benchmark/raw/rows/trial-09-flocq-reference-16-add.csv	387	72017c2f052b9fd59fd093a045f4488a14b5ef0306a1be17add5b152565cd106
benchmark/raw/rows/trial-09-flocq-reference-16-div.csv	387	668a3bba164de7590060230decc67ae2e6e94a994b203b0a853fb7048cd3465c
benchmark/raw/rows/trial-09-flocq-reference-16-fma.csv	388	4b29414ca7c195e0f21d14ca6e9d699ec8d65b3f3760cfc76295496dafb6205e
benchmark/raw/rows/trial-09-flocq-reference-16-mul.csv	387	27ac71ed37de7c08f75a005cdf1bf2a86b88168acf19811e24467db2f9b2ad19
benchmark/raw/rows/trial-09-flocq-reference-16-sqrt.csv	386	4acb74de6081337eb90ca840aa552c9a23faf4eae259a58b624ee062fbce4d44
benchmark/raw/rows/trial-09-flocq-reference-16-sub.csv	387	2334add040170e83dfac3dc740911ab6c6944017dc9d3c5fa6a7436f6fbef751
benchmark/raw/rows/trial-09-flocq-reference-2048-add.csv	388	d884edb7d9bf00f77e2a58c75abc4034ff8b6a31f29ca92e498e86392c53edaa
benchmark/raw/rows/trial-09-flocq-reference-2048-div.csv	389	ceb6574ab762e10afe51a85ece0af4b1985841ec6dfeb2a4f1c2557a6b77d79a
benchmark/raw/rows/trial-09-flocq-reference-2048-fma.csv	388	60d823ce1dd1f01f5bcb588e0c22f47ad8e59f4edcdd8a409bb39a7cec5681d2
benchmark/raw/rows/trial-09-flocq-reference-2048-mul.csv	387	01222fb2b80cffa25ac664458dc73b7380fdb659332091b78ccefacd18eaa214
benchmark/raw/rows/trial-09-flocq-reference-2048-sqrt.csv	386	c5493c79de2d85501c91c9d209b85870bdde19224079e13bfa2ddf445b93b633
benchmark/raw/rows/trial-09-flocq-reference-2048-sub.csv	388	66b2da51a609216f83086968ec0e81de996ca3c3bfdcb4379ea4c0d659f3333a
benchmark/raw/rows/trial-09-flocq-reference-256-add.csv	386	69ee3078662855a7eac7c0b7b1965e05135167b4c4c1625b0e1ac7003af6235a
benchmark/raw/rows/trial-09-flocq-reference-256-div.csv	387	233fd9e2e63a1176223c597c6189821b1821900e5acb530b1a4054914271ebd4
benchmark/raw/rows/trial-09-flocq-reference-256-fma.csv	387	885babe55b794decddba3893b7edefd670826d165baa7dcc9886b18b57b0c02e
benchmark/raw/rows/trial-09-flocq-reference-256-mul.csv	387	419a993ca4faa382e7a2ce481c434b114b45f0ba7d91799f70517c1ef61c1fee
benchmark/raw/rows/trial-09-flocq-reference-256-sqrt.csv	386	66b33dd1ad0ddc0a4ec0449d539c4c85cc4b7bab5b563f8a55ce80aecf940d26
benchmark/raw/rows/trial-09-flocq-reference-256-sub.csv	386	f8e02660d725d6c123fb6f5be36c5f7fdcaf418c49951fbedd85a8c46d9ffca6
benchmark/raw/rows/trial-09-flocq-reference-32-add.csv	387	558f4424ffe3faf87d770ce29d2f0f2bc7d07a03b371eda61391c64db368dea5
benchmark/raw/rows/trial-09-flocq-reference-32-div.csv	386	91d90af9d3c81992cf9d40ae0c8b2b8c5b84e8d0a9e416b79ae6dd749ea58e74
benchmark/raw/rows/trial-09-flocq-reference-32-fma.csv	386	9d9cdfc3b2e07976f3d7af16f51e1bd3908305811d3b1597880631457e8f2952
benchmark/raw/rows/trial-09-flocq-reference-32-mul.csv	386	19a3330358cacc3decd2be418606257a50dc1c0001d7e75e716902c64e8956d8
benchmark/raw/rows/trial-09-flocq-reference-32-sqrt.csv	384	444223f20b0834c2a650180c9dcaf79ed7a0687f370ffb9dab6ef4cc15dd4820
benchmark/raw/rows/trial-09-flocq-reference-32-sub.csv	387	d9d4badd479e17aaf76936965357c32f70ded8aa554e9a49f275ca6ba5f93f7b
benchmark/raw/rows/trial-09-flocq-reference-4-add.csv	384	19d54e4a1dbb14f0e95c188ee79f4dfab582e58c9e16b661a2d7e22da85e0b93
benchmark/raw/rows/trial-09-flocq-reference-4-div.csv	386	32eafec72b51f401f99ec70c5750e991070bbeaed83d24dbc195c0f2adb693b8
benchmark/raw/rows/trial-09-flocq-reference-4-fma.csv	384	d1afadc89558d5fc93816b6b99f2425f62afb7a0ff4cee9b802c09fc98d7444d
benchmark/raw/rows/trial-09-flocq-reference-4-mul.csv	386	21adcdb1c10831917b4127c8ee02b4045f452db14fb3fa514e192d5adb913c46
benchmark/raw/rows/trial-09-flocq-reference-4-sqrt.csv	385	3d8c55460da25b590f27033acc7a5fc669369244e72d80215beb30816119bbb8
benchmark/raw/rows/trial-09-flocq-reference-4-sub.csv	385	efbbcda1c38c87e083c2f6e82d0d765f2aee3da5f07182257d12bbfe036c131a
benchmark/raw/rows/trial-09-flocq-reference-4096-add.csv	388	e2e51411120515d78fecf8c44eb2b536ce7fd233b6e94530d44befb47836e0ec
benchmark/raw/rows/trial-09-flocq-reference-4096-div.csv	387	7511d6b3168eca4b9d014cae2ac3a923a06c5bf0323a67a7a28b383d81f3d57f
benchmark/raw/rows/trial-09-flocq-reference-4096-fma.csv	387	8d4465c7c28e810fcd1c65d317ea2a529665660a7fdd93f6ad87e244b8e3e7e0
benchmark/raw/rows/trial-09-flocq-reference-4096-mul.csv	388	c8730759f613e07a495cda6eab99e48ce3564c63c34dfdab0c03bd8e6cb6465e
benchmark/raw/rows/trial-09-flocq-reference-4096-sqrt.csv	388	343908d7bf90943b9abb3334a845d23cbc8ae55c638c8aafa5e06c87b5ea2c86
benchmark/raw/rows/trial-09-flocq-reference-4096-sub.csv	388	a67603c4c961e9964b117317fd5dea264614b2edb85a8f931c4d6d24402c6c30
benchmark/raw/rows/trial-09-flocq-reference-5-add.csv	386	dca7cba79a44b3da719584e14013acf9061e82565ffa2973b112cbb3bfc8569b
benchmark/raw/rows/trial-09-flocq-reference-5-div.csv	385	281336301605dbb9b495aad74d0149ec8df0c06adab753b8148311b9599a2d67
benchmark/raw/rows/trial-09-flocq-reference-5-fma.csv	386	a09d20e137abfb7ce3f37ffafc2a8d26ad8cc9a273534ef4748006710ce99997
benchmark/raw/rows/trial-09-flocq-reference-5-mul.csv	386	c465ad6d5cd255bce7a2bd95dc1c0816e7b19710b90729efe53c99ebbd90286f
benchmark/raw/rows/trial-09-flocq-reference-5-sqrt.csv	385	e047132cffbb4b069bcb3ea6cc8be0f6a3ccbf01387151176f43ffc724137f31
benchmark/raw/rows/trial-09-flocq-reference-5-sub.csv	385	586458576eb00d6b96137f56a0c7b80e76367003d39bb521587df1f34fe9328b
benchmark/raw/rows/trial-09-flocq-reference-512-add.csv	387	bf8543c086e8a80e742201171a2082c42c35a54db8d8d012ed4a63ad416a83d7
benchmark/raw/rows/trial-09-flocq-reference-512-div.csv	387	a7fa9ad9c13b8384cb24a4f0556a88c8c3087da5cfcd4fb4caa90731d1fa9a57
benchmark/raw/rows/trial-09-flocq-reference-512-fma.csv	385	cd6a3273c5f171a4a3e78600412a5869b0665f6400d2be7009da61917e3deedd
benchmark/raw/rows/trial-09-flocq-reference-512-mul.csv	387	b56e7a36f26dc0149e875037a2084056e1e8878436124f6abb0182c613e7f08f
benchmark/raw/rows/trial-09-flocq-reference-512-sqrt.csv	386	ced4ff104a0ad51017dae20929b2d2563073719317e1d30bf451e988fe34b97d
benchmark/raw/rows/trial-09-flocq-reference-512-sub.csv	386	f2bbf32ca6056772428771a4cb4dd53926d6d0c85765996efaab5b67e1359c55
benchmark/raw/rows/trial-09-flocq-reference-6-add.csv	385	9b60b239ba41ed25fd642ed14f77dea894e22db6eb39d6e521e7bd8fa61ae198
benchmark/raw/rows/trial-09-flocq-reference-6-div.csv	384	6b88f4dd0eff8362a6d0782c010a16e367065e1ba343fdec60b5c98d245e27bc
benchmark/raw/rows/trial-09-flocq-reference-6-fma.csv	385	d58d3fa5270edae5c2a9612dbd96767fb620d3dd34509b2b5c1acf6259ba27df
benchmark/raw/rows/trial-09-flocq-reference-6-mul.csv	386	37b919a514d31d38bfaa9ee57759783e6c4f067b888faaa2920fef66e4103e90
benchmark/raw/rows/trial-09-flocq-reference-6-sqrt.csv	386	d09352ebbfa15b40d392c7635ea78f1bcb80ac0c8841ff1fcba32ac3608cd35f
benchmark/raw/rows/trial-09-flocq-reference-6-sub.csv	385	067b3ce79e31a12f252de14b3bb24cc743fd493212c4a2a70e1e74b66077fee9
benchmark/raw/rows/trial-09-flocq-reference-64-add.csv	386	26588955dbc4f570406e834759570a6db4e12ef6cbcab92ef33445f49bb81902
benchmark/raw/rows/trial-09-flocq-reference-64-div.csv	386	a92294674bdb1cc8a2d9b0b2f03070c03b25c1530e3979ef20d194dddeca4aae
benchmark/raw/rows/trial-09-flocq-reference-64-fma.csv	386	d4e0bc71aee4490bcd8e652b1db2813b6ef9fed473729e6725ed526ffbea77d4
benchmark/raw/rows/trial-09-flocq-reference-64-mul.csv	385	6810ebebc2e28e3c08a1a9088b68b0a968e21de61d374a4d368855fcabc254e1
benchmark/raw/rows/trial-09-flocq-reference-64-sqrt.csv	385	4b3eccaf69826078eec43cc473d2802a0a16da412a76e06f6b5e18eefb93b453
benchmark/raw/rows/trial-09-flocq-reference-64-sub.csv	385	7a2ba21dfe339de8bbd2cc1a01c853d6fca4ad0781e3701bdb6b60341ce2c078
benchmark/raw/rows/trial-09-flocq-reference-7-add.csv	385	72f12ed88a94c7a14a5120ce6ea8488d611a9cb28ac7bdc50aa25e9f3ab99b52
benchmark/raw/rows/trial-09-flocq-reference-7-div.csv	386	ab68bf175d402828f47d2d60f3feeeb0f706296fed93dbadfcb95b6e1875ae4c
benchmark/raw/rows/trial-09-flocq-reference-7-fma.csv	385	6319cce5973e73f2d77de40a61e52413f062592fc4d2e80ad93a0bb3c7b8951e
benchmark/raw/rows/trial-09-flocq-reference-7-mul.csv	384	9b6b871b7c2974ee6f4273e83d007188b089752d037e7ae04b9901d5857fe181
benchmark/raw/rows/trial-09-flocq-reference-7-sqrt.csv	386	64af93a8d79ef0d2f61737fcae107875a239f5a3a2efea1be55fbce101335427
benchmark/raw/rows/trial-09-flocq-reference-7-sub.csv	384	2d9990adbbf263cdb8b5ee3fc59aab0a9160c417244272493c5e036dbc74be3a
benchmark/raw/rows/trial-09-flocq-reference-8-add.csv	386	87e641c17debe83dcf5826e65830ec60de91060bc7455716735553bdd86d91c1
benchmark/raw/rows/trial-09-flocq-reference-8-div.csv	386	911f158736b8c53c1c74ac6c7193c951c890ef49ef2098f51d160bf7f7e162e1
benchmark/raw/rows/trial-09-flocq-reference-8-fma.csv	384	f0498a12f8d98ebb950fc1b307caef44417a9970d072ef5dd8f5d6a281a2b38f
benchmark/raw/rows/trial-09-flocq-reference-8-mul.csv	385	653618f3990013b2d38ef48ef1ef73d395092d92b36f13e05dd6f9b43790184a
benchmark/raw/rows/trial-09-flocq-reference-8-sqrt.csv	385	80aa95302d5ff8ab69c028a4363a6725088a453ee4c7a3b32efc593c6a6e5345
benchmark/raw/rows/trial-09-flocq-reference-8-sub.csv	386	a7b7fefdf248992230e03654d113ff483b8182502fab768aeab8f6ccb3f1d6c4
benchmark/raw/rows/trial-09-mpfr-reference-1024-add.csv	475	4b73f83b537fdb5b19cf8a40a9cfb06005b5d4927626a5007de6baacb29ccb6c
benchmark/raw/rows/trial-09-mpfr-reference-1024-div.csv	473	f793d3d689379c34ad8e6d2d4728207a3a794f0d7fb72c15287076b70c1f1e30
benchmark/raw/rows/trial-09-mpfr-reference-1024-fma.csv	475	c842d21e3d6e9bfd3136f7ded2339ffb83946f65c6d96801dc1a3fefbc7dd963
benchmark/raw/rows/trial-09-mpfr-reference-1024-mul.csv	475	4bf272f4297e94308328c683fa7ec4a0916f5321cc7bf79690b5608818751d98
benchmark/raw/rows/trial-09-mpfr-reference-1024-sqrt.csv	475	f1c33cbaac4723e6e76364ce5351e83f2e0a03be8c218a7749acbfc8d0ad9d09
benchmark/raw/rows/trial-09-mpfr-reference-1024-sub.csv	476	0bc88bd6141afed8738d8a443cdc356eadc6ee8e0a8c4632f7f5a18c1540f713
benchmark/raw/rows/trial-09-mpfr-reference-128-add.csv	468	ea9a9bb2c259cff32dd268c09710826ea24f0a1db08bdac028e09a9d38347e00
benchmark/raw/rows/trial-09-mpfr-reference-128-div.csv	472	c34ff86eee60d90d5b9e95a7f0a8956b1465872d14b093e4bd06f24c79c2396a
benchmark/raw/rows/trial-09-mpfr-reference-128-fma.csv	471	a4bccf735210e420619519f5385088b9884475e6862ed155039ada5ddff80a9b
benchmark/raw/rows/trial-09-mpfr-reference-128-mul.csv	471	17d66161c5f7028fae2ea317630cb089697bd8651a2a017995741dee68b28f02
benchmark/raw/rows/trial-09-mpfr-reference-128-sqrt.csv	472	1731b23f09cb7827882e69ffcf3ec9eae30d0c6923a290451a311fe288adcbec
benchmark/raw/rows/trial-09-mpfr-reference-128-sub.csv	473	2293cc3d85d4ea6943c50e14a4a3dad9ed742ece81208f5b2b69455889138176
benchmark/raw/rows/trial-09-mpfr-reference-16-add.csv	467	66bb8770a092308fd1607998e6cdfa2855bf0f7ffeb0233e739a986a028d0a97
benchmark/raw/rows/trial-09-mpfr-reference-16-div.csv	469	8a4b43677b4b9075c34b4b344e6f4e3e60f1dae7b5a599a990d2b6f410e6a947
benchmark/raw/rows/trial-09-mpfr-reference-16-fma.csv	466	5c2d176d072efd8934d461772c793b84967f2321862d203f8f400db6415aa6fe
benchmark/raw/rows/trial-09-mpfr-reference-16-mul.csv	467	08903d7c68b4f1785b2402f5c72eeeac8b14f661fce964c3ca18bc7649e4cc76
benchmark/raw/rows/trial-09-mpfr-reference-16-sqrt.csv	469	45ee06b753ad5a70628eb8a3e0262e9046b6d677edc8cea4180776156bad1ea6
benchmark/raw/rows/trial-09-mpfr-reference-16-sub.csv	467	7302bd89d80e7962f9aeda5ac330101d413f608b1afe3c2c66bfc69413022ba9
benchmark/raw/rows/trial-09-mpfr-reference-2048-add.csv	475	70b2326c1e77698c6367e1dedf714b02fde196d85e02a8a0425921b3e94a8cbd
benchmark/raw/rows/trial-09-mpfr-reference-2048-div.csv	474	84c12fdf9fe3a7ead75110610298728298a7ccefb04616086e5e65de153d0d96
benchmark/raw/rows/trial-09-mpfr-reference-2048-fma.csv	473	3cfbba2ac7e56843165cdb6083997ba424cd3c667db2e3cbe49f737a92ba2f76
benchmark/raw/rows/trial-09-mpfr-reference-2048-mul.csv	474	814bae0dc9068953e148c8f50dfebf01d245149f8c7a64786b65a1c091677c5f
benchmark/raw/rows/trial-09-mpfr-reference-2048-sqrt.csv	474	ede4ade0d4de6e95b7650f0551d33dd7ffc12b415b679486550e679520a7dcef
benchmark/raw/rows/trial-09-mpfr-reference-2048-sub.csv	475	1820157802b334a9066613f7cd30bd99b7723435d27031c8cf7019fabab1c85c
benchmark/raw/rows/trial-09-mpfr-reference-256-add.csv	472	481f2eb659bc799cd441623150cf62a4c7e61f336739a1e3f6e89feea54d020c
benchmark/raw/rows/trial-09-mpfr-reference-256-div.csv	470	004b3b04364c395f8cf426afb0a1753d98c3baeafbc8a90a514e3b56f1b4b514
benchmark/raw/rows/trial-09-mpfr-reference-256-fma.csv	472	bf7aef843066a15521fbfe6461815c9d33cdb9c4dcc6625d6d41bb1e20940c19
benchmark/raw/rows/trial-09-mpfr-reference-256-mul.csv	473	245531a96b5939d2558f0847c39f9254514e622ee90f4d0ca509d5e0e75b708b
benchmark/raw/rows/trial-09-mpfr-reference-256-sqrt.csv	472	0cc5bc9ee99c4363388936c2adf66033584146bc896d5234ca661f416e801599
benchmark/raw/rows/trial-09-mpfr-reference-256-sub.csv	472	e46626c40596397c9b270d2efdeab8743d3ca8e36e0da871e3e53fe1ee57bd68
benchmark/raw/rows/trial-09-mpfr-reference-32-add.csv	467	7bb16324ce18db12d1eaac1b648603d72385467059cb6ccf1e20131281f5a540
benchmark/raw/rows/trial-09-mpfr-reference-32-div.csv	468	93fb30af3a694c8c74ed05f7a9a43a4e79ae731c6587e77fc6a3f3fa487ca3cd
benchmark/raw/rows/trial-09-mpfr-reference-32-fma.csv	468	6bdc1c0a5660f3d5f3cb8f276a61732e8800c1a8e8b5da62bcdddf3b34a02168
benchmark/raw/rows/trial-09-mpfr-reference-32-mul.csv	468	3ca60d4c6bc7f17fe509f9e0256e73cb33793407994cbe820fc3e954b0b21748
benchmark/raw/rows/trial-09-mpfr-reference-32-sqrt.csv	467	56898fa182681eb09ee2b088c3d7464b5f5fbcfe4e3bb09836630c9f291be056
benchmark/raw/rows/trial-09-mpfr-reference-32-sub.csv	468	c67f26c154b242af1649468a3e374857a97cdf8f7e479b001f8646c19067c206
benchmark/raw/rows/trial-09-mpfr-reference-4-add.csv	464	74ded8c62b9e151c5d123cfb0185da804a0c64e2ccb5714d6f4b3be53d240a05
benchmark/raw/rows/trial-09-mpfr-reference-4-div.csv	464	9484f3246b6f11013b149672c8f13d0bec4255c16a7cfc0db2f60c5626cfc950
benchmark/raw/rows/trial-09-mpfr-reference-4-fma.csv	465	11398ee29cb8cdb0551aebc149e4fafc0eaa7f0e050d59fecc62d93e97413804
benchmark/raw/rows/trial-09-mpfr-reference-4-mul.csv	464	61e357fad6d13945b4ba474e40d1f7377671899a9daf7a351aa21b5753bd3eb6
benchmark/raw/rows/trial-09-mpfr-reference-4-sqrt.csv	464	383d6febe4e89e0ad296f5b7ed794a2337c784bc9886794a0dbe5ce2441dbc71
benchmark/raw/rows/trial-09-mpfr-reference-4-sub.csv	466	e55e757295a5745bfab1e210d6e770b8c863e6875273634c09a0f9f4cec7d06e
benchmark/raw/rows/trial-09-mpfr-reference-4096-add.csv	474	65f28430018857d6572c5703f20945479412e1f3b162de12f8590ad97a4b7b53
benchmark/raw/rows/trial-09-mpfr-reference-4096-div.csv	474	bdf7ed4feb00416dcdebeb6263334a33ca8abe528b936bb5ce3283f49e8cc223
benchmark/raw/rows/trial-09-mpfr-reference-4096-fma.csv	474	ba9f56ee3b1b49ce7125dcebfe6cb0e21edf8d1841f410fa30677f703556c80f
benchmark/raw/rows/trial-09-mpfr-reference-4096-mul.csv	474	803c6d0d761740ff3e69a01460010c11902bbcb06c3cf3231b8aaf21b40e6c6a
benchmark/raw/rows/trial-09-mpfr-reference-4096-sqrt.csv	475	27d0bfc9e717815215ba330add256129620c985e8013d9f1d5efa34e7d66e3e6
benchmark/raw/rows/trial-09-mpfr-reference-4096-sub.csv	475	1fd5a5332632943fb52a62bf477967de67e9255cbe6cd29dc7e3a9dc74f1809a
benchmark/raw/rows/trial-09-mpfr-reference-5-add.csv	463	c12a57cac454d2c0d43bf9c6fc214921c9e653d438f5c65009613bd77ef378a6
benchmark/raw/rows/trial-09-mpfr-reference-5-div.csv	465	2d260df46e839ec8343a9d0a8ec797b3bd9efdb1f9723aebb8f5189bb8ebd788
benchmark/raw/rows/trial-09-mpfr-reference-5-fma.csv	467	0fc50cd15be59e68b024087561950ba80669452e8f202c557bcfaee64e374a89
benchmark/raw/rows/trial-09-mpfr-reference-5-mul.csv	464	d05ef714a5bbc5a70dacb7112cfdaddbc404cb977011f54f3b0fedb02ea8c5f3
benchmark/raw/rows/trial-09-mpfr-reference-5-sqrt.csv	465	e20cddd94a74e98ec900ca116c6b84ea01fc9b2dbac4f8d780f7604daeb02d7c
benchmark/raw/rows/trial-09-mpfr-reference-5-sub.csv	464	0368a2c1d24d7cf3ff870fdc9e8904a80547145e9496aae0814cd3df9cdf37e2
benchmark/raw/rows/trial-09-mpfr-reference-512-add.csv	471	86e09489ff23fc526beecf70f99d02848fec6cedc14cf86df31e172a7690bd2e
benchmark/raw/rows/trial-09-mpfr-reference-512-div.csv	469	50224fcbb8233bd173e20e9d28be4be55f6dedd3f3f4e8edb28121ddb6baac10
benchmark/raw/rows/trial-09-mpfr-reference-512-fma.csv	470	1af6a017aeacac5b2a20e72102e52e1b49189f28f8a057b29c6bc13296a73645
benchmark/raw/rows/trial-09-mpfr-reference-512-mul.csv	471	956b94801f8d137e059bd72ead2c9b0f9c367239400a45a390dcf3cdc5ba9328
benchmark/raw/rows/trial-09-mpfr-reference-512-sqrt.csv	474	a485f609f94ae6ee63e92d6ef53c8899551ce9c0689edbfd28eed704230061ed
benchmark/raw/rows/trial-09-mpfr-reference-512-sub.csv	472	e36578ef7b4cc324f6d4a07e859cbc5bfb364de3958b53661e7c36327444dc53
benchmark/raw/rows/trial-09-mpfr-reference-6-add.csv	462	b67309690cc5807da67a11ae04925917227aa6260f94bfe5cd0cf0e5bfb48751
benchmark/raw/rows/trial-09-mpfr-reference-6-div.csv	464	67a38d77d5eb87f8cda78c707947ac8059857e8b7338ad119e1878c47300c100
benchmark/raw/rows/trial-09-mpfr-reference-6-fma.csv	464	6fe46f2597d6767a620236a8cf3f39db66d8505ec6cff968bcd4dd0f7edf6e1d
benchmark/raw/rows/trial-09-mpfr-reference-6-mul.csv	465	e1d2abeb0a1b47bd8d643c5d33c999519bad01d54e88f5230169da1ac2393b4b
benchmark/raw/rows/trial-09-mpfr-reference-6-sqrt.csv	465	5d0f2478e7e40408941e8b5b738e968a3c97a5fd3d88aede3a31d4fec4180edf
benchmark/raw/rows/trial-09-mpfr-reference-6-sub.csv	465	d682b20cadd057abbc099712877204bab859e92e54edbdb5dc5805d58a85b610
benchmark/raw/rows/trial-09-mpfr-reference-64-add.csv	469	be50e820d8e5595b46dd76e9be19b70430204dac5fd034092ffd830a3447efd1
benchmark/raw/rows/trial-09-mpfr-reference-64-div.csv	469	95b76d70e0a256fb6214dd8d2880392157c2fa35ee1571a4df3e1f672e9bdb21
benchmark/raw/rows/trial-09-mpfr-reference-64-fma.csv	469	4f2ed41a6b9356ee0f27908892a04117b6489228c21dafb9eed21a5c87d2e375
benchmark/raw/rows/trial-09-mpfr-reference-64-mul.csv	471	e4387f35e694101ebd703fc045924a1ede2dbe5582e714ab02dc3508ef9974ca
benchmark/raw/rows/trial-09-mpfr-reference-64-sqrt.csv	470	6cc602802484a2ebacad0045539ff3b2a1fab6e0269e368bd565c95f85678448
benchmark/raw/rows/trial-09-mpfr-reference-64-sub.csv	467	a7892c4fe890d51a59213ea1c94df369ca3c6a39faa6a4b592432b07fe81ddc2
benchmark/raw/rows/trial-09-mpfr-reference-7-add.csv	464	2b82ee9f995e38bdd96a4b71a64a7b381d383f79c74f97ce8a1b86413ee20035
benchmark/raw/rows/trial-09-mpfr-reference-7-div.csv	465	27304867775fedb8c8ad2c21c53fbd466b832a21f82f283ed1f4e916ce03697b
benchmark/raw/rows/trial-09-mpfr-reference-7-fma.csv	467	bd790ac58c5d3ad6166eac3280356186786fae4066dd284deb351b913705fbdb
benchmark/raw/rows/trial-09-mpfr-reference-7-mul.csv	465	fb508f455205b8c2d13ec778f8462c48f9a9b9f30958fd6a78cb71c35cca0681
benchmark/raw/rows/trial-09-mpfr-reference-7-sqrt.csv	467	cd602eb0b5da1ad87c6841da01dab2fa5189346d17bfc21a602ff6236e2115e4
benchmark/raw/rows/trial-09-mpfr-reference-7-sub.csv	462	9f78084a29875d32817615b81d9ff33588af90a44a450fa85ba9298a1b9d1725
benchmark/raw/rows/trial-09-mpfr-reference-8-add.csv	465	ccc40d4882fe1df83952808d6a827a339fcf63a01d7a4c482664541062e13f7c
benchmark/raw/rows/trial-09-mpfr-reference-8-div.csv	465	f7bbb0ff8be4368b673a13ab285e97f51fe783aa085f2e586ef8b2f2ebd28ef7
benchmark/raw/rows/trial-09-mpfr-reference-8-fma.csv	467	ed4072318f8427c8d147e9a17d489a6daa62878cdc7d11e7754292f117fafdf0
benchmark/raw/rows/trial-09-mpfr-reference-8-mul.csv	463	707477b7dc129670a2283d3e2c25a9f5f45a8fbda819c1adf60814c8e665295e
benchmark/raw/rows/trial-09-mpfr-reference-8-sqrt.csv	468	68d3735e9b6bb7221cbf24fe4e429bf08259127de96cb6300c5468f7e6cf6851
benchmark/raw/rows/trial-09-mpfr-reference-8-sub.csv	463	b1297b21a8d945869a41abaa58f0967462ddb58403bee75247eb69afef9b6d0c
benchmark/raw/rows/trial-09-posit-software-1024-add.csv	374	89693ab00d4c81083b00ae825340b0272c2a24fc99d9cad7d6ec996204e5fa8b
benchmark/raw/rows/trial-09-posit-software-1024-div.csv	378	7c47eeb472abc9b0c0571eabf27a5fab32dcf83c70941fe25abd4d3880c6f178
benchmark/raw/rows/trial-09-posit-software-1024-fma.csv	388	76bf0d0e917af5b86e8f69c24648bc995d52f68abe3567290f88c082ba8819f3
benchmark/raw/rows/trial-09-posit-software-1024-mul.csv	378	74f2a728f1844dba27a2a7753b09cf89307f72e712b59aa6d8de8a0a782df838
benchmark/raw/rows/trial-09-posit-software-1024-sqrt.csv	383	89cff3ccb5d817707d436802c396f5c3c959c63ef242e9cd740fe1f576ea7600
benchmark/raw/rows/trial-09-posit-software-1024-sub.csv	380	70e043eaa0ea047954f9dc8ab9c30f413a92c51bc79350f399406e5608d9f8c5
benchmark/raw/rows/trial-09-posit-software-128-add.csv	377	fabd4a2ddbdd1c2a33141c76cba06f2d6d5bc2e2762ec202a87ea596f5849d2e
benchmark/raw/rows/trial-09-posit-software-128-div.csv	376	61ef61a073c9c1157c3e1577def2036936407b6909e81893ccbd18553a411756
benchmark/raw/rows/trial-09-posit-software-128-fma.csv	391	8d1934bcc4741ae931beabf25fa78c151029842cc7ce5169ae23f0e18bb9a278
benchmark/raw/rows/trial-09-posit-software-128-mul.csv	382	1290cbde4d2e12a8f795a3e98afcaaab5884d2f508d8bc8973ac09662cabacaf
benchmark/raw/rows/trial-09-posit-software-128-sqrt.csv	385	f5f86a1b8127801472394143ce5580120cc2afe3ceb08265d506bf4a331e82b4
benchmark/raw/rows/trial-09-posit-software-128-sub.csv	384	749328f40413c39a33e00724d25d1ce39dde0a3fe6ae4ba25b600938b47cd75c
benchmark/raw/rows/trial-09-posit-software-16-add.csv	374	80340e0dd769333d534a40d02ee18d2ebeb92dfa3cb98452ae91b6b4383efa37
benchmark/raw/rows/trial-09-posit-software-16-div.csv	379	e7bd7703899ecf8dea1019f8b1226a56704a063fdacb7c5df73723bc2dc63949
benchmark/raw/rows/trial-09-posit-software-16-fma.csv	390	dafc6c9e0aa0716872aa622434e9da6517c1e97da25d481295276c9c6e8d9cf9
benchmark/raw/rows/trial-09-posit-software-16-mul.csv	380	a87dc5308042618da968bdd1416d7536c2dc541a687f60a444e52cc8478e85ae
benchmark/raw/rows/trial-09-posit-software-16-sqrt.csv	385	136b13b31873d18060a1ef309435135fd65b249d4ab4952bf79ffa8679bcead7
benchmark/raw/rows/trial-09-posit-software-16-sub.csv	384	b16c8fa871539a6fa30774f6efa9119b2d1f931e252331bd66708e100e3d64a6
benchmark/raw/rows/trial-09-posit-software-2-add.csv	376	eeddcbc4d59244180baf333acbe187ffa2a6e12bc5466b6fb151822705bb197f
benchmark/raw/rows/trial-09-posit-software-2-div.csv	377	d062cced0048a4b6a2c94187b9d668dafeb382c7e384a9814a8b275fad3370e8
benchmark/raw/rows/trial-09-posit-software-2-fma.csv	390	30f6c65cc60719eeaf08ac9de3896aabfe2a0b013705fcc6ca60f42062cd4873
benchmark/raw/rows/trial-09-posit-software-2-mul.csv	376	163d3962214df95dbad30cd289e9b18e29664574e005072efc2579586f83048e
benchmark/raw/rows/trial-09-posit-software-2-sqrt.csv	378	cb43e09ee55c858c0a49c41242be17a706eda760cc1772fd3a9f3262633181ae
benchmark/raw/rows/trial-09-posit-software-2-sub.csv	376	42eaa4d4410e2f9556a77397ad759dbf9a5cae5764cebf3591a4a7058a2b65a0
benchmark/raw/rows/trial-09-posit-software-2048-add.csv	372	0418927c31c4eafdfd3ecf092fa42566c279b6fd1fabf43a299905745e064417
benchmark/raw/rows/trial-09-posit-software-2048-div.csv	378	48c9abeb9038921b542f6b9b86e7b16ee9b90ceaa01814c6baaf20308bcaba14
benchmark/raw/rows/trial-09-posit-software-2048-fma.csv	387	09a55fbaf6212abc641e16a15d0b1704c6235ebc1e1bf630f6ee932102a3c8cb
benchmark/raw/rows/trial-09-posit-software-2048-mul.csv	376	5ada80c8c4e8ebde0a1fdcef01efe9eb44489030767cbc55c96671d592d8136c
benchmark/raw/rows/trial-09-posit-software-2048-sqrt.csv	383	9dfee471a20f496fc717bbcac823ca9208a3b4feb04139d0e4a6efe452429d63
benchmark/raw/rows/trial-09-posit-software-2048-sub.csv	380	d18133cb36445a6f7ded75d12a2f83fa4a56d6d7d407fcafdd7879087a862914
benchmark/raw/rows/trial-09-posit-software-256-add.csv	372	69dedbba80038f6424c5d23e9aed2fa98a77f2232bfb51ae316d41d6e28ee81b
benchmark/raw/rows/trial-09-posit-software-256-div.csv	375	c638e1d4482467839accce2629a4b75cb378a8b5b11cc660ebbfb2ce5b761734
benchmark/raw/rows/trial-09-posit-software-256-fma.csv	386	a1d0becbccb97fc2c7ba0150a7242d6643b875af47cc482ffc9378ac81d51db8
benchmark/raw/rows/trial-09-posit-software-256-mul.csv	376	307a8bfd2e037da6dfd0e2d781d941a6e4bf669e57e0e600d08476507ae2b122
benchmark/raw/rows/trial-09-posit-software-256-sqrt.csv	383	56b02db0abffe72d821f057aaa1606047dac084d3680ae0a9106b594ac7c4876
benchmark/raw/rows/trial-09-posit-software-256-sub.csv	377	25edb49ab2ec186d04b5b614aac7ee83a36189b4fe8c4766a7c01f905d4f5202
benchmark/raw/rows/trial-09-posit-software-3-add.csv	375	4471aad0bed06a17a96fdadc8873134f9daabfdd83c2957c8c2064e9ac4cf27f
benchmark/raw/rows/trial-09-posit-software-3-div.csv	376	ebfe49ead280d3aa3da3f4e78d2a7e5be5affb6319edb8e60d2024db80d562ec
benchmark/raw/rows/trial-09-posit-software-3-fma.csv	387	1a17bd6eb0556b6990590ab109887786bd9a211478f787a155e3a619e219a03d
benchmark/raw/rows/trial-09-posit-software-3-mul.csv	376	e03b5f303bb307d7d66c65a45fb31ef0a79ed8993d43737bc9cc71437658528e
benchmark/raw/rows/trial-09-posit-software-3-sqrt.csv	378	e3a77320e6622517d86237304eddaba5b8b0333face4ceb96170172efa751b77
benchmark/raw/rows/trial-09-posit-software-3-sub.csv	375	17b60f5d04d55e403e144e52a5279c7422dcdb76e1d7283d95e72da57f7118c8
benchmark/raw/rows/trial-09-posit-software-32-add.csv	374	58bc88554c967853faf64db3644833992256391245acd80774075051a3fdb102
benchmark/raw/rows/trial-09-posit-software-32-div.csv	379	3678f4807267c6dd7900f3037cb2ea17599edaa7fc50ee0504c5c6e46fd10370
benchmark/raw/rows/trial-09-posit-software-32-fma.csv	388	60c65b1142bc4ba269ebc32dca359ecac189fc0735d67c8b3230007985b7a556
benchmark/raw/rows/trial-09-posit-software-32-mul.csv	379	b523d051434afe662a718562bdf72a0df23e98b2e425eb11acf9f18ed9ef9a27
benchmark/raw/rows/trial-09-posit-software-32-sqrt.csv	383	28e66afc539487292f5f41a312578f348d00a977ce2c981dbfdaa661180e0b69
benchmark/raw/rows/trial-09-posit-software-32-sub.csv	382	caba4dd4d5d0623a8d43a1c791408af98383c15981edadf9dc46aed04700ec37
benchmark/raw/rows/trial-09-posit-software-4-add.csv	376	53191aef1fde7558f674b9b5e87b235471fe7cae7e2276cec7a8d14c87beb4a4
benchmark/raw/rows/trial-09-posit-software-4-div.csv	376	182f56d773c01c91b627795bc218fbf36a9f116f3537538ae5583e1d37c536ad
benchmark/raw/rows/trial-09-posit-software-4-fma.csv	389	382593916563571e6e778b01184bab0bd0d57eb9f3af1c44bc8c59aa4b160ee3
benchmark/raw/rows/trial-09-posit-software-4-mul.csv	376	d0213bced70f4807b39416cdd93f1d602d6ebb902db4848cb287e95cc91b3494
benchmark/raw/rows/trial-09-posit-software-4-sqrt.csv	378	cb6c562da2c5c8c9cc348835aeee65252ae40c1935df499d5dd649d3d20f5fad
benchmark/raw/rows/trial-09-posit-software-4-sub.csv	376	c861d90431609ec91c113c9995b30e78448a2c7e6a4c92da63296db68406a56b
benchmark/raw/rows/trial-09-posit-software-4096-add.csv	373	e881928ba5791c2fbba56cd1e3de66094b46afe752f6b507b7745e2435868657
benchmark/raw/rows/trial-09-posit-software-4096-div.csv	378	c7ee479d5ca1bb2a3c502f75e5d8e1f11dd9785f58c257337c379bde68f175cc
benchmark/raw/rows/trial-09-posit-software-4096-fma.csv	387	58ad154f6982f65bccc50ccd598a35012939606e6689f0934693517df5ae5351
benchmark/raw/rows/trial-09-posit-software-4096-mul.csv	378	9b0466026ad633b059296b12f6eadb2998211eab1373dd92887fccc779bc8203
benchmark/raw/rows/trial-09-posit-software-4096-sqrt.csv	384	f4a2114cb5b48a8cfd9f1211da3378e2736594e41ac268a91624a178fdbee527
benchmark/raw/rows/trial-09-posit-software-4096-sub.csv	380	d86275d8f16a0e6bd36713b559b8be17d4a1d725fc6e9a3492c4e1dd083d6c74
benchmark/raw/rows/trial-09-posit-software-5-add.csv	376	fdf96e8211c4fec589398212a8bc3872f587af6fbe1adb159eb4b5a4acf7a192
benchmark/raw/rows/trial-09-posit-software-5-div.csv	376	814b1130174c6d3ee0834e8b6534a543463f6c860d51f567d4e06ee42db551ab
benchmark/raw/rows/trial-09-posit-software-5-fma.csv	389	5d6c47ef777015afb4785470307b7dfdc77fd6b80b1257e59cf359c23af765dc
benchmark/raw/rows/trial-09-posit-software-5-mul.csv	376	2be41bce3009236acb5637a8626dfd79784d525106b972be231d99002306dd6c
benchmark/raw/rows/trial-09-posit-software-5-sqrt.csv	376	01c7f6dbe194ab052298e23092067348315b544e85ea0e82691cdf9210fda086
benchmark/raw/rows/trial-09-posit-software-5-sub.csv	376	19c8d562da5809ed1d1a2df8f1e56e7c0abeb89ccfe84df533f29110dee2dac9
benchmark/raw/rows/trial-09-posit-software-512-add.csv	370	4bb8da4dc50fbee78229ec3a1665c6af741fb4b7b728157b8269dcb9cf550c3e
benchmark/raw/rows/trial-09-posit-software-512-div.csv	377	fe12dccb34909c1a643b6e6fa8acacaae412656defaecc57ce0ea999a4e95924
benchmark/raw/rows/trial-09-posit-software-512-fma.csv	386	dc7e4e48e80874553735aa81fcea2cab791b7241cfa3857f4d4786def05c3451
benchmark/raw/rows/trial-09-posit-software-512-mul.csv	375	737d0805f00600f623c3faa2b6f884c5f7f85fa4fbc4b71be68e842fbf37e6c2
benchmark/raw/rows/trial-09-posit-software-512-sqrt.csv	380	92a24edf54966952e84964b92715e30c9951471f34f1f34739805f324c4227c3
benchmark/raw/rows/trial-09-posit-software-512-sub.csv	378	ab2e6812f00285832e9b58b78a574a80f808e726076e5913888c1cf113151029
benchmark/raw/rows/trial-09-posit-software-6-add.csv	376	5487835e48fa6812e98022436b21bfdb7fa487a96c6c71c5d49e666743f0f014
benchmark/raw/rows/trial-09-posit-software-6-div.csv	377	026de984331e8a72d319f1dc3b712e4637480da308ba2a1e4083cdc758014de6
benchmark/raw/rows/trial-09-posit-software-6-fma.csv	389	218bbb727a9325b2b288ae4b7147023a4a00957054c55919eb14e89259ec02d6
benchmark/raw/rows/trial-09-posit-software-6-mul.csv	375	ac592ed90a640955587d71d3c397c895164770b0ab2b73ccbbb68462f5093528
benchmark/raw/rows/trial-09-posit-software-6-sqrt.csv	376	c4354dbe762df8553b843bd52743a34949ec5fe6b65a8e1b9b4ad6f2d151ebc0
benchmark/raw/rows/trial-09-posit-software-6-sub.csv	375	054f729187a6aefaca5ecd405758ac489701bf549dfc52cc5e3072834f077b6a
benchmark/raw/rows/trial-09-posit-software-64-add.csv	373	e67e81cdd25c0fd44a8d1d305ae858d0d61a5c3d3fbe28ff8e009146cb21f1b2
benchmark/raw/rows/trial-09-posit-software-64-div.csv	379	a8503383e699632c3c3c6f6000674321f023ef6c37f8674dd04efb895c5acf98
benchmark/raw/rows/trial-09-posit-software-64-fma.csv	390	4d678d4b3bb77f8462a874da9856967400168d30c7779548c331285630a60a96
benchmark/raw/rows/trial-09-posit-software-64-mul.csv	379	b6a600b5a38ee6e1031db52f29b4c253a9e3aa7b7cc2e828f466d2de76afb61e
benchmark/raw/rows/trial-09-posit-software-64-sqrt.csv	383	ba9154ef5176d758371c780f58ab3996a6e404866285e238924c8bffe3c632b3
benchmark/raw/rows/trial-09-posit-software-64-sub.csv	382	fabda4ac1552129d717aeaee06c4fe7b61d4d93d0b32230cd71c579fc3b3c09f
benchmark/raw/rows/trial-09-posit-software-7-add.csv	377	069cdbbc98e15e509f32f2348e5d4540c0f8c09bd2333eaf3583399262c95631
benchmark/raw/rows/trial-09-posit-software-7-div.csv	377	5e9239417993bff07d0c8c1079da0a35ea332197b4dca6d11eeeb84e5d5cfc86
benchmark/raw/rows/trial-09-posit-software-7-fma.csv	388	2be785a8ef86674a64252f461bd99af8e1ae3b9bc064d0bee827a6184d88c205
benchmark/raw/rows/trial-09-posit-software-7-mul.csv	377	7aa6426b535e451b25c937238d5b3b561ce7be41c86ce09a9c03777b0d72e710
benchmark/raw/rows/trial-09-posit-software-7-sqrt.csv	376	47633eed30945ca7f08e5e52b9f6598639a12d1c32471162cbf784275efea9b0
benchmark/raw/rows/trial-09-posit-software-7-sub.csv	376	21bd418750ea63518f922fe30c04a02b16788c3a1bdaa36deba3309f64d46a34
benchmark/raw/rows/trial-09-posit-software-8-add.csv	375	297a2f6ebdaedfdc4b6b1e8f4c4f2c0272cecf0c2e5eda56d1040b66b46db9c1
benchmark/raw/rows/trial-09-posit-software-8-div.csv	376	643ac9fddc52e68b0a84897b03826cd706837849c5aefd82ec14bf6176fff3b9
benchmark/raw/rows/trial-09-posit-software-8-fma.csv	388	ddf5fabb3f865636bc894dce544170975bf136f05152540119fb86d274e07bdc
benchmark/raw/rows/trial-09-posit-software-8-mul.csv	376	a6ef7506212142c63278f23dff93915d4a587cf3708d4410c6ca5cf0a181d4b0
benchmark/raw/rows/trial-09-posit-software-8-sqrt.csv	377	ec3d6c058985dd3f8fe9bd5e08a2453cb9b402ad031531b8dade3108fd02287e
benchmark/raw/rows/trial-09-posit-software-8-sub.csv	376	8014af3f680771836b6aaf2efde36af42c1735244a1fb71e88d954530a5c0771
benchmark/raw/rows/trial-09-softfloat-reference-32-add.csv	418	bd32fb10e7d131e36af12c00e5d888ffee8b0c76d72385fe860006aa573a5557
benchmark/raw/rows/trial-09-softfloat-reference-32-div.csv	418	f7ff329d84c07bc59fba22187a0713dcca22e8b8b39ed4af5b7b09913399d7c1
benchmark/raw/rows/trial-09-softfloat-reference-32-fma.csv	419	92335303071ad457227101becabedddccadb6798344fbac134bf705971d87944
benchmark/raw/rows/trial-09-softfloat-reference-32-mul.csv	418	8a956af29c41645d7be7d86f08e3796f306eeed6698ae841cc00a92b360f80db
benchmark/raw/rows/trial-09-softfloat-reference-32-sqrt.csv	417	bf0b53b328ac558c98868f356fc556bc21a2c40dac04a5793d9e41e202081167
benchmark/raw/rows/trial-09-softfloat-reference-32-sub.csv	417	565c47ddf3ab237d29681d8f3421509a389d92be4eb5a974bf8fd81ab5c92d3c
benchmark/raw/rows/trial-09-softfloat-reference-64-add.csv	418	162074126b96713ae415d312df2055bd94abfb6acc245bb11bcf5921ff109247
benchmark/raw/rows/trial-09-softfloat-reference-64-div.csv	417	4ce31e67098cd201f796d1fdc4ed4e40c449a80546e77fa7a8639eb519b256e6
benchmark/raw/rows/trial-09-softfloat-reference-64-fma.csv	418	5f2926a6622643c77047b0ad43cdae18ce9c84ba1aa70f89abd8bc11da221b0b
benchmark/raw/rows/trial-09-softfloat-reference-64-mul.csv	421	1eeed9b3e448429b39ebe67c445bf3bbeec8aec87d468912a922a31e436c62ee
benchmark/raw/rows/trial-09-softfloat-reference-64-sqrt.csv	420	7f9f092610ce98caab2316e86090d95ea72c1731daf5fea8b9e4e9abf3572038
benchmark/raw/rows/trial-09-softfloat-reference-64-sub.csv	414	51c17118d247ad1fd30b14a6265c5efd7e9443f6a4feff96dd5ea0adf89e53e9
benchmark/raw/rows/trial-09-universal-posit-1024-add.csv	447	9da3fb45c32e239214b308268acd1649f49f5ab6cae7f58818d01aa08b28e4a8
benchmark/raw/rows/trial-09-universal-posit-1024-div.csv	444	ac9d87dfc219905d7c4503eeca36fde01d5f52785fb4c6bf1378c53c9cb0ebb4
benchmark/raw/rows/trial-09-universal-posit-1024-fma.csv	442	f5d90ca9d3631789f18890a6ea2852ecef121d423cef075098d39ac1277cbfd9
benchmark/raw/rows/trial-09-universal-posit-1024-mul.csv	445	675ac023557a3d639a3bf3fc531fec100323ebf81cebe14b1ee9df130fa1e71f
benchmark/raw/rows/trial-09-universal-posit-1024-sub.csv	447	1ee5e73f78495fbaee56bec0784066b7af1a2343f42a9c0542ed890f93793b0f
benchmark/raw/rows/trial-09-universal-posit-128-add.csv	442	a35c31960507bada7cb7bdcd0409328d48b53180e7df2738fca58ad293493163
benchmark/raw/rows/trial-09-universal-posit-128-div.csv	444	d1423712edb5146da83abae7a3f2a61a9ac7adb27d7a7e7263bc9b3f3e14be5f
benchmark/raw/rows/trial-09-universal-posit-128-fma.csv	443	fb1d88fca0349c41ef151c45e2775485f20aa113a89b462b51b636bb8200a11b
benchmark/raw/rows/trial-09-universal-posit-128-mul.csv	444	ffc7c042a6519c353a6443506c0fc19f383d222703a884fd778ecd9100040d66
benchmark/raw/rows/trial-09-universal-posit-128-sub.csv	444	d36279c980282b3f98490206f25b68d9f2605030e73c8a7fef4301762f7dd2d1
benchmark/raw/rows/trial-09-universal-posit-16-add.csv	443	5d82b2656dd1d403b0e3a48eb19182519b608b04515934eae560c9f020038a45
benchmark/raw/rows/trial-09-universal-posit-16-div.csv	442	854fbb0c2e98096e63e560533ae7d5a9b4a9031dbd18757258dc038ad5988b01
benchmark/raw/rows/trial-09-universal-posit-16-fma.csv	441	e1c9648e85b8f25aa8ecb630fd7b6800f20bfe8b8dd5dc64a1b0f33fe6211aa5
benchmark/raw/rows/trial-09-universal-posit-16-mul.csv	441	17c506d70e766a0965b3fd00f458bb45642188cfe2c0d59b4fddd6d88bb2e62d
benchmark/raw/rows/trial-09-universal-posit-16-sqrt.csv	461	a89d48a9cb421b4ab02a20379a97686b2e5ba57e56248689b5b63d378344a415
benchmark/raw/rows/trial-09-universal-posit-16-sub.csv	442	167bae68aa4f42b40474f9904af36c4d4ccfa3134b29f4d9f2764b21a674b7ee
benchmark/raw/rows/trial-09-universal-posit-2048-add.csv	445	16bcaba91a2ce3b0c3477f7854acb08bd39a2ae9ee02f8ebdf173ed5623092b4
benchmark/raw/rows/trial-09-universal-posit-2048-div.csv	442	d832cd2b9d08c734b9e087c9a8d4b844c9948acd3fdb7e16715af493b736ef81
benchmark/raw/rows/trial-09-universal-posit-2048-fma.csv	444	6b562f6220785aaa807278948bbd8be8830a85b3b469e6d9a7e057f51b11fde3
benchmark/raw/rows/trial-09-universal-posit-2048-mul.csv	444	da84b7ab245d39a175d4f45c8599c2c125a1c9acdd769e60ba881c24959ecbde
benchmark/raw/rows/trial-09-universal-posit-2048-sub.csv	443	22f8b7d36c05915258bcb121f1125f18ca6da829c713d8a3ca262ed782900b53
benchmark/raw/rows/trial-09-universal-posit-256-add.csv	442	1a195ab3aa953ca7aa5f788ce94f6a46ad84fdf4f8503380c26c8165f4ff6983
benchmark/raw/rows/trial-09-universal-posit-256-div.csv	442	d5e3215108767d7881f44691cdea8681ed04d5f7e5374702e406f48af28fc3f2
benchmark/raw/rows/trial-09-universal-posit-256-fma.csv	443	7b048202c646a68f996371f1d71d95dc7f6a8e9b2495b5e3a17054219f093b52
benchmark/raw/rows/trial-09-universal-posit-256-mul.csv	444	8523e492ae6d065ccec2f9788ff345c9b2e73f9697929b0caef379e4836ccae8
benchmark/raw/rows/trial-09-universal-posit-256-sub.csv	443	bb94811d6e85e0824758f75aa75c2e5d8f70c600b6d4612bd180e66a250fb8de
benchmark/raw/rows/trial-09-universal-posit-32-add.csv	441	3af5fc9cdf39f6d7a484c6ad13e946a4f854123df4f14faff6112fdc7efe7826
benchmark/raw/rows/trial-09-universal-posit-32-div.csv	440	bf0c5708a7deaf843159000f86d47115463ab2d23294cb6664da026a23c354d9
benchmark/raw/rows/trial-09-universal-posit-32-fma.csv	439	78000df126fc319b080d413717f6727a4051dcfe2f87fde00a5d4c2dbf439f51
benchmark/raw/rows/trial-09-universal-posit-32-mul.csv	442	83f2972eac08b05615545d0602535afd9b42adaaf369f12a8a9a2f3176de3a0b
benchmark/raw/rows/trial-09-universal-posit-32-sqrt.csv	460	cb1e0ba2efe7871c406d3a5648f57da09de6a6784e2f03d9c90f97a70305107f
benchmark/raw/rows/trial-09-universal-posit-32-sub.csv	440	97f89e5b444e1e053046e5810dfb7ba618b8d96c0327a1d2a15f1bfc10f8bc6c
benchmark/raw/rows/trial-09-universal-posit-4096-add.csv	446	82613ad8de47e9dc3730947086633f22de206172df1cb1fe07200b46c6e0bde1
benchmark/raw/rows/trial-09-universal-posit-4096-div.csv	443	309198743860b6fb12bc175e2f0b9b6e4caab40096e5ff8ddf16c043b7ade71f
benchmark/raw/rows/trial-09-universal-posit-4096-fma.csv	443	ece98d718793a644e509a9463d96fb60fe52556cf15f415b11ad3a1bbb607789
benchmark/raw/rows/trial-09-universal-posit-4096-mul.csv	445	154e19258cf7c7bb32b86ec57a70f032cebb10534c7e48c0ac3b6c2e9608e568
benchmark/raw/rows/trial-09-universal-posit-4096-sub.csv	445	878b85d01689387cb3300f3cfa4aca870c9eba18f00c08fc7979980b8cccff6b
benchmark/raw/rows/trial-09-universal-posit-5-add.csv	438	df46fcdea03ad406a7e2858847b5e7be13c1bf14016fea574ba2b238d570ae7d
benchmark/raw/rows/trial-09-universal-posit-5-div.csv	439	ce9fd1f20fb9e5d85810cb3c35b90abac0d29a3c0745eddf6b3ea794a437ccd1
benchmark/raw/rows/trial-09-universal-posit-5-fma.csv	439	609ad8e5b3123f04efaf5ee65acde00a47015f9b3a71973a3528e0cc9505835e
benchmark/raw/rows/trial-09-universal-posit-5-mul.csv	439	cb6349004b843d95675a6e30ae35769ca599e61db465e0105ec363e1493d4195
benchmark/raw/rows/trial-09-universal-posit-5-sqrt.csv	458	dcf0de95d3457215625eed5e5037f8796bf2dcd0de33b48c3c74d671f2837883
benchmark/raw/rows/trial-09-universal-posit-5-sub.csv	438	504050fc99870724661e9bb8c9d698899ca2d2015fe0c0350f53363fb13ab603
benchmark/raw/rows/trial-09-universal-posit-512-add.csv	442	6baae08264be2855ce4559e442f4d164c366252812d3eda896f8cb019602af63
benchmark/raw/rows/trial-09-universal-posit-512-div.csv	440	21e84ac446f9aa9663a82d7f1b29f0ed81be474b71a6a77533e26249a61ad983
benchmark/raw/rows/trial-09-universal-posit-512-fma.csv	442	b65da18d7be0e4d66cd563f8e3a64cad03e9ed8e22832ca754915bf44673ebc5
benchmark/raw/rows/trial-09-universal-posit-512-mul.csv	444	a815972e29ec52d66ac1129b5b24912f102458c576d8c533bd4090317d6ea71f
benchmark/raw/rows/trial-09-universal-posit-512-sub.csv	443	4801df843d23be1dd679c2bb7d5f022f5ef66242c4e8247f8a34fdaa0648891c
benchmark/raw/rows/trial-09-universal-posit-6-add.csv	438	e81a2869e3c45b94aec3572c27369911f12e156e1d6dab29628d2bf4db5f0da4
benchmark/raw/rows/trial-09-universal-posit-6-div.csv	438	0643ae6a11b2e127333f59c158c863eb2263401af9a08731fe131059f3a6c2d5
benchmark/raw/rows/trial-09-universal-posit-6-fma.csv	439	d5c46a558364042a979fc319a7b8d01e7ed2d9357541b3ccf4a58a903545650b
benchmark/raw/rows/trial-09-universal-posit-6-mul.csv	438	f61a2fd1a6fe8cb424a438f33ef18f5a4e10a8d836c372e9ac53d985260eab94
benchmark/raw/rows/trial-09-universal-posit-6-sqrt.csv	457	c9915362e6edea0d3c1112c4dfed0f6585f3ad7b69940a2d724288aed12f6c04
benchmark/raw/rows/trial-09-universal-posit-6-sub.csv	438	14e223be2d0d983625e6f8096b4328c2a9dab1b81b9fe151d46712ea3b035d43
benchmark/raw/rows/trial-09-universal-posit-64-add.csv	442	871ca50bcfbfb4e5adefcaf857c3e5d9701f97700d2d76cff2064eb477004f11
benchmark/raw/rows/trial-09-universal-posit-64-div.csv	441	8e9125847ad523eaaff4c51efd48e62afb4ac48cab4db74af905c75c219ffc64
benchmark/raw/rows/trial-09-universal-posit-64-fma.csv	441	7f39c2857eb980ea13b066e3bbd1059a75789d7c7a31d8b6dffdef8bf74e26e1
benchmark/raw/rows/trial-09-universal-posit-64-mul.csv	440	7cd5d174e1ff49429b8d1716f0a9393f4e1ad44d4c4efd0e082f0e670e0a38c5
benchmark/raw/rows/trial-09-universal-posit-64-sub.csv	440	36687350240fe74e36116353e07905e2837ea0261f727b105d315dd438ab20bb
benchmark/raw/rows/trial-09-universal-posit-7-add.csv	438	560813e46bb7da13bc5868a1c1e3e728f4a48bd4f6f395627b0449592e6fc53b
benchmark/raw/rows/trial-09-universal-posit-7-div.csv	439	84573f22ccdcf0d80a3a3f7776ebd049b329a121343c599654d7de45671fdcaa
benchmark/raw/rows/trial-09-universal-posit-7-fma.csv	437	85fa9d1ad38487e6746c489ee7d86d345c29e9905949b521eb5fba801a4403ed
benchmark/raw/rows/trial-09-universal-posit-7-mul.csv	440	d51903d4c911b5322fb1b85ad284ac2e08c965a13dcc647e34314d5e50a951d9
benchmark/raw/rows/trial-09-universal-posit-7-sqrt.csv	457	e0bc8f85156940d04d60052d991a3c65315ae3d46c4b15a0be36fe718875fd2a
benchmark/raw/rows/trial-09-universal-posit-7-sub.csv	439	2f290c549ce95805d9bde202d43d671212148d61f5eb1dd38fad057b652882b9
benchmark/raw/rows/trial-09-universal-posit-8-add.csv	440	eb725f238d7b749c11bd9588aad972204b33a60e897b35fec84fd4fc3477a842
benchmark/raw/rows/trial-09-universal-posit-8-div.csv	438	7511e28ea19b626bd3cb8320be92551b7f84326ee16a09a1f5bfb6c82f0b6d24
benchmark/raw/rows/trial-09-universal-posit-8-fma.csv	438	a4dd22ae039abc17667f81c3bf99bbf021064897191f6d588bc4315b3dbc6f76
benchmark/raw/rows/trial-09-universal-posit-8-mul.csv	440	36b5887f75dae0e0c429e2a1295760649392cb414fd9063abe1647d09df814ff
benchmark/raw/rows/trial-09-universal-posit-8-sqrt.csv	458	4df04ae9558e58419cab6c6c147265bb703f3906b0649a062bc7e45d1f752138
benchmark/raw/rows/trial-09-universal-posit-8-sub.csv	439	64fffba983137c928f162db15bbc4e9e94b22c74f8e62892b4d9267ae7019912
benchmark/raw/trial-01.csv	100890	86068b22106c4aaf2a8f1f1ebf03bcbac37fa63f504502dc4c6361cde0f9acd2
benchmark/raw/trial-02.csv	100890	002dba2b2eddec8d81e6a481e71c30829410462c9c6c17964e4c2db7e66f3167
benchmark/raw/trial-03.csv	100890	3c2559cb26d14ab0cb8eb9cf27519e9fbb94d7e64622c3d18f23bf91c77c0003
benchmark/raw/trial-04.csv	100890	42aba618826c545bcb7bfa2302be3b6896510f4b2db3d97f9ef40c4be7205d55
benchmark/raw/trial-05.csv	100890	d9e674dcfe668f71445b5c1d8572bf9bf4d5fa67b7786a77c391e487222059f7
benchmark/raw/trial-06.csv	100890	44f99e87b07cc4272aa24332fd81a834a6e6b044a7c8ca1dfeac06b63610ac12
benchmark/raw/trial-07.csv	100890	269927ecaa42a49ff95da7d302f8db1ecfa061dc4b89714c0668fcad6d3e4fe4
benchmark/raw/trial-08.csv	100890	4f34797a6250c7f7f2f8c77078c6ec78f5d2153449f133d357efef736d36dcfb
benchmark/raw/trial-09.csv	100890	eedb24049c72b892145db04b3ada2530170a8cc6658e920829eaf9e5a14f4ede
benchmark/resources/process.csv	221618	2cfd73ffbf6855b8769751c455179b78e6783557173b604a079f357ba1e16514
provenance/benchmark-job.yaml	3071	1a9c0b7e555ca89e7026c60028ac0e3ee798fe0014c943afc6bd2f97bee8a2b4
provenance/cluster-status.txt	185	6e48fea9af2ef00cb5a0a0cee4f11c64f69b398d3e74d4e5a7eff180e0b0c410
provenance/elan-version.txt	34	4d6d8559be5dfea9ce99c599ff7c17d24cded115cb0bda0d9559b7ce7defe43f
provenance/finish-_sys_fs_cgroup_cpuset.cpus.effective.txt	6	4c6a627e5ae3620d90b55666000ba20232038cc763b60353601281caf6bfa156
provenance/finish-_sys_fs_cgroup_cpuset.cpus.txt	1	01ba4719c80b6fe911b091a7c05124b64eeece964e09c058ef8f9805daca546b
provenance/finish-loadavg.txt	28	fdf8f8022f1744da46523dcd6440a36ea129fb15aa9ebd66b780f4ecc1c39215
provenance/finish-lscpu-extended.txt	8106	a9bd22b324e6521c19df80a293db16b973a527c18dbe0810f21262dfc6eb7358
provenance/finish-lscpu.txt	3302	ec0904f586d02a1382775a675443710ca0d4d9344b528872bc82d9fe37c42a01
provenance/finish-process-status.txt	1427	413544585708674c39462503bcefb7eda9bfcaa15affc77ef5150874e5e5f041
provenance/finish-processes.txt	549	accf7b85d100aa80d3253fc3a71877c0dd38df33a25e70248b58717c0783793d
provenance/finish-time-utc.txt	21	b23bd4f8893871f1027c2eb30cd84de8c5b87ae4fc8671b82b349ece0d32d8e8
provenance/lake-version.txt	53	e475ba02fef5717a6caa256e1e25ac50268497b7d1e36955357f37b4701ee4a0
provenance/lean-version.txt	106	63f3e16bf0258e2cc0ab3010eb1830723df9bb85097b7b72b0137b9be25a78e9
provenance/opam-packages.txt	3402	4123674e7d67bf6db70bef1a0d07c3e17bd938b7ce8c509bfad4ee1e135cd056
provenance/os-release.txt	267	59a77b5f2666d9c85c489bd1911a6eebbd91ef22fe48b90a3b75f1b21f3844d4
provenance/pinned-cpu-thread-siblings.txt	7	d8443b2a5dbccdc9b1d62298db832e6ebf19b0a9bcceac8249d064b980c3d429
provenance/pinned-cpu.txt	3	654ee9da442fa353f59f11beb688fc7f76c8de62a6c18b2a181fdde2a27cc3ef
provenance/post-run-worktree-status.txt	5454	6f43c57c99718b9be6b4761918441a30dcbabbb986858a1e2457f84938693424
provenance/python-packages.txt	189	e1f130ce9d77709bc1fb533b616c3c6b69338148acd9e8be8b078b0cd774b13b
provenance/repository-bundle-verify.txt	1283	c41850f5d25e85e0470541ef0006f65251bede83794c3bd1a49203d605302d34
provenance/run-entrypoint.sh	15169	beea87be1f14aa54d761ea3903d3df6f66cccb4fdf45de9ab7b847e7194b651c
provenance/source-file-verification.txt	158011	376e933b3ab83d8d5140468bee0e4ba0c7423d108aa57d76b8f9d01b9ad41282
provenance/source-files.nul	148747	28fd93f64a781ac3d255794131868c1bc49c6368a570d2b8f939bc65b657dd4f
provenance/source-files.sha256	301603	076728ec9357c8651cd72f665c61d39e33d11bfcd4ec59f29614c8faea83e846
provenance/source-snapshot.txt	684	8c0753deb6104e5daeb507177b8009fe82df65fa52277b4d894ccad8a2acc9c6
provenance/start-_sys_fs_cgroup_cpuset.cpus.effective.txt	6	4c6a627e5ae3620d90b55666000ba20232038cc763b60353601281caf6bfa156
provenance/start-_sys_fs_cgroup_cpuset.cpus.txt	1	01ba4719c80b6fe911b091a7c05124b64eeece964e09c058ef8f9805daca546b
provenance/start-loadavg.txt	27	bb4fc5d897d03b87dcd473635ea6541092d83023461c5c67d77449a067372257
provenance/start-lscpu-extended.txt	8106	a9bd22b324e6521c19df80a293db16b973a527c18dbe0810f21262dfc6eb7358
provenance/start-lscpu.txt	3302	ec0904f586d02a1382775a675443710ca0d4d9344b528872bc82d9fe37c42a01
provenance/start-process-status.txt	1420	d75f51e209f4b8a879d93979e97f5679c6b6b4a53805165562a5d6618b45df3a
provenance/start-processes.txt	413	33a85fca3dd20cfeed835e5f6dd9acab873728b0435c44d6ce2ec23bd75dd404
provenance/start-time-utc.txt	21	a5a1bb0bb65ae3f890d0eccfe8e9e26cdf9735bcf9b57f2fb9870504d7e3946b
provenance/system-packages.txt	5702	133217c4c78dd8d247d1fcaa294fc35030bb0a2dba43c54ecd2a231b68c7db2e
provenance/uname.txt	148	96c8abaa1c8a81313865dc172174c40ee6cd3eabfdf5f8322fd7d95eff5bc618
provenance/worktree-status.txt	5454	6f43c57c99718b9be6b4761918441a30dcbabbb986858a1e2457f84938693424
provenance/worktree.patch	1363728	4bd32447cd94fc3bccd627609271d0bc4214ff7b0fe3dc1cb2db5fc8efcbb303
