series,implementation,family,format,totalBits,operation,executionClass,backend,measurementMethod,trials,iterations,sink,fixtureTraceDigest,agreementIterations,agreementSink,agreementFixtureTraceDigest,minimumNanosPerOp,p05NanosPerOp,q1NanosPerOp,medianNanosPerOp,meanNanosPerOp,q3NanosPerOp,p95NanosPerOp,maximumNanosPerOp,standardDeviationNanosPerOp,medianAbsoluteDeviationNanosPerOp,medianOperationsPerSecond
ExecFloat Posit proved software,ExecFloat,posit,posit2,2,add,proved-software,posit exhaustive encoded-value table,result-dependent-fixture-chain,9,2016175,11489957232487750646,5714567376478797034,0,0,0,99.062317011,99.071946334,99.125303607,99.385535978,99.483464095,99.645058093,100.149010974,100.225431324,0.413824816,0.260232371,10061826.302608
ExecFloat Posit proved software,ExecFloat,posit,posit3,3,add,proved-software,posit exhaustive encoded-value table,result-dependent-fixture-chain,9,1935706,664112976629435951,17065387593381973965,0,0,0,102.673039707,102.702558240,102.782844606,102.992164099,103.246394052,103.054370343,104.768037398,105.679157372,0.937655768,0.209319494,9709476.529067
ExecFloat Posit proved software,ExecFloat,posit,posit4,4,add,proved-software,posit exhaustive encoded-value table,result-dependent-fixture-chain,9,1844564,8719223824715996091,17804644918467747420,0,0,0,108.143637196,108.207721933,108.339000436,108.495497581,108.627257474,108.954420665,109.094585496,109.141474625,0.358419395,0.298805571,9216972.337985
ExecFloat binary proved software,ExecFloat,binary-interchange,binary4-e2m1,4,add,proved-software,binary-interchange addition exhaustive table,result-dependent-fixture-chain,9,1211346,3255415600166393747,7659379628906193881,256,3631323337415248299,4362507784454659975,162.524518181,162.611954470,162.793258078,163.333187215,163.848234755,163.807368828,166.834384561,167.635141405,1.702978896,0.539929137,6122454.456756
MPFR (binary) software reference,MPFR,binary-reference,mpfr-binary4-p2-e2,4,add,software-reference,MPFR 4.2.0 RNDN with matched exponent range and gradual underflow,result-dependent-fixture-chain,9,5891662,3102002020124233263,17922963335263645147,256,3631323337415248299,4362507784454659975,33.734832039,33.751253687,33.790093695,33.811935919,33.812095881,33.840119138,33.862624944,33.864360345,0.041732331,0.028183219,29575354.762225
Flocq binary reference (precision model),Flocq,binary-reference,flocq-p2,4,add,software-reference,Flocq 4.2.2 extracted OCaml Zarith,result-dependent-fixture-chain,9,566798,5491604464855010525,8829322850612682906,0,0,0,330.929904481,330.935542468,331.003360986,331.205277718,331.655340272,332.639642342,332.895744163,333.020603460,0.868262433,0.261278268,3019275.558922
ExecFloat Posit proved software,ExecFloat,posit,posit5,5,add,proved-software,posit exhaustive encoded-value table,result-dependent-fixture-chain,9,1889270,3537927790189310599,13595133185012775630,0,0,0,104.273531046,104.316386964,104.407339343,104.533432490,104.646793676,104.750985301,105.302997136,105.670506068,0.419436715,0.152761649,9566317.456356
Stillwater Universal Posit (software),Stillwater Universal,posit-external,posit5-es2,5,add,external-software,Universal 26e69f5487b2e592b82002751d900a2437641fad generic posit<5; es=2>,result-dependent-fixture-chain,9,3927113,7001358219870763028,6228644372637760648,0,0,0,51.418326389,51.466641372,51.572936913,51.615069900,51.602477811,51.640888867,51.704268454,51.719918424,0.087301427,0.042132987,19374186.684982
ExecFloat binary proved software,ExecFloat,binary-interchange,binary5-e2m2,5,add,proved-software,binary-interchange addition exhaustive table,result-dependent-fixture-chain,9,1121889,6685516312215754880,4582113367046477507,256,1722950134920412238,4275144671903716047,175.878932764,175.935901680,176.153846771,176.393717204,176.402812479,176.652965668,176.884009024,176.891127375,0.357527251,0.259248464,5669136.156618
MPFR (binary) software reference,MPFR,binary-reference,mpfr-binary5-p3-e2,5,add,software-reference,MPFR 4.2.0 RNDN with matched exponent range and gradual underflow,result-dependent-fixture-chain,9,5053258,9028237294407790519,7139709666432468405,256,1722950134920412238,4275144671903716047,39.444594557,39.451093176,39.488340987,39.520622339,39.514754903,39.542738764,39.569924275,39.580275141,0.044591562,0.032281352,25303245.263191
Flocq binary reference (precision model),Flocq,binary-reference,flocq-p3,5,add,software-reference,Flocq 4.2.2 extracted OCaml Zarith,result-dependent-fixture-chain,9,494799,-8703486869542713469,-7133844674476986729,0,0,0,379.542123165,379.637034432,379.782368194,380.150147838,380.439416365,380.557559736,382.131706410,382.880779872,1.015834827,0.370746505,2630539.553089
ExecFloat Posit proved software,ExecFloat,posit,posit6,6,add,proved-software,posit exhaustive encoded-value table,result-dependent-fixture-chain,9,1931940,1249677771525007143,10009275387119665800,0,0,0,103.290669482,103.325920681,103.683772788,104.530520617,104.343209877,104.804221146,105.353331159,105.717008292,0.787872514,0.341849643,9566583.942196
Stillwater Universal Posit (software),Stillwater Universal,posit-external,posit6-es2,6,add,external-software,Universal 26e69f5487b2e592b82002751d900a2437641fad generic posit<6; es=2>,result-dependent-fixture-chain,9,2699056,2255965797579147492,2278981088561163725,0,0,0,54.454613020,54.456991037,54.464529821,54.501736904,54.527937751,54.543772341,54.664826962,54.724463664,0.084060779,0.041178842,18348039.105053
ExecFloat binary proved software,ExecFloat,binary-interchange,binary6-e3m2,6,add,proved-software,binary-interchange addition exhaustive table,result-dependent-fixture-chain,9,975377,8534614535400936637,3556993804360937889,256,6202289059733992379,4641336416295902540,203.339564087,203.402848745,203.526095038,203.721182681,203.817548155,204.057745877,204.401885220,204.611976702,0.396642112,0.223406949,4908669.716321
MPFR (binary) software reference,MPFR,binary-reference,mpfr-binary6-p3-e3,6,add,software-reference,MPFR 4.2.0 RNDN with matched exponent range and gradual underflow,result-dependent-fixture-chain,9,5591573,287915693526830688,6741270446370004891,256,6202289059733992379,4641336416295902540,35.654827541,35.666220400,35.687664634,35.688501250,35.692822773,35.706452370,35.715576636,35.716997346,0.018744473,0.007780101,28020229.625077
Flocq binary reference (precision model),Flocq,binary-reference,flocq-p3,6,add,software-reference,Flocq 4.2.2 extracted OCaml Zarith,result-dependent-fixture-chain,9,498904,-2205156393346177583,5222252229182947850,0,0,0,379.266291711,379.592623030,380.295736254,380.591123743,380.664917054,380.778215849,382.091798823,382.856862242,0.958627670,0.295387489,2627491.650790
ExecFloat Posit proved software,ExecFloat,posit,posit7,7,add,proved-software,posit exhaustive encoded-value table,result-dependent-fixture-chain,9,1929365,12578817775581395152,12231075665360895878,0,0,0,103.851568780,103.871084424,103.981215063,104.218351634,104.155997209,104.285624027,104.476074874,104.571326317,0.239397464,0.235659919,9595239.075681
Stillwater Universal Posit (software),Stillwater Universal,posit-external,posit7-es2,7,add,external-software,Universal 26e69f5487b2e592b82002751d900a2437641fad generic posit<7; es=2>,result-dependent-fixture-chain,9,3297882,8212117648676773324,3310654542279412798,0,0,0,59.632589341,59.638902847,59.661515482,59.714729939,59.774808936,59.943977377,59.971914216,59.983234088,0.145669778,0.066356831,16746286.904839
ExecFloat binary proved software,ExecFloat,binary-interchange,binary7-e3m3,7,add,proved-software,binary-interchange addition exhaustive table,result-dependent-fixture-chain,9,921380,422585153181611801,8497950744148386394,256,15699098036996730368,8420710567143902137,216.321907356,216.393390566,216.759181879,216.830535718,216.877445426,217.135527144,217.366383685,217.497144501,0.355782728,0.304991426,4611896.551784
MPFR (binary) software reference,MPFR,binary-reference,mpfr-binary7-p4-e3,7,add,software-reference,MPFR 4.2.0 RNDN with matched exponent range and gradual underflow,result-dependent-fixture-chain,9,5639501,1340612605629176960,2583244828673571575,256,15699098036996730368,8420710567143902137,35.362819689,35.367805166,35.378305988,35.421268477,35.429645716,35.447588182,35.535014853,35.561302498,0.064516269,0.042962489,28231625.884202
Flocq binary reference (precision model),Flocq,binary-reference,flocq-p4,7,add,software-reference,Flocq 4.2.2 extracted OCaml Zarith,result-dependent-fixture-chain,9,451815,-7571613398563915355,7479738380252935584,0,0,0,415.575923774,415.589025597,416.273038744,416.470856435,416.679805525,416.871447384,418.147314277,418.256503215,0.925570311,0.400590950,2401128.397221
ExecFloat Posit proved software,ExecFloat,posit,posit8,8,add,proved-software,posit exhaustive encoded-value table,result-dependent-fixture-chain,9,1826118,8818480925092915542,6919378956723137316,0,0,0,106.640338138,106.829417924,107.292350221,108.018031146,107.703793512,108.077957175,108.402335775,108.562097849,0.615758461,0.544066703,9257713.637177
Stillwater Universal Posit (software),Stillwater Universal,posit-external,posit8-es2,8,add,external-software,Universal 26e69f5487b2e592b82002751d900a2437641fad generic posit<8; es=2>,result-dependent-fixture-chain,9,3019233,13745958805991293492,16064045710330274862,0,0,0,65.940856502,65.950990864,66.126022404,66.146080478,66.130035417,66.192900647,66.258332497,66.267330146,0.111413869,0.046820169,15118053.749712
ExecFloat binary proved software,ExecFloat,binary-interchange,binary8-e4m3,8,add,proved-software,binary-interchange addition exhaustive table,result-dependent-fixture-chain,9,913349,1957743537688133660,3993794284398242179,256,15699098036996730368,8420710567143902137,217.546418729,217.827845435,218.251750426,218.387198103,218.401095310,218.519917359,218.989824262,219.247868011,0.441517195,0.135447677,4579022.986179
MPFR (binary) software reference,MPFR,binary-reference,mpfr-binary8-p4-e4,8,add,software-reference,MPFR 4.2.0 RNDN with matched exponent range and gradual underflow,result-dependent-fixture-chain,9,5540036,15135742198963380162,4131383750448936471,256,15699098036996730368,8420710567143902137,35.783013504,35.797408140,35.830200923,35.864101966,35.864234015,35.910793359,35.920761923,35.923660965,0.047814834,0.045101873,27883034.710992
Flocq binary reference (precision model),Flocq,binary-reference,flocq-p4,8,add,software-reference,Flocq 4.2.2 extracted OCaml Zarith,result-dependent-fixture-chain,9,451963,-7597703219870362707,-3335736671635725346,0,0,0,415.579759848,415.672729405,415.901230853,416.808502023,417.000063919,418.045738257,418.572502174,418.780751964,1.212435036,0.996318283,2399183.306352
ExecFloat Posit proved software,ExecFloat,posit,posit16,16,add,proved-software,posit direct packed-word exact sum,result-dependent-fixture-chain,9,1421660,640961633439338738,2196975436588957168,0,0,0,139.931988661,139.945422534,139.998970921,140.163371692,140.485651594,140.497014054,141.835426614,142.515824459,0.813202206,0.197798348,7134531.567888
Stillwater Universal Posit (software),Stillwater Universal,posit-external,posit16-es2,16,add,external-software,Universal 26e69f5487b2e592b82002751d900a2437641fad generic posit<16; es=2>,result-dependent-fixture-chain,9,2126009,11372817186489792150,14764805292272981618,0,0,0,94.387347372,94.472704302,94.653652454,94.693855012,94.722153784,94.819992766,94.945149621,94.997513651,0.175655760,0.107721087,10560347.341169
ExecFloat binary proved software,ExecFloat,binary-interchange,binary16,16,add,proved-software,binary-interchange addition native-word kernel,result-dependent-fixture-chain,9,1606330,3306102486469978007,10767919487557563500,256,6248162902044298242,6774788450646673742,123.980774187,124.019332391,124.126634004,124.255110096,124.248687588,124.296573556,124.507571670,124.600054783,0.179339681,0.113736903,8047958.745761
MPFR (binary) software reference,MPFR,binary-reference,mpfr-binary16-p11-e5,16,add,software-reference,MPFR 4.2.0 RNDN with matched exponent range and gradual underflow,result-dependent-fixture-chain,9,5470413,9289037466785086867,12561627129599547737,256,6248162902044298242,6774788450646673742,36.506488267,36.513784974,36.545076944,36.569757713,36.565599485,36.579475261,36.612100512,36.615148253,0.035526534,0.024680769,27344999.325624
Flocq binary reference (precision model),Flocq,binary-reference,flocq-p11,16,add,software-reference,Flocq 4.2.2 extracted OCaml Zarith,result-dependent-fixture-chain,9,296156,-5105634948990630766,2906662478538835341,0,0,0,644.279133295,644.748292792,646.330258377,647.032793528,647.164764891,647.888646524,649.885334756,650.994995881,1.904072103,0.855852996,1545516.718786
ExecFloat Posit proved software,ExecFloat,posit,posit32,32,add,proved-software,posit direct packed-word exact sum,result-dependent-fixture-chain,9,641903,7865874573032048688,6345545151603207611,0,0,0,310.791663226,310.962244763,311.219380498,311.744294699,311.732286135,311.817276131,312.794620683,313.329965742,0.710826011,0.247308394,3207757.181142
Stillwater Universal Posit (software),Stillwater Universal,posit-external,posit32-es2,32,add,external-software,Universal 26e69f5487b2e592b82002751d900a2437641fad generic posit<32; es=2>,result-dependent-fixture-chain,9,858841,13869989363657896767,4277035690165480175,0,0,0,228.860385100,228.899524359,229.061911343,229.135642104,229.816639453,229.379084138,232.874761452,234.992019477,1.956386657,0.177408857,4364227.192325
ExecFloat binary proved software,ExecFloat,binary-interchange,binary32,32,add,proved-software,configured proved word kernel,result-dependent-fixture-chain,9,1432910,2428148556798192099,14133764049899882995,256,2381817058504603107,8782414051395963145,138.157778228,138.256355807,138.443625210,138.630495984,138.641721392,138.857705648,139.031886162,139.132668486,0.293372472,0.226273806,7213420.055264
Berkeley SoftFloat IEEE software,Berkeley SoftFloat,binary-interchange,binary32,32,add,external-software,SoftFloat 3e,result-dependent-fixture-chain,9,8730283,13972821343177842755,11558740162090696401,256,2381817058504603107,8782414051395963145,22.890933089,22.897739741,22.921491319,22.934602349,22.935403087,22.952746091,22.972323807,22.984616421,0.027460750,0.018143742,43602238.433394
MPFR (binary) software reference,MPFR,binary-reference,mpfr-binary32-p24-e8,32,add,software-reference,MPFR 4.2.0 RNDN with matched exponent range and gradual underflow,result-dependent-fixture-chain,9,5852400,13569805157497756115,4485978284346631705,256,2381817058504603107,8782414051395963145,34.034191955,34.051907628,34.081901100,34.088585196,34.103592847,34.127866345,34.160593295,34.182256681,0.042512808,0.038468321,29335333.052271
Flocq binary reference (precision model),Flocq,binary-reference,flocq-p24,32,add,software-reference,Flocq 4.2.2 extracted OCaml Zarith,result-dependent-fixture-chain,9,175292,8708589671431089417,-6458476048560944991,0,0,0,1121.093837711,1122.195318668,1124.495339205,1128.038438719,1128.688546349,1133.397394062,1136.169134929,1137.252903726,5.533727700,4.190898615,886494.613725
Native C IEEE FPU,Native C,binary-interchange,binary32,32,add,native-fpu,C float host FPU,result-dependent-fixture-chain,9,23925815,8653422233840326450,11239614214786408346,256,2381817058504603107,8782414051395963145,8.353231854,8.353328119,8.355000237,8.356924686,8.356643506,8.358082222,8.359618646,8.360205661,0.002369435,0.001813439,119661243.532099
ExecFloat Posit proved software,ExecFloat,posit,posit64,64,add,proved-software,posit direct packed-word exact sum,result-dependent-fixture-chain,9,534117,9775898972917657898,718734035458406905,0,0,0,373.233224181,373.393999442,373.824905405,374.210543757,374.288446372,374.427919351,375.562923854,376.060198421,0.809904070,0.385638353,2672292.421158
Stillwater Universal Posit (software),Stillwater Universal,posit-external,posit64-es2,64,add,external-software,Universal 26e69f5487b2e592b82002751d900a2437641fad generic posit<64; es=2>,result-dependent-fixture-chain,9,361087,18045299265927512454,13849190213632423085,0,0,0,556.691495401,556.832100851,557.333678587,557.514482659,557.559104716,557.874631322,558.226837300,558.272161557,0.517893299,0.360148662,1793675.377239
ExecFloat binary proved software,ExecFloat,binary-interchange,binary64,64,add,proved-software,configured proved word kernel,result-dependent-fixture-chain,9,636319,5904086711182730920,12212715307510846782,256,13606897443459857615,1252235387381980120,312.348168136,312.407583618,312.567829972,312.772302886,312.919000271,313.234538023,313.666122181,313.797714668,0.481946411,0.275596045,3197214.046044
Berkeley SoftFloat IEEE software,Berkeley SoftFloat,binary-interchange,binary64,64,add,external-software,SoftFloat 3e,result-dependent-fixture-chain,9,8567728,3557859525769040528,13265443393637308127,256,13606897443459857615,1252235387381980120,23.314228813,23.318532124,23.329980130,23.333684029,23.337913207,23.350394177,23.357896002,23.360037340,0.014974919,0.008696938,42856498.731586
MPFR (binary) software reference,MPFR,binary-reference,mpfr-binary64-p53-e11,64,add,software-reference,MPFR 4.2.0 RNDN with matched exponent range and gradual underflow,result-dependent-fixture-chain,9,5441775,17841685285463928267,6135980681543513680,256,13606897443459857615,1252235387381980120,36.610286533,36.630874228,36.666891410,36.671880590,36.670200665,36.687613141,36.689316776,36.689634540,0.024773983,0.012703943,27268849.698995
Flocq binary reference (precision model),Flocq,binary-reference,flocq-p53,64,add,software-reference,Flocq 4.2.2 extracted OCaml Zarith,result-dependent-fixture-chain,9,90348,-3641395017933253016,-987475038657215282,0,0,0,2182.345829459,2187.120961172,2197.654259087,2201.046619737,2203.181661772,2210.569929606,2219.836711383,2224.934674813,12.260159077,6.762960995,454329.313624
Native C IEEE FPU,Native C,binary-interchange,binary64,64,add,native-fpu,C double host FPU,result-dependent-fixture-chain,9,24400028,13657442214222729963,3961293812596129872,256,13606897443459857615,1252235387381980120,8.191519616,8.192661795,8.194559859,8.195001498,8.195365755,8.196321906,8.198355026,8.199214321,0.002112023,0.000626434,122025603.082595
CPython float64 runtime,CPython,python-runtime,python-float64,64,add,dynamic-runtime,CPython 3.11.2 float expression; interpreter and object overhead included,result-dependent-fixture-chain,9,250474,6708186938387939143,6260860734260375621,256,13606897443459857615,1252235387381980120,792.408006420,792.472822728,794.252481295,801.346391242,806.682553434,812.109779857,833.365527759,838.490533948,15.982715276,8.776344052,1247899.798301
ExecFloat Posit proved software,ExecFloat,posit,posit128,128,add,proved-software,posit direct packed-pair exact sum,result-dependent-fixture-chain,9,176419,6520210053825802488,15831493817943094602,0,0,0,1116.476955430,1116.765804137,1117.228830228,1118.603223009,1118.327790343,1119.279272641,1120.013533690,1120.446935988,1.302593145,1.160589279,893972.035330
Stillwater Universal Posit (software),Stillwater Universal,posit-external,posit128-es2,128,add,external-software,Universal 26e69f5487b2e592b82002751d900a2437641fad generic posit<128; es=2>,result-dependent-fixture-chain,9,140672,3072054350796903433,122294008587785146,0,0,0,1423.288557780,1423.351831210,1423.762888137,1424.292432040,1424.261981378,1424.749111408,1425.166458144,1425.336413785,0.688020910,0.529543904,702103.007433
ExecFloat binary proved software,ExecFloat,binary-interchange,binary128,128,add,proved-software,binary-interchange addition fixed-limb kernel,result-dependent-fixture-chain,9,85541,7441248065711688979,2303699203506597187,256,8986041320630648097,802016132310684100,2343.786570183,2344.231016705,2344.986509393,2347.705229071,2357.403358234,2351.071579710,2402.401980337,2435.980792836,29.600833644,2.807542582,425947.852233
MPFR (binary) software reference,MPFR,binary-reference,mpfr-binary128-p113-e15,128,add,software-reference,MPFR 4.2.0 RNDN with matched exponent range and gradual underflow,result-dependent-fixture-chain,9,5594228,17424208563716572943,74914927950471638,256,8986041320630648097,802016132310684100,35.880237631,35.882542363,35.915599614,35.944355682,35.945308589,35.960399004,36.024109350,36.055128250,0.052485837,0.028756068,27820779.675064
Flocq binary reference (precision model),Flocq,binary-reference,flocq-p113,128,add,software-reference,Flocq 4.2.2 extracted OCaml Zarith,result-dependent-fixture-chain,9,19350,-3065110518231746993,2541345141024883982,0,0,0,9991.589095607,9995.894728682,10013.104496124,10037.001808786,10091.880057422,10138.037622739,10287.643410853,10369.028113695,121.332433077,45.412713178,99631.345999
ExecFloat Posit proved software,ExecFloat,posit,posit256,256,add,proved-software,posit direct exact-dyadic sum,result-dependent-fixture-chain,9,52832,18212781224409289710,13620426667472602117,0,0,0,3753.135751060,3755.467572683,3763.939506360,3767.935777559,3766.460093630,3771.422887644,3774.490566323,3775.492201696,7.012079325,3.996271199,265397.304794
Stillwater Universal Posit (software),Stillwater Universal,posit-external,posit256-es2,256,add,external-software,Universal 26e69f5487b2e592b82002751d900a2437641fad generic posit<256; es=2>,result-dependent-fixture-chain,9,71137,5622293267774883760,7957134098758124755,0,0,0,2746.328296105,2746.345406750,2747.122074307,2747.300125111,2747.761938232,2747.703487637,2750.283216891,2751.272895961,1.510858410,0.403362526,363993.722732
ExecFloat binary proved software,ExecFloat,binary-interchange,binary256-custom-e19m236,256,add,proved-software,binary-interchange addition exact baseline,result-dependent-fixture-chain,9,64235,5046325378713858383,10047682320980603076,256,5627250593499023285,10793273507272430483,3124.040196155,3124.839019226,3127.177551179,3129.227430529,3128.619262603,3129.366451312,3132.406958823,3133.995189538,2.785764194,0.853786876,319567.695925
MPFR (binary) software reference,MPFR,binary-reference,mpfr-binary256-p237-e19,256,add,software-reference,MPFR 4.2.0 RNDN with matched exponent range and gradual underflow,result-dependent-fixture-chain,9,4281958,4690658323534663544,10431875536206956054,256,5627250593499023285,10793273507272430483,46.589421008,46.601437286,46.620823231,46.630022761,46.667363804,46.739125652,46.746816293,46.747573890,0.062941260,0.040601753,21445410.934790
Flocq binary reference (precision model),Flocq,binary-reference,flocq-p237,256,add,software-reference,Flocq 4.2.2 extracted OCaml Zarith,result-dependent-fixture-chain,9,6783,4054404122185533002,3027701966538128450,0,0,0,29026.390830016,29038.068730650,29115.533687159,29214.159811293,29280.143823611,29429.003833112,29612.074716202,29655.785050862,224.118602425,158.574229692,34229.976370
ExecFloat Posit proved software,ExecFloat,posit,posit512,512,add,proved-software,posit direct exact-dyadic sum,result-dependent-fixture-chain,9,51404,6872270193612680445,4447574943383111648,0,0,0,3843.022546884,3843.654692242,3847.968037507,3855.137226675,3876.509095704,3863.923118823,3979.333370944,4053.012936736,66.821158687,8.785892148,259394.138575
Stillwater Universal Posit (software),Stillwater Universal,posit-external,posit512-es2,512,add,external-software,Universal 26e69f5487b2e592b82002751d900a2437641fad generic posit<512; es=2>,result-dependent-fixture-chain,9,37652,9898590179638741481,3304618400800140199,0,0,0,5318.534925104,5319.364777435,5321.083793690,5322.583793690,5322.653986213,5324.619515564,5325.962679273,5325.966801232,2.513958482,1.974237756,187878.676741
ExecFloat binary proved software,ExecFloat,binary-interchange,binary512-custom-e19m492,512,add,proved-software,binary-interchange addition exact baseline,result-dependent-fixture-chain,9,62524,6179203285263456382,10253821409646393087,256,16473226587552645878,2731629517370197849,3196.338589981,3196.396487749,3199.189911074,3213.739987845,3212.932712061,3215.309209264,3237.049971211,3250.182297998,16.396188950,3.611493187,311163.941010
MPFR (binary) software reference,MPFR,binary-reference,mpfr-binary512-p493-e19,512,add,software-reference,MPFR 4.2.0 RNDN with matched exponent range and gradual underflow,result-dependent-fixture-chain,9,3933315,8407858606427889900,6851037079115444964,256,16473226587552645878,2731629517370197849,50.511663317,50.515328622,50.533249180,50.572698856,50.605788954,50.660403502,50.729452841,50.738996750,0.085674523,0.061035539,19773514.616085
Flocq binary reference (precision model),Flocq,binary-reference,flocq-p493,512,add,software-reference,Flocq 4.2.2 extracted OCaml Zarith,result-dependent-fixture-chain,9,2625,-2818110229589855742,6922437581340031295,0,0,0,75767.819047619,75793.921447619,75878.527238095,76022.007238095,76036.012529101,76147.278857143,76375.265904762,76513.350476190,230.018277854,143.480000000,13154.085722
ExecFloat Posit proved software,ExecFloat,posit,posit1024,1024,add,proved-software,posit direct exact-dyadic sum,result-dependent-fixture-chain,9,46157,14021008858994383714,18073421432396336414,0,0,0,4185.731979981,4186.059150291,4187.004419698,4190.217496804,4237.443255266,4195.907597981,4445.178547133,4608.760166389,139.320015902,3.667591048,238651.096456
Stillwater Universal Posit (software),Stillwater Universal,posit-external,posit1024-es2,1024,add,external-software,Universal 26e69f5487b2e592b82002751d900a2437641fad generic posit<1024; es=2>,result-dependent-fixture-chain,9,19139,13251435405860237127,15154627066322418901,0,0,0,10456.774439626,10457.511865824,10462.111186582,10463.147238623,10466.885045660,10474.949056900,10480.274695648,10483.423637599,8.960541831,4.529233502,95573.537980
ExecFloat binary proved software,ExecFloat,binary-interchange,binary1024-custom-e19m1004,1024,add,proved-software,binary-interchange addition exact baseline,result-dependent-fixture-chain,9,57959,5958313828074534770,1225392669939575789,256,15085329428722891679,17675889632280362273,3433.086854501,3433.703676737,3435.621335772,3438.757224935,3439.758106784,3444.427215790,3447.594706603,3448.716299453,5.418398544,4.128314843,290802.733252
MPFR (binary) software reference,MPFR,binary-reference,mpfr-binary1024-p1005-e19,1024,add,software-reference,MPFR 4.2.0 RNDN with matched exponent range and gradual underflow,result-dependent-fixture-chain,9,3422381,7614099584128937238,5427720361419773036,256,15085329428722891679,17675889632280362273,58.391804711,58.398508699,58.409672681,58.482861201,58.490674020,58.513240928,58.631595196,58.683762854,0.090475815,0.070482509,17099026.611622
Flocq binary reference (precision model),Flocq,binary-reference,flocq-p1005,1024,add,software-reference,Flocq 4.2.2 extracted OCaml Zarith,result-dependent-fixture-chain,9,966,3870541534866537921,-3265069060030971630,0,0,0,201945.255693582,201980.636231884,202233.862318841,202956.519668737,202932.865079365,202987.359213251,204744.568322981,205845.829192547,1180.762568504,627.954451346,4927.163718
ExecFloat Posit proved software,ExecFloat,posit,posit2048,2048,add,proved-software,posit direct exact-dyadic sum,result-dependent-fixture-chain,9,42668,5917853680869045021,1469943672744215583,0,0,0,4562.181377144,4563.862130871,4569.993109590,4578.102770226,4595.180588107,4583.257851317,4690.123460204,4760.910729352,62.590174975,5.839786257,218431.094755
Stillwater Universal Posit (software),Stillwater Universal,posit-external,posit2048-es2,2048,add,external-software,Universal 26e69f5487b2e592b82002751d900a2437641fad generic posit<2048; es=2>,result-dependent-fixture-chain,9,9456,11260201936398156510,3358261925698992406,0,0,0,20999.413176819,21000.164318951,21007.974196277,21008.869923858,21013.626633296,21021.659263959,21032.926882403,21038.426501692,12.448127218,7.578891709,47598.942905
ExecFloat binary proved software,ExecFloat,binary-interchange,binary2048-custom-e19m2028,2048,add,proved-software,binary-interchange addition exact baseline,result-dependent-fixture-chain,9,54541,2809327600448027891,12593650458717941489,256,16187131443813737441,17453360145151856638,3680.527144717,3681.031418566,3682.556040410,3683.349150181,3686.696303902,3689.558038907,3697.320027136,3701.955483031,6.688652028,2.822005464,271492.046838
MPFR (binary) software reference,MPFR,binary-reference,mpfr-binary2048-p2029-e19,2048,add,software-reference,MPFR 4.2.0 RNDN with matched exponent range and gradual underflow,result-dependent-fixture-chain,9,2466139,1214256651016863889,6399937717976417395,256,16187131443813737441,17453360145151856638,80.674603094,80.686234393,80.705723400,80.734020264,80.746201969,80.747203219,80.861664570,80.905848778,0.068716599,0.028296864,12386352.082173
Flocq binary reference (precision model),Flocq,binary-reference,flocq-p2029,2048,add,software-reference,Flocq 4.2.2 extracted OCaml Zarith,result-dependent-fixture-chain,9,342,3817886440434569753,-3905333578269596686,0,0,0,588929.953216374,589014.507602339,589532.845029240,590268.631578947,590202.543534763,590686.403508772,591426.064327485,591526.573099415,896.711035292,735.786549708,1694.143897
ExecFloat Posit proved software,ExecFloat,posit,posit4096,4096,add,proved-software,posit direct exact-dyadic sum,result-dependent-fixture-chain,9,35555,2221974602040706623,17578126313319729419,0,0,0,5365.781690339,5368.467962312,5375.070538602,5377.568808888,5383.993631150,5378.702067220,5421.114307411,5442.755224300,22.844330692,2.498270285,185957.639137
Stillwater Universal Posit (software),Stillwater Universal,posit-external,posit4096-es2,4096,add,external-software,Universal 26e69f5487b2e592b82002751d900a2437641fad generic posit<4096; es=2>,result-dependent-fixture-chain,9,4828,15247067431584526685,18393291877084024541,0,0,0,41425.353976802,41427.963670257,41440.248964374,41447.898715824,41449.166597625,41458.809237780,41476.002609776,41486.323322287,18.131847058,10.910521955,24126.675440
ExecFloat binary proved software,ExecFloat,binary-interchange,binary4096-custom-e19m4076,4096,add,proved-software,binary-interchange addition exact baseline,result-dependent-fixture-chain,9,44836,12074024974866782382,3300579228057212381,256,9648732917905115387,1993696468231033033,4250.372178606,4250.650472834,4253.758542243,4259.014185030,4283.347193723,4264.492550629,4395.176362744,4475.954255509,72.615542176,5.478365599,234796.118669
MPFR (binary) software reference,MPFR,binary-reference,mpfr-binary4096-p4077-e19,4096,add,software-reference,MPFR 4.2.0 RNDN with matched exponent range and gradual underflow,result-dependent-fixture-chain,9,1577373,17545911586535508832,4405308247376141838,256,9648732917905115387,1993696468231033033,126.553110139,126.559742433,126.572285059,126.656294992,126.658416874,126.705367088,126.817484387,126.878484036,0.103432396,0.069689921,7895383.329074
Flocq binary reference (precision model),Flocq,binary-reference,flocq-p4077,4096,add,software-reference,Flocq 4.2.2 extracted OCaml Zarith,result-dependent-fixture-chain,9,105,4695569149223639033,-2412195319468543559,0,0,0,1910308.190476191,1910421.946666667,1911144.123809524,1912699.857142857,1913044.314285714,1915444.790476190,1916498.434285714,1916709.123809524,2482.728618388,2107.276190476,522.821182
ExecFloat Posit proved software,ExecFloat,posit,posit2,2,sub,proved-software,posit exhaustive encoded-value table,result-dependent-fixture-chain,9,2094570,16169326684028791012,6702559877072201544,0,0,0,96.391343331,96.406488778,96.495004225,96.554912464,96.641978916,96.870835064,96.903258616,96.905542426,0.210139235,0.163569134,10356800.855383
ExecFloat Posit proved software,ExecFloat,posit,posit3,3,sub,proved-software,posit exhaustive encoded-value table,result-dependent-fixture-chain,9,2018233,1765745260485590395,3514664414382546549,0,0,0,101.062351572,101.380042939,101.858141751,102.161727115,102.100440996,102.308465871,102.768621066,102.987433066,0.522116951,0.278675951,9788401.471294
ExecFloat Posit proved software,ExecFloat,posit,posit4,4,sub,proved-software,posit exhaustive encoded-value table,result-dependent-fixture-chain,9,1939498,2532726355460659471,15220703059304911897,0,0,0,101.621548978,101.794659958,102.132373429,102.885346105,102.790000127,103.258743242,103.601835836,103.697328381,0.708124187,0.573250913,9719557.136730
ExecFloat binary proved software,ExecFloat,binary-interchange,binary4-e2m1,4,sub,proved-software,binary-interchange subtraction exhaustive table,result-dependent-fixture-chain,9,1224990,3997829160429854860,1810562799184203944,256,15307634770271959930,15686941621206104721,161.975174491,161.975646985,162.013310313,162.396571401,162.365987477,162.535939885,162.842019282,162.910644169,0.338115934,0.342510551,6157765.471127
MPFR (binary) software reference,MPFR,binary-reference,mpfr-binary4-p2-e2,4,sub,software-reference,MPFR 4.2.0 RNDN with matched exponent range and gradual underflow,result-dependent-fixture-chain,9,6409671,13284540241364172714,2105483850700879254,256,15307634770271959930,15686941621206104721,31.137682262,31.149495161,31.170415611,31.177497098,31.209048084,31.238354511,31.307561184,31.333313832,0.061550693,0.034370407,32074415.623066
Flocq binary reference (precision model),Flocq,binary-reference,flocq-p2,4,sub,software-reference,Flocq 4.2.2 extracted OCaml Zarith,result-dependent-fixture-chain,9,648512,-5217128993878870853,5257768644341066895,0,0,0,283.754551959,284.125338621,284.736851438,284.874221294,284.959905308,285.532471257,285.555941293,285.558705159,0.575036453,0.202056400,3510321.135611
ExecFloat Posit proved software,ExecFloat,posit,posit5,5,sub,proved-software,posit exhaustive encoded-value table,result-dependent-fixture-chain,9,2022461,17394103071276789221,7909662461516071001,0,0,0,101.653720888,101.875769372,102.475050940,102.734053710,102.638915218,102.908027893,103.276424514,103.498157937,0.513225592,0.209770670,9733870.745767
Stillwater Universal Posit (software),Stillwater Universal,posit-external,posit5-es2,5,sub,external-software,Universal 26e69f5487b2e592b82002751d900a2437641fad generic posit<5; es=2>,result-dependent-fixture-chain,9,3521127,4411147854129131942,2286113111403572775,0,0,0,54.810176969,54.819239635,54.858997702,54.930523949,54.923352539,54.995790836,55.019486659,55.024507778,0.078368111,0.071526247,18204814.520493
ExecFloat binary proved software,ExecFloat,binary-interchange,binary5-e2m2,5,sub,proved-software,binary-interchange subtraction exhaustive table,result-dependent-fixture-chain,9,1096796,3287345389415101494,16068472715636055160,256,5525255344516851126,16218250262701578656,181.688162612,181.709761888,181.830007586,181.957349407,182.111499718,182.459595950,182.667633179,182.678413306,0.386381942,0.215188604,5495793.400267
MPFR (binary) software reference,MPFR,binary-reference,mpfr-binary5-p3-e2,5,sub,software-reference,MPFR 4.2.0 RNDN with matched exponent range and gradual underflow,result-dependent-fixture-chain,9,5319565,3665582412662055450,3423712417250906134,256,5525255344516851126,16218250262701578656,37.104119228,37.115718898,37.164580563,37.174797187,37.194016700,37.229454852,37.286961396,37.308986731,0.063161181,0.041678784,26899945.007364
Flocq binary reference (precision model),Flocq,binary-reference,flocq-p3,5,sub,software-reference,Flocq 4.2.2 extracted OCaml Zarith,result-dependent-fixture-chain,9,527434,-1232088722116243313,4192249393708749769,0,0,0,351.937857628,352.013403762,352.243063587,352.457674325,352.556573271,352.593611713,353.414354782,353.468744905,0.520223568,0.214610738,2837220.105690
ExecFloat Posit proved software,ExecFloat,posit,posit6,6,sub,proved-software,posit exhaustive encoded-value table,result-dependent-fixture-chain,9,1958294,3656169204568772175,6165268487351682350,0,0,0,102.346241678,102.452350975,102.936030545,103.038353792,103.089754711,103.321779569,103.634881688,103.719219382,0.431521187,0.283425778,9705123.997054
Stillwater Universal Posit (software),Stillwater Universal,posit-external,posit6-es2,6,sub,external-software,Universal 26e69f5487b2e592b82002751d900a2437641fad generic posit<6; es=2>,result-dependent-fixture-chain,9,3537695,4218056534903467092,7370657404617101089,0,0,0,55.421293243,55.440313198,55.481599460,55.525386445,55.523144935,55.547880470,55.611121931,55.615500488,0.063104618,0.043786986,18009780.102804
ExecFloat binary proved software,ExecFloat,binary-interchange,binary6-e3m2,6,sub,proved-software,binary-interchange subtraction exhaustive table,result-dependent-fixture-chain,9,972563,16038843063324325478,2790849539228665938,256,16478416567677483672,4011936748656663337,202.816848883,202.845968230,202.903741968,202.964902017,203.096298246,203.234760113,203.599690508,203.797523657,0.308492066,0.075254765,4926960.228415
MPFR (binary) software reference,MPFR,binary-reference,mpfr-binary6-p3-e3,6,sub,software-reference,MPFR 4.2.0 RNDN with matched exponent range and gradual underflow,result-dependent-fixture-chain,9,5969994,14566225384560375752,4479506829646162505,256,16478416567677483672,4011936748656663337,33.438696086,33.445565506,33.474999640,33.512155289,33.513303959,33.528923815,33.604389552,33.614503130,0.058192995,0.037155649,29839919.020076
Flocq binary reference (precision model),Flocq,binary-reference,flocq-p3,6,sub,software-reference,Flocq 4.2.2 extracted OCaml Zarith,result-dependent-fixture-chain,9,528588,7141622478530789360,-4821980539664471995,0,0,0,352.281061999,352.294273044,352.418808221,352.579277244,352.616073388,352.743968838,353.035681476,353.205191945,0.284529245,0.164691593,2836241.561943
ExecFloat Posit proved software,ExecFloat,posit,posit7,7,sub,proved-software,posit exhaustive encoded-value table,result-dependent-fixture-chain,9,1903152,10746970372000595996,8315179460359725121,0,0,0,100.534604172,100.730099645,101.148496810,101.417109091,101.355597217,101.654721746,101.842824325,101.932677999,0.429690136,0.268612281,9860269.228406
Stillwater Universal Posit (software),Stillwater Universal,posit-external,posit7-es2,7,sub,external-software,Universal 26e69f5487b2e592b82002751d900a2437641fad generic posit<7; es=2>,result-dependent-fixture-chain,9,3035086,4979331672385113508,11599032295317989722,0,0,0,63.694834347,63.711886517,63.969021306,64.241476518,64.185680113,64.458191959,64.527467821,64.531792180,0.328511257,0.272455212,15566267.374245
ExecFloat binary proved software,ExecFloat,binary-interchange,binary7-e3m3,7,sub,proved-software,binary-interchange subtraction exhaustive table,result-dependent-fixture-chain,9,915267,11442635843382029432,6913741630773856458,256,488180961882180986,8905306643955899295,217.611728599,217.687035586,217.838431846,218.163727087,218.078814282,218.345282852,218.399904072,218.407947626,0.290055197,0.224111653,4583713.403466
MPFR (binary) software reference,MPFR,binary-reference,mpfr-binary7-p4-e3,7,sub,software-reference,MPFR 4.2.0 RNDN with matched exponent range and gradual underflow,result-dependent-fixture-chain,9,5729831,217274927537769723,12594504947474885542,256,488180961882180986,8905306643955899295,34.770749608,34.784207737,34.806122554,34.832486508,34.846483178,34.888536329,34.925342266,34.930063731,0.054435584,0.028091579,28708831.905337
Flocq binary reference (precision model),Flocq,binary-reference,flocq-p4,7,sub,software-reference,Flocq 4.2.2 extracted OCaml Zarith,result-dependent-fixture-chain,9,495145,7534230861727697228,7231304996224440083,0,0,0,379.897591615,380.115577861,380.677235961,381.380928819,381.278177324,381.728600713,382.438029668,382.734029426,0.864637396,0.613101213,2622050.355525
ExecFloat Posit proved software,ExecFloat,posit,posit8,8,sub,proved-software,posit exhaustive encoded-value table,result-dependent-fixture-chain,9,1878078,4969310998827137934,14078344313695705941,0,0,0,105.623046008,106.030344959,106.860202824,107.094643566,107.200350039,107.730647502,108.222417493,108.474752912,0.831866806,0.547012957,9337535.162340
Stillwater Universal Posit (software),Stillwater Universal,posit-external,posit8-es2,8,sub,external-software,Universal 26e69f5487b2e592b82002751d900a2437641fad generic posit<8; es=2>,result-dependent-fixture-chain,9,2583546,14951694809691959541,3743516748946345988,0,0,0,75.864272980,75.868191161,75.887785238,75.959776602,75.960301548,75.991432318,76.080483258,76.103187247,0.080948579,0.071991364,13164862.309228
ExecFloat binary proved software,ExecFloat,binary-interchange,binary8-e4m3,8,sub,proved-software,binary-interchange subtraction exhaustive table,result-dependent-fixture-chain,9,906263,5854468769249853381,3217946446047053260,256,488180961882180986,8905306643955899295,218.586113523,218.663289796,218.915716519,218.979262091,219.165172680,219.545416728,219.700854388,219.761370596,0.415837595,0.393148567,4566642.477708
MPFR (binary) software reference,MPFR,binary-reference,mpfr-binary8-p4-e4,8,sub,software-reference,MPFR 4.2.0 RNDN with matched exponent range and gradual underflow,result-dependent-fixture-chain,9,5668180,16466270618830866212,7497795558331283404,256,488180961882180986,8905306643955899295,35.196364089,35.210056314,35.246603495,35.260297485,35.295369864,35.305402792,35.462989954,35.512565938,0.097648454,0.029702832,28360509.448851
Flocq binary reference (precision model),Flocq,binary-reference,flocq-p4,8,sub,software-reference,Flocq 4.2.2 extracted OCaml Zarith,result-dependent-fixture-chain,9,496602,-3499118557097894973,-1550267582471473232,0,0,0,379.780617074,379.997028606,380.726344235,381.494081780,381.173071975,381.698428520,381.924945127,381.948747689,0.761547429,0.454665910,2621272.642906
ExecFloat Posit proved software,ExecFloat,posit,posit16,16,sub,proved-software,posit direct packed-word exact difference,result-dependent-fixture-chain,9,1532311,10985612031598415892,13329393810589659143,0,0,0,129.910138347,129.944356465,130.012694551,130.056780902,130.107018745,130.209265613,130.340576684,130.404632610,0.152839243,0.061097258,7688949.342496
Stillwater Universal Posit (software),Stillwater Universal,posit-external,posit16-es2,16,sub,external-software,Universal 26e69f5487b2e592b82002751d900a2437641fad generic posit<16; es=2>,result-dependent-fixture-chain,9,1960189,15304741192981828473,9686412743729068487,0,0,0,100.869372800,100.884587047,100.922599300,101.062820983,101.049702520,101.124753276,101.239651176,101.257809834,0.135445057,0.140221683,9894835.610886
ExecFloat binary proved software,ExecFloat,binary-interchange,binary16,16,sub,proved-software,binary-interchange subtraction native-word kernel,result-dependent-fixture-chain,9,1818510,10922464068895061231,6867166858812233220,256,4840367558741898155,7505820856977690627,109.963993599,109.989525271,110.033060033,110.105637033,110.178253809,110.236149375,110.482369962,110.516500322,0.188742495,0.094797389,9082187.133659
MPFR (binary) software reference,MPFR,binary-reference,mpfr-binary16-p11-e5,16,sub,software-reference,MPFR 4.2.0 RNDN with matched exponent range and gradual underflow,result-dependent-fixture-chain,9,5819122,11055746630786479950,6390237220155864354,256,4840367558741898155,7505820856977690627,34.535344164,34.549248048,34.592790974,34.611530056,34.611107770,34.637012938,34.674977531,34.691766387,0.045780425,0.025482882,28892106.139041
Flocq binary reference (precision model),Flocq,binary-reference,flocq-p11,16,sub,software-reference,Flocq 4.2.2 extracted OCaml Zarith,result-dependent-fixture-chain,9,312662,7494473112177226296,-2043628799253576733,0,0,0,614.044629664,614.150057250,614.995448759,615.406883472,616.887416941,616.186952684,624.303129897,629.650005437,4.852119431,0.780069212,1624941.200460
ExecFloat Posit proved software,ExecFloat,posit,posit32,32,sub,proved-software,posit direct packed-word exact difference,result-dependent-fixture-chain,9,704001,9483097496606741039,10842811523633634064,0,0,0,283.867956153,283.889239646,284.026644849,284.423586046,284.371142465,284.514850121,285.061524344,285.188874732,0.446805246,0.396941198,3515882.820766
Stillwater Universal Posit (software),Stillwater Universal,posit-external,posit32-es2,32,sub,external-software,Universal 26e69f5487b2e592b82002751d900a2437641fad generic posit<32; es=2>,result-dependent-fixture-chain,9,847896,16254259571892426582,835921566907161734,0,0,0,235.486495985,235.503799523,235.583927746,235.669021908,235.678528577,235.767406616,235.836226849,235.851223499,0.128335494,0.098384708,4243239.064271
ExecFloat binary proved software,ExecFloat,binary-interchange,binary32,32,sub,proved-software,configured proved word kernel,result-dependent-fixture-chain,9,1562805,7883643538029656891,10316704193075279719,256,15668352703752951196,8948690054579814282,128.086120149,128.129834624,128.287801101,128.316095098,128.329095725,128.412878126,128.535730689,128.586443606,0.145980157,0.096783028,7793254.612638
Berkeley SoftFloat IEEE software,Berkeley SoftFloat,binary-interchange,binary32,32,sub,external-software,SoftFloat 3e,result-dependent-fixture-chain,9,8666780,4433179288082915410,5763923529348968274,256,15668352703752951196,8948690054579814282,23.058934114,23.061160316,23.083560792,23.101205984,23.095771850,23.115386222,23.118567288,23.120550770,0.022659590,0.014386081,43287783.359997
MPFR (binary) software reference,MPFR,binary-reference,mpfr-binary32-p24-e8,32,sub,software-reference,MPFR 4.2.0 RNDN with matched exponent range and gradual underflow,result-dependent-fixture-chain,9,5735765,3617242278913336460,16884216702034552064,256,15668352703752951196,8948690054579814282,34.820415585,34.826383752,34.869057920,34.890535787,34.997377953,34.920887624,35.524247385,35.925480559,0.349852518,0.030351836,28661067.462432
Flocq binary reference (precision model),Flocq,binary-reference,flocq-p24,32,sub,software-reference,Flocq 4.2.2 extracted OCaml Zarith,result-dependent-fixture-chain,9,177700,5504859117317836080,-7797139286607157749,0,0,0,1100.974901519,1101.143558807,1105.961333708,1108.127220034,1106.907814044,1108.465323579,1110.860710186,1112.280635903,3.631411968,0.603601576,902423.459979
Native C IEEE FPU,Native C,binary-interchange,binary32,32,sub,native-fpu,C float host FPU,result-dependent-fixture-chain,9,23936636,163617959844609789,17957840666586673416,256,15668352703752951196,8948690054579814282,8.353955167,8.354016747,8.354430840,8.357766689,8.357536298,8.358153627,8.362480267,8.362820532,0.003223616,0.003335849,119649188.263860
ExecFloat Posit proved software,ExecFloat,posit,posit64,64,sub,proved-software,posit direct packed-word exact difference,result-dependent-fixture-chain,9,564180,1352225995578645061,17918379611103475773,0,0,0,352.976243397,353.065359637,353.211109929,353.817692935,353.655914385,353.964677940,354.231422596,354.365730795,0.461194232,0.331929526,2826314.285487
Stillwater Universal Posit (software),Stillwater Universal,posit-external,posit64-es2,64,sub,external-software,Universal 26e69f5487b2e592b82002751d900a2437641fad generic posit<64; es=2>,result-dependent-fixture-chain,9,361707,3382422060265009728,7905531854590669431,0,0,0,556.781773646,556.865206922,557.053808746,557.281150213,557.236998762,557.342080745,557.566389923,557.652694031,0.258676357,0.155783549,1794426.385350
ExecFloat binary proved software,ExecFloat,binary-interchange,binary64,64,sub,proved-software,configured proved word kernel,result-dependent-fixture-chain,9,682727,16320080845134451844,15755601202515091176,256,747626906282276811,11425145581293654401,292.934641518,293.013951697,293.273525143,293.496747602,293.481756739,293.654296666,293.962875351,294.157975296,0.354118286,0.173477832,3407192.782103
Berkeley SoftFloat IEEE software,Berkeley SoftFloat,binary-interchange,binary64,64,sub,external-software,SoftFloat 3e,result-dependent-fixture-chain,9,8652201,2207809996332058,12587550496453641279,256,747626906282276811,11425145581293654401,23.095734600,23.096529357,23.100013511,23.115280493,23.115070181,23.125206869,23.141635706,23.151032899,0.018511884,0.015209887,43261426.149984
MPFR (binary) software reference,MPFR,binary-reference,mpfr-binary64-p53-e11,64,sub,software-reference,MPFR 4.2.0 RNDN with matched exponent range and gradual underflow,result-dependent-fixture-chain,9,5654449,2699735334190907343,5011880694046413034,256,747626906282276811,11425145581293654401,35.344303928,35.347477358,35.356356030,35.367281587,35.406273970,35.433030168,35.547339131,35.599706178,0.083590269,0.015044083,28274720.451776
Flocq binary reference (precision model),Flocq,binary-reference,flocq-p53,64,sub,software-reference,Flocq 4.2.2 extracted OCaml Zarith,result-dependent-fixture-chain,9,91589,-544141579682215243,1575020431820244007,0,0,0,2148.762940965,2148.826599264,2149.137986003,2155.651825001,2183.628083673,2163.498433218,2314.037790564,2411.464280645,85.725758651,6.729738287,463896.807639
Native C IEEE FPU,Native C,binary-interchange,binary64,64,sub,native-fpu,C double host FPU,result-dependent-fixture-chain,9,24389352,14664625359055451398,7135327569157855681,256,747626906282276811,11425145581293654401,8.191651832,8.191814543,8.192198874,8.194049805,8.194865038,8.195194977,8.201046530,8.201868053,0.003624735,0.001850931,122039775.666018
CPython float64 runtime,CPython,python-runtime,python-float64,64,sub,dynamic-runtime,CPython 3.11.2 float expression; interpreter and object overhead included,result-dependent-fixture-chain,9,227935,5206256066882940950,12115601347471788109,256,747626906282276811,11425145581293654401,818.566078049,820.084993529,822.652966855,827.329019238,826.408786131,830.231864347,831.776670542,832.317147432,4.530586336,3.636935969,1208708.961909
ExecFloat Posit proved software,ExecFloat,posit,posit128,128,sub,proved-software,posit direct packed-pair exact difference,result-dependent-fixture-chain,9,182081,5298536738745044831,16002228839076962889,0,0,0,1097.320104789,1097.466672525,1097.704757773,1098.457647970,1098.504373206,1098.842377843,1100.075156661,1100.670992580,1.026605258,0.723754812,910367.369965
Stillwater Universal Posit (software),Stillwater Universal,posit-external,posit128-es2,128,sub,external-software,Universal 26e69f5487b2e592b82002751d900a2437641fad generic posit<128; es=2>,result-dependent-fixture-chain,9,140439,13560308505278497543,7722707613069409519,0,0,0,1425.517555665,1425.620424526,1425.959270573,1426.798944738,1426.555422639,1427.073811406,1427.422872564,1427.567370887,0.728952722,0.713954101,700869.596020
ExecFloat binary proved software,ExecFloat,binary-interchange,binary128,128,sub,proved-software,binary-interchange subtraction fixed-limb kernel,result-dependent-fixture-chain,9,83420,8454532645501165326,3769551732263488770,256,15255205412964138062,17916492919730332122,2401.988324143,2402.975876289,2405.333241429,2409.496116039,2408.374208157,2410.726816111,2412.619259170,2413.689319108,3.705182805,1.518053225,415024.532865
MPFR (binary) software reference,MPFR,binary-reference,mpfr-binary128-p113-e15,128,sub,software-reference,MPFR 4.2.0 RNDN with matched exponent range and gradual underflow,result-dependent-fixture-chain,9,5528685,10758701949461530845,8543160200108587955,256,15255205412964138062,17916492919730332122,36.260015356,36.277742610,36.314240728,36.318971148,36.336831051,36.336666857,36.437113129,36.484114758,0.062070841,0.014637658,27533819.609919
Flocq binary reference (precision model),Flocq,binary-reference,flocq-p113,128,sub,software-reference,Flocq 4.2.2 extracted OCaml Zarith,result-dependent-fixture-chain,9,19487,-621130034123045685,7561124970938129181,0,0,0,9895.870015908,9918.398963412,9968.714476318,10001.414840663,10040.933938865,10089.170883153,10230.608149022,10255.054497870,117.767025651,49.222455996,99985.853595
ExecFloat Posit proved software,ExecFloat,posit,posit256,256,sub,proved-software,posit direct exact-dyadic difference,result-dependent-fixture-chain,9,56253,388028795282524418,12227022659097756801,0,0,0,3509.563863261,3509.909537269,3510.458268892,3513.265585835,3513.632300104,3513.739142801,3520.519929604,3524.438305513,4.412879367,1.376779905,284635.469642
Stillwater Universal Posit (software),Stillwater Universal,posit-external,posit256-es2,256,sub,external-software,Universal 26e69f5487b2e592b82002751d900a2437641fad generic posit<256; es=2>,result-dependent-fixture-chain,9,72743,15478607338924435327,9339476586531632270,0,0,0,2755.774260066,2755.938174120,2756.187275752,2756.497491168,2756.796692160,2757.290914590,2758.098148275,2758.258581582,0.832426943,0.313445967,362779.216453
ExecFloat binary proved software,ExecFloat,binary-interchange,binary256-custom-e19m236,256,sub,proved-software,binary-interchange subtraction exact baseline,result-dependent-fixture-chain,9,59713,11816770257076053346,6885217435358082355,256,14747219915875845160,9812549126092394565,3355.826235493,3356.103227103,3356.519920285,3358.601594293,3383.290977025,3368.804347462,3487.953979870,3566.115619714,68.779977977,2.082879775,297742.965912
MPFR (binary) software reference,MPFR,binary-reference,mpfr-binary256-p237-e19,256,sub,software-reference,MPFR 4.2.0 RNDN with matched exponent range and gradual underflow,result-dependent-fixture-chain,9,4403339,5435422683764759064,17570735597658711235,256,14747219915875845160,9812549126092394565,45.321438799,45.325474010,45.335081174,45.367048051,45.483995415,45.410371993,46.030105881,46.441376419,0.360575054,0.035521226,22042430.419212
Flocq binary reference (precision model),Flocq,binary-reference,flocq-p237,256,sub,software-reference,Flocq 4.2.2 extracted OCaml Zarith,result-dependent-fixture-chain,9,6883,5978080320150706315,5455796854003023163,0,0,0,28889.775388639,28917.450878977,29035.903966294,29047.203544966,29111.467060552,29103.237251199,29484.071887258,29674.780764202,227.874257490,56.033706233,34426.721955
ExecFloat Posit proved software,ExecFloat,posit,posit512,512,sub,proved-software,posit direct exact-dyadic difference,result-dependent-fixture-chain,9,55317,5021093143659314113,15088097875602290869,0,0,0,3621.480051340,3623.392801490,3626.791275738,3627.341884050,3629.683482875,3632.594301932,3639.180649710,3642.265777248,6.039045678,1.655585082,275683.966928
Stillwater Universal Posit (software),Stillwater Universal,posit-external,posit512-es2,512,sub,external-software,Universal 26e69f5487b2e592b82002751d900a2437641fad generic posit<512; es=2>,result-dependent-fixture-chain,9,37533,10996657600261766076,1201773530927287006,0,0,0,5328.088162417,5328.187328484,5328.745077665,5332.402232702,5331.620730794,5333.922494871,5335.221959342,5335.494391602,3.021308557,3.092158900,187532.739722
ExecFloat binary proved software,ExecFloat,binary-interchange,binary512-custom-e19m492,512,sub,proved-software,binary-interchange subtraction exact baseline,result-dependent-fixture-chain,9,56930,5346338513560170747,12415311175192887694,256,1316036719961860745,14942267711526812724,3474.240119445,3474.809752327,3476.881011769,3481.524784823,3500.669127779,3485.006446513,3592.711807483,3663.664219217,61.268455188,4.643773055,287230.469925
MPFR (binary) software reference,MPFR,binary-reference,mpfr-binary512-p493-e19,512,sub,software-reference,MPFR 4.2.0 RNDN with matched exponent range and gradual underflow,result-dependent-fixture-chain,9,4173381,4688784049550880840,17619469970636572211,256,1316036719961860745,14942267711526812724,47.767754729,47.782013289,47.823363120,47.877443732,47.863970803,47.908928516,47.944937785,47.948207461,0.062861613,0.054080612,20886662.320489
Flocq binary reference (precision model),Flocq,binary-reference,flocq-p493,512,sub,software-reference,Flocq 4.2.2 extracted OCaml Zarith,result-dependent-fixture-chain,9,2611,-7949174730977383755,645671544626814566,0,0,0,75151.528533129,75248.327460743,75578.181922635,75638.461126005,75624.834588706,75755.067790119,75948.355419380,76034.317885867,250.940205612,116.606664113,13220.787217
ExecFloat Posit proved software,ExecFloat,posit,posit1024,1024,sub,proved-software,posit direct exact-dyadic difference,result-dependent-fixture-chain,9,49370,8708779035752511194,12032604373048985858,0,0,0,3917.932651408,3920.264828843,3924.750759571,3925.669232327,3926.140584701,3927.896516103,3931.102317197,3931.178873810,4.022796784,1.906137330,254733.636692
Stillwater Universal Posit (software),Stillwater Universal,posit-external,posit1024-es2,1024,sub,external-software,Universal 26e69f5487b2e592b82002751d900a2437641fad generic posit<1024; es=2>,result-dependent-fixture-chain,9,19094,11832315247946036287,11949803533368184286,0,0,0,10468.355923327,10470.238357599,10474.043416780,10479.245260291,10480.899584512,10490.695558814,10492.449345344,10493.192049859,9.002009671,6.183251283,95426.719688
ExecFloat binary proved software,ExecFloat,binary-interchange,binary1024-custom-e19m1004,1024,sub,proved-software,binary-interchange subtraction exact baseline,result-dependent-fixture-chain,9,54122,11327004982333688023,10202923819968091778,256,15033367052268226531,7348075305264049930,3660.107072909,3660.852352093,3662.784948819,3667.765363438,3694.312450472,3739.356915857,3763.863556410,3768.419219541,46.128035115,5.795092569,272645.575960
MPFR (binary) software reference,MPFR,binary-reference,mpfr-binary1024-p1005-e19,1024,sub,software-reference,MPFR 4.2.0 RNDN with matched exponent range and gradual underflow,result-dependent-fixture-chain,9,3631392,15067273299608640655,14627822829750997145,256,15033367052268226531,7348075305264049930,53.880860012,53.887696068,53.907567401,53.938854026,53.938232838,53.954223615,54.006142713,54.040132544,0.046243696,0.016461456,18539511.416275
Flocq binary reference (precision model),Flocq,binary-reference,flocq-p1005,1024,sub,software-reference,Flocq 4.2.2 extracted OCaml Zarith,result-dependent-fixture-chain,9,986,-4286653114010977454,7738865897197250715,0,0,0,200090.806288032,200161.466734280,200467.879310345,200724.612576065,200801.415032680,201092.506085193,201569.686004057,201798.995943205,524.523762273,367.893509128,4981.950082
ExecFloat Posit proved software,ExecFloat,posit,posit2048,2048,sub,proved-software,posit direct exact-dyadic difference,result-dependent-fixture-chain,9,45075,10355795136105461435,5810596602878609247,0,0,0,4281.848075430,4282.812290627,4284.591724903,4286.964170826,4305.646712270,4292.735684969,4389.012059900,4453.110526900,55.422602365,2.705557404,233265.303873
Stillwater Universal Posit (software),Stillwater Universal,posit-external,posit2048-es2,2048,sub,external-software,Universal 26e69f5487b2e592b82002751d900a2437641fad generic posit<2048; es=2>,result-dependent-fixture-chain,9,9509,5980962585488293204,336707680845300164,0,0,0,21050.142391419,21050.743043433,21054.904090861,21064.611000105,21063.760869819,21067.319381638,21083.415459039,21091.571984436,12.746311772,7.520454306,47472.986802
ExecFloat binary proved software,ExecFloat,binary-interchange,binary2048-custom-e19m2028,2048,sub,proved-software,binary-interchange subtraction exact baseline,result-dependent-fixture-chain,9,49799,4133345778818255549,14809708346261714158,256,5835518171502335049,13859927365874923980,4007.708789333,4008.683652282,4010.530833952,4013.494708729,4024.112532380,4029.769734332,4058.235888271,4061.985280829,20.031385611,4.865579630,249159.416562
MPFR (binary) software reference,MPFR,binary-reference,mpfr-binary2048-p2029-e19,2048,sub,software-reference,MPFR 4.2.0 RNDN with matched exponent range and gradual underflow,result-dependent-fixture-chain,9,2615628,7431228885226838174,11449372054572697105,256,5835518171502335049,13859927365874923980,74.534896782,74.588644639,74.750688936,74.798579156,74.816851122,74.826020749,75.105466144,75.183328440,0.184296800,0.047890220,13369237.909155
Flocq binary reference (precision model),Flocq,binary-reference,flocq-p2029,2048,sub,software-reference,Flocq 4.2.2 extracted OCaml Zarith,result-dependent-fixture-chain,9,346,-3383451251364272202,6603955260636750414,0,0,0,584014.609826590,584456.863005780,585916.517341040,586108.364161850,585899.548490687,586369.520231214,586614.436994220,586712.410404624,837.129620872,261.156069364,1706.169134
ExecFloat Posit proved software,ExecFloat,posit,posit4096,4096,sub,proved-software,posit direct exact-dyadic difference,result-dependent-fixture-chain,9,37801,7935967002197888916,15970818138964241699,0,0,0,4932.285283458,4932.813407053,4934.388032063,4937.654982672,4941.386938617,4949.111901802,4953.704388773,4954.319092088,8.530951636,4.049390228,202525.288524
Stillwater Universal Posit (software),Stillwater Universal,posit-external,posit4096-es2,4096,sub,external-software,Universal 26e69f5487b2e592b82002751d900a2437641fad generic posit<4096; es=2>,result-dependent-fixture-chain,9,4816,8558417078017286690,10832158272869711056,0,0,0,41474.837832226,41476.258430233,41484.007267442,41509.284260797,41498.650909007,41512.403654485,41515.825664452,41516.722591362,17.106966524,7.438330565,24090.995974
ExecFloat binary proved software,ExecFloat,binary-interchange,binary4096-custom-e19m4076,4096,sub,proved-software,binary-interchange subtraction exact baseline,result-dependent-fixture-chain,9,42532,11227472408257405892,16032039888142321539,256,16976029655756590647,11221831467095195012,4568.814186965,4569.428604345,4573.873930217,4583.463768457,4596.656945881,4588.035291075,4671.550404401,4726.540275557,49.300787412,5.601829211,218175.609215
MPFR (binary) software reference,MPFR,binary-reference,mpfr-binary4096-p4077-e19,4096,sub,software-reference,MPFR 4.2.0 RNDN with matched exponent range and gradual underflow,result-dependent-fixture-chain,9,1730976,612233125137836664,18415700020717858012,256,16976029655756590647,11221831467095195012,115.046750504,115.110121457,115.214671954,115.281855439,115.293687299,115.376183148,115.504859571,115.532777462,0.146544189,0.076677551,8674391.960416
Flocq binary reference (precision model),Flocq,binary-reference,flocq-p4077,4096,sub,software-reference,Flocq 4.2.2 extracted OCaml Zarith,result-dependent-fixture-chain,9,105,4947476032601479976,-3699654919591190803,0,0,0,1899474.514285714,1900321.200000000,1902369.800000000,1903709.190476191,1903243.639153439,1904450.200000000,1905070.064761905,1905347.847619048,1823.642026440,944.200000000,525.290315
ExecFloat Posit proved software,ExecFloat,posit,posit2,2,mul,proved-software,posit exhaustive encoded-value table,result-dependent-fixture-chain,9,1920209,13355602510009159212,9717879963652632185,0,0,0,99.372971380,99.555093222,99.860702663,100.068865420,100.108658427,100.297071829,100.687523702,100.863723688,0.424015352,0.228206409,9993118.197145
ExecFloat Posit proved software,ExecFloat,posit,posit3,3,mul,proved-software,posit exhaustive encoded-value table,result-dependent-fixture-chain,9,1902154,10084223550400037103,8405667493189754240,0,0,0,102.725602659,102.774194098,103.062407670,103.454805973,103.558830498,104.126684800,104.353038082,104.368714626,0.650683161,0.607724716,9666056.502632
ExecFloat Posit proved software,ExecFloat,posit,posit4,4,mul,proved-software,posit exhaustive encoded-value table,result-dependent-fixture-chain,9,1881076,4646830164012941546,10966993554736026028,0,0,0,105.318863246,105.351957071,105.509629063,106.407901648,106.112215975,106.424235384,107.053916588,107.430469582,0.698049024,0.791822872,9397798.326200
ExecFloat binary proved software,ExecFloat,binary-interchange,binary4-e2m1,4,mul,proved-software,binary-interchange multiplication exhaustive table,result-dependent-fixture-chain,9,1273026,760803663858302496,2523575493828147298,256,953805426734330830,15571562783549343558,159.248251803,159.486642221,160.058113503,160.137579280,160.594935916,160.452464443,162.929797506,164.263487156,1.448976904,0.293351432,6244630.426528
MPFR (binary) software reference,MPFR,binary-reference,mpfr-binary4-p2-e2,4,mul,software-reference,MPFR 4.2.0 RNDN with matched exponent range and gradual underflow,result-dependent-fixture-chain,9,6606160,18257968576786549033,4633629738873421639,256,953805426734330830,15571562783549343558,30.093817437,30.105080501,30.127252140,30.166441927,30.171876753,30.174026061,30.280833767,30.346913184,0.071964012,0.015272715,33149418.231765
Flocq binary reference (precision model),Flocq,binary-reference,flocq-p2,4,mul,software-reference,Flocq 4.2.2 extracted OCaml Zarith,result-dependent-fixture-chain,9,746793,-5178879216028027998,-7679655950515114751,0,0,0,242.679662236,242.721127541,242.800632839,242.986831692,242.985759850,243.099160008,243.343245049,243.399241825,0.234809767,0.186198853,4115449.355981
ExecFloat Posit proved software,ExecFloat,posit,posit5,5,mul,proved-software,posit exhaustive encoded-value table,result-dependent-fixture-chain,9,1839970,14097864667052898293,3877165135977032592,0,0,0,103.638905526,103.861916770,104.925471611,105.441483829,105.199035129,105.612532813,106.113986315,106.283537775,0.826443386,0.418175296,9483933.303007
Stillwater Universal Posit (software),Stillwater Universal,posit-external,posit5-es2,5,mul,external-software,Universal 26e69f5487b2e592b82002751d900a2437641fad generic posit<5; es=2>,result-dependent-fixture-chain,9,6405330,4002297359440090137,14040766380545677428,0,0,0,31.421564853,31.422104216,31.442381735,31.458451009,31.457507836,31.470863952,31.491109841,31.493406116,0.025312821,0.016069274,31787960.561734
ExecFloat binary proved software,ExecFloat,binary-interchange,binary5-e2m2,5,mul,proved-software,binary-interchange multiplication exhaustive table,result-dependent-fixture-chain,9,1124724,283616892290410227,18073912149090347499,256,691521576523960377,14418581874295671024,177.249956434,177.308123949,177.413044445,177.442109353,177.611049960,177.732337889,178.173095266,178.351398210,0.340296636,0.131866129,5635640.850111
MPFR (binary) software reference,MPFR,binary-reference,mpfr-binary5-p3-e2,5,mul,software-reference,MPFR 4.2.0 RNDN with matched exponent range and gradual underflow,result-dependent-fixture-chain,9,4974094,4059153872136918676,16640338537297292640,256,691521576523960377,14418581874295671024,40.186178026,40.192034931,40.206846714,40.259388946,40.280966455,40.287669674,40.449384551,40.512779413,0.101048505,0.052542232,24838926.426358
Flocq binary reference (precision model),Flocq,binary-reference,flocq-p3,5,mul,software-reference,Flocq 4.2.2 extracted OCaml Zarith,result-dependent-fixture-chain,9,567210,-6677418414735004784,-8252926266998157175,0,0,0,327.936244072,327.957393205,328.067341902,328.298614270,328.455954389,328.573251529,329.333323813,329.467740343,0.524862591,0.274637260,3046007.374183
ExecFloat Posit proved software,ExecFloat,posit,posit6,6,mul,proved-software,posit exhaustive encoded-value table,result-dependent-fixture-chain,9,1892242,6150807744218954499,8696875887810510440,0,0,0,104.645817501,104.877551497,105.368733492,105.468842252,105.529441501,105.742888066,106.207672592,106.261427450,0.482421329,0.243689761,9481473.188202
Stillwater Universal Posit (software),Stillwater Universal,posit-external,posit6-es2,6,mul,external-software,Universal 26e69f5487b2e592b82002751d900a2437641fad generic posit<6; es=2>,result-dependent-fixture-chain,9,4534942,6534727168172427018,5465184353604346094,0,0,0,44.534392281,44.544106011,44.569772667,44.608070621,44.599025522,44.624260685,44.646692372,44.649225944,0.039222878,0.034821394,22417468.096458
ExecFloat binary proved software,ExecFloat,binary-interchange,binary6-e3m2,6,mul,proved-software,binary-interchange multiplication exhaustive table,result-dependent-fixture-chain,9,1046658,13464433478395342040,10630608352574929971,256,16732428428466847560,15410270542147652249,191.206738973,191.228210743,191.524695746,191.751798582,191.832167506,192.142349268,192.499812355,192.697779982,0.485328401,0.390550686,5215074.942692
MPFR (binary) software reference,MPFR,binary-reference,mpfr-binary6-p3-e3,6,mul,software-reference,MPFR 4.2.0 RNDN with matched exponent range and gradual underflow,result-dependent-fixture-chain,9,5596461,6738553549276011776,8083248697558630663,256,16732428428466847560,15410270542147652249,35.711402974,35.718371163,35.729744565,35.749877110,35.749796146,35.771144300,35.776248704,35.776330613,0.023062107,0.021053662,27972124.125843
Flocq binary reference (precision model),Flocq,binary-reference,flocq-p3,6,mul,software-reference,Flocq 4.2.2 extracted OCaml Zarith,result-dependent-fixture-chain,9,560833,-7702338090214671957,-1908799677217242780,0,0,0,327.331348191,327.494440591,327.915409757,327.983282011,328.243510199,328.339108077,329.611514301,330.222768632,0.831330310,0.244202820,3048935.890479
ExecFloat Posit proved software,ExecFloat,posit,posit7,7,mul,proved-software,posit exhaustive encoded-value table,result-dependent-fixture-chain,9,1849745,14754540628763020255,13671359649168405790,0,0,0,104.100071631,104.126900843,104.233705186,104.631231873,104.627879879,104.982604629,105.172292505,105.296220290,0.411673051,0.355168956,9557375.767291
Stillwater Universal Posit (software),Stillwater Universal,posit-external,posit7-es2,7,mul,external-software,Universal 26e69f5487b2e592b82002751d900a2437641fad generic posit<7; es=2>,result-dependent-fixture-chain,9,3793339,12348608251258516967,15920302349665748406,0,0,0,52.205552681,52.253193980,52.347469604,52.396005472,52.395195485,52.457461355,52.505030370,52.527057824,0.095359738,0.061455884,19085424.375341
ExecFloat binary proved software,ExecFloat,binary-interchange,binary7-e3m3,7,mul,proved-software,binary-interchange multiplication exhaustive table,result-dependent-fixture-chain,9,1048884,8564411514882078977,16279332477900288753,256,13146525749783436809,17600022071726456791,189.241744559,189.419258183,189.729374268,189.849725994,189.835494043,190.046739201,190.172078514,190.173687462,0.287509429,0.164197375,5267323.904534
MPFR (binary) software reference,MPFR,binary-reference,mpfr-binary7-p4-e3,7,mul,software-reference,MPFR 4.2.0 RNDN with matched exponent range and gradual underflow,result-dependent-fixture-chain,9,5303146,4981552634077408913,9393542597619481255,256,13146525749783436809,17600022071726456791,37.762138927,37.797319704,37.861858414,37.869007755,37.881408424,37.918664695,37.966949844,37.992117321,0.063131537,0.018916884,26406818.115467
Flocq binary reference (precision model),Flocq,binary-reference,flocq-p4,7,mul,software-reference,Flocq 4.2.2 extracted OCaml Zarith,result-dependent-fixture-chain,9,481642,-615057225941712906,2338399369468301437,0,0,0,389.345652995,389.384643781,389.554081662,390.414301494,390.674772964,391.002634737,392.648929288,392.945266401,1.247035348,0.860219831,2561381.578939
ExecFloat Posit proved software,ExecFloat,posit,posit8,8,mul,proved-software,posit exhaustive encoded-value table,result-dependent-fixture-chain,9,1824383,5217588420069973094,14765189412119255085,0,0,0,107.019557845,107.021983871,107.598537149,108.321149671,108.092826634,108.785457330,109.007729627,109.053912473,0.790121023,0.651750756,9231807.482088
Stillwater Universal Posit (software),Stillwater Universal,posit-external,posit8-es2,8,mul,external-software,Universal 26e69f5487b2e592b82002751d900a2437641fad generic posit<8; es=2>,result-dependent-fixture-chain,9,3600361,12364628534622300444,10790424138972711673,0,0,0,55.631180040,55.682018831,55.759318857,55.781132225,55.782525141,55.800764701,55.874115568,55.883645279,0.071282119,0.021813368,17927208.719251
ExecFloat binary proved software,ExecFloat,binary-interchange,binary8-e4m3,8,mul,proved-software,binary-interchange multiplication exhaustive table,result-dependent-fixture-chain,9,1032909,6619112253309662055,16650232535640701207,256,254333560870201325,4801669834166586962,192.727135692,192.944737436,193.322160035,193.691029897,193.581808487,193.805309083,194.115661689,194.243560662,0.443987017,0.240914737,5162861.700571
MPFR (binary) software reference,MPFR,binary-reference,mpfr-binary8-p4-e4,8,mul,software-reference,MPFR 4.2.0 RNDN with matched exponent range and gradual underflow,result-dependent-fixture-chain,9,5837052,6479602727143688713,14977377284829408882,256,254333560870201325,4801669834166586962,34.269992284,34.293772576,34.341313903,34.380479221,34.375767292,34.401415132,34.453530686,34.466010753,0.058873133,0.039165318,29086272.869015
Flocq binary reference (precision model),Flocq,binary-reference,flocq-p4,8,mul,software-reference,Flocq 4.2.2 extracted OCaml Zarith,result-dependent-fixture-chain,9,481392,-5545376863620909814,5821131874895508725,0,0,0,388.875494400,388.911706052,389.060050853,389.414354622,389.849323997,389.905526058,391.983390252,392.725415046,1.238740663,0.448331090,2567958.751730
ExecFloat Posit proved software,ExecFloat,posit,posit16,16,mul,proved-software,posit direct packed-word exact product,result-dependent-fixture-chain,9,1496579,18228620300243001844,2752866636453750243,0,0,0,133.436996644,133.445382703,133.506518533,133.733136039,133.913544825,133.977826095,134.828978357,135.123351323,0.544151609,0.244690056,7477578.329644
Stillwater Universal Posit (software),Stillwater Universal,posit-external,posit16-es2,16,mul,external-software,Universal 26e69f5487b2e592b82002751d900a2437641fad generic posit<16; es=2>,result-dependent-fixture-chain,9,1837932,6292318586117367352,5637391221490831936,0,0,0,107.577007202,107.607767861,107.687260464,107.705453738,107.717561187,107.739366310,107.840414879,107.879515129,0.083942786,0.033912571,9284580.912964
ExecFloat binary proved software,ExecFloat,binary-interchange,binary16,16,mul,proved-software,binary-interchange multiplication native-word kernel,result-dependent-fixture-chain,9,2201720,17846721335228406945,525141483936512447,256,3926997885351921396,18187657784984312392,89.749727940,89.767800719,89.848277256,89.995417673,90.236752529,90.028696201,91.614035027,92.641296804,0.908772973,0.077724688,11111676.859243
MPFR (binary) software reference,MPFR,binary-reference,mpfr-binary16-p11-e5,16,mul,software-reference,MPFR 4.2.0 RNDN with matched exponent range and gradual underflow,result-dependent-fixture-chain,9,6279736,14023417901757364667,776097905001329731,256,3926997885351921396,18187657784984312392,31.911098811,31.911609023,31.962220386,31.978280456,31.977981806,32.001630483,32.040105794,32.050927778,0.046923953,0.023350026,31271224.897917
Flocq binary reference (precision model),Flocq,binary-reference,flocq-p11,16,mul,software-reference,Flocq 4.2.2 extracted OCaml Zarith,result-dependent-fixture-chain,9,235093,1459157811005293965,-6175049815897954794,0,0,0,821.129399855,821.364278817,824.331711280,831.626700923,845.687925393,870.459043868,871.759476463,871.814452153,24.280684305,10.497301068,1202462.593963
ExecFloat Posit proved software,ExecFloat,posit,posit32,32,mul,proved-software,posit direct packed-word exact product,result-dependent-fixture-chain,9,693072,17471233291307202879,9203835773659070286,0,0,0,288.038274523,288.102445633,288.259245793,288.907637302,288.715674722,289.044778897,289.272249348,289.332447422,0.478016679,0.424810121,3461313.827975
Stillwater Universal Posit (software),Stillwater Universal,posit-external,posit32-es2,32,mul,external-software,Universal 26e69f5487b2e592b82002751d900a2437641fad generic posit<32; es=2>,result-dependent-fixture-chain,9,725532,13677056883081638766,16791661982589299710,0,0,0,266.073715563,266.113975676,266.445373877,266.498435631,266.559685246,266.594843508,267.206941941,267.487582905,0.407452752,0.096407877,3752367.242357
ExecFloat binary proved software,ExecFloat,binary-interchange,binary32,32,mul,proved-software,configured proved word kernel,result-dependent-fixture-chain,9,1959786,7960534400617633406,15948604647657219095,256,10455358528253897402,7341641514666459220,101.820961064,101.860931959,101.989633052,102.039710458,102.025804915,102.104535393,102.151968429,102.175626318,0.107037814,0.064824935,9800106.208747
Berkeley SoftFloat IEEE software,Berkeley SoftFloat,binary-interchange,binary32,32,mul,external-software,SoftFloat 3e,result-dependent-fixture-chain,9,10967341,14025873762487842172,459604985486971425,256,10455358528253897402,7341641514666459220,18.195549404,18.199173364,18.214737009,18.221796696,18.219245273,18.226049049,18.232618918,18.236465065,0.012493359,0.005053002,54879330.324656
MPFR (binary) software reference,MPFR,binary-reference,mpfr-binary32-p24-e8,32,mul,software-reference,MPFR 4.2.0 RNDN with matched exponent range and gradual underflow,result-dependent-fixture-chain,9,6274676,5352325439033015993,13999253854592757975,256,10455358528253897402,7341641514666459220,31.773624965,31.774339966,31.785158150,31.841281048,31.835148000,31.877584277,31.907742997,31.914845324,0.053778843,0.055808459,31405771.598769
Flocq binary reference (precision model),Flocq,binary-reference,flocq-p24,32,mul,software-reference,Flocq 4.2.2 extracted OCaml Zarith,result-dependent-fixture-chain,9,115989,5214154641570817394,3114761453436119922,0,0,0,1683.998594694,1684.752114425,1688.499228375,1709.697773065,1725.140507577,1712.064411280,1814.072953470,1814.199355111,51.621408409,21.198544690,584898.697158
Native C IEEE FPU,Native C,binary-interchange,binary32,32,mul,native-fpu,C float host FPU,result-dependent-fixture-chain,9,23070353,2449070911855702766,14429998561057534814,256,10455358528253897402,7341641514666459220,8.662766062,8.662834114,8.663550012,8.663841121,8.666977566,8.670342192,8.673118517,8.674908745,0.004508037,0.001075059,115422245.863103
ExecFloat Posit proved software,ExecFloat,posit,posit64,64,mul,proved-software,posit direct packed-word exact product,result-dependent-fixture-chain,9,650148,18060540928045262227,1715685100210855936,0,0,0,304.624407058,304.641422261,304.828045307,305.082105920,305.114531187,305.508787230,305.618985831,305.686142232,0.386269273,0.415160856,3277806.140032
Stillwater Universal Posit (software),Stillwater Universal,posit-external,posit64-es2,64,mul,external-software,Universal 26e69f5487b2e592b82002751d900a2437641fad generic posit<64; es=2>,result-dependent-fixture-chain,9,292891,2693508570607003527,4151571468615920012,0,0,0,684.247006566,684.368470182,684.771358628,684.939916215,685.066078811,685.291238037,685.988265942,686.164320515,0.590280922,0.351321823,1459982.074817
ExecFloat binary proved software,ExecFloat,binary-interchange,binary64,64,mul,proved-software,configured proved word kernel,result-dependent-fixture-chain,9,792533,15669983151361363208,18163901864782046612,256,10844575015366422186,11592510319815437518,250.314693521,250.316851160,250.350670571,250.701776456,250.621626411,250.751356726,250.991275316,251.083919534,0.268901902,0.213226452,3988803.007846
Berkeley SoftFloat IEEE software,Berkeley SoftFloat,binary-interchange,binary64,64,mul,external-software,SoftFloat 3e,result-dependent-fixture-chain,9,10853144,12743396186176015462,14324618875590850155,256,10844575015366422186,11592510319815437518,18.245825541,18.246707719,18.255041304,18.259583767,18.284913621,18.292854495,18.379736637,18.407631005,0.054488108,0.011552781,54765760.971178
MPFR (binary) software reference,MPFR,binary-reference,mpfr-binary64-p53-e11,64,mul,software-reference,MPFR 4.2.0 RNDN with matched exponent range and gradual underflow,result-dependent-fixture-chain,9,6216176,16468656231428176255,12320471991864867326,256,10844575015366422186,11592510319815437518,31.778798895,31.838541348,31.936854587,31.946406923,32.017496430,31.961431272,32.435703622,32.751513792,0.281002686,0.015024349,31302424.789594
Flocq binary reference (precision model),Flocq,binary-reference,flocq-p53,64,mul,software-reference,Flocq 4.2.2 extracted OCaml Zarith,result-dependent-fixture-chain,9,29626,7480542511435535953,5619965727816945369,0,0,0,6561.912981840,6567.845838115,6605.297913994,6617.528184703,6665.374202090,6751.372274354,6764.091892257,6766.555795585,86.913927432,55.615202862,151113.825599
Native C IEEE FPU,Native C,binary-interchange,binary64,64,mul,native-fpu,C double host FPU,result-dependent-fixture-chain,9,23489753,12815097011881332900,2299409448584254651,256,10844575015366422186,11592510319815437518,8.503502996,8.503847895,8.505542566,8.508983981,8.508844994,8.512562265,8.514199770,8.514600473,0.004118236,0.003578284,117522844.349707
CPython float64 runtime,CPython,python-runtime,python-float64,64,mul,dynamic-runtime,CPython 3.11.2 float expression; interpreter and object overhead included,result-dependent-fixture-chain,9,240784,9950190310479510230,13825663787232969556,256,10844575015366422186,11592510319815437518,816.739704465,819.009189149,823.659703303,826.039047445,827.470837856,832.655097515,834.942488704,835.467668117,6.395313820,6.120547877,1210596.524575
ExecFloat Posit proved software,ExecFloat,posit,posit128,128,mul,proved-software,posit direct packed-pair exact product,result-dependent-fixture-chain,9,163712,15207384892708885134,12183479730722941094,0,0,0,1203.458995065,1203.532079505,1203.711212373,1204.347414973,1205.237000206,1206.206545641,1208.820584930,1209.878628323,2.157788988,0.705708806,830325.193186
Stillwater Universal Posit (software),Stillwater Universal,posit-external,posit128-es2,128,mul,external-software,Universal 26e69f5487b2e592b82002751d900a2437641fad generic posit<128; es=2>,result-dependent-fixture-chain,9,107994,16520321983612294306,7110079691260469287,0,0,0,1855.916384244,1856.035057503,1856.333074060,1857.012334019,1857.016630554,1857.501750097,1858.087478934,1858.426264422,0.799637148,0.566966683,538499.385104
ExecFloat binary proved software,ExecFloat,binary-interchange,binary128,128,mul,proved-software,binary-interchange multiplication fixed-limb kernel,result-dependent-fixture-chain,9,127270,1649028717919065192,14342712874752326215,256,9170763136414237279,9626421577276675687,1563.603190068,1564.246637857,1566.505468689,1569.563652078,1568.866331421,1571.017726094,1572.539520704,1572.951158953,3.190651912,2.358411252,637119.748967
MPFR (binary) software reference,MPFR,binary-reference,mpfr-binary128-p113-e15,128,mul,software-reference,MPFR 4.2.0 RNDN with matched exponent range and gradual underflow,result-dependent-fixture-chain,9,5396748,4103603100491446082,17118260649946651957,256,9170763136414237279,9626421577276675687,37.067005537,37.088986256,37.127225507,37.157381445,37.160060940,37.169367923,37.255213881,37.294335959,0.062375630,0.030155938,26912553.067630
Flocq binary reference (precision model),Flocq,binary-reference,flocq-p113,128,mul,software-reference,Flocq 4.2.2 extracted OCaml Zarith,result-dependent-fixture-chain,9,10227,6982965418772336804,-3389376897160418618,0,0,0,19341.095042534,19343.201192921,19360.228317200,19394.214041263,19440.592244929,19471.889117043,19667.090446856,19795.567419576,141.895793945,47.853622763,51561.769808
ExecFloat Posit proved software,ExecFloat,posit,posit256,256,mul,proved-software,posit direct exact-dyadic product,result-dependent-fixture-chain,9,55787,18254946890948886116,16655646308523773629,0,0,0,3583.537687992,3588.112316490,3596.507089465,3600.862763726,3620.581732502,3608.015666732,3719.582849051,3793.894383996,65.413185192,5.888504490,277711.222453
Stillwater Universal Posit (software),Stillwater Universal,posit-external,posit256-es2,256,mul,external-software,Universal 26e69f5487b2e592b82002751d900a2437641fad generic posit<256; es=2>,result-dependent-fixture-chain,9,44594,11273038066157498995,12586452695065520939,0,0,0,4474.786159573,4475.380741804,4476.326972238,4477.568305153,4477.710025763,4479.112593622,4479.925945194,4480.166704041,1.750743956,1.295690003,223335.509779
ExecFloat binary proved software,ExecFloat,binary-interchange,binary256-custom-e19m236,256,mul,proved-software,binary-interchange multiplication exact baseline,result-dependent-fixture-chain,9,63395,16674124185025487988,13566301496080248425,256,17523052883321331641,10716061577737147701,3094.129189999,3094.579717643,3100.330814733,3105.174729868,3103.718237506,3106.957977758,3112.642874044,3115.258758577,6.683521860,3.751936273,322043.069068
MPFR (binary) software reference,MPFR,binary-reference,mpfr-binary256-p237-e19,256,mul,software-reference,MPFR 4.2.0 RNDN with matched exponent range and gradual underflow,result-dependent-fixture-chain,9,3776424,2472852516076594028,17032664161715211210,256,17523052883321331641,10716061577737147701,51.522909239,51.544780088,51.599080771,51.669443103,51.977900787,51.791500107,53.340451178,54.320521742,0.885621424,0.112150542,19353798.685437
Flocq binary reference (precision model),Flocq,binary-reference,flocq-p237,256,mul,software-reference,Flocq 4.2.2 extracted OCaml Zarith,result-dependent-fixture-chain,9,3926,-8807798025164180695,4331485120486190997,0,0,0,50220.627865512,50221.376821192,50262.887671931,50430.990575650,50398.444048226,50489.355832909,50599.581253184,50622.660723383,153.915761712,147.295975548,19829.077093
ExecFloat Posit proved software,ExecFloat,posit,posit512,512,mul,proved-software,posit direct exact-dyadic product,result-dependent-fixture-chain,9,54103,10780191830755691322,8057599280955966978,0,0,0,3771.881725597,3771.969750291,3773.937637469,3775.953163411,3778.381886813,3783.804576456,3787.199778201,3788.143245291,6.113124532,3.851376079,264833.793409
Stillwater Universal Posit (software),Stillwater Universal,posit-external,posit512-es2,512,mul,external-software,Universal 26e69f5487b2e592b82002751d900a2437641fad generic posit<512; es=2>,result-dependent-fixture-chain,9,15170,17675488500000248549,15208002729031993086,0,0,0,13155.655833883,13155.816519446,13156.105735003,13158.232564272,13161.142151908,13164.862294001,13169.821397495,13171.176203032,5.884231077,2.576730389,75998.048759
ExecFloat binary proved software,ExecFloat,binary-interchange,binary512-custom-e19m492,512,mul,proved-software,binary-interchange multiplication exact baseline,result-dependent-fixture-chain,9,61079,11391839035085875533,468134696619726119,256,17349291455108062735,7704363681322181692,3250.029846592,3251.724451939,3258.626025311,3260.749144551,3261.343162134,3263.680561240,3271.520309763,3273.114081763,7.033460149,2.931416690,306677.991980
MPFR (binary) software reference,MPFR,binary-reference,mpfr-binary512-p493-e19,512,mul,software-reference,MPFR 4.2.0 RNDN with matched exponent range and gradual underflow,result-dependent-fixture-chain,9,2507153,6602486538803197468,8352676552693637123,256,17349291455108062735,7704363681322181692,80.044532185,80.089739637,80.163859565,80.244243171,80.286088599,80.282317433,80.623118414,80.720662839,0.200677964,0.080383606,12461953.162965
Flocq binary reference (precision model),Flocq,binary-reference,flocq-p493,512,mul,software-reference,Flocq 4.2.2 extracted OCaml Zarith,result-dependent-fixture-chain,9,1461,6666052652838809213,-1026419684556862213,0,0,0,136836.856947296,136865.899247091,137009.257357974,137086.347022587,137117.709179405,137309.514715948,137366.674743326,137368.319644079,193.027271431,176.884325804,7294.672458
ExecFloat Posit proved software,ExecFloat,posit,posit1024,1024,mul,proved-software,posit direct exact-dyadic product,result-dependent-fixture-chain,9,44962,14118623760997640773,17475917376945299776,0,0,0,4260.318847026,4260.753987812,4262.982029269,4267.641230372,4268.674987273,4271.723922423,4278.627885770,4278.772496775,6.849003369,4.659201103,234321.477842
Stillwater Universal Posit (software),Stillwater Universal,posit-external,posit1024-es2,1024,mul,external-software,Universal 26e69f5487b2e592b82002751d900a2437641fad generic posit<1024; es=2>,result-dependent-fixture-chain,9,3097,18065406158115463326,4202072504196912112,0,0,0,64019.316758153,64222.162738134,64564.791733936,64655.727801098,64795.045994331,65026.122376493,65559.577332903,65619.577332903,498.200014993,129.296092993,15466.533809
ExecFloat binary proved software,ExecFloat,binary-interchange,binary1024-custom-e19m1004,1024,mul,proved-software,binary-interchange multiplication exact baseline,result-dependent-fixture-chain,9,55491,11818492724116726138,5128473429648606955,256,10797881490847747902,3571047587515683140,3591.251031699,3593.942206844,3601.747887045,3607.355318881,3644.464591856,3722.706673154,3732.043549404,3734.725721288,63.326933790,9.376349318,277211.394942
MPFR (binary) software reference,MPFR,binary-reference,mpfr-binary1024-p1005-e19,1024,mul,software-reference,MPFR 4.2.0 RNDN with matched exponent range and gradual underflow,result-dependent-fixture-chain,9,1590252,10919123988927381429,8988734709220773120,256,10797881490847747902,3571047587515683140,125.832224075,125.856910477,126.018170705,126.037725467,126.346905745,126.243852547,127.731140599,128.615448998,0.867835450,0.143785387,7934132.390056
Flocq binary reference (precision model),Flocq,binary-reference,flocq-p1005,1024,mul,software-reference,Flocq 4.2.2 extracted OCaml Zarith,result-dependent-fixture-chain,9,489,-809317986212812583,4793828639245977728,0,0,0,398194.525562372,398255.243762781,398435.873210634,398927.192229039,399343.413769598,399751.787321063,401784.905521472,402979.615541922,1498.488835040,580.871165644,2506.723080
ExecFloat Posit proved software,ExecFloat,posit,posit2048,2048,mul,proved-software,posit direct exact-dyadic product,result-dependent-fixture-chain,9,39648,2471253231264878271,3961850671648638935,0,0,0,5098.699757869,5099.168593624,5099.966908797,5105.086309524,5106.649061743,5107.918734867,5123.408903349,5132.418558313,10.419139230,4.808111380,195883.074128
Stillwater Universal Posit (software),Stillwater Universal,posit-external,posit2048-es2,2048,mul,external-software,Universal 26e69f5487b2e592b82002751d900a2437641fad generic posit<2048; es=2>,result-dependent-fixture-chain,9,873,11931070440223165948,1204370412315860072,0,0,0,219334.319587629,219671.191065292,221621.304696449,225911.798396334,224346.048491791,227053.342497136,228552.621764032,228732.453608247,3615.142436217,2820.655211913,4426.506305
ExecFloat binary proved software,ExecFloat,binary-interchange,binary2048-custom-e19m2028,2048,mul,proved-software,binary-interchange multiplication exact baseline,result-dependent-fixture-chain,9,46031,11999861787750927804,12852566885692389672,256,11277422525107346237,3130251621155328320,4292.323043167,4293.371406226,4295.760987161,4299.721361691,4321.991150891,4307.724533467,4423.047611392,4495.798939845,65.528535115,4.777410875,232573.210187
MPFR (binary) software reference,MPFR,binary-reference,mpfr-binary2048-p2029-e19,2048,mul,software-reference,MPFR 4.2.0 RNDN with matched exponent range and gradual underflow,result-dependent-fixture-chain,9,582129,12226876629068318776,5683817140163605581,256,11277422525107346237,3130251621155328320,343.677123112,343.731776977,343.965389115,344.378995034,344.322413455,344.473932754,345.003227120,345.235643646,0.472232836,0.275607297,2903777.566056
Flocq binary reference (precision model),Flocq,binary-reference,flocq-p2029,2048,mul,software-reference,Flocq 4.2.2 extracted OCaml Zarith,result-dependent-fixture-chain,9,155,8394127223659285042,2112955889158545231,0,0,0,1276686.929032258,1276915.803870968,1277725.974193548,1278402.683870968,1278793.622939068,1279088.587096774,1281832.425806452,1282915.664516129,1876.883885308,685.903225807,782.226143
ExecFloat Posit proved software,ExecFloat,posit,posit4096,4096,mul,proved-software,posit direct exact-dyadic product,result-dependent-fixture-chain,9,27066,11042441551644852345,14944832076081248243,0,0,0,7251.290549028,7251.453557969,7252.807729254,7254.372533806,7260.598549225,7263.777248208,7279.498433459,7288.550395330,11.954835996,3.081984778,137847.897298
Stillwater Universal Posit (software),Stillwater Universal,posit-external,posit4096-es2,4096,mul,external-software,Universal 26e69f5487b2e592b82002751d900a2437641fad generic posit<4096; es=2>,result-dependent-fixture-chain,9,239,16781715787635502226,12222831491917149950,0,0,0,827331.000000000,828538.362343096,831473.330543933,839625.225941423,838954.543003254,847237.271966527,850220.553974896,851044.945606695,8810.064873413,8151.895397490,1191.007570
ExecFloat binary proved software,ExecFloat,binary-interchange,binary4096-custom-e19m4076,4096,mul,proved-software,binary-interchange multiplication exact baseline,result-dependent-fixture-chain,9,31775,17347140065373372489,5306648513857234279,256,5200004546712615421,8285122533487066411,6226.320157356,6226.550942565,6235.764185681,6241.331077891,6239.031051665,6244.271313926,6246.788997640,6247.055861526,7.840525410,5.057623918,160222.232649
MPFR (binary) software reference,MPFR,binary-reference,mpfr-binary4096-p4077-e19,4096,mul,software-reference,MPFR 4.2.0 RNDN with matched exponent range and gradual underflow,result-dependent-fixture-chain,9,192947,13618811802801127476,16021123639888413639,256,5200004546712615421,8285122533487066411,1039.507263653,1039.780256754,1040.277977890,1040.677559122,1040.951185213,1041.601206549,1042.635863735,1042.976599792,1.081462770,0.487812715,960912.427902
Flocq binary reference (precision model),Flocq,binary-reference,flocq-p4077,4096,mul,software-reference,Flocq 4.2.2 extracted OCaml Zarith,result-dependent-fixture-chain,9,45,-6820713155624480105,-4190866132359178311,0,0,0,4459002.777777778,4460526.671111111,4463257.733333333,4463786.111111111,4464740.792592593,4464098.622222222,4471514.795555556,4472991.355555556,4049.558803373,528.377777778,224.025071
ExecFloat Posit proved software,ExecFloat,posit,posit2,2,div,proved-software,posit exhaustive encoded-value table,result-dependent-fixture-chain,9,2039621,14011221091129551586,11927629065277756798,0,0,0,97.999556290,98.162367714,98.740157608,98.783609798,98.832346739,99.149087502,99.295487250,99.349672807,0.429387594,0.365477704,10123136.844704
ExecFloat Posit proved software,ExecFloat,posit,posit3,3,div,proved-software,posit exhaustive encoded-value table,result-dependent-fixture-chain,9,1862771,17436602571164873215,7370162280700235796,0,0,0,104.217919970,104.230434229,104.405500193,104.473691613,104.553034878,104.744535963,104.917476169,105.018692045,0.261060456,0.224485994,9571787.734872
ExecFloat Posit proved software,ExecFloat,posit,posit4,4,div,proved-software,posit exhaustive encoded-value table,result-dependent-fixture-chain,9,1891803,18229246450528953822,5777531829172431086,0,0,0,103.480078000,103.553817390,104.180714377,104.758358561,104.634288912,105.104376090,105.385257662,105.405081290,0.708274801,0.577644184,9545777.671016
ExecFloat binary proved software,ExecFloat,binary-interchange,binary4-e2m1,4,div,proved-software,binary-interchange division exhaustive table,result-dependent-fixture-chain,9,1169858,13013540357338131960,6962552826118056066,256,13561070708419760928,4951952703663175870,169.715314166,169.739279468,169.932946563,170.207467915,170.188320672,170.394870147,170.567300818,170.662599221,0.320093155,0.216885297,5875182.870941
MPFR (binary) software reference,MPFR,binary-reference,mpfr-binary4-p2-e2,4,div,software-reference,MPFR 4.2.0 RNDN with matched exponent range and gradual underflow,result-dependent-fixture-chain,9,6232569,2723117280865131159,3556894638292760836,256,13561070708419760928,4951952703663175870,31.972105724,31.980320763,32.003406942,32.014027121,32.010605186,32.019297019,32.035103952,32.044220449,0.020055190,0.007402084,31236307.641582
Flocq binary reference (precision model),Flocq,binary-reference,flocq-p2,4,div,software-reference,Flocq 4.2.2 extracted OCaml Zarith,result-dependent-fixture-chain,9,539354,-5797853887106380168,-2337342870941474425,0,0,0,340.052512821,340.157634874,340.698331708,341.559083645,341.194117407,341.749188844,341.917819836,341.938776759,0.711099061,0.379693114,2927751.150196
ExecFloat Posit proved software,ExecFloat,posit,posit5,5,div,proved-software,posit exhaustive encoded-value table,result-dependent-fixture-chain,9,1881380,6303224519762998248,13296793389523784839,0,0,0,103.626630984,103.850913159,104.190748812,104.733108676,104.717079543,105.222802411,105.480667170,105.580167749,0.640761626,0.542359864,9548079.042492
Stillwater Universal Posit (software),Stillwater Universal,posit-external,posit5-es2,5,div,external-software,Universal 26e69f5487b2e592b82002751d900a2437641fad generic posit<5; es=2>,result-dependent-fixture-chain,9,4873651,15978375899682555462,3091855902487143150,0,0,0,40.815450470,40.831533362,40.860935262,40.878193986,40.895620666,40.936503455,40.983497136,41.003230843,0.057955289,0.022536287,24462920.263375
ExecFloat binary proved software,ExecFloat,binary-interchange,binary5-e2m2,5,div,proved-software,binary-interchange division exhaustive table,result-dependent-fixture-chain,9,1076616,778613681893350232,8711566974356496323,256,14899042810814238764,1845313676431298965,186.190171798,186.241884200,186.325319334,186.395772495,186.403468832,186.473553245,186.610066170,186.680654012,0.139700976,0.076319691,5364928.542192
MPFR (binary) software reference,MPFR,binary-reference,mpfr-binary5-p3-e2,5,div,software-reference,MPFR 4.2.0 RNDN with matched exponent range and gradual underflow,result-dependent-fixture-chain,9,3545604,9047890911510076133,11007221757198868991,256,14899042810814238764,1845313676431298965,56.244481053,56.250510491,56.270880222,56.298980653,56.325282331,56.333769930,56.452497684,56.469709533,0.076433616,0.034789277,17762310.940575
Flocq binary reference (precision model),Flocq,binary-reference,flocq-p3,5,div,software-reference,Flocq 4.2.2 extracted OCaml Zarith,result-dependent-fixture-chain,9,483907,5698963321224372529,-8006259568361565040,0,0,0,386.032983610,386.355563776,386.878482849,387.040323864,387.168696786,387.386733401,388.087322977,388.352102780,0.640167044,0.280268729,2583710.115827
ExecFloat Posit proved software,ExecFloat,posit,posit6,6,div,proved-software,posit exhaustive encoded-value table,result-dependent-fixture-chain,9,1909186,10639845179227803876,11973705852829257815,0,0,0,104.180863991,104.331275737,105.661141974,106.112736528,105.772768197,106.278544888,106.467548578,106.582010344,0.838548828,0.183119403,9423939.413162
Stillwater Universal Posit (software),Stillwater Universal,posit-external,posit6-es2,6,div,external-software,Universal 26e69f5487b2e592b82002751d900a2437641fad generic posit<6; es=2>,result-dependent-fixture-chain,9,3782506,3220017953307830793,1063702684022625241,0,0,0,53.655444301,53.661871680,53.707127497,53.744439004,53.758957333,53.837432644,53.865050313,53.874710575,0.080508115,0.072926256,18606576.206367
ExecFloat binary proved software,ExecFloat,binary-interchange,binary6-e3m2,6,div,proved-software,binary-interchange division exhaustive table,result-dependent-fixture-chain,9,980054,17361086977395227003,13402058441635323508,256,9601202237124181899,10638078861417486847,202.896346528,202.923288717,203.112963163,203.176140294,203.570815486,203.454448428,205.316262165,206.431945587,1.097660039,0.212438294,4921837.763782
MPFR (binary) software reference,MPFR,binary-reference,mpfr-binary6-p3-e3,6,div,software-reference,MPFR 4.2.0 RNDN with matched exponent range and gradual underflow,result-dependent-fixture-chain,9,5303077,8371631100023612736,7985867130891980287,256,9601202237124181899,10638078861417486847,37.618624998,37.662356213,37.807049002,37.823726112,37.836532933,37.909385815,38.004449983,38.061923483,0.124231446,0.085659703,26438431.714346
Flocq binary reference (precision model),Flocq,binary-reference,flocq-p3,6,div,software-reference,Flocq 4.2.2 extracted OCaml Zarith,result-dependent-fixture-chain,9,483489,9087511016329714940,4886996548014205485,0,0,0,385.872299060,386.064935500,386.647466644,386.844424589,386.785975597,387.079224140,387.288750726,387.391709015,0.456587943,0.234799551,2585018.515035
ExecFloat Posit proved software,ExecFloat,posit,posit7,7,div,proved-software,posit exhaustive encoded-value table,result-dependent-fixture-chain,9,1870304,17707594075424004740,12184365856622101029,0,0,0,105.415888005,105.461214968,105.534899139,105.839257682,106.065065299,106.583841450,106.768453791,106.773340056,0.573797951,0.423369677,9448290.000322
Stillwater Universal Posit (software),Stillwater Universal,posit-external,posit7-es2,7,div,external-software,Universal 26e69f5487b2e592b82002751d900a2437641fad generic posit<7; es=2>,result-dependent-fixture-chain,9,2736016,10732624304550434777,6375974883926122229,0,0,0,72.898820036,72.900872217,72.921957693,72.936470401,72.965234893,73.023223183,73.044565894,73.046187230,0.060410861,0.037650365,13710562.006982
ExecFloat binary proved software,ExecFloat,binary-interchange,binary7-e3m3,7,div,proved-software,binary-interchange division exhaustive table,result-dependent-fixture-chain,9,979926,12444082980232365697,16800337585901473165,256,15487434424037943882,11716068951026471109,204.487818468,204.509886257,204.641861732,204.779275170,205.859558216,204.955841564,210.691355878,214.175294869,3.131855184,0.176566394,4883306.668465
MPFR (binary) software reference,MPFR,binary-reference,mpfr-binary7-p4-e3,7,div,software-reference,MPFR 4.2.0 RNDN with matched exponent range and gradual underflow,result-dependent-fixture-chain,9,5696597,286679145997966378,15764038046899362290,256,15487434424037943882,11716068951026471109,34.934822140,34.938791457,34.983020740,34.997465504,35.013576448,35.022703730,35.139507534,35.208935440,0.080275032,0.025238226,28573497.697258
Flocq binary reference (precision model),Flocq,binary-reference,flocq-p4,7,div,software-reference,Flocq 4.2.2 extracted OCaml Zarith,result-dependent-fixture-chain,9,445342,-5554657965515219642,-4523500971873271739,0,0,0,427.283321582,427.307697455,427.460677412,427.667390455,427.784037137,428.076619766,428.305800486,428.350860687,0.398763302,0.367367102,2338265.723127
ExecFloat Posit proved software,ExecFloat,posit,posit8,8,div,proved-software,posit exhaustive encoded-value table,result-dependent-fixture-chain,9,1900919,15487170385120051930,6364685817751649971,0,0,0,106.594610817,106.811833119,107.169030874,107.530250894,107.468507893,107.799445426,107.914657595,107.944150698,0.433783683,0.340167046,9299708.609270
Stillwater Universal Posit (software),Stillwater Universal,posit-external,posit8-es2,8,div,external-software,Universal 26e69f5487b2e592b82002751d900a2437641fad generic posit<8; es=2>,result-dependent-fixture-chain,9,2264288,8234457143205102229,8749159618352054286,0,0,0,88.994711803,89.002814130,89.087657577,89.247680065,89.242244901,89.380685231,89.456078820,89.466904828,0.181008284,0.160022488,11204773.045830
ExecFloat binary proved software,ExecFloat,binary-interchange,binary8-e4m3,8,div,proved-software,binary-interchange division exhaustive table,result-dependent-fixture-chain,9,961696,6377469531346967151,14881966678910304832,256,5447373064465816624,12232418598729189962,205.825598734,205.842611595,206.316852727,206.608329451,206.544813884,206.883613949,207.215599316,207.432306051,0.510169889,0.282209763,4840075.918796
MPFR (binary) software reference,MPFR,binary-reference,mpfr-binary8-p4-e4,8,div,software-reference,MPFR 4.2.0 RNDN with matched exponent range and gradual underflow,result-dependent-fixture-chain,9,5717954,12089883760290148204,2529287592753833130,256,5447373064465816624,12232418598729189962,34.881032621,34.885327934,34.909442084,34.952088981,34.947841464,34.972753016,35.026161631,35.043301677,0.053894680,0.042646898,28610593.218904
Flocq binary reference (precision model),Flocq,binary-reference,flocq-p4,8,div,software-reference,Flocq 4.2.2 extracted OCaml Zarith,result-dependent-fixture-chain,9,440161,-1122334544308768748,-7406946169159888094,0,0,0,426.347990849,426.445807784,426.622597186,427.019490595,427.309596312,427.936257415,428.528637930,428.766458182,0.844701927,0.599155763,2341813.481641
ExecFloat Posit proved software,ExecFloat,posit,posit16,16,div,proved-software,posit direct packed-word exact quotient,result-dependent-fixture-chain,9,633245,2139210062643076198,9205507881740308799,0,0,0,314.385283737,314.875004461,316.545735063,317.416257531,317.732128253,318.365416229,322.018293709,324.406420896,2.816486261,0.949158698,3150437.245337
Stillwater Universal Posit (software),Stillwater Universal,posit-external,posit16-es2,16,div,external-software,Universal 26e69f5487b2e592b82002751d900a2437641fad generic posit<16; es=2>,result-dependent-fixture-chain,9,1253699,4524235883581710000,16529041775264467840,0,0,0,160.051913577,160.071199227,160.110740297,160.250489152,160.260381568,160.334391269,160.536487626,160.567467949,0.182561885,0.139748855,6240230.562094
ExecFloat binary proved software,ExecFloat,binary-interchange,binary16,16,div,proved-software,binary-interchange division native-word kernel,result-dependent-fixture-chain,9,570105,883592371066548696,897962486591758405,256,12273333955110306205,1536966327070879480,347.348877838,347.420472369,347.845033810,348.358355040,349.559708007,348.522110839,355.471472448,357.266929776,3.317493687,0.513321230,2870607.193806
MPFR (binary) software reference,MPFR,binary-reference,mpfr-binary16-p11-e5,16,div,software-reference,MPFR 4.2.0 RNDN with matched exponent range and gradual underflow,result-dependent-fixture-chain,9,5908618,10667350274105781663,15999984030717194900,256,12273333955110306205,1536966327070879480,33.632544869,33.636403030,33.658569060,33.690919603,33.685575901,33.710970992,33.729154939,33.738950800,0.035432367,0.023541546,29681588.148909
Flocq binary reference (precision model),Flocq,binary-reference,flocq-p11,16,div,software-reference,Flocq 4.2.2 extracted OCaml Zarith,result-dependent-fixture-chain,9,267453,-7464145970577002411,6263883749985703257,0,0,0,723.271543037,725.929641470,730.456181086,733.571461154,744.420681598,762.821351789,764.271661937,764.776256015,17.487189457,10.299918116,1363193.707709
ExecFloat Posit proved software,ExecFloat,posit,posit32,32,div,proved-software,posit direct packed-word exact quotient,result-dependent-fixture-chain,9,414882,9794265088017676258,6738930429193470977,0,0,0,481.027921192,481.271084308,481.671730757,482.031269132,482.540146623,482.706338188,485.079518514,486.135672312,1.520824522,0.395440149,2074554.212636
Stillwater Universal Posit (software),Stillwater Universal,posit-external,posit32-es2,32,div,external-software,Universal 26e69f5487b2e592b82002751d900a2437641fad generic posit<32; es=2>,result-dependent-fixture-chain,9,423617,1284925624347467880,7285013696549662849,0,0,0,473.815262371,473.882232299,474.075235413,474.173061988,474.258975547,474.362648336,474.842998274,475.134194331,0.374743194,0.189586348,2108934.648899
ExecFloat binary proved software,ExecFloat,binary-interchange,binary32,32,div,proved-software,configured proved word kernel,result-dependent-fixture-chain,9,1614553,5198204063093218969,17990042421089116273,256,16341726122421238898,9159345502404108257,123.510429822,123.521908417,123.618158091,123.717557120,123.865600228,123.853504345,124.594625757,124.745136270,0.416722939,0.135947225,8082927.138901
Berkeley SoftFloat IEEE software,Berkeley SoftFloat,binary-interchange,binary32,32,div,external-software,SoftFloat 3e,result-dependent-fixture-chain,9,10206200,6298534411425631934,8644169497543936925,256,16341726122421238898,9159345502404108257,19.620297564,19.622293880,19.629348729,19.643547843,19.649197264,19.659084086,19.691514864,19.701385138,0.026874431,0.015536243,50907300.858716
MPFR (binary) software reference,MPFR,binary-reference,mpfr-binary32-p24-e8,32,div,software-reference,MPFR 4.2.0 RNDN with matched exponent range and gradual underflow,result-dependent-fixture-chain,9,5805954,1858600942135957926,12038595620295987054,256,16341726122421238898,9159345502404108257,33.321969998,33.326410061,33.334625800,33.342715082,33.364937825,33.377097717,33.437699644,33.462627503,0.044559699,0.020745083,29991558.802182
Flocq binary reference (precision model),Flocq,binary-reference,flocq-p24,32,div,software-reference,Flocq 4.2.2 extracted OCaml Zarith,result-dependent-fixture-chain,9,142557,8906122463749345074,-415400601461553516,0,0,0,1388.742776574,1388.832419313,1389.669184958,1426.967234159,1453.299539443,1540.342698009,1543.153368828,1543.730984799,68.810743702,38.000350737,700786.938944
Native C IEEE FPU,Native C,binary-interchange,binary32,32,div,native-fpu,C float host FPU,result-dependent-fixture-chain,9,18622248,9516200877544893281,10245284859522747110,256,16341726122421238898,9159345502404108257,10.735895258,10.736415324,10.739586488,10.740692531,10.746299391,10.748637383,10.767083083,10.778340563,0.013037000,0.004797273,93103866.173799
ExecFloat Posit proved software,ExecFloat,posit,posit64,64,div,proved-software,posit direct packed-word exact quotient,result-dependent-fixture-chain,9,293313,1234802481968814833,3014362992584863200,0,0,0,676.982731758,677.009516796,677.326149881,677.848970213,677.907925436,678.069328669,679.290491045,679.677181032,0.862960208,0.522820332,1475254.878216
Stillwater Universal Posit (software),Stillwater Universal,posit-external,posit64-es2,64,div,external-software,Universal 26e69f5487b2e592b82002751d900a2437641fad generic posit<64; es=2>,result-dependent-fixture-chain,9,140623,9812317158049789177,15601525255076204123,0,0,0,1430.691629392,1430.753289291,1430.902946175,1432.068729866,1432.052957988,1432.991722549,1433.549359635,1433.653996857,1.118669467,1.165783691,698290.507393
ExecFloat binary proved software,ExecFloat,binary-interchange,binary64,64,div,proved-software,configured proved word kernel,result-dependent-fixture-chain,9,138698,2433873953264298533,11318539018130395129,256,16866086521615362059,18009442782454829229,1440.277430100,1440.713283537,1444.006178892,1447.259650464,1457.939719551,1455.117903647,1505.978373156,1536.946588992,30.338483339,5.892586771,690961.017036
Berkeley SoftFloat IEEE software,Berkeley SoftFloat,binary-interchange,binary64,64,div,external-software,SoftFloat 3e,result-dependent-fixture-chain,9,6747235,3476723779913564353,520582933911506573,256,16866086521615362059,18009442782454829229,29.517244768,29.524077789,29.542951298,29.547914220,29.572344326,29.565039902,29.695121957,29.779221414,0.079093429,0.013586899,33843336.371069
MPFR (binary) software reference,MPFR,binary-reference,mpfr-binary64-p53-e11,64,div,software-reference,MPFR 4.2.0 RNDN with matched exponent range and gradual underflow,result-dependent-fixture-chain,9,6443784,9411838581013912863,4465872858112716091,256,16866086521615362059,18009442782454829229,31.234261111,31.243262468,31.271339014,31.296236807,31.291699998,31.306317996,31.351006334,31.371466983,0.039976678,0.024692479,31952723.458503
Flocq binary reference (precision model),Flocq,binary-reference,flocq-p53,64,div,software-reference,Flocq 4.2.2 extracted OCaml Zarith,result-dependent-fixture-chain,9,65503,-9072823233104311568,1365171305901837100,0,0,0,2981.977695678,2982.664674900,3035.587041815,3037.351846480,3087.609855019,3111.234523610,3278.630508526,3281.940934003,114.252518386,53.656702746,329234.165333
Native C IEEE FPU,Native C,binary-interchange,binary64,64,div,native-fpu,C double host FPU,result-dependent-fixture-chain,9,17222684,7191188578747835250,8144949091231224165,256,16866086521615362059,18009442782454829229,11.607496485,11.608856552,11.613547052,11.615764651,11.616155969,11.620044646,11.623216196,11.624850923,0.005297060,0.004279995,86089898.517927
CPython float64 runtime,CPython,python-runtime,python-float64,64,div,dynamic-runtime,CPython 3.11.2 float expression; interpreter and object overhead included,result-dependent-fixture-chain,9,244008,9555707811328193593,15016537969153126887,256,16866086521615362059,18009442782454829229,817.608578407,818.077874496,821.344447723,821.902904823,827.596477711,838.283052195,839.518180551,840.281675191,9.252591066,4.294326416,1216688.728233
ExecFloat Posit proved software,ExecFloat,posit,posit128,128,div,proved-software,posit width-generic quotient-prefix,result-dependent-fixture-chain,9,49099,1161240270411369393,2883560025315201723,0,0,0,4069.575592171,4071.794773824,4080.996761645,4082.886270596,4093.438293606,4088.701460315,4146.071174566,4175.701439948,32.095254420,5.815189719,244924.774712
Stillwater Universal Posit (software),Stillwater Universal,posit-external,posit128-es2,128,div,external-software,Universal 26e69f5487b2e592b82002751d900a2437641fad generic posit<128; es=2>,result-dependent-fixture-chain,9,33651,15097319623009086494,13412978115776977748,0,0,0,5929.226976910,5930.940352441,5934.063059047,5937.653710142,5937.494025272,5941.382900954,5943.600118867,5944.615732073,4.903766730,3.729190812,168416.692656
ExecFloat binary proved software,ExecFloat,binary-interchange,binary128,128,div,proved-software,binary-interchange division fixed-limb kernel,result-dependent-fixture-chain,9,82131,10009018019637296177,15411156947152706854,256,18384515885145115545,3842855788641131890,2409.464599238,2410.138824561,2413.206292387,2414.443803192,2416.105920217,2416.194287175,2427.430685125,2432.763974626,6.858259827,1.750483983,414174.063061
MPFR (binary) software reference,MPFR,binary-reference,mpfr-binary128-p113-e15,128,div,software-reference,MPFR 4.2.0 RNDN with matched exponent range and gradual underflow,result-dependent-fixture-chain,9,4123169,18411179532773852647,5583350487860333008,256,18384515885145115545,3842855788641131890,48.161965226,48.169490021,48.211125714,48.252642324,48.246814498,48.290263630,48.307509006,48.317264221,0.052598637,0.040233859,20724253.674593
Flocq binary reference (precision model),Flocq,binary-reference,flocq-p113,128,div,software-reference,Flocq 4.2.2 extracted OCaml Zarith,result-dependent-fixture-chain,9,14928,-5578433777545377335,-977780389573453104,0,0,0,13309.899584673,13320.294064845,13348.118971061,13465.919078242,13474.138144575,13546.882301715,13699.361428189,13724.922092712,148.735207951,117.800107181,74261.548298
ExecFloat Posit proved software,ExecFloat,posit,posit256,256,div,proved-software,posit width-generic quotient-prefix,result-dependent-fixture-chain,9,45797,2288646864368141861,247756994011893252,0,0,0,4312.555997118,4312.658484180,4317.728890539,4321.298534839,4381.370565272,4328.884861454,4617.568827652,4701.195362142,132.889724756,7.586326615,231411.922120
Stillwater Universal Posit (software),Stillwater Universal,posit-external,posit256-es2,256,div,external-software,Universal 26e69f5487b2e592b82002751d900a2437641fad generic posit<256; es=2>,result-dependent-fixture-chain,9,8156,1895307996868969916,14297293496913797036,0,0,0,24435.819887200,24436.118759196,24446.711868563,24454.039112310,24460.503460302,24474.125429132,24487.600564002,24488.048921040,20.130518396,17.472045120,40893.040017
ExecFloat binary proved software,ExecFloat,binary-interchange,binary256-custom-e19m236,256,div,proved-software,binary-interchange division exact baseline,result-dependent-fixture-chain,9,58068,922572070371671898,1960629644105720105,256,406983776264143148,9301749973017951762,3407.902476407,3408.922232555,3410.454191637,3418.879968313,3430.222065318,3423.106702487,3494.017782600,3539.147155060,41.307096719,7.443755597,292493.450858
MPFR (binary) software reference,MPFR,binary-reference,mpfr-binary256-p237-e19,256,div,software-reference,MPFR 4.2.0 RNDN with matched exponent range and gradual underflow,result-dependent-fixture-chain,9,2085850,15548110729818492180,6940708308609131162,256,406983776264143148,9301749973017951762,95.414096891,95.443180286,95.626511974,95.928863053,96.127585237,96.909772994,96.961830716,96.976723638,0.640270570,0.442057674,10424391.243363
Flocq binary reference (precision model),Flocq,binary-reference,flocq-p237,256,div,software-reference,Flocq 4.2.2 extracted OCaml Zarith,result-dependent-fixture-chain,9,5186,9018309145943046843,-2980406176370736404,0,0,0,38451.645777092,38461.835364443,38547.597763209,38615.508870035,38755.040986416,38782.906093328,39372.624836097,39573.106054763,360.665092261,138.389124566,25896.331015
ExecFloat Posit proved software,ExecFloat,posit,posit512,512,div,proved-software,posit width-generic quotient-prefix,result-dependent-fixture-chain,9,44994,5945962628896012290,14910769115943522508,0,0,0,4511.423834289,4511.894048095,4517.085189136,4520.130395164,4637.157576566,4685.834555719,4998.274569943,5122.448726497,209.914370019,8.706560875,221232.555828
Stillwater Universal Posit (software),Stillwater Universal,posit-external,posit512-es2,512,div,external-software,Universal 26e69f5487b2e592b82002751d900a2437641fad generic posit<512; es=2>,result-dependent-fixture-chain,9,989,5445920401773236871,9557676373641129857,0,0,0,202062.626895854,202083.911425682,202141.989888777,202254.264914055,204044.317941804,202335.110212336,212095.430940344,218597.811931244,5458.505252293,87.594539939,4944.271511
ExecFloat binary proved software,ExecFloat,binary-interchange,binary512-custom-e19m492,512,div,proved-software,binary-interchange division exact baseline,result-dependent-fixture-chain,9,53945,6031131514200487383,519717849030286832,256,62298687186005074,17373276729749537051,3590.180313282,3591.918031328,3595.115228473,3600.326851423,3634.885033110,3604.541199370,3766.105670590,3774.568393734,73.509079961,5.211622949,277752.560050
MPFR (binary) software reference,MPFR,binary-reference,mpfr-binary512-p493-e19,512,div,software-reference,MPFR 4.2.0 RNDN with matched exponent range and gradual underflow,result-dependent-fixture-chain,9,1293568,567397768441789692,15288289811757381032,256,62298687186005074,17373276729749537051,152.969024435,153.164354870,153.977494805,154.223921742,155.580659076,154.378082173,162.850354833,168.349075580,4.813999426,0.246426937,6484078.401745
Flocq binary reference (precision model),Flocq,binary-reference,flocq-p493,512,div,software-reference,Flocq 4.2.2 extracted OCaml Zarith,result-dependent-fixture-chain,9,2009,3344800015346360622,-4226622665679917394,0,0,0,99685.520159283,99699.329019413,99893.889995022,100118.959681434,100053.811404236,100195.698855152,100355.331607765,100374.762568442,244.742226019,207.225485316,9988.118166
ExecFloat Posit proved software,ExecFloat,posit,posit1024,1024,div,proved-software,posit width-generic quotient-prefix,result-dependent-fixture-chain,9,37981,1609434583862569674,5136465505188997526,0,0,0,5278.650772755,5283.606387404,5295.538005845,5301.395566204,5351.501361792,5310.323740818,5540.849298333,5542.293093915,107.522970681,8.928174614,188629.576403
Stillwater Universal Posit (software),Stillwater Universal,posit-external,posit1024-es2,1024,div,external-software,Universal 26e69f5487b2e592b82002751d900a2437641fad generic posit<1024; es=2>,result-dependent-fixture-chain,9,310,12513983018965138034,7833013249898155572,0,0,0,626791.154838710,626881.656774194,627064.774193548,627276.674193548,632746.593548387,641062.225806452,645971.901290323,648411.745161290,8616.404648908,269.158064516,1594.192868
ExecFloat binary proved software,ExecFloat,binary-interchange,binary1024-custom-e19m1004,1024,div,proved-software,binary-interchange division exact baseline,result-dependent-fixture-chain,9,46956,7335984525597194063,6188742036175308338,256,9849109639515396701,6779996310571071559,4177.093960303,4182.850736860,4194.626586592,4196.013076071,4195.967125252,4197.173545447,4209.225095834,4216.999318511,10.158628422,1.386489480,238321.468945
MPFR (binary) software reference,MPFR,binary-reference,mpfr-binary1024-p1005-e19,1024,div,software-reference,MPFR 4.2.0 RNDN with matched exponent range and gradual underflow,result-dependent-fixture-chain,9,670566,17303337550429105466,4118698612817371351,256,9849109639515396701,6779996310571071559,297.489808609,297.516765538,297.806852718,297.984787478,298.744669760,298.331675033,302.481346206,305.096706364,2.405870639,0.346887555,3355876.011200
Flocq binary reference (precision model),Flocq,binary-reference,flocq-p1005,1024,div,software-reference,Flocq 4.2.2 extracted OCaml Zarith,result-dependent-fixture-chain,9,764,-6970831105990962346,-6021892816266757866,0,0,0,266702.742146597,266779.048952880,267185.247382199,267551.490837696,267540.186300175,267853.503926702,268366.987696335,268472.100785340,578.261070232,366.243455497,3737.598310
ExecFloat Posit proved software,ExecFloat,posit,posit2048,2048,div,proved-software,posit width-generic quotient-prefix,result-dependent-fixture-chain,9,28577,4203856813367551587,4739612560100808277,0,0,0,6972.203380341,6972.645750079,6978.771599538,6987.034608251,6985.254260419,6988.830283095,6999.019631172,7002.742135284,9.704521040,6.401266753,143122.233690
Stillwater Universal Posit (software),Stillwater Universal,posit-external,posit2048-es2,2048,div,external-software,Universal 26e69f5487b2e592b82002751d900a2437641fad generic posit<2048; es=2>,result-dependent-fixture-chain,9,81,14886477789112315346,550324764837836359,0,0,0,2374072.320987654,2377546.533333333,2383351.271604938,2436176.901234568,2428880.060356653,2460381.555555556,2481185.654320988,2488054.814814815,42728.369033318,34705.012345679,410.479222
ExecFloat binary proved software,ExecFloat,binary-interchange,binary2048-custom-e19m2028,2048,div,proved-software,binary-interchange division exact baseline,result-dependent-fixture-chain,9,33785,15374284948797539328,7393092980873870732,256,16439921886465636847,9643158198526521548,5820.576764836,5820.787450052,5825.005120616,5827.516886192,5839.619206420,5858.392067486,5869.495640077,5869.686576883,20.458974625,6.940121356,171599.674360
MPFR (binary) software reference,MPFR,binary-reference,mpfr-binary2048-p2029-e19,2048,div,software-reference,MPFR 4.2.0 RNDN with matched exponent range and gradual underflow,result-dependent-fixture-chain,9,249849,17690396066312442791,4620081210265706770,256,16439921886465636847,9643158198526521548,798.557052460,799.091871490,800.426081353,800.626626482,800.674885409,801.414486350,801.705076266,801.767331468,1.014096467,0.732526446,1249021.662437
Flocq binary reference (precision model),Flocq,binary-reference,flocq-p2029,2048,div,software-reference,Flocq 4.2.2 extracted OCaml Zarith,result-dependent-fixture-chain,9,256,-2006822187243914769,-8803585875183030068,0,0,0,779380.082031250,779469.769531250,781012.492187500,781347.843750000,781321.662760417,782324.875000000,782455.682812500,782477.757812500,1195.558086669,977.031250000,1279.839713
ExecFloat Posit proved software,ExecFloat,posit,posit4096,4096,div,proved-software,posit width-generic quotient-prefix,result-dependent-fixture-chain,9,17607,8139785021808009076,6339312727135995628,0,0,0,11872.930879764,11875.453399216,11881.151360254,11889.454705515,11918.703634287,11900.954449935,12052.413256091,12132.868234225,82.175327988,10.217527120,84108.146653
Stillwater Universal Posit (software),Stillwater Universal,posit-external,posit4096-es2,4096,div,external-software,Universal 26e69f5487b2e592b82002751d900a2437641fad generic posit<4096; es=2>,result-dependent-fixture-chain,9,21,16228632115469852620,9187908571674365642,0,0,0,9735817.047619049,9739640.000000000,9749767.333333334,9757303.761904761,9769632.724867724,9777074.714285715,9823164.399999999,9849538.952380951,33781.598716385,15589.761904763,102.487329
ExecFloat binary proved software,ExecFloat,binary-interchange,binary4096-custom-e19m4076,4096,div,proved-software,binary-interchange division exact baseline,result-dependent-fixture-chain,9,18663,7586227158135363031,4407628377069459507,256,14940049394283008741,10462835467918708592,10394.343299577,10398.243722874,10405.393827359,10413.178427905,10415.289997440,10426.246048331,10436.361517441,10442.886191931,14.561915834,9.084070085,96032.158377
MPFR (binary) software reference,MPFR,binary-reference,mpfr-binary4096-p4077-e19,4096,div,software-reference,MPFR 4.2.0 RNDN with matched exponent range and gradual underflow,result-dependent-fixture-chain,9,84334,7626332238979714578,17336318138670413796,256,14940049394283008741,10462835467918708592,2369.049007518,2369.336431333,2370.752839898,2371.461984490,2372.934983386,2372.931676429,2379.768387602,2379.971897455,4.012527263,1.469691939,421680.805571
Flocq binary reference (precision model),Flocq,binary-reference,flocq-p4077,4096,div,software-reference,Flocq 4.2.2 extracted OCaml Zarith,result-dependent-fixture-chain,9,79,8335662058721354487,-7243151918087569081,0,0,0,2530218.443037975,2530447.597468354,2531761.734177215,2533157.734177215,2533057.210970464,2533653.265822785,2536348.650632911,2537171.835443038,2148.033489706,1396.000000000,394.764205
ExecFloat Posit proved software,ExecFloat,posit,posit2,2,sqrt,proved-software,posit exhaustive encoded-value table,result-dependent-fixture-chain,9,9372906,12912548922512066111,11376691738017756359,0,0,0,21.282648412,21.283591642,21.285148491,21.289501463,21.292726006,21.299101794,21.308144070,21.313044962,0.009872494,0.004494977,46971508.550153
ExecFloat Posit proved software,ExecFloat,posit,posit3,3,sqrt,proved-software,posit exhaustive encoded-value table,result-dependent-fixture-chain,9,9367783,13598470693141535173,13209083218789506230,0,0,0,21.212252355,21.212281647,21.212767204,21.216532983,21.218056847,21.222016031,21.228323030,21.231150423,0.006451441,0.004207399,47133054.245319
ExecFloat Posit proved software,ExecFloat,posit,posit4,4,sqrt,proved-software,posit exhaustive encoded-value table,result-dependent-fixture-chain,9,9412726,12421216895000644341,13667031064198210569,0,0,0,21.299430367,21.301411090,21.309676495,21.310218421,21.313230348,21.318238308,21.326837199,21.332450238,0.009575072,0.006198629,46925844.692410
ExecFloat binary proved software,ExecFloat,binary-interchange,binary4-e2m1,4,sqrt,proved-software,binary-interchange square root exhaustive table,result-dependent-fixture-chain,9,3188592,14907058188066383571,11406596783632410222,256,9078435019645843364,6822682305366869692,59.959958188,60.015811054,60.122932943,60.266569382,60.393913364,60.288877661,61.330005532,61.850607729,0.570434296,0.143636439,16592947.138831
MPFR (binary) software reference,MPFR,binary-reference,mpfr-binary4-p2-e2,4,sqrt,software-reference,MPFR 4.2.0 RNDN with matched exponent range and gradual underflow,result-dependent-fixture-chain,9,4708747,2913602599113670983,6181975455350395164,256,9078435019645843364,6822682305366869692,42.583106504,42.588913484,42.598885011,42.605073706,42.627104597,42.654548864,42.692303366,42.698556750,0.041557608,0.018269191,23471382.936458
Flocq binary reference (precision model),Flocq,binary-reference,flocq-p2,4,sqrt,software-reference,Flocq 4.2.2 extracted OCaml Zarith,result-dependent-fixture-chain,9,454736,7501476449663324954,7358597772384159373,0,0,0,407.901925513,408.197526477,408.731932374,409.093482812,408.959199770,409.137264259,409.501167710,409.527130027,0.490113420,0.361550438,2444429.065763
ExecFloat Posit proved software,ExecFloat,posit,posit5,5,sqrt,proved-software,posit exhaustive encoded-value table,result-dependent-fixture-chain,9,9372924,8220333479567117376,2716351128012764282,0,0,0,21.279380373,21.280545303,21.285609485,21.288724629,21.291205605,21.296664200,21.307572279,21.313091838,0.010382906,0.006431931,46973222.560292
Stillwater Universal Posit (hardware-assisted),Stillwater Universal,posit-external,posit5-es2,5,sqrt,hardware-assisted-external,Universal 26e69f5487b2e592b82002751d900a2437641fad posit-to-binary64 hardware sqrt,result-dependent-fixture-chain,9,3698773,1506612607162652981,10235728340380799751,0,0,0,54.353794623,54.379854941,54.429255864,54.431690726,54.443522066,54.485814350,54.505872569,54.508401300,0.048413156,0.012745308,18371650.534285
ExecFloat binary proved software,ExecFloat,binary-interchange,binary5-e2m2,5,sqrt,proved-software,binary-interchange square root exhaustive table,result-dependent-fixture-chain,9,3449701,16180512727381089449,1369386054774323542,256,16772054911505907060,7622866365203817874,58.847300389,58.869929597,58.906342608,59.000722092,59.034301040,59.148901021,59.236487974,59.294249849,0.145765343,0.096848683,16948945.106944
MPFR (binary) software reference,MPFR,binary-reference,mpfr-binary5-p3-e2,5,sqrt,software-reference,MPFR 4.2.0 RNDN with matched exponent range and gradual underflow,result-dependent-fixture-chain,9,3689300,1547123465229480441,3013866838283247096,256,16772054911505907060,7622866365203817874,54.184986312,54.187837368,54.195620036,54.254943756,54.285720055,54.344620931,54.447274280,54.509450302,0.105561396,0.062829805,18431500.076608
Flocq binary reference (precision model),Flocq,binary-reference,flocq-p3,5,sqrt,software-reference,Flocq 4.2.2 extracted OCaml Zarith,result-dependent-fixture-chain,9,346042,6525848446770226873,7475417861958482799,0,0,0,554.337690223,554.348156004,555.110862265,555.293470157,555.493167817,556.077302755,556.802291629,556.923503505,0.908260192,0.783832598,1800849.557474
ExecFloat Posit proved software,ExecFloat,posit,posit6,6,sqrt,proved-software,posit exhaustive encoded-value table,result-dependent-fixture-chain,9,9325801,7330355863991039746,5269524223327044425,0,0,0,21.219932636,21.222302234,21.227350123,21.239381153,21.243144298,21.249375469,21.273215802,21.287374457,0.020123410,0.012031031,47082351.071171
Stillwater Universal Posit (hardware-assisted),Stillwater Universal,posit-external,posit6-es2,6,sqrt,hardware-assisted-external,Universal 26e69f5487b2e592b82002751d900a2437641fad posit-to-binary64 hardware sqrt,result-dependent-fixture-chain,9,3501769,2602269782809654048,1442709230371789156,0,0,0,55.608503588,55.614258850,55.643031279,55.663458383,55.652737294,55.669650397,55.680124703,55.682431651,0.024980843,0.018973268,17965107.254225
ExecFloat binary proved software,ExecFloat,binary-interchange,binary6-e3m2,6,sqrt,proved-software,binary-interchange square root exhaustive table,result-dependent-fixture-chain,9,3287252,14974810118218814296,5122128115460043398,256,6705794194088342193,9189893275782256131,58.576589504,58.648028262,58.786574622,59.184064684,59.283144232,59.236581497,60.584056470,61.404227604,0.837233900,0.169735086,16896440.035716
MPFR (binary) software reference,MPFR,binary-reference,mpfr-binary6-p3-e3,6,sqrt,software-reference,MPFR 4.2.0 RNDN with matched exponent range and gradual underflow,result-dependent-fixture-chain,9,4543997,17143325351075947367,4756805933211561648,256,6705794194088342193,9189893275782256131,43.955827876,43.959750326,43.985935290,43.995861133,44.002927232,44.008360921,44.066681998,44.079195915,0.038884084,0.012499788,22729410.773001
Flocq binary reference (precision model),Flocq,binary-reference,flocq-p3,6,sqrt,software-reference,Flocq 4.2.2 extracted OCaml Zarith,result-dependent-fixture-chain,9,345858,-8456106782922331001,3099051846252826982,0,0,0,554.445937350,554.670068641,555.087654471,555.393256770,555.471651179,555.746511574,556.279617647,556.431813056,0.595025692,0.353254804,1800526.001730
ExecFloat Posit proved software,ExecFloat,posit,posit7,7,sqrt,proved-software,posit exhaustive encoded-value table,result-dependent-fixture-chain,9,9350837,6851822846208200455,3604731666514743379,0,0,0,21.274684074,21.276653309,21.286629101,21.301578458,21.295766512,21.302424371,21.308700280,21.310958046,0.012437716,0.003735174,46944877.910766
Stillwater Universal Posit (hardware-assisted),Stillwater Universal,posit-external,posit7-es2,7,sqrt,hardware-assisted-external,Universal 26e69f5487b2e592b82002751d900a2437641fad posit-to-binary64 hardware sqrt,result-dependent-fixture-chain,9,3195654,1941673330528278511,3617024016900059701,0,0,0,61.186257023,61.216349392,61.264314597,61.303488112,61.287496637,61.321113299,61.331108186,61.333069225,0.047019798,0.029581112,16312285.496190
ExecFloat binary proved software,ExecFloat,binary-interchange,binary7-e3m3,7,sqrt,proved-software,binary-interchange square root exhaustive table,result-dependent-fixture-chain,9,3389910,13424572464719756776,4895650731575536467,256,14665192763842552264,17419253158418701627,58.110444230,58.203294129,58.554415014,58.789755775,58.666106081,58.871526678,58.964561891,59.001419507,0.294955952,0.211663731,17009766.188234
MPFR (binary) software reference,MPFR,binary-reference,mpfr-binary7-p4-e3,7,sqrt,software-reference,MPFR 4.2.0 RNDN with matched exponent range and gradual underflow,result-dependent-fixture-chain,9,4509427,8734078204917178890,10544409950272953697,256,14665192763842552264,17419253158418701627,43.844806003,43.866951256,43.905115439,43.932499628,43.947692566,43.967382109,44.061268139,44.080742187,0.072353360,0.032330493,22762192.191828
Flocq binary reference (precision model),Flocq,binary-reference,flocq-p4,7,sqrt,software-reference,Flocq 4.2.2 extracted OCaml Zarith,result-dependent-fixture-chain,9,275033,8394248041851399621,-7783289914128713578,0,0,0,704.145786142,704.367304287,704.820381554,705.202124836,705.434600777,705.802572782,706.929962586,707.327469795,0.953997603,0.502543331,1418033.163517
ExecFloat Posit proved software,ExecFloat,posit,posit8,8,sqrt,proved-software,posit exhaustive encoded-value table,result-dependent-fixture-chain,9,9292347,6208912026977945900,15083596944157594286,0,0,0,21.291504396,21.294134991,21.298153739,21.304501113,21.304603885,21.309620056,21.317899019,21.322853634,0.009078443,0.005965985,46938437.784371
Stillwater Universal Posit (hardware-assisted),Stillwater Universal,posit-external,posit8-es2,8,sqrt,hardware-assisted-external,Universal 26e69f5487b2e592b82002751d900a2437641fad posit-to-binary64 hardware sqrt,result-dependent-fixture-chain,9,2930575,5855073138668119336,12793557260192084257,0,0,0,68.178824292,68.189543417,68.212372998,68.248607867,68.241424711,68.266842514,68.283109560,68.286234271,0.036108591,0.029814627,14652313.523346
ExecFloat binary proved software,ExecFloat,binary-interchange,binary8-e4m3,8,sqrt,proved-software,binary-interchange square root exhaustive table,result-dependent-fixture-chain,9,3197842,15287280610317754272,8895053364633608008,256,14665192763842552264,17419253158418701627,58.721507191,58.761898305,58.911588502,59.052529174,59.129265819,59.311135760,59.678182224,59.737776288,0.347135997,0.230044199,16934075.711598
MPFR (binary) software reference,MPFR,binary-reference,mpfr-binary8-p4-e4,8,sqrt,software-reference,MPFR 4.2.0 RNDN with matched exponent range and gradual underflow,result-dependent-fixture-chain,9,4578275,10674237781094931260,17745493892517165421,256,14665192763842552264,17419253158418701627,43.824140752,43.832118778,43.864605119,43.941423134,43.929496784,43.976014329,44.016817426,44.021909125,0.070853785,0.067756742,22757569.706939
Flocq binary reference (precision model),Flocq,binary-reference,flocq-p4,8,sqrt,software-reference,Flocq 4.2.2 extracted OCaml Zarith,result-dependent-fixture-chain,9,274963,1892785653940940192,2283644927437164884,0,0,0,703.929503242,704.363456901,705.368475031,705.676080054,705.449676664,705.879776552,705.909871510,705.928230344,0.640926864,0.206253205,1417080.765899
ExecFloat Posit proved software,ExecFloat,posit,posit16,16,sqrt,proved-software,posit direct packed-word exact square root,result-dependent-fixture-chain,9,102217,10655820687740466008,15474451110067578612,0,0,0,1951.733273330,1953.104329026,1957.303824217,1961.896690374,1960.473046993,1963.677362865,1965.434119569,1966.519121086,4.760056239,1.909926920,509710.834880
Stillwater Universal Posit (hardware-assisted),Stillwater Universal,posit-external,posit16-es2,16,sqrt,hardware-assisted-external,Universal 26e69f5487b2e592b82002751d900a2437641fad posit-to-binary64 hardware sqrt,result-dependent-fixture-chain,9,2531774,16852665312286610714,18111688415613189955,0,0,0,78.164442403,78.186863677,78.228511313,78.252660388,78.259918452,78.281368321,78.352351829,78.386293563,0.061372841,0.028707934,12779118.244001
ExecFloat binary proved software,ExecFloat,binary-interchange,binary16,16,sqrt,proved-software,binary-interchange square root native-word kernel,result-dependent-fixture-chain,9,199378,13743508889826574281,1794201660863734602,256,6810241611482138117,15355967655783802056,996.082677126,997.009912829,998.427890740,999.773129433,1003.814298022,1002.575820803,1023.475099560,1036.981632878,12.633092843,1.372363049,1000226.922049
MPFR (binary) software reference,MPFR,binary-reference,mpfr-binary16-p11-e5,16,sqrt,software-reference,MPFR 4.2.0 RNDN with matched exponent range and gradual underflow,result-dependent-fixture-chain,9,4506172,14264114496989395382,4390577607307969188,256,6810241611482138117,15355967655783802056,43.918427215,43.920746612,43.929379083,43.994915640,44.185723911,44.154455045,44.872099068,45.070128703,0.390640314,0.076488425,22729899.249708
Flocq binary reference (precision model),Flocq,binary-reference,flocq-p11,16,sqrt,software-reference,Flocq 4.2.2 extracted OCaml Zarith,result-dependent-fixture-chain,9,87695,-5248672573300204990,548121615724925992,0,0,0,2259.197286048,2259.752907235,2271.013900450,2285.124283026,2279.977175944,2291.961879241,2293.260110611,2294.108706312,13.990334126,8.984423285,437612.959360
ExecFloat Posit proved software,ExecFloat,posit,posit32,32,sqrt,proved-software,posit direct packed-word exact square root,result-dependent-fixture-chain,9,80624,11883806700248089578,3456563950845905358,0,0,0,2485.032930641,2485.447283687,2487.384872991,2489.741280512,2489.675111905,2491.483081961,2493.619091090,2493.945301647,3.042281096,2.356407521,401648.158316
Stillwater Universal Posit (hardware-assisted),Stillwater Universal,posit-external,posit32-es2,32,sqrt,hardware-assisted-external,Universal 26e69f5487b2e592b82002751d900a2437641fad posit-to-binary64 hardware sqrt,result-dependent-fixture-chain,9,1266713,3543352027472070267,10244023374484782941,0,0,0,155.951624401,155.952721414,155.994959395,156.046727238,156.045038002,156.104566701,156.143526434,156.165287638,0.073082851,0.057839463,6408336.898178
ExecFloat binary proved software,ExecFloat,binary-interchange,binary32,32,sqrt,proved-software,configured proved word kernel,result-dependent-fixture-chain,9,2150779,9467753942657221830,18420443555547182679,256,16179893597297518679,3163294961240210449,92.804043558,92.815334165,92.871099262,92.987004709,93.046116417,93.063567665,93.547583178,93.809133807,0.307853307,0.115905446,10754190.901563
Berkeley SoftFloat IEEE software,Berkeley SoftFloat,binary-interchange,binary32,32,sqrt,external-software,SoftFloat 3e,result-dependent-fixture-chain,9,7173372,113277780333055137,9426155792618906841,256,16179893597297518679,3163294961240210449,27.808376730,27.809355907,27.812294413,27.824620137,27.825701776,27.831289106,27.847929955,27.852573518,0.014556535,0.012325724,35939394.503259
MPFR (binary) software reference,MPFR,binary-reference,mpfr-binary32-p24-e8,32,sqrt,software-reference,MPFR 4.2.0 RNDN with matched exponent range and gradual underflow,result-dependent-fixture-chain,9,4400258,5923430492045910462,832782043211763590,256,16179893597297518679,3163294961240210449,45.433935010,45.449960161,45.476820450,45.479709826,45.503828008,45.518262793,45.597592641,45.615353236,0.056088249,0.007327525,21987827.183233
Flocq binary reference (precision model),Flocq,binary-reference,flocq-p24,32,sqrt,software-reference,Flocq 4.2.2 extracted OCaml Zarith,result-dependent-fixture-chain,9,26538,73033970711938600,3791654623816483915,0,0,0,7471.319164971,7474.374828548,7479.805674881,7485.296518200,7491.010638832,7491.779372975,7525.477345693,7545.353267013,21.737631798,6.338194287,133595.242028
Native C IEEE FPU,Native C,binary-interchange,binary32,32,sqrt,native-fpu,C float host FPU,result-dependent-fixture-chain,9,17490682,11457950764993013531,15673552476862502481,256,16179893597297518679,3163294961240210449,11.428729023,11.429413936,11.430589099,11.434239328,11.434987225,11.437783787,11.442015000,11.443918368,0.004994299,0.003650229,87456626.654728
ExecFloat Posit proved software,ExecFloat,posit,posit64,64,sqrt,proved-software,posit direct packed-word exact square root,result-dependent-fixture-chain,9,67329,4839052812430976466,14979140349511337879,0,0,0,2965.648413017,2966.183635581,2973.826181883,2976.772490309,2985.118146217,2985.716333229,3029.423033166,3056.068336081,27.700554144,8.943842921,335934.305781
ExecFloat binary proved software,ExecFloat,binary-interchange,binary64,64,sqrt,proved-software,configured proved word kernel,result-dependent-fixture-chain,9,156215,5771853773365849042,11069595935219076740,256,17304413662842360676,8589027394118193575,1267.670665429,1268.226965400,1269.110136671,1271.320788657,1274.446970166,1275.278846462,1288.129477963,1288.251845213,8.033139564,2.259373300,786583.534952
Berkeley SoftFloat IEEE software,Berkeley SoftFloat,binary-interchange,binary64,64,sqrt,external-software,SoftFloat 3e,result-dependent-fixture-chain,9,6544628,16384107200627290447,13887919906740599510,256,17304413662842360676,8589027394118193575,30.558797383,30.559176931,30.573938962,30.587080121,30.585179258,30.596533829,30.606486602,30.609043936,0.017837687,0.013141159,32693542.372622
MPFR (binary) software reference,MPFR,binary-reference,mpfr-binary64-p53-e11,64,sqrt,software-reference,MPFR 4.2.0 RNDN with matched exponent range and gradual underflow,result-dependent-fixture-chain,9,4058855,1825115829354104860,13164578662412671651,256,17304413662842360676,8589027394118193575,49.152922930,49.160702366,49.191784136,49.213545199,49.244225746,49.318316619,49.331222574,49.335892758,0.070466574,0.060622269,20319609.082212
Flocq binary reference (precision model),Flocq,binary-reference,flocq-p53,64,sqrt,software-reference,Flocq 4.2.2 extracted OCaml Zarith,result-dependent-fixture-chain,9,5780,-199434543615999985,1229494530430706767,0,0,0,34418.651557093,34431.946366782,34458.011418685,34460.259169550,34486.569780854,34474.279757785,34610.307439446,34675.743425606,74.973434257,8.370588235,29018.934393
Native C IEEE FPU,Native C,binary-interchange,binary64,64,sqrt,native-fpu,C double host FPU,result-dependent-fixture-chain,9,15238247,1681838486418248004,7579856949625453693,256,17304413662842360676,8589027394118193575,13.109795175,13.110905355,13.114536075,13.116698463,13.117260054,13.119813913,13.124335942,13.127305260,0.005085882,0.003115450,76238697.019636
CPython float64 runtime,CPython,python-runtime,python-float64,64,sqrt,dynamic-runtime,CPython 3.11.2 float expression; interpreter and object overhead included,result-dependent-fixture-chain,9,251151,7781474301304458599,8330043812538685626,256,17304413662842360676,8589027394118193575,784.481654463,785.012877512,788.635661415,800.091785420,799.257496265,807.362785734,815.774088098,820.422486870,11.888019342,8.709704520,1249856.601734
ExecFloat Posit proved software,ExecFloat,posit,posit128,128,sqrt,proved-software,posit direct packed-pair exact square root,result-dependent-fixture-chain,9,38693,7801498520561215969,13146366147142588024,0,0,0,5157.963171633,5158.439660921,5160.343188690,5162.910681519,5166.078254177,5172.350993720,5178.406941824,5179.062750368,8.029850145,3.756286667,193689.192335
ExecFloat binary proved software,ExecFloat,binary-interchange,binary128,128,sqrt,proved-software,binary-interchange square root fixed-limb kernel,result-dependent-fixture-chain,9,49624,11220796749459211887,5332431696141214919,256,3132811494379513567,16347878467459163570,3999.930497340,4004.096876511,4013.144446236,4030.308177495,4033.100390492,4049.496916814,4063.783217798,4070.061744317,23.104938708,19.188739320,248119.983872
MPFR (binary) software reference,MPFR,binary-reference,mpfr-binary128-p113-e15,128,sqrt,software-reference,MPFR 4.2.0 RNDN with matched exponent range and gradual underflow,result-dependent-fixture-chain,9,3535841,5604376369441633807,6437530923328235402,256,3132811494379513567,16347878467459163570,56.329792827,56.347067360,56.406908569,56.408639698,56.613674276,56.514656626,57.477251211,58.068148709,0.550882188,0.035660540,17727780.803541
Flocq binary reference (precision model),Flocq,binary-reference,flocq-p113,128,sqrt,software-reference,Flocq 4.2.2 extracted OCaml Zarith,result-dependent-fixture-chain,9,942,-8910340915001644137,120962030135595307,0,0,0,211669.018046709,211687.847770701,211779.790870488,211852.007430998,212198.353621137,212253.028662420,213523.720382166,214172.924628450,792.183944638,135.915074310,4720.276254
ExecFloat Posit proved software,ExecFloat,posit,posit256,256,sqrt,proved-software,posit width-generic integer-root prefix,result-dependent-fixture-chain,9,34073,11884324771149712609,14924258350631711274,0,0,0,5872.814926775,5880.321257301,5896.391717782,5900.276758724,5898.478423776,5905.023713791,5910.404566666,5913.915064714,11.536881307,4.746955067,169483.575244
ExecFloat binary proved software,ExecFloat,binary-interchange,binary256-custom-e19m236,256,sqrt,proved-software,binary-interchange square root exact baseline,result-dependent-fixture-chain,9,34353,14948914008617434572,15897400505695163333,256,8632000776533919923,5092588512390636015,5841.203621227,5841.278013565,5842.668122144,5851.251972171,5868.791239322,5857.807061974,5960.429150293,6027.336972026,59.870216628,8.583850028,170903.595462
MPFR (binary) software reference,MPFR,binary-reference,mpfr-binary256-p237-e19,256,sqrt,software-reference,MPFR 4.2.0 RNDN with matched exponent range and gradual underflow,result-dependent-fixture-chain,9,1531046,8869450597691482123,14363737951623943614,256,8632000776533919923,5092588512390636015,130.201931229,130.207715248,130.378918726,130.564239089,130.671579793,130.838690673,131.470829224,131.767963863,0.491682658,0.274451584,7659065.047050
Flocq binary reference (precision model),Flocq,binary-reference,flocq-p237,256,sqrt,software-reference,Flocq 4.2.2 extracted OCaml Zarith,result-dependent-fixture-chain,9,148,1847025507097444616,6796002660195263010,0,0,0,1335335.358108108,1335381.860810811,1339607.979729730,1340667.668918919,1341170.944444444,1344062.047297297,1347074.686486487,1348611.148648649,4278.307666032,3394.378378378,745.897006
ExecFloat Posit proved software,ExecFloat,posit,posit512,512,sqrt,proved-software,posit width-generic integer-root prefix,result-dependent-fixture-chain,9,26610,14663097193774715430,44095165687116562,0,0,0,7524.443705374,7524.592311161,7527.442127020,7527.819804585,7532.463175915,7535.255993987,7548.817752725,7551.201277715,9.569096976,3.004584743,132840.586778
ExecFloat binary proved software,ExecFloat,binary-interchange,binary512-custom-e19m492,512,sqrt,proved-software,binary-interchange square root exact baseline,result-dependent-fixture-chain,9,29297,4054650622064069272,7617113308116093384,256,14718717483843740146,16492443812586108962,6838.268901253,6840.527071031,6845.632590368,6864.481482746,6898.775122974,6965.019182851,7008.261542137,7028.555688296,71.397988828,20.567157047,145677.426986
MPFR (binary) software reference,MPFR,binary-reference,mpfr-binary512-p493-e19,512,sqrt,software-reference,MPFR 4.2.0 RNDN with matched exponent range and gradual underflow,result-dependent-fixture-chain,9,857304,16145601964815750145,13689683610874631688,256,14718717483843740146,16492443812586108962,232.377003957,232.573637589,232.880412316,233.068900880,233.035259371,233.320791691,233.378960089,233.394569488,0.320472244,0.200312841,4290576.718835
Flocq binary reference (precision model),Flocq,binary-reference,flocq-p493,512,sqrt,software-reference,Flocq 4.2.2 extracted OCaml Zarith,result-dependent-fixture-chain,9,28,-1904366194921677335,7868257790754811787,0,0,0,7320836.964285715,7326723.535714285,7335946.964285715,7342261.750000000,7346264.277777778,7355694.678571428,7366464.042857142,7368295.500000000,15321.657122658,12330.750000000,136.197814
ExecFloat Posit proved software,ExecFloat,posit,posit1024,1024,sqrt,proved-software,posit width-generic integer-root prefix,result-dependent-fixture-chain,9,16452,1353610551760406857,5474865086430621296,0,0,0,12211.920921469,12220.737989302,12235.220034038,12244.053914418,12271.846982468,12279.978847557,12385.377084853,12412.155300267,65.320993737,10.090323365,81672.296364
ExecFloat binary proved software,ExecFloat,binary-interchange,binary1024-custom-e19m1004,1024,sqrt,proved-software,binary-interchange square root exact baseline,result-dependent-fixture-chain,9,21576,13055504343855913927,5366024432694157239,256,8370583612283834978,10816029777351550305,9319.585094549,9323.312235818,9336.894280682,9345.709584724,9351.220811189,9358.435066741,9391.985279941,9414.161197627,27.326790894,12.725482017,107000.970973
MPFR (binary) software reference,MPFR,binary-reference,mpfr-binary1024-p1005-e19,1024,sqrt,software-reference,MPFR 4.2.0 RNDN with matched exponent range and gradual underflow,result-dependent-fixture-chain,9,530384,9092880569273360177,11141337638461270603,256,8370583612283834978,10816029777351550305,376.547031962,376.657779646,377.036445292,377.188853736,377.165881491,377.399387991,377.644041298,377.737446831,0.358959847,0.210534254,2651191.810401
Flocq binary reference (precision model),Flocq,binary-reference,flocq-p1005,1024,sqrt,software-reference,Flocq 4.2.2 extracted OCaml Zarith,result-dependent-fixture-chain,9,6,8302220129478656787,-620432371434072335,0,0,0,37482795.833333336,37488594.033333331,37499087.666666664,37557704.500000000,37607754.666666664,37658390.666666664,37860722.000000000,37930844.000000000,149823.709339301,60413.166666664,26.625695
ExecFloat Posit proved software,ExecFloat,posit,posit2048,2048,sqrt,proved-software,posit width-generic integer-root prefix,result-dependent-fixture-chain,9,7295,6032393518999662472,12004181067484449740,0,0,0,26867.791089788,26870.768690884,26881.281973955,26892.918985607,26911.397349783,26913.203427005,27007.718245374,27056.769156957,58.184282384,17.683893077,37184.509444
ExecFloat binary proved software,ExecFloat,binary-interchange,binary2048-custom-e19m2028,2048,sqrt,proved-software,binary-interchange square root exact baseline,result-dependent-fixture-chain,9,11862,12419993211170430986,5656841777333352442,256,15370083485809412312,6812440527013212006,16789.426572248,16793.859382903,16800.771033553,16821.377255100,16834.771136589,16853.554628225,16909.131664138,16945.424296071,47.571768282,20.868656213,59448.164371
MPFR (binary) software reference,MPFR,binary-reference,mpfr-binary2048-p2029-e19,2048,sqrt,software-reference,MPFR 4.2.0 RNDN with matched exponent range and gradual underflow,result-dependent-fixture-chain,9,284155,4980673268251520013,4491624013372606759,256,15370083485809412312,6812440527013212006,703.520177368,703.591175239,703.767447344,703.961394309,704.244884345,704.243156024,705.654375957,706.250898277,0.832534020,0.263722264,1420532.444085
Flocq binary reference (precision model),Flocq,binary-reference,flocq-p2029,2048,sqrt,software-reference,Flocq 4.2.2 extracted OCaml Zarith,result-dependent-fixture-chain,9,2,-6504686549789412110,589725293680822622,0,0,0,198654284.000000000,198654996.000000000,198830711.000000000,198915582.500000000,198984516.833333343,199057238.500000000,199441128.300000012,199482733.500000000,288790.138257438,141656.000000000,5.027258
ExecFloat Posit proved software,ExecFloat,posit,posit4096,4096,sqrt,proved-software,posit width-generic integer-root prefix,result-dependent-fixture-chain,9,2535,13286817605179784180,17554051606224527273,0,0,0,76697.423274162,76709.511321499,76743.218934911,76746.586193294,76754.121718168,76760.052859961,76808.866429980,76818.778698225,35.316496279,13.466666667,13029.895525
ExecFloat binary proved software,ExecFloat,binary-interchange,binary4096-custom-e19m4076,4096,sqrt,proved-software,binary-interchange square root exact baseline,result-dependent-fixture-chain,9,4996,16406603124304205183,2780097637189058126,256,3313598897118726622,10256443947656765720,40691.170936749,40693.586949560,40702.420136109,40705.120496397,40718.086357975,40725.050040032,40763.266893515,40763.910528423,27.225544051,7.909527622,24566.933786
MPFR (binary) software reference,MPFR,binary-reference,mpfr-binary4096-p4077-e19,4096,sqrt,software-reference,MPFR 4.2.0 RNDN with matched exponent range and gradual underflow,result-dependent-fixture-chain,9,118593,17310123563444559215,3698935619223982054,256,3313598897118726622,10256443947656765720,1689.383420607,1689.601925915,1690.458694864,1691.202592059,1693.096589924,1692.434924490,1702.133663876,1705.831305389,5.221454947,1.232332431,591295.214835
Flocq binary reference (precision model),Flocq,binary-reference,flocq-p4077,4096,sqrt,software-reference,Flocq 4.2.2 extracted OCaml Zarith,result-dependent-fixture-chain,9,1,8498896688119391357,-5808592057526012372,0,0,0,1171871635.000000000,1171927335.799999952,1172071109.000000000,1173280527.000000000,1173100481.888888836,1173942976.000000000,1174225580.799999952,1174237414.000000000,941705.529109610,927304.000000000,0.852311
ExecFloat Posit proved software,ExecFloat,posit,posit2,2,fma,proved-software,posit direct packed-word exact fused accumulation,result-dependent-fixture-chain,9,2424785,12488484890613604790,18372115239606023276,0,0,0,79.494241758,79.507777968,79.555857530,79.753382671,79.883450652,80.358684172,80.418090924,80.453624136,0.395500478,0.225300387,12538653.114247
ExecFloat Posit proved software,ExecFloat,posit,posit3,3,fma,proved-software,posit direct packed-word exact fused accumulation,result-dependent-fixture-chain,9,2287963,556243126796753797,6869824410561370436,0,0,0,87.048499473,87.050806853,87.058751824,87.252651376,87.338045628,87.575576616,87.785873023,87.924117217,0.306239508,0.198383453,11460969.772616
ExecFloat Posit proved software,ExecFloat,posit,posit4,4,fma,proved-software,posit direct packed-word exact fused accumulation,result-dependent-fixture-chain,9,1871052,15430643439471633860,8287185015687785753,0,0,0,106.494118817,106.503040001,106.576881348,106.622470140,106.603475300,106.643228515,106.687368390,106.709165753,0.067781119,0.034675145,9378886.070534
ExecFloat binary proved software,ExecFloat,binary-interchange,binary4-e2m1,4,fma,proved-software,binary-interchange fused multiply-add exhaustive table,result-dependent-fixture-chain,9,1153161,3158986291891455292,8749301834160520966,256,16426662834064863406,5047243313241330682,144.222756406,144.495773270,144.993070352,145.064461944,145.124975032,145.167446697,145.935063187,146.407624781,0.564252298,0.102984752,6893487.120125
MPFR (binary) software reference,MPFR,binary-reference,mpfr-binary4-p2-e2,4,fma,software-reference,MPFR 4.2.0 RNDN with matched exponent range and gradual underflow,result-dependent-fixture-chain,9,3140405,5707039037631078807,13070112539279076014,256,16426662834064863406,5047243313241330682,63.776708100,63.797681446,63.854670019,63.931513292,63.911014591,63.951533003,64.024353802,64.056432849,0.084305589,0.047274794,15641738.299412
Flocq binary reference (precision model),Flocq,binary-reference,flocq-p2,4,fma,software-reference,Flocq 4.2.2 extracted OCaml Zarith,result-dependent-fixture-chain,9,474634,1679974204668960662,1972355673111955353,0,0,0,399.089091805,399.094046360,399.120490736,399.949411547,399.944621423,400.385939482,401.208146909,401.271131019,0.843590558,0.828920811,2500316.217826
ExecFloat Posit proved software,ExecFloat,posit,posit5,5,fma,proved-software,posit direct packed-word exact fused accumulation,result-dependent-fixture-chain,9,1709236,4101427657917598198,13321422735480162379,0,0,0,116.380095551,116.428416088,116.596565951,116.652178517,116.655184539,116.787421398,116.800130702,116.807279393,0.145467664,0.135242880,8572493.139103
Stillwater Universal Posit (software),Stillwater Universal,posit-external,posit5-es2,5,fma,external-software,Universal 26e69f5487b2e592b82002751d900a2437641fad generic posit<5; es=2>,result-dependent-fixture-chain,9,3506742,10295270849437117754,1235725971998804039,0,0,0,57.527012538,57.559903808,57.643023068,57.665976282,57.725081128,57.826663895,57.964303219,58.054097792,0.157324774,0.056735568,17341248.071571
ExecFloat binary proved software,ExecFloat,binary-interchange,binary5-e2m2,5,fma,proved-software,binary-interchange fused multiply-add exhaustive table,result-dependent-fixture-chain,9,1127937,10655654985556387603,15328002963132445437,256,17561184979992092190,11513456574949391548,177.693814459,177.712555222,177.867761231,178.183926053,178.107046956,178.284942333,178.419376259,178.434281347,0.276295637,0.213092575,5612178.506521
MPFR (binary) software reference,MPFR,binary-reference,mpfr-binary5-p3-e2,5,fma,software-reference,MPFR 4.2.0 RNDN with matched exponent range and gradual underflow,result-dependent-fixture-chain,9,2397128,13055957069700939560,10311728081472606939,256,17561184979992092190,11513456574949391548,83.277056961,83.287652140,83.332918392,83.411731872,83.412352801,83.477510171,83.524130543,83.536588785,0.092684237,0.078813480,11988721.221241
Flocq binary reference (precision model),Flocq,binary-reference,flocq-p3,5,fma,software-reference,Flocq 4.2.2 extracted OCaml Zarith,result-dependent-fixture-chain,9,393385,-7410029746873355042,-4913110884745767713,0,0,0,485.224352733,485.319230779,485.545938457,486.479464138,486.817953009,488.410379145,488.566175629,488.599532265,1.449718230,1.076848380,2055585.227573
ExecFloat Posit proved software,ExecFloat,posit,posit6,6,fma,proved-software,posit direct packed-word exact fused accumulation,result-dependent-fixture-chain,9,1538952,16986944839102549912,2514016089672206357,0,0,0,120.391678233,120.443719882,120.525143084,120.594829468,120.603964040,120.709306723,120.783037678,120.829417032,0.129800497,0.073047113,8292229.479559
Stillwater Universal Posit (software),Stillwater Universal,posit-external,posit6-es2,6,fma,external-software,Universal 26e69f5487b2e592b82002751d900a2437641fad generic posit<6; es=2>,result-dependent-fixture-chain,9,3029294,5704889592523368800,15943008272339699980,0,0,0,65.506201775,65.550500942,65.666802892,65.698805398,65.692060482,65.766085761,65.793114435,65.794888182,0.091387379,0.067280363,15220976.910291
ExecFloat binary proved software,ExecFloat,binary-interchange,binary6-e3m2,6,fma,proved-software,binary-interchange fused multiply-add exhaustive table,result-dependent-fixture-chain,9,990481,4828216906870161945,18318507006756611150,256,4507675418418589253,3914664449528394175,201.802255672,201.814064884,202.051139800,202.213960692,202.234725126,202.478510946,202.618758361,202.640597851,0.313512776,0.264550254,4945256.977207
MPFR (binary) software reference,MPFR,binary-reference,mpfr-binary6-p3-e3,6,fma,software-reference,MPFR 4.2.0 RNDN with matched exponent range and gradual underflow,result-dependent-fixture-chain,9,4074236,5493414708137759929,10474073941741494669,256,4507675418418589253,3914664449528394175,49.256898226,49.267794502,49.291545212,49.343200296,49.391668524,49.406943780,49.652139739,49.752351607,0.154404337,0.059061380,20266216.905410
Flocq binary reference (precision model),Flocq,binary-reference,flocq-p3,6,fma,software-reference,Flocq 4.2.2 extracted OCaml Zarith,result-dependent-fixture-chain,9,393481,1644902114266933536,-6347246795210747969,0,0,0,486.121840699,486.134902575,486.272706941,487.067744059,487.292872817,487.826075465,489.444420950,490.008099502,1.318428447,0.795037117,2053102.493848
ExecFloat Posit proved software,ExecFloat,posit,posit7,7,fma,proved-software,posit direct packed-word exact fused accumulation,result-dependent-fixture-chain,9,1632153,4503997935620833802,8659093460704594409,0,0,0,121.992039962,122.027660642,122.092368179,122.096729902,122.141851761,122.148985420,122.333622032,122.348309870,0.114735502,0.015638240,8190227.541731
Stillwater Universal Posit (software),Stillwater Universal,posit-external,posit7-es2,7,fma,external-software,Universal 26e69f5487b2e592b82002751d900a2437641fad generic posit<7; es=2>,result-dependent-fixture-chain,9,2569836,442986767556822519,2214809483555405578,0,0,0,79.425419365,79.434324058,79.493945528,79.581272891,79.576966952,79.659355694,79.715478497,79.729817000,0.110018055,0.087327363,12565770.358752
ExecFloat binary proved software,ExecFloat,binary-interchange,binary7-e3m3,7,fma,proved-software,binary-interchange fused multiply-add exhaustive table,result-dependent-fixture-chain,9,983645,5954571547559358319,8135183320153000168,256,11063501442542046017,14286134549859220077,202.501866019,202.530670313,202.751126677,202.909949219,203.001978469,203.159262742,203.703504008,203.843752573,0.435670659,0.249313523,4928294.565380
MPFR (binary) software reference,MPFR,binary-reference,mpfr-binary7-p4-e3,7,fma,software-reference,MPFR 4.2.0 RNDN with matched exponent range and gradual underflow,result-dependent-fixture-chain,9,4163365,12584669279972590038,12324010043585180173,256,11063501442542046017,14286134549859220077,48.168989988,48.183468757,48.268705002,48.322452631,48.297448445,48.350991566,48.370836859,48.375629329,0.071329665,0.041195523,20694313.834328
Flocq binary reference (precision model),Flocq,binary-reference,flocq-p4,7,fma,software-reference,Flocq 4.2.2 extracted OCaml Zarith,result-dependent-fixture-chain,9,347607,-7135921954763765713,8791631591463688588,0,0,0,552.067553300,552.073366762,552.427258369,553.335439160,553.537694389,554.528645856,555.213385231,555.592723967,1.256119581,1.193206696,1807222.037899
ExecFloat Posit proved software,ExecFloat,posit,posit8,8,fma,proved-software,posit direct packed-word exact fused accumulation,result-dependent-fixture-chain,9,1568206,9733576400621565700,2274565200571091206,0,0,0,127.175267152,127.193502257,127.297262605,127.523273728,127.533997163,127.564904738,128.153462747,128.421716280,0.381348399,0.226011124,7841705.837418
Stillwater Universal Posit (software),Stillwater Universal,posit-external,posit8-es2,8,fma,external-software,Universal 26e69f5487b2e592b82002751d900a2437641fad generic posit<8; es=2>,result-dependent-fixture-chain,9,2346785,8546151319759967284,4540373491089903436,0,0,0,85.766878091,85.810110002,85.926221192,86.050721732,86.000602006,86.067296322,86.127633592,86.148602024,0.120986920,0.045459213,11621053.023978
ExecFloat binary proved software,ExecFloat,binary-interchange,binary8-e4m3,8,fma,proved-software,binary-interchange fused multiply-add exact baseline,result-dependent-fixture-chain,9,166001,18294917841676495594,12104216194210967725,256,11063501442542046017,14286134549859220077,1205.938036518,1206.133934133,1206.994000036,1207.642640707,1209.370518518,1208.671797158,1216.912872814,1218.635339546,4.260489637,1.029156451,828059.532094
MPFR (binary) software reference,MPFR,binary-reference,mpfr-binary8-p4-e4,8,fma,software-reference,MPFR 4.2.0 RNDN with matched exponent range and gradual underflow,result-dependent-fixture-chain,9,4174603,12721946089170039344,17509936737231372890,256,11063501442542046017,14286134549859220077,47.806154741,47.845080502,47.986041307,48.066368227,48.023721324,48.107212830,48.125668716,48.131180139,0.109555080,0.054084185,20804567.452966
Flocq binary reference (precision model),Flocq,binary-reference,flocq-p4,8,fma,software-reference,Flocq 4.2.2 extracted OCaml Zarith,result-dependent-fixture-chain,9,346516,3607536318655907397,3455376570783026342,0,0,0,552.916064482,552.965846887,553.242159092,553.599732768,554.581700252,555.115316464,557.950547738,559.480589641,2.081535086,0.683668287,1806359.253461
ExecFloat Posit proved software,ExecFloat,posit,posit16,16,fma,proved-software,posit direct packed-word exact fused accumulation,result-dependent-fixture-chain,9,1371391,4178883207706340327,3469887033523775431,0,0,0,145.007327597,145.029924799,145.098280505,145.237897872,145.262954507,145.402927393,145.505260134,145.545806411,0.185565190,0.165029521,6885255.258130
Stillwater Universal Posit (software),Stillwater Universal,posit-external,posit16-es2,16,fma,external-software,Universal 26e69f5487b2e592b82002751d900a2437641fad generic posit<16; es=2>,result-dependent-fixture-chain,9,1083101,9564105336680575538,1928411875434413971,0,0,0,185.447341476,185.566120796,185.765257349,185.818422289,185.873919012,186.065107502,186.175242567,186.189684065,0.232558800,0.074132514,5381597.732236
ExecFloat binary proved software,ExecFloat,binary-interchange,binary16,16,fma,proved-software,binary-interchange fused multiply-add native-word kernel,result-dependent-fixture-chain,9,476409,12341478940940743087,7786005138566590955,256,1406249753189311116,5022963284450321196,417.521587543,417.642109196,417.909739321,418.003352162,418.238323467,418.637105932,419.159755588,419.296365098,0.587133776,0.180460487,2392325.312294
MPFR (binary) software reference,MPFR,binary-reference,mpfr-binary16-p11-e5,16,fma,software-reference,MPFR 4.2.0 RNDN with matched exponent range and gradual underflow,result-dependent-fixture-chain,9,4150025,4812426521693282759,3549375765084157729,256,1406249753189311116,5022963284450321196,48.057439172,48.081838254,48.159948193,48.202743116,48.190274784,48.230344636,48.264815851,48.272431612,0.068171134,0.042794923,20745707.305358
Flocq binary reference (precision model),Flocq,binary-reference,flocq-p11,16,fma,software-reference,Flocq 4.2.2 extracted OCaml Zarith,result-dependent-fixture-chain,9,156957,-7536219135552279002,-8485600650586117305,0,0,0,1246.909548475,1248.294065254,1250.384831514,1252.008212440,1257.882411531,1253.403894060,1287.018886701,1307.949737826,18.928358698,1.623380926,798716.805580
ExecFloat Posit proved software,ExecFloat,posit,posit32,32,fma,proved-software,posit direct packed-word exact fused accumulation,result-dependent-fixture-chain,9,565666,6787407673530975103,268771304792019789,0,0,0,351.843741713,351.916785524,352.072779697,352.310501250,352.347142032,352.683001984,352.815601433,352.871404681,0.350113470,0.284150011,2838405.317050
Stillwater Universal Posit (software),Stillwater Universal,posit-external,posit32-es2,32,fma,external-software,Universal 26e69f5487b2e592b82002751d900a2437641fad generic posit<32; es=2>,result-dependent-fixture-chain,9,479534,10806186807175791376,10120805919722586,0,0,0,411.021643929,411.090710148,411.442300233,412.370866299,412.165862877,412.756747175,412.952661125,412.981751033,0.764760185,0.538159964,2425001.574369
ExecFloat binary proved software,ExecFloat,binary-interchange,binary32,32,fma,proved-software,configured proved word kernel,result-dependent-fixture-chain,9,1409448,16057230475580763450,11977882390820834940,256,14193217778002186870,6704285237813457226,140.302457416,140.332576725,140.412614016,140.485299919,140.529256450,140.708797345,140.736117970,140.746432646,0.163342124,0.107544230,7118182.475873
Berkeley SoftFloat IEEE software,Berkeley SoftFloat,binary-interchange,binary32,32,fma,external-software,SoftFloat 3e,result-dependent-fixture-chain,9,6850906,14516063908324402550,16230430940042109143,256,14193217778002186870,6704285237813457226,29.164258567,29.165645303,29.184840954,29.191032252,29.192470326,29.195673974,29.224096287,29.228801709,0.020692535,0.006191298,34257096.199076
MPFR (binary) software reference,MPFR,binary-reference,mpfr-binary32-p24-e8,32,fma,software-reference,MPFR 4.2.0 RNDN with matched exponent range and gradual underflow,result-dependent-fixture-chain,9,4185383,12072096624432024527,8758434627396323228,256,14193217778002186870,6704285237813457226,47.415294132,47.430057512,47.487864790,47.635694033,47.583506296,47.638817762,47.730697000,47.787518848,0.117093257,0.083328097,20992661.496688
Flocq binary reference (precision model),Flocq,binary-reference,flocq-p24,32,fma,software-reference,Flocq 4.2.2 extracted OCaml Zarith,result-dependent-fixture-chain,9,71978,-2180667207961322013,7415928403452064199,0,0,0,2593.036830698,2596.177290283,2605.175122954,2615.276515046,2645.754573157,2619.163938981,2778.658064964,2780.704784795,75.507805183,10.101392092,382368.745426
Native C IEEE FPU,Native C,binary-interchange,binary32,32,fma,native-fpu,C float host FPU,result-dependent-fixture-chain,9,18401301,3585576903197216629,8447088672361126250,256,14193217778002186870,6704285237813457226,10.854674243,10.854903509,10.855928502,10.858248338,10.859074964,10.861529628,10.864398925,10.865015686,0.003765488,0.003000929,92095885.899183
ExecFloat Posit proved software,ExecFloat,posit,posit64,64,fma,proved-software,posit direct packed-word exact fused accumulation,result-dependent-fixture-chain,9,455904,18058240147173581408,8204021967945427261,0,0,0,437.921198322,438.082890258,438.503538026,438.590275584,438.653865970,438.685916333,439.436305450,439.831795729,0.512799256,0.095640749,2280032.311860
Stillwater Universal Posit (software),Stillwater Universal,posit-external,posit64-es2,64,fma,external-software,Universal 26e69f5487b2e592b82002751d900a2437641fad generic posit<64; es=2>,result-dependent-fixture-chain,9,203388,6243265800216098936,13941573343943276744,0,0,0,986.384762130,986.444895471,988.006367141,988.480873995,989.543939007,989.986424961,994.873185242,996.299540779,3.162949595,1.505550967,1011653.362557
ExecFloat binary proved software,ExecFloat,binary-interchange,binary64,64,fma,proved-software,configured proved word kernel,result-dependent-fixture-chain,9,156698,16543649864527175064,5482564815331852492,256,4302356234228363402,11033997570786036178,1274.421549733,1274.626410037,1275.863610257,1277.191476598,1276.852972668,1277.661967606,1279.377154782,1280.353922832,1.780253976,1.053919003,782967.956115
Berkeley SoftFloat IEEE software,Berkeley SoftFloat,binary-interchange,binary64,64,fma,external-software,SoftFloat 3e,result-dependent-fixture-chain,9,6907998,18200810723979946123,7626825509977864118,256,4302356234228363402,11033997570786036178,28.983710331,28.986019828,28.993674144,29.013736976,29.035967456,29.059271876,29.138013879,29.184921883,0.063720582,0.024252902,34466432.257273
MPFR (binary) software reference,MPFR,binary-reference,mpfr-binary64-p53-e11,64,fma,software-reference,MPFR 4.2.0 RNDN with matched exponent range and gradual underflow,result-dependent-fixture-chain,9,4055246,14377238658285392329,9790605197937780757,256,4302356234228363402,11033997570786036178,49.338414735,49.353036585,49.419273701,49.441921649,49.512446923,49.585467565,49.787883053,49.877929970,0.168986052,0.066952288,20225751.076108
Flocq binary reference (precision model),Flocq,binary-reference,flocq-p53,64,fma,software-reference,Flocq 4.2.2 extracted OCaml Zarith,result-dependent-fixture-chain,9,19762,-5907367167627072447,8401058860879223540,0,0,0,10039.833012853,10057.516830280,10102.931434065,10113.844044125,10139.155764711,10163.120078939,10282.721597004,10360.672755794,91.394986786,29.801487704,98874.374139
Native C IEEE FPU,Native C,binary-interchange,binary64,64,fma,native-fpu,C double host FPU,result-dependent-fixture-chain,9,18702113,8700461875936307355,215774432399057789,256,4302356234228363402,11033997570786036178,10.697981667,10.698981126,10.702866462,10.705267154,10.704713081,10.707479417,10.709125488,10.709854603,0.003763060,0.002400691,93411961.201994
ExecFloat Posit proved software,ExecFloat,posit,posit128,128,fma,proved-software,posit direct packed-pair exact fused accumulation,result-dependent-fixture-chain,9,46012,13334703217766359762,6147196464391049099,0,0,0,4224.806289664,4226.416939059,4232.473463444,4245.050856298,4254.837450617,4250.815961054,4325.315113449,4367.006498305,43.755830601,12.577392854,235568.438130
Stillwater Universal Posit (software),Stillwater Universal,posit-external,posit128-es2,128,fma,external-software,Universal 26e69f5487b2e592b82002751d900a2437641fad generic posit<128; es=2>,result-dependent-fixture-chain,9,77166,4088720601892009595,13606543339392543604,0,0,0,2588.996358500,2589.095360651,2589.348145556,2589.777725941,2590.195041282,2590.150156805,2592.481084934,2592.918267112,1.309945843,0.429580385,386133.524118
ExecFloat binary proved software,ExecFloat,binary-interchange,binary128,128,fma,proved-software,binary-interchange fused multiply-add fixed-limb kernel,result-dependent-fixture-chain,9,81924,9278875666203157268,16544130808759836134,256,5887953800951304359,3243472580820840853,2422.675675016,2424.888037693,2428.959096236,2429.369220253,2431.722854244,2436.082271373,2440.575718959,2440.970851033,6.012564363,1.162638543,411629.484585
MPFR (binary) software reference,MPFR,binary-reference,mpfr-binary128-p113-e15,128,fma,software-reference,MPFR 4.2.0 RNDN with matched exponent range and gradual underflow,result-dependent-fixture-chain,9,2796036,13438871979237553452,7447089505875754038,256,5887953800951304359,3243472580820840853,69.915293294,69.928416444,69.999445286,70.047767983,70.051269607,70.091807116,70.185938879,70.221195650,0.094903509,0.048322697,14275972.365647
Flocq binary reference (precision model),Flocq,binary-reference,flocq-p113,128,fma,software-reference,Flocq 4.2.2 extracted OCaml Zarith,result-dependent-fixture-chain,9,6610,4027848607596902126,-666248130544632162,0,0,0,30206.103177005,30207.486535552,30225.309984871,30253.390468986,30322.859556228,30298.041149773,30612.212556732,30656.552950076,162.795423740,43.828895613,33054.146477
ExecFloat Posit proved software,ExecFloat,posit,posit256,256,fma,proved-software,posit direct exact-dyadic fused accumulation,result-dependent-fixture-chain,9,42477,5242532367021477706,16806255069101570580,0,0,0,4709.743720131,4710.177799750,4713.465922735,4722.209360360,4753.771395239,4727.573086612,4907.564597311,5018.078842668,99.607044271,8.743437625,211765.282665
Stillwater Universal Posit (software),Stillwater Universal,posit-external,posit256-es2,256,fma,external-software,Universal 26e69f5487b2e592b82002751d900a2437641fad generic posit<256; es=2>,result-dependent-fixture-chain,9,32512,11943432790959348481,7472894150767989668,0,0,0,6077.264794537,6077.590987943,6081.172859252,6082.145269439,6082.750669838,6083.865495817,6089.717747293,6092.041492372,4.413697230,1.720226378,164415.671724
ExecFloat binary proved software,ExecFloat,binary-interchange,binary256-custom-e19m236,256,fma,proved-software,binary-interchange fused multiply-add exact baseline,result-dependent-fixture-chain,9,68472,1750175507871913665,17303895846435276669,256,17184235263020137552,2347394086528337578,2898.756250730,2898.800280407,2900.479393037,2901.466380418,2907.398252002,2903.957807571,2932.987816918,2946.905786307,15.348755400,2.491427153,344653.312804
MPFR (binary) software reference,MPFR,binary-reference,mpfr-binary256-p237-e19,256,fma,software-reference,MPFR 4.2.0 RNDN with matched exponent range and gradual underflow,result-dependent-fixture-chain,9,2603419,3721554901062057973,14925488733573761110,256,17184235263020137552,2347394086528337578,76.716595369,76.785493384,76.931056814,76.961774497,76.982648544,77.080115802,77.164155981,77.192977773,0.139791795,0.072934092,12993463.398314
Flocq binary reference (precision model),Flocq,binary-reference,flocq-p237,256,fma,software-reference,Flocq 4.2.2 extracted OCaml Zarith,result-dependent-fixture-chain,9,2523,-3148532237795485263,7017900663593299425,0,0,0,78796.363852556,78817.569560048,78893.060245739,79072.329369798,79047.182454750,79162.876337693,79301.073642489,79327.915180341,184.964575895,179.269124059,12646.649061
ExecFloat Posit proved software,ExecFloat,posit,posit512,512,fma,proved-software,posit direct exact-dyadic fused accumulation,result-dependent-fixture-chain,9,36583,17403734501976093275,3768234397536739115,0,0,0,4918.328431239,4920.163108548,4925.144055982,4928.871743706,4928.051150048,4932.587622666,4934.397162617,4934.737692371,5.452362972,3.727687724,202886.188158
Stillwater Universal Posit (software),Stillwater Universal,posit-external,posit512-es2,512,fma,external-software,Universal 26e69f5487b2e592b82002751d900a2437641fad generic posit<512; es=2>,result-dependent-fixture-chain,9,12348,147979952390765144,15974374787146173862,0,0,0,16128.147797214,16128.924635569,16134.322238419,16139.129332685,16140.037522946,16145.130547457,16151.244347263,16153.192905734,8.363335392,6.001214772,61961.211128
ExecFloat binary proved software,ExecFloat,binary-interchange,binary512-custom-e19m492,512,fma,proved-software,binary-interchange fused multiply-add exact baseline,result-dependent-fixture-chain,9,47640,3082558805997823864,3044925352024425963,256,5166839139342104348,9638240548636149016,3050.231507137,3054.328350126,3063.113727960,3069.777833753,3128.847215225,3121.329596977,3355.764412259,3472.306528128,135.188182023,9.304219144,325756.472994
MPFR (binary) software reference,MPFR,binary-reference,mpfr-binary512-p493-e19,512,fma,software-reference,MPFR 4.2.0 RNDN with matched exponent range and gradual underflow,result-dependent-fixture-chain,9,1938240,9607028968083008074,4215280310286745783,256,5166839139342104348,9638240548636149016,102.687639302,102.712840721,102.866637774,103.060122585,103.293899219,103.102711223,104.844047280,106.000330712,1.027118246,0.094238072,9703074.039825
Flocq binary reference (precision model),Flocq,binary-reference,flocq-p493,512,fma,software-reference,Flocq 4.2.2 extracted OCaml Zarith,result-dependent-fixture-chain,9,936,8018273302239827502,1715781806470189784,0,0,0,212288.471153846,212346.668162393,212643.298076923,212791.039529915,212891.131172839,212879.761752137,213761.113034188,213999.037393162,519.928797614,147.741452991,4699.446002
ExecFloat Posit proved software,ExecFloat,posit,posit1024,1024,fma,proved-software,posit direct exact-dyadic fused accumulation,result-dependent-fixture-chain,9,35865,7226730696519872484,17337056923879682241,0,0,0,5474.436163390,5475.933601004,5483.467140666,5485.258608671,5486.674978701,5494.415028579,5496.845398020,5497.111696640,7.943342211,7.078851248,182306.810187
Stillwater Universal Posit (software),Stillwater Universal,posit-external,posit1024-es2,1024,fma,external-software,Universal 26e69f5487b2e592b82002751d900a2437641fad generic posit<1024; es=2>,result-dependent-fixture-chain,9,3439,5428964414853785707,95839976979030097,0,0,0,58344.156731608,58358.553591160,58384.517010759,58457.103227682,58478.378953830,58506.878453039,58668.285024716,58702.288746729,116.876589316,72.586216924,17106.560962
ExecFloat binary proved software,ExecFloat,binary-interchange,binary1024-custom-e19m1004,1024,fma,proved-software,binary-interchange fused multiply-add exact baseline,result-dependent-fixture-chain,9,58375,4702684613021284417,17147300938187020525,256,1574300555002444628,17008690229445754520,3425.048788009,3427.807551178,3434.044299786,3434.689576017,3437.591229122,3442.694766595,3448.231684797,3448.851443255,7.666753740,4.619374732,291147.126361
MPFR (binary) software reference,MPFR,binary-reference,mpfr-binary1024-p1005-e19,1024,fma,software-reference,MPFR 4.2.0 RNDN with matched exponent range and gradual underflow,result-dependent-fixture-chain,9,892999,13226943550549787484,14904212383473037522,256,1574300555002444628,17008690229445754520,223.919577737,223.967606907,224.096713434,224.126100925,224.495683646,224.306149279,225.922362735,226.188186101,0.795345443,0.086450265,4461773.956146
Flocq binary reference (precision model),Flocq,binary-reference,flocq-p1005,1024,fma,software-reference,Flocq 4.2.2 extracted OCaml Zarith,result-dependent-fixture-chain,9,319,-5244708922806402057,-3941519317863844639,0,0,0,616709.442006270,616771.692789969,617095.181818182,617410.391849530,617843.781957506,618345.015673981,619644.722884013,620233.959247649,1140.162527039,661.369905956,1619.668236
ExecFloat Posit proved software,ExecFloat,posit,posit2048,2048,fma,proved-software,posit direct exact-dyadic fused accumulation,result-dependent-fixture-chain,9,30968,6811200598469936479,6436215909809670169,0,0,0,6416.182284939,6417.829959959,6421.291010075,6426.438032808,6469.013067252,6430.771441488,6667.895111082,6824.976847068,133.585272307,5.147022733,155607.195603
Stillwater Universal Posit (software),Stillwater Universal,posit-external,posit2048-es2,2048,fma,external-software,Universal 26e69f5487b2e592b82002751d900a2437641fad generic posit<2048; es=2>,result-dependent-fixture-chain,9,999,1477022863577553549,12262691329385473673,0,0,0,200016.337337337,200088.055855856,200224.225225225,200350.840840841,200338.210655100,200480.745745746,200564.339739740,200588.049049049,182.505590246,129.904904905,4991.244338
ExecFloat binary proved software,ExecFloat,binary-interchange,binary2048-custom-e19m2028,2048,fma,proved-software,binary-interchange fused multiply-add exact baseline,result-dependent-fixture-chain,9,47353,11509458195135604867,6468361202476347095,256,2743377063019884498,9565555395836394947,4147.122885562,4148.321407303,4151.264291597,4153.481996917,4156.539925899,4166.121956370,4166.654028256,4166.815133149,7.812475956,3.362807003,240761.847708
MPFR (binary) software reference,MPFR,binary-reference,mpfr-binary2048-p2029-e19,2048,fma,software-reference,MPFR 4.2.0 RNDN with matched exponent range and gradual underflow,result-dependent-fixture-chain,9,341360,9936343725497528299,17419107332511638275,256,2743377063019884498,9565555395836394947,577.724165104,577.932436724,578.590098430,579.058890907,580.974519243,579.133638974,590.904308648,598.180062105,6.482830587,0.468792477,1726940.067242
Flocq binary reference (precision model),Flocq,binary-reference,flocq-p2029,2048,fma,software-reference,Flocq 4.2.2 extracted OCaml Zarith,result-dependent-fixture-chain,9,101,-9009361745103130117,5984251719832875953,0,0,0,1967288.188118812,1967435.788118812,1967795.237623762,1971024.059405941,1970072.511551155,1971165.138613861,1972234.271287129,1972439.891089109,1967.684962963,901.782178218,507.350479
ExecFloat Posit proved software,ExecFloat,posit,posit4096,4096,fma,proved-software,posit direct exact-dyadic fused accumulation,result-dependent-fixture-chain,9,23454,1257713745576411902,1027971193982911129,0,0,0,8799.211221966,8799.262829368,8800.842073847,8803.655794321,8817.654932113,8820.460859555,8865.845817345,8884.085401211,28.054500941,4.444572354,113589.175152
Stillwater Universal Posit (software),Stillwater Universal,posit-external,posit4096-es2,4096,fma,external-software,Universal 26e69f5487b2e592b82002751d900a2437641fad generic posit<4096; es=2>,result-dependent-fixture-chain,9,222,4185733352337023783,9180629836718230252,0,0,0,898011.657657658,900406.163963964,906373.139639640,908847.693693694,908986.703203203,911209.815315315,918732.982882883,923350.779279279,6817.128351432,2474.554054054,1100.294369
ExecFloat binary proved software,ExecFloat,binary-interchange,binary4096-custom-e19m4076,4096,fma,proved-software,binary-interchange fused multiply-add exact baseline,result-dependent-fixture-chain,9,32319,1584648476281750388,13910386907253336914,256,13359547897071218016,390738148860889118,6112.414276432,6114.409239147,6118.848386398,6126.494941056,6129.133770641,6133.394350073,6152.213496705,6159.148364739,14.541008727,7.646554658,163225.467355
MPFR (binary) software reference,MPFR,binary-reference,mpfr-binary4096-p4077-e19,4096,fma,software-reference,MPFR 4.2.0 RNDN with matched exponent range and gradual underflow,result-dependent-fixture-chain,9,137682,18080154200323301592,14047050585775157374,256,13359547897071218016,390738148860889118,1451.299334699,1451.375696169,1452.671416743,1453.391154980,1453.447812915,1454.527745094,1455.321856161,1455.373665403,1.506916576,1.136590113,688046.020215
Flocq binary reference (precision model),Flocq,binary-reference,flocq-p4077,4096,fma,software-reference,Flocq 4.2.2 extracted OCaml Zarith,result-dependent-fixture-chain,9,29,-2842634700070917665,2172414409424833129,0,0,0,6888582.344827586,6889910.455172413,6893979.965517242,6895990.379310345,6896859.176245211,6901394.448275862,6902867.641379310,6903755.517241379,5174.885370598,4602.103448275,145.011803
