implementation,family,format,totalBits,operation,executionClass,backend,measurementMethod,iterations,totalNanos,sink,fixtureTraceDigest,agreementIterations,agreementSink,agreementFixtureTraceDigest
Flocq,binary-reference,flocq-p4,8,sqrt,software-reference,Flocq 4.2.2 extracted OCaml Zarith,result-dependent-fixture-chain,274963,193950232,1892785653940940192,2283644927437164884,0,0,0
MPFR,binary-reference,mpfr-binary8-p4-e4,8,sub,software-reference,MPFR 4.2.0 RNDN with matched exponent range and gradual underflow,result-dependent-fixture-chain,5668180,200117378,16466270618830866212,7497795558331283404,256,488180961882180986,8905306643955899295
Flocq,binary-reference,flocq-p3,5,sqrt,software-reference,Flocq 4.2.2 extracted OCaml Zarith,result-dependent-fixture-chain,346042,192096245,6525848446770226873,7475417861958482799,0,0,0
Flocq,binary-reference,flocq-p11,16,add,software-reference,Flocq 4.2.2 extracted OCaml Zarith,result-dependent-fixture-chain,296156,190807131,-5105634948990630766,2906662478538835341,0,0,0
Stillwater Universal,posit-external,posit2048-es2,2048,add,external-software,Universal 26e69f5487b2e592b82002751d900a2437641fad generic posit<2048; es=2>,result-dependent-fixture-chain,9456,198809350,11260201936398156510,3358261925698992406,0,0,0
ExecFloat,posit,posit16,16,div,proved-software,posit direct packed-word exact quotient,result-dependent-fixture-chain,633245,201648070,2139210062643076198,9205507881740308799,0,0,0
MPFR,binary-reference,mpfr-binary5-p3-e2,5,fma,software-reference,MPFR 4.2.0 RNDN with matched exponent range and gradual underflow,result-dependent-fixture-chain,2397128,199689260,13055957069700939560,10311728081472606939,256,17561184979992092190,11513456574949391548
ExecFloat,posit,posit2,2,div,proved-software,posit exhaustive encoded-value table,result-dependent-fixture-chain,2039621,201392499,14011221091129551586,11927629065277756798,0,0,0
Native C,binary-interchange,binary32,32,mul,native-fpu,C float host FPU,result-dependent-fixture-chain,23070353,199853071,2449070911855702766,14429998561057534814,256,10455358528253897402,7341641514666459220
MPFR,binary-reference,mpfr-binary6-p3-e3,6,add,software-reference,MPFR 4.2.0 RNDN with matched exponent range and gradual underflow,result-dependent-fixture-chain,5591573,199655235,287915693526830688,6741270446370004891,256,6202289059733992379,4641336416295902540
Stillwater Universal,posit-external,posit512-es2,512,add,external-software,Universal 26e69f5487b2e592b82002751d900a2437641fad generic posit<512; es=2>,result-dependent-fixture-chain,37652,200532914,9898590179638741481,3304618400800140199,0,0,0
ExecFloat,binary-interchange,binary4-e2m1,4,fma,proved-software,binary-interchange fused multiply-add exhaustive table,result-dependent-fixture-chain,1153161,167099139,3158986291891455292,8749301834160520966,256,16426662834064863406,5047243313241330682
ExecFloat,posit,posit8,8,sqrt,proved-software,posit exhaustive encoded-value table,result-dependent-fixture-chain,9292347,198139355,6208912026977945900,15083596944157594286,0,0,0
ExecFloat,binary-interchange,binary5-e2m2,5,add,proved-software,binary-interchange addition exhaustive table,result-dependent-fixture-chain,1121889,197316640,6685516312215754880,4582113367046477507,256,1722950134920412238,4275144671903716047
ExecFloat,binary-interchange,binary2048-custom-e19m2028,2048,add,proved-software,binary-interchange addition exact baseline,result-dependent-fixture-chain,54541,201276298,2809327600448027891,12593650458717941489,256,16187131443813737441,17453360145151856638
Berkeley SoftFloat,binary-interchange,binary64,64,fma,external-software,SoftFloat 3e,result-dependent-fixture-chain,6907998,200219413,18200810723979946123,7626825509977864118,256,4302356234228363402,11033997570786036178
Stillwater Universal,posit-external,posit2048-es2,2048,fma,external-software,Universal 26e69f5487b2e592b82002751d900a2437641fad generic posit<2048; es=2>,result-dependent-fixture-chain,999,200058020,1477022863577553549,12262691329385473673,0,0,0
ExecFloat,binary-interchange,binary7-e3m3,7,sub,proved-software,binary-interchange subtraction exhaustive table,result-dependent-fixture-chain,915267,199883182,11442635843382029432,6913741630773856458,256,488180961882180986,8905306643955899295
Flocq,binary-reference,flocq-p2029,2048,div,software-reference,Flocq 4.2.2 extracted OCaml Zarith,result-dependent-fixture-chain,256,200025048,-2006822187243914769,-8803585875183030068,0,0,0
Flocq,binary-reference,flocq-p237,256,add,software-reference,Flocq 4.2.2 extracted OCaml Zarith,result-dependent-fixture-chain,6783,201155190,4054404122185533002,3027701966538128450,0,0,0
ExecFloat,binary-interchange,binary8-e4m3,8,sqrt,proved-software,binary-interchange square root exhaustive table,result-dependent-fixture-chain,3197842,188105013,15287280610317754272,8895053364633608008,256,14665192763842552264,17419253158418701627
Flocq,binary-reference,flocq-p4,7,sub,software-reference,Flocq 4.2.2 extracted OCaml Zarith,result-dependent-fixture-chain,495145,188838860,7534230861727697228,7231304996224440083,0,0,0
ExecFloat,binary-interchange,binary512-custom-e19m492,512,mul,proved-software,binary-interchange multiplication exact baseline,result-dependent-fixture-chain,61079,199033619,11391839035085875533,468134696619726119,256,17349291455108062735,7704363681322181692
ExecFloat,posit,posit256,256,div,proved-software,posit width-generic quotient-prefix,result-dependent-fixture-chain,45797,197513861,2288646864368141861,247756994011893252,0,0,0
ExecFloat,binary-interchange,binary512-custom-e19m492,512,fma,proved-software,binary-interchange fused multiply-add exact baseline,result-dependent-fixture-chain,47640,151540517,3082558805997823864,3044925352024425963,256,5166839139342104348,9638240548636149016
MPFR,binary-reference,mpfr-binary1024-p1005-e19,1024,mul,software-reference,MPFR 4.2.0 RNDN with matched exponent range and gradual underflow,result-dependent-fixture-chain,1590252,200431745,10919123988927381429,8988734709220773120,256,10797881490847747902,3571047587515683140
Stillwater Universal,posit-external,posit7-es2,7,sub,external-software,Universal 26e69f5487b2e592b82002751d900a2437641fad generic posit<7; es=2>,result-dependent-fixture-chain,3035086,195530880,4979331672385113508,11599032295317989722,0,0,0
Flocq,binary-reference,flocq-p4077,4096,div,software-reference,Flocq 4.2.2 extracted OCaml Zarith,result-dependent-fixture-chain,79,200128661,8335662058721354487,-7243151918087569081,0,0,0
ExecFloat,binary-interchange,binary4096-custom-e19m4076,4096,fma,proved-software,binary-interchange fused multiply-add exact baseline,result-dependent-fixture-chain,32319,198183430,1584648476281750388,13910386907253336914,256,13359547897071218016,390738148860889118
ExecFloat,posit,posit64,64,sqrt,proved-software,posit direct packed-word exact square root,result-dependent-fixture-chain,67329,200479989,4839052812430976466,14979140349511337879,0,0,0
Flocq,binary-reference,flocq-p4,8,sub,software-reference,Flocq 4.2.2 extracted OCaml Zarith,result-dependent-fixture-chain,496602,189646961,-3499118557097894973,-1550267582471473232,0,0,0
Flocq,binary-reference,flocq-p11,16,div,software-reference,Flocq 4.2.2 extracted OCaml Zarith,result-dependent-fixture-chain,267453,203011241,-7464145970577002411,6263883749985703257,0,0,0
ExecFloat,posit,posit1024,1024,add,proved-software,posit direct exact-dyadic sum,result-dependent-fixture-chain,46157,193528266,14021008858994383714,18073421432396336414,0,0,0
ExecFloat,binary-interchange,binary6-e3m2,6,div,proved-software,binary-interchange division exhaustive table,result-dependent-fixture-chain,980054,199396346,17361086977395227003,13402058441635323508,256,9601202237124181899,10638078861417486847
ExecFloat,posit,posit4,4,div,proved-software,posit exhaustive encoded-value table,result-dependent-fixture-chain,1891803,199405649,18229246450528953822,5777531829172431086,0,0,0
ExecFloat,posit,posit6,6,mul,proved-software,posit exhaustive encoded-value table,result-dependent-fixture-chain,1892242,198015211,6150807744218954499,8696875887810510440,0,0,0
Stillwater Universal,posit-external,posit8-es2,8,sqrt,hardware-assisted-external,Universal 26e69f5487b2e592b82002751d900a2437641fad posit-to-binary64 hardware sqrt,result-dependent-fixture-chain,2930575,200061102,5855073138668119336,12793557260192084257,0,0,0
ExecFloat,posit,posit128,128,sub,proved-software,posit direct packed-pair exact difference,result-dependent-fixture-chain,182081,199905415,5298536738745044831,16002228839076962889,0,0,0
ExecFloat,posit,posit512,512,fma,proved-software,posit direct exact-dyadic fused accumulation,result-dependent-fixture-chain,36583,180312915,17403734501976093275,3768234397536739115,0,0,0
Stillwater Universal,posit-external,posit64-es2,64,add,external-software,Universal 26e69f5487b2e592b82002751d900a2437641fad generic posit<64; es=2>,result-dependent-fixture-chain,361087,201248895,18045299265927512454,13849190213632423085,0,0,0
Flocq,binary-reference,flocq-p2029,2048,add,software-reference,Flocq 4.2.2 extracted OCaml Zarith,result-dependent-fixture-chain,342,201414044,3817886440434569753,-3905333578269596686,0,0,0
ExecFloat,binary-interchange,binary1024-custom-e19m1004,1024,add,proved-software,binary-interchange addition exact baseline,result-dependent-fixture-chain,57959,199224917,5958313828074534770,1225392669939575789,256,15085329428722891679,17675889632280362273
ExecFloat,binary-interchange,binary512-custom-e19m492,512,add,proved-software,binary-interchange addition exact baseline,result-dependent-fixture-chain,62524,200026150,6179203285263456382,10253821409646393087,256,16473226587552645878,2731629517370197849
ExecFloat,binary-interchange,binary128,128,fma,proved-software,binary-interchange fused multiply-add fixed-limb kernel,result-dependent-fixture-chain,81924,198475282,9278875666203157268,16544130808759836134,256,5887953800951304359,3243472580820840853
Flocq,binary-reference,flocq-p11,16,mul,software-reference,Flocq 4.2.2 extracted OCaml Zarith,result-dependent-fixture-chain,235093,193794615,1459157811005293965,-6175049815897954794,0,0,0
ExecFloat,posit,posit3,3,fma,proved-software,posit direct packed-word exact fused accumulation,result-dependent-fixture-chain,2287963,200376383,556243126796753797,6869824410561370436,0,0,0
ExecFloat,binary-interchange,binary32,32,div,proved-software,configured proved word kernel,result-dependent-fixture-chain,1614553,199685037,5198204063093218969,17990042421089116273,256,16341726122421238898,9159345502404108257
ExecFloat,binary-interchange,binary4096-custom-e19m4076,4096,sqrt,proved-software,binary-interchange square root exact baseline,result-dependent-fixture-chain,4996,203656497,16406603124304205183,2780097637189058126,256,3313598897118726622,10256443947656765720
Berkeley SoftFloat,binary-interchange,binary64,64,div,external-software,SoftFloat 3e,result-dependent-fixture-chain,6747235,199508808,3476723779913564353,520582933911506573,256,16866086521615362059,18009442782454829229
Flocq,binary-reference,flocq-p493,512,sqrt,software-reference,Flocq 4.2.2 extracted OCaml Zarith,result-dependent-fixture-chain,28,205406515,-1904366194921677335,7868257790754811787,0,0,0
Stillwater Universal,posit-external,posit16-es2,16,sub,external-software,Universal 26e69f5487b2e592b82002751d900a2437641fad generic posit<16; es=2>,result-dependent-fixture-chain,1960189,198484445,15304741192981828473,9686412743729068487,0,0,0
Flocq,binary-reference,flocq-p3,5,sub,software-reference,Flocq 4.2.2 extracted OCaml Zarith,result-dependent-fixture-chain,527434,185623992,-1232088722116243313,4192249393708749769,0,0,0
Stillwater Universal,posit-external,posit2048-es2,2048,div,external-software,Universal 26e69f5487b2e592b82002751d900a2437641fad generic posit<2048; es=2>,result-dependent-fixture-chain,81,195128977,14886477789112315346,550324764837836359,0,0,0
MPFR,binary-reference,mpfr-binary2048-p2029-e19,2048,div,software-reference,MPFR 4.2.0 RNDN with matched exponent range and gradual underflow,result-dependent-fixture-chain,249849,200281880,17690396066312442791,4620081210265706770,256,16439921886465636847,9643158198526521548
ExecFloat,binary-interchange,binary1024-custom-e19m1004,1024,div,proved-software,binary-interchange division exact baseline,result-dependent-fixture-chain,46956,196962886,7335984525597194063,6188742036175308338,256,9849109639515396701,6779996310571071559
ExecFloat,posit,posit16,16,mul,proved-software,posit direct packed-word exact product,result-dependent-fixture-chain,1496579,202222770,18228620300243001844,2752866636453750243,0,0,0
Native C,binary-interchange,binary64,64,div,native-fpu,C double host FPU,result-dependent-fixture-chain,17222684,200038411,7191188578747835250,8144949091231224165,256,16866086521615362059,18009442782454829229
ExecFloat,posit,posit8,8,add,proved-software,posit exhaustive encoded-value table,result-dependent-fixture-chain,1826118,195928492,8818480925092915542,6919378956723137316,0,0,0
MPFR,binary-reference,mpfr-binary1024-p1005-e19,1024,sub,software-reference,MPFR 4.2.0 RNDN with matched exponent range and gradual underflow,result-dependent-fixture-chain,3631392,195759509,15067273299608640655,14627822829750997145,256,15033367052268226531,7348075305264049930
MPFR,binary-reference,mpfr-binary16-p11-e5,16,mul,software-reference,MPFR 4.2.0 RNDN with matched exponent range and gradual underflow,result-dependent-fixture-chain,6279736,200938068,14023417901757364667,776097905001329731,256,3926997885351921396,18187657784984312392
Stillwater Universal,posit-external,posit128-es2,128,fma,external-software,Universal 26e69f5487b2e592b82002751d900a2437641fad generic posit<128; es=2>,result-dependent-fixture-chain,77166,199832986,4088720601892009595,13606543339392543604,0,0,0
ExecFloat,posit,posit1024,1024,div,proved-software,posit width-generic quotient-prefix,result-dependent-fixture-chain,37981,210364742,1609434583862569674,5136465505188997526,0,0,0
ExecFloat,posit,posit1024,1024,sub,proved-software,posit direct exact-dyadic difference,result-dependent-fixture-chain,49370,193716184,8708779035752511194,12032604373048985858,0,0,0
ExecFloat,binary-interchange,binary64,64,fma,proved-software,configured proved word kernel,result-dependent-fixture-chain,156698,200134837,16543649864527175064,5482564815331852492,256,4302356234228363402,11033997570786036178
Flocq,binary-reference,flocq-p53,64,sub,software-reference,Flocq 4.2.2 extracted OCaml Zarith,result-dependent-fixture-chain,91589,198152658,-544141579682215243,1575020431820244007,0,0,0
MPFR,binary-reference,mpfr-binary6-p3-e3,6,div,software-reference,MPFR 4.2.0 RNDN with matched exponent range and gradual underflow,result-dependent-fixture-chain,5303077,200686872,8371631100023612736,7985867130891980287,256,9601202237124181899,10638078861417486847
Stillwater Universal,posit-external,posit7-es2,7,div,external-software,Universal 26e69f5487b2e592b82002751d900a2437641fad generic posit<7; es=2>,result-dependent-fixture-chain,2736016,199517847,10732624304550434777,6375974883926122229,0,0,0
Flocq,binary-reference,flocq-p4,8,add,software-reference,Flocq 4.2.2 extracted OCaml Zarith,result-dependent-fixture-chain,451963,189038102,-7597703219870362707,-3335736671635725346,0,0,0
MPFR,binary-reference,mpfr-binary512-p493-e19,512,sqrt,software-reference,MPFR 4.2.0 RNDN with matched exponent range and gradual underflow,result-dependent-fixture-chain,857304,199217735,16145601964815750145,13689683610874631688,256,14718717483843740146,16492443812586108962
Stillwater Universal,posit-external,posit128-es2,128,div,external-software,Universal 26e69f5487b2e592b82002751d900a2437641fad generic posit<128; es=2>,result-dependent-fixture-chain,33651,199956823,15097319623009086494,13412978115776977748,0,0,0
Stillwater Universal,posit-external,posit16-es2,16,fma,external-software,Universal 26e69f5487b2e592b82002751d900a2437641fad generic posit<16; es=2>,result-dependent-fixture-chain,1083101,201662233,9564105336680575538,1928411875434413971,0,0,0
ExecFloat,binary-interchange,binary512-custom-e19m492,512,div,proved-software,binary-interchange division exact baseline,result-dependent-fixture-chain,53945,194219632,6031131514200487383,519717849030286832,256,62298687186005074,17373276729749537051
Flocq,binary-reference,flocq-p3,5,div,software-reference,Flocq 4.2.2 extracted OCaml Zarith,result-dependent-fixture-chain,483907,187194310,5698963321224372529,-8006259568361565040,0,0,0
MPFR,binary-reference,mpfr-binary6-p3-e3,6,fma,software-reference,MPFR 4.2.0 RNDN with matched exponent range and gradual underflow,result-dependent-fixture-chain,4074236,200795213,5493414708137759929,10474073941741494669,256,4507675418418589253,3914664449528394175
MPFR,binary-reference,mpfr-binary2048-p2029-e19,2048,sub,software-reference,MPFR 4.2.0 RNDN with matched exponent range and gradual underflow,result-dependent-fixture-chain,2615628,196142472,7431228885226838174,11449372054572697105,256,5835518171502335049,13859927365874923980
ExecFloat,binary-interchange,binary1024-custom-e19m1004,1024,sqrt,proved-software,binary-interchange square root exact baseline,result-dependent-fixture-chain,21576,201914583,13055504343855913927,5366024432694157239,256,8370583612283834978,10816029777351550305
CPython,python-runtime,python-float64,64,sub,dynamic-runtime,CPython 3.11.2 float expression; interpreter and object overhead included,result-dependent-fixture-chain,227935,189238900,5206256066882940950,12115601347471788109,256,747626906282276811,11425145581293654401
Flocq,binary-reference,flocq-p493,512,div,software-reference,Flocq 4.2.2 extracted OCaml Zarith,result-dependent-fixture-chain,2009,201149137,3344800015346360622,-4226622665679917394,0,0,0
MPFR,binary-reference,mpfr-binary1024-p1005-e19,1024,div,software-reference,MPFR 4.2.0 RNDN with matched exponent range and gradual underflow,result-dependent-fixture-chain,670566,199699150,17303337550429105466,4118698612817371351,256,9849109639515396701,6779996310571071559
Stillwater Universal,posit-external,posit128-es2,128,add,external-software,Universal 26e69f5487b2e592b82002751d900a2437641fad generic posit<128; es=2>,result-dependent-fixture-chain,140672,200390039,3072054350796903433,122294008587785146,0,0,0
ExecFloat,binary-interchange,binary512-custom-e19m492,512,sub,proved-software,binary-interchange subtraction exact baseline,result-dependent-fixture-chain,56930,198474102,5346338513560170747,12415311175192887694,256,1316036719961860745,14942267711526812724
ExecFloat,binary-interchange,binary128,128,mul,proved-software,binary-interchange multiplication fixed-limb kernel,result-dependent-fixture-chain,127270,199943426,1649028717919065192,14342712874752326215,256,9170763136414237279,9626421577276675687
Flocq,binary-reference,flocq-p3,6,fma,software-reference,Flocq 4.2.2 extracted OCaml Zarith,result-dependent-fixture-chain,393481,191950292,1644902114266933536,-6347246795210747969,0,0,0
ExecFloat,binary-interchange,binary64,64,mul,proved-software,configured proved word kernel,result-dependent-fixture-chain,792533,198712809,15669983151361363208,18163901864782046612,256,10844575015366422186,11592510319815437518
ExecFloat,posit,posit512,512,sub,proved-software,posit direct exact-dyadic difference,result-dependent-fixture-chain,55317,200627330,5021093143659314113,15088097875602290869,0,0,0
MPFR,binary-reference,mpfr-binary7-p4-e3,7,mul,software-reference,MPFR 4.2.0 RNDN with matched exponent range and gradual underflow,result-dependent-fixture-chain,5303146,200813333,4981552634077408913,9393542597619481255,256,13146525749783436809,17600022071726456791
ExecFloat,posit,posit128,128,mul,proved-software,posit direct packed-pair exact product,result-dependent-fixture-chain,163712,197099718,15207384892708885134,12183479730722941094,0,0,0
ExecFloat,posit,posit4,4,fma,proved-software,posit direct packed-word exact fused accumulation,result-dependent-fixture-chain,1871052,199496186,15430643439471633860,8287185015687785753,0,0,0
ExecFloat,binary-interchange,binary16,16,sqrt,proved-software,binary-interchange square root native-word kernel,result-dependent-fixture-chain,199378,206751324,13743508889826574281,1794201660863734602,256,6810241611482138117,15355967655783802056
ExecFloat,posit,posit256,256,mul,proved-software,posit direct exact-dyadic product,result-dependent-fixture-chain,55787,199914817,18254946890948886116,16655646308523773629,0,0,0
ExecFloat,posit,posit3,3,mul,proved-software,posit exhaustive encoded-value table,result-dependent-fixture-chain,1902154,196040571,10084223550400037103,8405667493189754240,0,0,0
Stillwater Universal,posit-external,posit6-es2,6,fma,external-software,Universal 26e69f5487b2e592b82002751d900a2437641fad generic posit<6; es=2>,result-dependent-fixture-chain,3029294,199224809,5704889592523368800,15943008272339699980,0,0,0
Flocq,binary-reference,flocq-p3,6,sqrt,software-reference,Flocq 4.2.2 extracted OCaml Zarith,result-dependent-fixture-chain,345858,192074985,-8456106782922331001,3099051846252826982,0,0,0
ExecFloat,posit,posit128,128,div,proved-software,posit width-generic quotient-prefix,result-dependent-fixture-chain,49099,201385724,1161240270411369393,2883560025315201723,0,0,0
Flocq,binary-reference,flocq-p1005,1024,sqrt,software-reference,Flocq 4.2.2 extracted OCaml Zarith,result-dependent-fixture-chain,6,225363392,8302220129478656787,-620432371434072335,0,0,0
Flocq,binary-reference,flocq-p4,7,sqrt,software-reference,Flocq 4.2.2 extracted OCaml Zarith,result-dependent-fixture-chain,275033,193848864,8394248041851399621,-7783289914128713578,0,0,0
Stillwater Universal,posit-external,posit128-es2,128,mul,external-software,Universal 26e69f5487b2e592b82002751d900a2437641fad generic posit<128; es=2>,result-dependent-fixture-chain,107994,200546190,16520321983612294306,7110079691260469287,0,0,0
ExecFloat,posit,posit4,4,sqrt,proved-software,posit exhaustive encoded-value table,result-dependent-fixture-chain,9412726,200583708,12421216895000644341,13667031064198210569,0,0,0
Flocq,binary-reference,flocq-p237,256,fma,software-reference,Flocq 4.2.2 extracted OCaml Zarith,result-dependent-fixture-chain,2523,199047191,-3148532237795485263,7017900663593299425,0,0,0
Stillwater Universal,posit-external,posit512-es2,512,sub,external-software,Universal 26e69f5487b2e592b82002751d900a2437641fad generic posit<512; es=2>,result-dependent-fixture-chain,37533,200188237,10996657600261766076,1201773530927287006,0,0,0
MPFR,binary-reference,mpfr-binary8-p4-e4,8,div,software-reference,MPFR 4.2.0 RNDN with matched exponent range and gradual underflow,result-dependent-fixture-chain,5717954,199610584,12089883760290148204,2529287592753833130,256,5447373064465816624,12232418598729189962
ExecFloat,posit,posit4,4,add,proved-software,posit exhaustive encoded-value table,result-dependent-fixture-chain,1844564,199477860,8719223824715996091,17804644918467747420,0,0,0
ExecFloat,binary-interchange,binary32,32,sub,proved-software,configured proved word kernel,result-dependent-fixture-chain,1562805,200547972,7883643538029656891,10316704193075279719,256,15668352703752951196,8948690054579814282
ExecFloat,posit,posit128,128,fma,proved-software,posit direct packed-pair exact fused accumulation,result-dependent-fixture-chain,46012,194744569,13334703217766359762,6147196464391049099,0,0,0
Flocq,binary-reference,flocq-p3,6,add,software-reference,Flocq 4.2.2 extracted OCaml Zarith,result-dependent-fixture-chain,498904,189878434,-2205156393346177583,5222252229182947850,0,0,0
ExecFloat,binary-interchange,binary32,32,sqrt,proved-software,configured proved word kernel,result-dependent-fixture-chain,2150779,199795162,9467753942657221830,18420443555547182679,256,16179893597297518679,3163294961240210449
ExecFloat,posit,posit6,6,div,proved-software,posit exhaustive encoded-value table,result-dependent-fixture-chain,1909186,203484882,10639845179227803876,11973705852829257815,0,0,0
Flocq,binary-reference,flocq-p1005,1024,fma,software-reference,Flocq 4.2.2 extracted OCaml Zarith,result-dependent-fixture-chain,319,196855649,-5244708922806402057,-3941519317863844639,0,0,0
Flocq,binary-reference,flocq-p237,256,div,software-reference,Flocq 4.2.2 extracted OCaml Zarith,result-dependent-fixture-chain,5186,199410235,9018309145943046843,-2980406176370736404,0,0,0
ExecFloat,posit,posit4096,4096,mul,proved-software,posit direct exact-dyadic product,result-dependent-fixture-chain,27066,196592615,11042441551644852345,14944832076081248243,0,0,0
Stillwater Universal,posit-external,posit32-es2,32,div,external-software,Universal 26e69f5487b2e592b82002751d900a2437641fad generic posit<32; es=2>,result-dependent-fixture-chain,423617,201274922,1284925624347467880,7285013696549662849,0,0,0
ExecFloat,binary-interchange,binary4-e2m1,4,sqrt,proved-software,binary-interchange square root exhaustive table,result-dependent-fixture-chain,3188592,197216353,14907058188066383571,11406596783632410222,256,9078435019645843364,6822682305366869692
CPython,python-runtime,python-float64,64,add,dynamic-runtime,CPython 3.11.2 float expression; interpreter and object overhead included,result-dependent-fixture-chain,250474,200400345,6708186938387939143,6260860734260375621,256,13606897443459857615,1252235387381980120
ExecFloat,binary-interchange,binary16,16,sub,proved-software,binary-interchange subtraction native-word kernel,result-dependent-fixture-chain,1818510,200086696,10922464068895061231,6867166858812233220,256,4840367558741898155,7505820856977690627
MPFR,binary-reference,mpfr-binary256-p237-e19,256,sub,software-reference,MPFR 4.2.0 RNDN with matched exponent range and gradual underflow,result-dependent-fixture-chain,4403339,199625731,5435422683764759064,17570735597658711235,256,14747219915875845160,9812549126092394565
ExecFloat,posit,posit1024,1024,mul,proved-software,posit direct exact-dyadic product,result-dependent-fixture-chain,44962,191552456,14118623760997640773,17475917376945299776,0,0,0
Stillwater Universal,posit-external,posit1024-es2,1024,mul,external-software,Universal 26e69f5487b2e592b82002751d900a2437641fad generic posit<1024; es=2>,result-dependent-fixture-chain,3097,200109601,18065406158115463326,4202072504196912112,0,0,0
MPFR,binary-reference,mpfr-binary128-p113-e15,128,sub,software-reference,MPFR 4.2.0 RNDN with matched exponent range and gradual underflow,result-dependent-fixture-chain,5528685,201059535,10758701949461530845,8543160200108587955,256,15255205412964138062,17916492919730332122
Flocq,binary-reference,flocq-p237,256,mul,software-reference,Flocq 4.2.2 extracted OCaml Zarith,result-dependent-fixture-chain,3926,197173536,-8807798025164180695,4331485120486190997,0,0,0
Stillwater Universal,posit-external,posit512-es2,512,div,external-software,Universal 26e69f5487b2e592b82002751d900a2437641fad generic posit<512; es=2>,result-dependent-fixture-chain,989,200102831,5445920401773236871,9557676373641129857,0,0,0
Berkeley SoftFloat,binary-interchange,binary64,64,mul,external-software,SoftFloat 3e,result-dependent-fixture-chain,10853144,198024572,12743396186176015462,14324618875590850155,256,10844575015366422186,11592510319815437518
Flocq,binary-reference,flocq-p4077,4096,sub,software-reference,Flocq 4.2.2 extracted OCaml Zarith,result-dependent-fixture-chain,105,199889465,4947476032601479976,-3699654919591190803,0,0,0
ExecFloat,posit,posit2048,2048,sqrt,proved-software,posit width-generic integer-root prefix,result-dependent-fixture-chain,7295,196331819,6032393518999662472,12004181067484449740,0,0,0
MPFR,binary-reference,mpfr-binary512-p493-e19,512,add,software-reference,MPFR 4.2.0 RNDN with matched exponent range and gradual underflow,result-dependent-fixture-chain,3933315,198714325,8407858606427889900,6851037079115444964,256,16473226587552645878,2731629517370197849
ExecFloat,posit,posit128,128,add,proved-software,posit direct packed-pair exact sum,result-dependent-fixture-chain,176419,197095144,6520210053825802488,15831493817943094602,0,0,0
ExecFloat,posit,posit256,256,add,proved-software,posit direct exact-dyadic sum,result-dependent-fixture-chain,52832,198980995,18212781224409289710,13620426667472602117,0,0,0
ExecFloat,binary-interchange,binary5-e2m2,5,fma,proved-software,binary-interchange fused multiply-add exhaustive table,result-dependent-fixture-chain,1127937,200623629,10655654985556387603,15328002963132445437,256,17561184979992092190,11513456574949391548
ExecFloat,posit,posit32,32,sub,proved-software,posit direct packed-word exact difference,result-dependent-fixture-chain,704001,200001754,9483097496606741039,10842811523633634064,0,0,0
Native C,binary-interchange,binary32,32,fma,native-fpu,C float host FPU,result-dependent-fixture-chain,18401301,199750675,3585576903197216629,8447088672361126250,256,14193217778002186870,6704285237813457226
Stillwater Universal,posit-external,posit5-es2,5,sub,external-software,Universal 26e69f5487b2e592b82002751d900a2437641fad generic posit<5; es=2>,result-dependent-fixture-chain,3521127,193647164,4411147854129131942,2286113111403572775,0,0,0
ExecFloat,posit,posit4096,4096,sqrt,proved-software,posit width-generic integer-root prefix,result-dependent-fixture-chain,2535,194586734,13286817605179784180,17554051606224527273,0,0,0
ExecFloat,posit,posit1024,1024,fma,proved-software,posit direct exact-dyadic fused accumulation,result-dependent-fixture-chain,35865,197130034,7226730696519872484,17337056923879682241,0,0,0
MPFR,binary-reference,mpfr-binary8-p4-e4,8,mul,software-reference,MPFR 4.2.0 RNDN with matched exponent range and gradual underflow,result-dependent-fixture-chain,5837052,200997780,6479602727143688713,14977377284829408882,256,254333560870201325,4801669834166586962
ExecFloat,posit,posit2048,2048,add,proved-software,posit direct exact-dyadic sum,result-dependent-fixture-chain,42668,194992466,5917853680869045021,1469943672744215583,0,0,0
MPFR,binary-reference,mpfr-binary128-p113-e15,128,div,software-reference,MPFR 4.2.0 RNDN with matched exponent range and gradual underflow,result-dependent-fixture-chain,4123169,199119690,18411179532773852647,5583350487860333008,256,18384515885145115545,3842855788641131890
Stillwater Universal,posit-external,posit6-es2,6,add,external-software,Universal 26e69f5487b2e592b82002751d900a2437641fad generic posit<6; es=2>,result-dependent-fixture-chain,2699056,147002816,2255965797579147492,2278981088561163725,0,0,0
Stillwater Universal,posit-external,posit8-es2,8,add,external-software,Universal 26e69f5487b2e592b82002751d900a2437641fad generic posit<8; es=2>,result-dependent-fixture-chain,3019233,199720115,13745958805991293492,16064045710330274862,0,0,0
Stillwater Universal,posit-external,posit64-es2,64,mul,external-software,Universal 26e69f5487b2e592b82002751d900a2437641fad generic posit<64; es=2>,result-dependent-fixture-chain,292891,200612737,2693508570607003527,4151571468615920012,0,0,0
Flocq,binary-reference,flocq-p11,16,sub,software-reference,Flocq 4.2.2 extracted OCaml Zarith,result-dependent-fixture-chain,312662,192296461,7494473112177226296,-2043628799253576733,0,0,0
Native C,binary-interchange,binary32,32,div,native-fpu,C float host FPU,result-dependent-fixture-chain,18622248,199926504,9516200877544893281,10245284859522747110,256,16341726122421238898,9159345502404108257
ExecFloat,posit,posit4096,4096,add,proved-software,posit direct exact-dyadic sum,result-dependent-fixture-chain,35555,191199459,2221974602040706623,17578126313319729419,0,0,0
Stillwater Universal,posit-external,posit64-es2,64,div,external-software,Universal 26e69f5487b2e592b82002751d900a2437641fad generic posit<64; es=2>,result-dependent-fixture-chain,140623,201567940,9812317158049789177,15601525255076204123,0,0,0
MPFR,binary-reference,mpfr-binary6-p3-e3,6,sqrt,software-reference,MPFR 4.2.0 RNDN with matched exponent range and gradual underflow,result-dependent-fixture-chain,4543997,199873775,17143325351075947367,4756805933211561648,256,6705794194088342193,9189893275782256131
MPFR,binary-reference,mpfr-binary512-p493-e19,512,sub,software-reference,MPFR 4.2.0 RNDN with matched exponent range and gradual underflow,result-dependent-fixture-chain,4173381,199832658,4688784049550880840,17619469970636572211,256,1316036719961860745,14942267711526812724
ExecFloat,posit,posit5,5,mul,proved-software,posit exhaustive encoded-value table,result-dependent-fixture-chain,1839970,194111681,14097864667052898293,3877165135977032592,0,0,0
ExecFloat,binary-interchange,binary64,64,add,proved-software,configured proved word kernel,result-dependent-fixture-chain,636319,199022959,5904086711182730920,12212715307510846782,256,13606897443459857615,1252235387381980120
ExecFloat,posit,posit3,3,sub,proved-software,posit exhaustive encoded-value table,result-dependent-fixture-chain,2018233,206358814,1765745260485590395,3514664414382546549,0,0,0
Flocq,binary-reference,flocq-p11,16,fma,software-reference,Flocq 4.2.2 extracted OCaml Zarith,result-dependent-fixture-chain,156957,196256652,-7536219135552279002,-8485600650586117305,0,0,0
ExecFloat,binary-interchange,binary256-custom-e19m236,256,sub,proved-software,binary-interchange subtraction exact baseline,result-dependent-fixture-chain,59713,200427874,11816770257076053346,6885217435358082355,256,14747219915875845160,9812549126092394565
ExecFloat,posit,posit2048,2048,fma,proved-software,posit direct exact-dyadic fused accumulation,result-dependent-fixture-chain,30968,199013933,6811200598469936479,6436215909809670169,0,0,0
CPython,python-runtime,python-float64,64,sqrt,dynamic-runtime,CPython 3.11.2 float expression; interpreter and object overhead included,result-dependent-fixture-chain,251151,198066635,7781474301304458599,8330043812538685626,256,17304413662842360676,8589027394118193575
MPFR,binary-reference,mpfr-binary5-p3-e2,5,sqrt,software-reference,MPFR 4.2.0 RNDN with matched exponent range and gradual underflow,result-dependent-fixture-chain,3689300,199943901,1547123465229480441,3013866838283247096,256,16772054911505907060,7622866365203817874
ExecFloat,posit,posit512,512,div,proved-software,posit width-generic quotient-prefix,result-dependent-fixture-chain,44994,203378747,5945962628896012290,14910769115943522508,0,0,0
ExecFloat,binary-interchange,binary7-e3m3,7,fma,proved-software,binary-interchange fused multiply-add exhaustive table,result-dependent-fixture-chain,983645,199591357,5954571547559358319,8135183320153000168,256,11063501442542046017,14286134549859220077
Stillwater Universal,posit-external,posit16-es2,16,mul,external-software,Universal 26e69f5487b2e592b82002751d900a2437641fad generic posit<16; es=2>,result-dependent-fixture-chain,1837932,197942628,6292318586117367352,5637391221490831936,0,0,0
MPFR,binary-reference,mpfr-binary16-p11-e5,16,div,software-reference,MPFR 4.2.0 RNDN with matched exponent range and gradual underflow,result-dependent-fixture-chain,5908618,199126342,10667350274105781663,15999984030717194900,256,12273333955110306205,1536966327070879480
MPFR,binary-reference,mpfr-binary8-p4-e4,8,add,software-reference,MPFR 4.2.0 RNDN with matched exponent range and gradual underflow,result-dependent-fixture-chain,5540036,198727257,15135742198963380162,4131383750448936471,256,15699098036996730368,8420710567143902137
ExecFloat,binary-interchange,binary5-e2m2,5,mul,proved-software,binary-interchange multiplication exhaustive table,result-dependent-fixture-chain,1124724,200596098,283616892290410227,18073912149090347499,256,691521576523960377,14418581874295671024
ExecFloat,posit,posit3,3,sqrt,proved-software,posit exhaustive encoded-value table,result-dependent-fixture-chain,9367783,198711777,13598470693141535173,13209083218789506230,0,0,0
MPFR,binary-reference,mpfr-binary4-p2-e2,4,sub,software-reference,MPFR 4.2.0 RNDN with matched exponent range and gradual underflow,result-dependent-fixture-chain,6409671,199828898,13284540241364172714,2105483850700879254,256,15307634770271959930,15686941621206104721
Flocq,binary-reference,flocq-p493,512,fma,software-reference,Flocq 4.2.2 extracted OCaml Zarith,result-dependent-fixture-chain,936,199746356,8018273302239827502,1715781806470189784,0,0,0
Stillwater Universal,posit-external,posit1024-es2,1024,sub,external-software,Universal 26e69f5487b2e592b82002751d900a2437641fad generic posit<1024; es=2>,result-dependent-fixture-chain,19094,199882788,11832315247946036287,11949803533368184286,0,0,0
ExecFloat,binary-interchange,binary7-e3m3,7,div,proved-software,binary-interchange division exhaustive table,result-dependent-fixture-chain,979926,200668536,12444082980232365697,16800337585901473165,256,15487434424037943882,11716068951026471109
Stillwater Universal,posit-external,posit8-es2,8,fma,external-software,Universal 26e69f5487b2e592b82002751d900a2437641fad generic posit<8; es=2>,result-dependent-fixture-chain,2346785,202049226,8546151319759967284,4540373491089903436,0,0,0
Native C,binary-interchange,binary32,32,sqrt,native-fpu,C float host FPU,result-dependent-fixture-chain,17490682,200161937,11457950764993013531,15673552476862502481,256,16179893597297518679,3163294961240210449
ExecFloat,posit,posit6,6,sqrt,proved-software,posit exhaustive encoded-value table,result-dependent-fixture-chain,9325801,197962043,7330355863991039746,5269524223327044425,0,0,0
MPFR,binary-reference,mpfr-binary32-p24-e8,32,sub,software-reference,MPFR 4.2.0 RNDN with matched exponent range and gradual underflow,result-dependent-fixture-chain,5735765,200123914,3617242278913336460,16884216702034552064,256,15668352703752951196,8948690054579814282
Stillwater Universal,posit-external,posit6-es2,6,div,external-software,Universal 26e69f5487b2e592b82002751d900a2437641fad generic posit<6; es=2>,result-dependent-fixture-chain,3782506,203012819,3220017953307830793,1063702684022625241,0,0,0
ExecFloat,posit,posit4096,4096,fma,proved-software,posit direct exact-dyadic fused accumulation,result-dependent-fixture-chain,23454,206480943,1257713745576411902,1027971193982911129,0,0,0
ExecFloat,binary-interchange,binary8-e4m3,8,div,proved-software,binary-interchange division exhaustive table,result-dependent-fixture-chain,961696,198959144,6377469531346967151,14881966678910304832,256,5447373064465816624,12232418598729189962
ExecFloat,binary-interchange,binary256-custom-e19m236,256,mul,proved-software,binary-interchange multiplication exact baseline,result-dependent-fixture-chain,63395,196965601,16674124185025487988,13566301496080248425,256,17523052883321331641,10716061577737147701
Native C,binary-interchange,binary64,64,fma,native-fpu,C double host FPU,result-dependent-fixture-chain,18702113,200221508,8700461875936307355,215774432399057789,256,4302356234228363402,11033997570786036178
ExecFloat,binary-interchange,binary256-custom-e19m236,256,add,proved-software,binary-interchange addition exact baseline,result-dependent-fixture-chain,64235,201057131,5046325378713858383,10047682320980603076,256,5627250593499023285,10793273507272430483
Stillwater Universal,posit-external,posit32-es2,32,sub,external-software,Universal 26e69f5487b2e592b82002751d900a2437641fad generic posit<32; es=2>,result-dependent-fixture-chain,847896,199822821,16254259571892426582,835921566907161734,0,0,0
CPython,python-runtime,python-float64,64,mul,dynamic-runtime,CPython 3.11.2 float expression; interpreter and object overhead included,result-dependent-fixture-chain,240784,198393637,9950190310479510230,13825663787232969556,256,10844575015366422186,11592510319815437518
Native C,binary-interchange,binary64,64,sub,native-fpu,C double host FPU,result-dependent-fixture-chain,24389352,199855502,14664625359055451398,7135327569157855681,256,747626906282276811,11425145581293654401
ExecFloat,binary-interchange,binary7-e3m3,7,sqrt,proved-software,binary-interchange square root exhaustive table,result-dependent-fixture-chain,3389910,198549549,13424572464719756776,4895650731575536467,256,14665192763842552264,17419253158418701627
Flocq,binary-reference,flocq-p4,7,div,software-reference,Flocq 4.2.2 extracted OCaml Zarith,result-dependent-fixture-chain,445342,190762629,-5554657965515219642,-4523500971873271739,0,0,0
MPFR,binary-reference,mpfr-binary1024-p1005-e19,1024,fma,software-reference,MPFR 4.2.0 RNDN with matched exponent range and gradual underflow,result-dependent-fixture-chain,892999,200126553,13226943550549787484,14904212383473037522,256,1574300555002444628,17008690229445754520
ExecFloat,binary-interchange,binary128,128,add,proved-software,binary-interchange addition fixed-limb kernel,result-dependent-fixture-chain,85541,200489847,7441248065711688979,2303699203506597187,256,8986041320630648097,802016132310684100
ExecFloat,binary-interchange,binary6-e3m2,6,add,proved-software,binary-interchange addition exhaustive table,result-dependent-fixture-chain,975377,198332734,8534614535400936637,3556993804360937889,256,6202289059733992379,4641336416295902540
ExecFloat,posit,posit256,256,sqrt,proved-software,posit width-generic integer-root prefix,result-dependent-fixture-chain,34073,200743831,11884324771149712609,14924258350631711274,0,0,0
ExecFloat,posit,posit16,16,add,proved-software,posit direct packed-word exact sum,result-dependent-fixture-chain,1421660,199030937,640961633439338738,2196975436588957168,0,0,0
Flocq,binary-reference,flocq-p2029,2048,mul,software-reference,Flocq 4.2.2 extracted OCaml Zarith,result-dependent-fixture-chain,155,198251340,8394127223659285042,2112955889158545231,0,0,0
ExecFloat,binary-interchange,binary4-e2m1,4,div,proved-software,binary-interchange division exhaustive table,result-dependent-fixture-chain,1169858,199118568,13013540357338131960,6962552826118056066,256,13561070708419760928,4951952703663175870
ExecFloat,posit,posit2,2,sub,proved-software,posit exhaustive encoded-value table,result-dependent-fixture-chain,2094570,202608126,16169326684028791012,6702559877072201544,0,0,0
ExecFloat,binary-interchange,binary6-e3m2,6,sqrt,proved-software,binary-interchange square root exhaustive table,result-dependent-fixture-chain,3287252,195110897,14974810118218814296,5122128115460043398,256,6705794194088342193,9189893275782256131
ExecFloat,posit,posit32,32,fma,proved-software,posit direct packed-word exact fused accumulation,result-dependent-fixture-chain,565666,199310747,6787407673530975103,268771304792019789,0,0,0
Flocq,binary-reference,flocq-p4,7,mul,software-reference,Flocq 4.2.2 extracted OCaml Zarith,result-dependent-fixture-chain,481642,187525219,-615057225941712906,2338399369468301437,0,0,0
ExecFloat,binary-interchange,binary8-e4m3,8,mul,proved-software,binary-interchange multiplication exhaustive table,result-dependent-fixture-chain,1032909,200065208,6619112253309662055,16650232535640701207,256,254333560870201325,4801669834166586962
Flocq,binary-reference,flocq-p4077,4096,fma,software-reference,Flocq 4.2.2 extracted OCaml Zarith,result-dependent-fixture-chain,29,200208910,-2842634700070917665,2172414409424833129,0,0,0
Flocq,binary-reference,flocq-p4,7,add,software-reference,Flocq 4.2.2 extracted OCaml Zarith,result-dependent-fixture-chain,451815,188239640,-7571613398563915355,7479738380252935584,0,0,0
Flocq,binary-reference,flocq-p2029,2048,sqrt,software-reference,Flocq 4.2.2 extracted OCaml Zarith,result-dependent-fixture-chain,2,398114477,-6504686549789412110,589725293680822622,0,0,0
Flocq,binary-reference,flocq-p53,64,div,software-reference,Flocq 4.2.2 extracted OCaml Zarith,result-dependent-fixture-chain,65503,195328485,-9072823233104311568,1365171305901837100,0,0,0
ExecFloat,posit,posit4,4,sub,proved-software,posit exhaustive encoded-value table,result-dependent-fixture-chain,1939498,201120761,2532726355460659471,15220703059304911897,0,0,0
MPFR,binary-reference,mpfr-binary4-p2-e2,4,div,software-reference,MPFR 4.2.0 RNDN with matched exponent range and gradual underflow,result-dependent-fixture-chain,6232569,199525276,2723117280865131159,3556894638292760836,256,13561070708419760928,4951952703663175870
ExecFloat,binary-interchange,binary128,128,sqrt,proved-software,binary-interchange square root fixed-limb kernel,result-dependent-fixture-chain,49624,199009432,11220796749459211887,5332431696141214919,256,3132811494379513567,16347878467459163570
ExecFloat,posit,posit7,7,div,proved-software,posit exhaustive encoded-value table,result-dependent-fixture-chain,1870304,199675758,17707594075424004740,12184365856622101029,0,0,0
MPFR,binary-reference,mpfr-binary16-p11-e5,16,add,software-reference,MPFR 4.2.0 RNDN with matched exponent range and gradual underflow,result-dependent-fixture-chain,5470413,200038500,9289037466785086867,12561627129599547737,256,6248162902044298242,6774788450646673742
ExecFloat,posit,posit5,5,fma,proved-software,posit direct packed-word exact fused accumulation,result-dependent-fixture-chain,1709236,199651207,4101427657917598198,13321422735480162379,0,0,0
Flocq,binary-reference,flocq-p113,128,fma,software-reference,Flocq 4.2.2 extracted OCaml Zarith,result-dependent-fixture-chain,6610,202639815,4027848607596902126,-666248130544632162,0,0,0
MPFR,binary-reference,mpfr-binary128-p113-e15,128,sqrt,software-reference,MPFR 4.2.0 RNDN with matched exponent range and gradual underflow,result-dependent-fixture-chain,3535841,199325891,5604376369441633807,6437530923328235402,256,3132811494379513567,16347878467459163570
MPFR,binary-reference,mpfr-binary64-p53-e11,64,mul,software-reference,MPFR 4.2.0 RNDN with matched exponent range and gradual underflow,result-dependent-fixture-chain,6216176,198525109,16468656231428176255,12320471991864867326,256,10844575015366422186,11592510319815437518
Flocq,binary-reference,flocq-p113,128,div,software-reference,Flocq 4.2.2 extracted OCaml Zarith,result-dependent-fixture-chain,14928,199584081,-5578433777545377335,-977780389573453104,0,0,0
MPFR,binary-reference,mpfr-binary6-p3-e3,6,mul,software-reference,MPFR 4.2.0 RNDN with matched exponent range and gradual underflow,result-dependent-fixture-chain,5596461,200191814,6738553549276011776,8083248697558630663,256,16732428428466847560,15410270542147652249
Stillwater Universal,posit-external,posit2048-es2,2048,mul,external-software,Universal 26e69f5487b2e592b82002751d900a2437641fad generic posit<2048; es=2>,result-dependent-fixture-chain,873,191478861,11931070440223165948,1204370412315860072,0,0,0
Berkeley SoftFloat,binary-interchange,binary32,32,mul,external-software,SoftFloat 3e,result-dependent-fixture-chain,10967341,199886087,14025873762487842172,459604985486971425,256,10455358528253897402,7341641514666459220
Flocq,binary-reference,flocq-p3,6,div,software-reference,Flocq 4.2.2 extracted OCaml Zarith,result-dependent-fixture-chain,483489,186939797,9087511016329714940,4886996548014205485,0,0,0
ExecFloat,posit,posit8,8,sub,proved-software,posit exhaustive encoded-value table,result-dependent-fixture-chain,1878078,201132094,4969310998827137934,14078344313695705941,0,0,0
Native C,binary-interchange,binary32,32,sub,native-fpu,C float host FPU,result-dependent-fixture-chain,23936636,200066081,163617959844609789,17957840666586673416,256,15668352703752951196,8948690054579814282
ExecFloat,posit,posit2048,2048,sub,proved-software,posit direct exact-dyadic difference,result-dependent-fixture-chain,45075,193127972,10355795136105461435,5810596602878609247,0,0,0
MPFR,binary-reference,mpfr-binary256-p237-e19,256,mul,software-reference,MPFR 4.2.0 RNDN with matched exponent range and gradual underflow,result-dependent-fixture-chain,3776424,195120754,2472852516076594028,17032664161715211210,256,17523052883321331641,10716061577737147701
MPFR,binary-reference,mpfr-binary8-p4-e4,8,sqrt,software-reference,MPFR 4.2.0 RNDN with matched exponent range and gradual underflow,result-dependent-fixture-chain,4578275,201175919,10674237781094931260,17745493892517165421,256,14665192763842552264,17419253158418701627
Flocq,binary-reference,flocq-p4077,4096,sqrt,software-reference,Flocq 4.2.2 extracted OCaml Zarith,result-dependent-fixture-chain,1,1173332362,8498896688119391357,-5808592057526012372,0,0,0
ExecFloat,binary-interchange,binary1024-custom-e19m1004,1024,sub,proved-software,binary-interchange subtraction exact baseline,result-dependent-fixture-chain,54122,202381475,11327004982333688023,10202923819968091778,256,15033367052268226531,7348075305264049930
Flocq,binary-reference,flocq-p493,512,sub,software-reference,Flocq 4.2.2 extracted OCaml Zarith,result-dependent-fixture-chain,2611,197392221,-7949174730977383755,645671544626814566,0,0,0
Berkeley SoftFloat,binary-interchange,binary32,32,div,external-software,SoftFloat 3e,result-dependent-fixture-chain,10206200,200341059,6298534411425631934,8644169497543936925,256,16341726122421238898,9159345502404108257
Stillwater Universal,posit-external,posit6-es2,6,sub,external-software,Universal 26e69f5487b2e592b82002751d900a2437641fad generic posit<6; es=2>,result-dependent-fixture-chain,3537695,196063632,4218056534903467092,7370657404617101089,0,0,0
Stillwater Universal,posit-external,posit32-es2,32,sqrt,hardware-assisted-external,Universal 26e69f5487b2e592b82002751d900a2437641fad posit-to-binary64 hardware sqrt,result-dependent-fixture-chain,1266713,197681984,3543352027472070267,10244023374484782941,0,0,0
MPFR,binary-reference,mpfr-binary5-p3-e2,5,div,software-reference,MPFR 4.2.0 RNDN with matched exponent range and gradual underflow,result-dependent-fixture-chain,3545604,200219228,9047890911510076133,11007221757198868991,256,14899042810814238764,1845313676431298965
ExecFloat,binary-interchange,binary6-e3m2,6,sub,proved-software,binary-interchange subtraction exhaustive table,result-dependent-fixture-chain,972563,197724918,16038843063324325478,2790849539228665938,256,16478416567677483672,4011936748656663337
Berkeley SoftFloat,binary-interchange,binary64,64,sub,external-software,SoftFloat 3e,result-dependent-fixture-chain,8652201,199998053,2207809996332058,12587550496453641279,256,747626906282276811,11425145581293654401
Stillwater Universal,posit-external,posit256-es2,256,fma,external-software,Universal 26e69f5487b2e592b82002751d900a2437641fad generic posit<256; es=2>,result-dependent-fixture-chain,32512,197584033,11943432790959348481,7472894150767989668,0,0,0
ExecFloat,posit,posit2,2,sqrt,proved-software,posit exhaustive encoded-value table,result-dependent-fixture-chain,9372906,199650328,12912548922512066111,11376691738017756359,0,0,0
Native C,binary-interchange,binary64,64,add,native-fpu,C double host FPU,result-dependent-fixture-chain,24400028,199942981,13657442214222729963,3961293812596129872,256,13606897443459857615,1252235387381980120
Stillwater Universal,posit-external,posit4096-es2,4096,div,external-software,Universal 26e69f5487b2e592b82002751d900a2437641fad generic posit<4096; es=2>,result-dependent-fixture-chain,21,205455654,16228632115469852620,9187908571674365642,0,0,0
ExecFloat,binary-interchange,binary1024-custom-e19m1004,1024,mul,proved-software,binary-interchange multiplication exact baseline,result-dependent-fixture-chain,55491,200326099,11818492724116726138,5128473429648606955,256,10797881490847747902,3571047587515683140
MPFR,binary-reference,mpfr-binary1024-p1005-e19,1024,add,software-reference,MPFR 4.2.0 RNDN with matched exponent range and gradual underflow,result-dependent-fixture-chain,3422381,200103930,7614099584128937238,5427720361419773036,256,15085329428722891679,17675889632280362273
ExecFloat,posit,posit7,7,fma,proved-software,posit direct packed-word exact fused accumulation,result-dependent-fixture-chain,1632153,199280544,4503997935620833802,8659093460704594409,0,0,0
ExecFloat,posit,posit2,2,add,proved-software,posit exhaustive encoded-value table,result-dependent-fixture-chain,2016175,201686817,11489957232487750646,5714567376478797034,0,0,0
CPython,python-runtime,python-float64,64,div,dynamic-runtime,CPython 3.11.2 float expression; interpreter and object overhead included,result-dependent-fixture-chain,244008,200550884,9555707811328193593,15016537969153126887,256,16866086521615362059,18009442782454829229
Flocq,binary-reference,flocq-p2029,2048,fma,software-reference,Flocq 4.2.2 extracted OCaml Zarith,result-dependent-fixture-chain,101,198997571,-9009361745103130117,5984251719832875953,0,0,0
MPFR,binary-reference,mpfr-binary128-p113-e15,128,fma,software-reference,MPFR 4.2.0 RNDN with matched exponent range and gradual underflow,result-dependent-fixture-chain,2796036,195979216,13438871979237553452,7447089505875754038,256,5887953800951304359,3243472580820840853
ExecFloat,binary-interchange,binary6-e3m2,6,fma,proved-software,binary-interchange fused multiply-add exhaustive table,result-dependent-fixture-chain,990481,200657583,4828216906870161945,18318507006756611150,256,4507675418418589253,3914664449528394175
ExecFloat,posit,posit1024,1024,sqrt,proved-software,posit width-generic integer-root prefix,result-dependent-fixture-chain,16452,203103391,1353610551760406857,5474865086430621296,0,0,0
ExecFloat,binary-interchange,binary4096-custom-e19m4076,4096,sub,proved-software,binary-interchange subtraction exact baseline,result-dependent-fixture-chain,42532,194943881,11227472408257405892,16032039888142321539,256,16976029655756590647,11221831467095195012
MPFR,binary-reference,mpfr-binary4096-p4077-e19,4096,add,software-reference,MPFR 4.2.0 RNDN with matched exponent range and gradual underflow,result-dependent-fixture-chain,1577373,199651705,17545911586535508832,4405308247376141838,256,9648732917905115387,1993696468231033033
ExecFloat,posit,posit512,512,mul,proved-software,posit direct exact-dyadic product,result-dependent-fixture-chain,54103,204822303,10780191830755691322,8057599280955966978,0,0,0
Flocq,binary-reference,flocq-p2,4,mul,software-reference,Flocq 4.2.2 extracted OCaml Zarith,result-dependent-fixture-chain,746793,181231473,-5178879216028027998,-7679655950515114751,0,0,0
ExecFloat,posit,posit7,7,sub,proved-software,posit exhaustive encoded-value table,result-dependent-fixture-chain,1903152,192543215,10746970372000595996,8315179460359725121,0,0,0
ExecFloat,binary-interchange,binary4-e2m1,4,mul,proved-software,binary-interchange multiplication exhaustive table,result-dependent-fixture-chain,1273026,203758140,760803663858302496,2523575493828147298,256,953805426734330830,15571562783549343558
Berkeley SoftFloat,binary-interchange,binary32,32,add,external-software,SoftFloat 3e,result-dependent-fixture-chain,8730283,200662206,13972821343177842755,11558740162090696401,256,2381817058504603107,8782414051395963145
MPFR,binary-reference,mpfr-binary5-p3-e2,5,add,software-reference,MPFR 4.2.0 RNDN with matched exponent range and gradual underflow,result-dependent-fixture-chain,5053258,199797110,9028237294407790519,7139709666432468405,256,1722950134920412238,4275144671903716047
ExecFloat,posit,posit5,5,div,proved-software,posit exhaustive encoded-value table,result-dependent-fixture-chain,1881380,196022391,6303224519762998248,13296793389523784839,0,0,0
ExecFloat,posit,posit5,5,add,proved-software,posit exhaustive encoded-value table,result-dependent-fixture-chain,1889270,199640117,3537927790189310599,13595133185012775630,0,0,0
MPFR,binary-reference,mpfr-binary4-p2-e2,4,fma,software-reference,MPFR 4.2.0 RNDN with matched exponent range and gradual underflow,result-dependent-fixture-chain,3140405,200622382,5707039037631078807,13070112539279076014,256,16426662834064863406,5047243313241330682
MPFR,binary-reference,mpfr-binary16-p11-e5,16,sqrt,software-reference,MPFR 4.2.0 RNDN with matched exponent range and gradual underflow,result-dependent-fixture-chain,4506172,197953338,14264114496989395382,4390577607307969188,256,6810241611482138117,15355967655783802056
MPFR,binary-reference,mpfr-binary2048-p2029-e19,2048,mul,software-reference,MPFR 4.2.0 RNDN with matched exponent range and gradual underflow,result-dependent-fixture-chain,582129,200496449,12226876629068318776,5683817140163605581,256,11277422525107346237,3130251621155328320
MPFR,binary-reference,mpfr-binary4096-p4077-e19,4096,div,software-reference,MPFR 4.2.0 RNDN with matched exponent range and gradual underflow,result-dependent-fixture-chain,84334,200042324,7626332238979714578,17336318138670413796,256,14940049394283008741,10462835467918708592
MPFR,binary-reference,mpfr-binary7-p4-e3,7,sub,software-reference,MPFR 4.2.0 RNDN with matched exponent range and gradual underflow,result-dependent-fixture-chain,5729831,199423301,217274927537769723,12594504947474885542,256,488180961882180986,8905306643955899295
ExecFloat,binary-interchange,binary5-e2m2,5,sub,proved-software,binary-interchange subtraction exhaustive table,result-dependent-fixture-chain,1096796,200360953,3287345389415101494,16068472715636055160,256,5525255344516851126,16218250262701578656
ExecFloat,posit,posit7,7,mul,proved-software,posit exhaustive encoded-value table,result-dependent-fixture-chain,1849745,193541098,14754540628763020255,13671359649168405790,0,0,0
Flocq,binary-reference,flocq-p1005,1024,div,software-reference,Flocq 4.2.2 extracted OCaml Zarith,result-dependent-fixture-chain,764,204310056,-6970831105990962346,-6021892816266757866,0,0,0
Berkeley SoftFloat,binary-interchange,binary64,64,add,external-software,SoftFloat 3e,result-dependent-fixture-chain,8567728,199896717,3557859525769040528,13265443393637308127,256,13606897443459857615,1252235387381980120
MPFR,binary-reference,mpfr-binary128-p113-e15,128,mul,software-reference,MPFR 4.2.0 RNDN with matched exponent range and gradual underflow,result-dependent-fixture-chain,5396748,200337849,4103603100491446082,17118260649946651957,256,9170763136414237279,9626421577276675687
Berkeley SoftFloat,binary-interchange,binary32,32,fma,external-software,SoftFloat 3e,result-dependent-fixture-chain,6850906,199801594,14516063908324402550,16230430940042109143,256,14193217778002186870,6704285237813457226
ExecFloat,posit,posit7,7,sqrt,proved-software,posit exhaustive encoded-value table,result-dependent-fixture-chain,9350837,199047799,6851822846208200455,3604731666514743379,0,0,0
Native C,binary-interchange,binary32,32,add,native-fpu,C float host FPU,result-dependent-fixture-chain,23925815,199973929,8653422233840326450,11239614214786408346,256,2381817058504603107,8782414051395963145
Stillwater Universal,posit-external,posit5-es2,5,mul,external-software,Universal 26e69f5487b2e592b82002751d900a2437641fad generic posit<5; es=2>,result-dependent-fixture-chain,6405330,201274129,4002297359440090137,14040766380545677428,0,0,0
MPFR,binary-reference,mpfr-binary8-p4-e4,8,fma,software-reference,MPFR 4.2.0 RNDN with matched exponent range and gradual underflow,result-dependent-fixture-chain,4174603,200658005,12721946089170039344,17509936737231372890,256,11063501442542046017,14286134549859220077
Stillwater Universal,posit-external,posit256-es2,256,div,external-software,Universal 26e69f5487b2e592b82002751d900a2437641fad generic posit<256; es=2>,result-dependent-fixture-chain,8156,199426812,1895307996868969916,14297293496913797036,0,0,0
Stillwater Universal,posit-external,posit7-es2,7,mul,external-software,Universal 26e69f5487b2e592b82002751d900a2437641fad generic posit<7; es=2>,result-dependent-fixture-chain,3793339,199252937,12348608251258516967,15920302349665748406,0,0,0
ExecFloat,posit,posit64,64,div,proved-software,posit direct packed-word exact quotient,result-dependent-fixture-chain,293313,198707123,1234802481968814833,3014362992584863200,0,0,0
ExecFloat,binary-interchange,binary2048-custom-e19m2028,2048,mul,proved-software,binary-interchange multiplication exact baseline,result-dependent-fixture-chain,46031,197785525,11999861787750927804,12852566885692389672,256,11277422525107346237,3130251621155328320
ExecFloat,binary-interchange,binary4-e2m1,4,add,proved-software,binary-interchange addition exhaustive table,result-dependent-fixture-chain,1211346,197220594,3255415600166393747,7659379628906193881,256,3631323337415248299,4362507784454659975
Flocq,binary-reference,flocq-p4,7,fma,software-reference,Flocq 4.2.2 extracted OCaml Zarith,result-dependent-fixture-chain,347607,191902546,-7135921954763765713,8791631591463688588,0,0,0
Stillwater Universal,posit-external,posit64-es2,64,fma,external-software,Universal 26e69f5487b2e592b82002751d900a2437641fad generic posit<64; es=2>,result-dependent-fixture-chain,203388,201045148,6243265800216098936,13941573343943276744,0,0,0
ExecFloat,binary-interchange,binary256-custom-e19m236,256,fma,proved-software,binary-interchange fused multiply-add exact baseline,result-dependent-fixture-chain,68472,198764708,1750175507871913665,17303895846435276669,256,17184235263020137552,2347394086528337578
Flocq,binary-reference,flocq-p113,128,sub,software-reference,Flocq 4.2.2 extracted OCaml Zarith,result-dependent-fixture-chain,19487,199840247,-621130034123045685,7561124970938129181,0,0,0
Flocq,binary-reference,flocq-p53,64,mul,software-reference,Flocq 4.2.2 extracted OCaml Zarith,result-dependent-fixture-chain,29626,195688556,7480542511435535953,5619965727816945369,0,0,0
ExecFloat,posit,posit32,32,add,proved-software,posit direct packed-word exact sum,result-dependent-fixture-chain,641903,200268346,7865874573032048688,6345545151603207611,0,0,0
Flocq,binary-reference,flocq-p4077,4096,mul,software-reference,Flocq 4.2.2 extracted OCaml Zarith,result-dependent-fixture-chain,45,200846598,-6820713155624480105,-4190866132359178311,0,0,0
Flocq,binary-reference,flocq-p3,5,fma,software-reference,Flocq 4.2.2 extracted OCaml Zarith,result-dependent-fixture-chain,393385,191006489,-7410029746873355042,-4913110884745767713,0,0,0
ExecFloat,posit,posit8,8,div,proved-software,posit exhaustive encoded-value table,result-dependent-fixture-chain,1900919,205193087,15487170385120051930,6364685817751649971,0,0,0
MPFR,binary-reference,mpfr-binary2048-p2029-e19,2048,fma,software-reference,MPFR 4.2.0 RNDN with matched exponent range and gradual underflow,result-dependent-fixture-chain,341360,197693059,9936343725497528299,17419107332511638275,256,2743377063019884498,9565555395836394947
ExecFloat,binary-interchange,binary32,32,mul,proved-software,configured proved word kernel,result-dependent-fixture-chain,1959786,200126451,7960534400617633406,15948604647657219095,256,10455358528253897402,7341641514666459220
ExecFloat,binary-interchange,binary256-custom-e19m236,256,sqrt,proved-software,binary-interchange square root exact baseline,result-dependent-fixture-chain,34353,201059035,14948914008617434572,15897400505695163333,256,8632000776533919923,5092588512390636015
ExecFloat,posit,posit5,5,sub,proved-software,posit exhaustive encoded-value table,result-dependent-fixture-chain,2022461,207775617,17394103071276789221,7909662461516071001,0,0,0
Flocq,binary-reference,flocq-p237,256,sqrt,software-reference,Flocq 4.2.2 extracted OCaml Zarith,result-dependent-fixture-chain,148,199594450,1847025507097444616,6796002660195263010,0,0,0
Stillwater Universal,posit-external,posit512-es2,512,fma,external-software,Universal 26e69f5487b2e592b82002751d900a2437641fad generic posit<512; es=2>,result-dependent-fixture-chain,12348,199459626,147979952390765144,15974374787146173862,0,0,0
ExecFloat,posit,posit16,16,sub,proved-software,posit direct packed-word exact difference,result-dependent-fixture-chain,1532311,199062734,10985612031598415892,13329393810589659143,0,0,0
ExecFloat,posit,posit128,128,sqrt,proved-software,posit direct packed-pair exact square root,result-dependent-fixture-chain,38693,200393475,7801498520561215969,13146366147142588024,0,0,0
ExecFloat,binary-interchange,binary6-e3m2,6,mul,proved-software,binary-interchange multiplication exhaustive table,result-dependent-fixture-chain,1046658,201688673,13464433478395342040,10630608352574929971,256,16732428428466847560,15410270542147652249
ExecFloat,posit,posit8,8,mul,proved-software,posit exhaustive encoded-value table,result-dependent-fixture-chain,1824383,195255727,5217588420069973094,14765189412119255085,0,0,0
MPFR,binary-reference,mpfr-binary16-p11-e5,16,fma,software-reference,MPFR 4.2.0 RNDN with matched exponent range and gradual underflow,result-dependent-fixture-chain,4150025,200252784,4812426521693282759,3549375765084157729,256,1406249753189311116,5022963284450321196
Flocq,binary-reference,flocq-p493,512,add,software-reference,Flocq 4.2.2 extracted OCaml Zarith,result-dependent-fixture-chain,2625,198890525,-2818110229589855742,6922437581340031295,0,0,0
Berkeley SoftFloat,binary-interchange,binary32,32,sqrt,external-software,SoftFloat 3e,result-dependent-fixture-chain,7173372,199497391,113277780333055137,9426155792618906841,256,16179893597297518679,3163294961240210449
Stillwater Universal,posit-external,posit16-es2,16,sqrt,hardware-assisted-external,Universal 26e69f5487b2e592b82002751d900a2437641fad posit-to-binary64 hardware sqrt,result-dependent-fixture-chain,2531774,198241548,16852665312286610714,18111688415613189955,0,0,0
Flocq,binary-reference,flocq-p24,32,add,software-reference,Flocq 4.2.2 extracted OCaml Zarith,result-dependent-fixture-chain,175292,197115037,8708589671431089417,-6458476048560944991,0,0,0
MPFR,binary-reference,mpfr-binary64-p53-e11,64,fma,software-reference,MPFR 4.2.0 RNDN with matched exponent range and gradual underflow,result-dependent-fixture-chain,4055246,201081269,14377238658285392329,9790605197937780757,256,4302356234228363402,11033997570786036178
MPFR,binary-reference,mpfr-binary7-p4-e3,7,fma,software-reference,MPFR 4.2.0 RNDN with matched exponent range and gradual underflow,result-dependent-fixture-chain,4163365,200695788,12584669279972590038,12324010043585180173,256,11063501442542046017,14286134549859220077
Flocq,binary-reference,flocq-p4077,4096,add,software-reference,Flocq 4.2.2 extracted OCaml Zarith,result-dependent-fixture-chain,105,200686477,4695569149223639033,-2412195319468543559,0,0,0
Flocq,binary-reference,flocq-p53,64,sqrt,software-reference,Flocq 4.2.2 extracted OCaml Zarith,result-dependent-fixture-chain,5780,199131916,-199434543615999985,1229494530430706767,0,0,0
ExecFloat,posit,posit64,64,sub,proved-software,posit direct packed-word exact difference,result-dependent-fixture-chain,564180,199267831,1352225995578645061,17918379611103475773,0,0,0
ExecFloat,binary-interchange,binary256-custom-e19m236,256,div,proved-software,binary-interchange division exact baseline,result-dependent-fixture-chain,58068,198527522,922572070371671898,1960629644105720105,256,406983776264143148,9301749973017951762
MPFR,binary-reference,mpfr-binary64-p53-e11,64,div,software-reference,MPFR 4.2.0 RNDN with matched exponent range and gradual underflow,result-dependent-fixture-chain,6443784,201731151,9411838581013912863,4465872858112716091,256,16866086521615362059,18009442782454829229
ExecFloat,posit,posit64,64,fma,proved-software,posit direct packed-word exact fused accumulation,result-dependent-fixture-chain,455904,199915517,18058240147173581408,8204021967945427261,0,0,0
Flocq,binary-reference,flocq-p24,32,fma,software-reference,Flocq 4.2.2 extracted OCaml Zarith,result-dependent-fixture-chain,71978,186641605,-2180667207961322013,7415928403452064199,0,0,0
MPFR,binary-reference,mpfr-binary16-p11-e5,16,sub,software-reference,MPFR 4.2.0 RNDN with matched exponent range and gradual underflow,result-dependent-fixture-chain,5819122,201167652,11055746630786479950,6390237220155864354,256,4840367558741898155,7505820856977690627
Stillwater Universal,posit-external,posit128-es2,128,sub,external-software,Universal 26e69f5487b2e592b82002751d900a2437641fad generic posit<128; es=2>,result-dependent-fixture-chain,140439,200198260,13560308505278497543,7722707613069409519,0,0,0
MPFR,binary-reference,mpfr-binary5-p3-e2,5,mul,software-reference,MPFR 4.2.0 RNDN with matched exponent range and gradual underflow,result-dependent-fixture-chain,4974094,201514373,4059153872136918676,16640338537297292640,256,691521576523960377,14418581874295671024
Stillwater Universal,posit-external,posit7-es2,7,fma,external-software,Universal 26e69f5487b2e592b82002751d900a2437641fad generic posit<7; es=2>,result-dependent-fixture-chain,2569836,204654191,442986767556822519,2214809483555405578,0,0,0
Berkeley SoftFloat,binary-interchange,binary64,64,sqrt,external-software,SoftFloat 3e,result-dependent-fixture-chain,6544628,200242932,16384107200627290447,13887919906740599510,256,17304413662842360676,8589027394118193575
ExecFloat,binary-interchange,binary16,16,add,proved-software,binary-interchange addition native-word kernel,result-dependent-fixture-chain,1606330,199388336,3306102486469978007,10767919487557563500,256,6248162902044298242,6774788450646673742
MPFR,binary-reference,mpfr-binary4096-p4077-e19,4096,sub,software-reference,MPFR 4.2.0 RNDN with matched exponent range and gradual underflow,result-dependent-fixture-chain,1730976,199417398,612233125137836664,18415700020717858012,256,16976029655756590647,11221831467095195012
Stillwater Universal,posit-external,posit1024-es2,1024,div,external-software,Universal 26e69f5487b2e592b82002751d900a2437641fad generic posit<1024; es=2>,result-dependent-fixture-chain,310,194390080,12513983018965138034,7833013249898155572,0,0,0
ExecFloat,posit,posit64,64,add,proved-software,posit direct packed-word exact sum,result-dependent-fixture-chain,534117,200196138,9775898972917657898,718734035458406905,0,0,0
ExecFloat,posit,posit256,256,sub,proved-software,posit direct exact-dyadic difference,result-dependent-fixture-chain,56253,197644441,388028795282524418,12227022659097756801,0,0,0
ExecFloat,posit,posit4096,4096,div,proved-software,posit width-generic quotient-prefix,result-dependent-fixture-chain,17607,209474933,8139785021808009076,6339312727135995628,0,0,0
MPFR,binary-reference,mpfr-binary4096-p4077-e19,4096,mul,software-reference,MPFR 4.2.0 RNDN with matched exponent range and gradual underflow,result-dependent-fixture-chain,192947,200795613,13618811802801127476,16021123639888413639,256,5200004546712615421,8285122533487066411
ExecFloat,posit,posit64,64,mul,proved-software,posit direct packed-word exact product,result-dependent-fixture-chain,650148,198050949,18060540928045262227,1715685100210855936,0,0,0
Flocq,binary-reference,flocq-p1005,1024,mul,software-reference,Flocq 4.2.2 extracted OCaml Zarith,result-dependent-fixture-chain,489,195084960,-809317986212812583,4793828639245977728,0,0,0
Native C,binary-interchange,binary64,64,mul,native-fpu,C double host FPU,result-dependent-fixture-chain,23489753,199957985,12815097011881332900,2299409448584254651,256,10844575015366422186,11592510319815437518
Berkeley SoftFloat,binary-interchange,binary32,32,sub,external-software,SoftFloat 3e,result-dependent-fixture-chain,8666780,200380727,4433179288082915410,5763923529348968274,256,15668352703752951196,8948690054579814282
Flocq,binary-reference,flocq-p2,4,add,software-reference,Flocq 4.2.2 extracted OCaml Zarith,result-dependent-fixture-chain,566798,187641781,5491604464855010525,8829322850612682906,0,0,0
ExecFloat,posit,posit2,2,fma,proved-software,posit direct packed-word exact fused accumulation,result-dependent-fixture-chain,2424785,195082741,12488484890613604790,18372115239606023276,0,0,0
ExecFloat,posit,posit4096,4096,sub,proved-software,posit direct exact-dyadic difference,result-dependent-fixture-chain,37801,186648296,7935967002197888916,15970818138964241699,0,0,0
ExecFloat,posit,posit3,3,div,proved-software,posit exhaustive encoded-value table,result-dependent-fixture-chain,1862771,194599827,17436602571164873215,7370162280700235796,0,0,0
Flocq,binary-reference,flocq-p2,4,sqrt,software-reference,Flocq 4.2.2 extracted OCaml Zarith,result-dependent-fixture-chain,454736,185865124,7501476449663324954,7358597772384159373,0,0,0
ExecFloat,posit,posit4,4,mul,proved-software,posit exhaustive encoded-value table,result-dependent-fixture-chain,1881076,200192075,4646830164012941546,10966993554736026028,0,0,0
MPFR,binary-reference,mpfr-binary32-p24-e8,32,mul,software-reference,MPFR 4.2.0 RNDN with matched exponent range and gradual underflow,result-dependent-fixture-chain,6274676,200255314,5352325439033015993,13999253854592757975,256,10455358528253897402,7341641514666459220
Stillwater Universal,posit-external,posit256-es2,256,add,external-software,Universal 26e69f5487b2e592b82002751d900a2437641fad generic posit<256; es=2>,result-dependent-fixture-chain,71137,195463383,5622293267774883760,7957134098758124755,0,0,0
MPFR,binary-reference,mpfr-binary512-p493-e19,512,div,software-reference,MPFR 4.2.0 RNDN with matched exponent range and gradual underflow,result-dependent-fixture-chain,1293568,199559909,567397768441789692,15288289811757381032,256,62298687186005074,17373276729749537051
MPFR,binary-reference,mpfr-binary64-p53-e11,64,add,software-reference,MPFR 4.2.0 RNDN with matched exponent range and gradual underflow,result-dependent-fixture-chain,5441775,199652413,17841685285463928267,6135980681543513680,256,13606897443459857615,1252235387381980120
ExecFloat,binary-interchange,binary512-custom-e19m492,512,sqrt,proved-software,binary-interchange square root exact baseline,result-dependent-fixture-chain,29297,201108714,4054650622064069272,7617113308116093384,256,14718717483843740146,16492443812586108962
Stillwater Universal,posit-external,posit16-es2,16,add,external-software,Universal 26e69f5487b2e592b82002751d900a2437641fad generic posit<16; es=2>,result-dependent-fixture-chain,2126009,201687253,11372817186489792150,14764805292272981618,0,0,0
Stillwater Universal,posit-external,posit4096-es2,4096,sub,external-software,Universal 26e69f5487b2e592b82002751d900a2437641fad generic posit<4096; es=2>,result-dependent-fixture-chain,4816,199933737,8558417078017286690,10832158272869711056,0,0,0
MPFR,binary-reference,mpfr-binary256-p237-e19,256,div,software-reference,MPFR 4.2.0 RNDN with matched exponent range and gradual underflow,result-dependent-fixture-chain,2085850,200093219,15548110729818492180,6940708308609131162,256,406983776264143148,9301749973017951762
MPFR,binary-reference,mpfr-binary4096-p4077-e19,4096,sqrt,software-reference,MPFR 4.2.0 RNDN with matched exponent range and gradual underflow,result-dependent-fixture-chain,118593,200349048,17310123563444559215,3698935619223982054,256,3313598897118726622,10256443947656765720
ExecFloat,posit,posit32,32,div,proved-software,posit direct packed-word exact quotient,result-dependent-fixture-chain,414882,199836931,9794265088017676258,6738930429193470977,0,0,0
Stillwater Universal,posit-external,posit1024-es2,1024,fma,external-software,Universal 26e69f5487b2e592b82002751d900a2437641fad generic posit<1024; es=2>,result-dependent-fixture-chain,3439,201584824,5428964414853785707,95839976979030097,0,0,0
MPFR,binary-reference,mpfr-binary7-p4-e3,7,sqrt,software-reference,MPFR 4.2.0 RNDN with matched exponent range and gradual underflow,result-dependent-fixture-chain,4509427,197714952,8734078204917178890,10544409950272953697,256,14665192763842552264,17419253158418701627
ExecFloat,binary-interchange,binary7-e3m3,7,add,proved-software,binary-interchange addition exhaustive table,result-dependent-fixture-chain,921380,199314679,422585153181611801,8497950744148386394,256,15699098036996730368,8420710567143902137
Stillwater Universal,posit-external,posit7-es2,7,sqrt,hardware-assisted-external,Universal 26e69f5487b2e592b82002751d900a2437641fad posit-to-binary64 hardware sqrt,result-dependent-fixture-chain,3195654,195904737,1941673330528278511,3617024016900059701,0,0,0
MPFR,binary-reference,mpfr-binary32-p24-e8,32,div,software-reference,MPFR 4.2.0 RNDN with matched exponent range and gradual underflow,result-dependent-fixture-chain,5805954,194282476,1858600942135957926,12038595620295987054,256,16341726122421238898,9159345502404108257
MPFR,binary-reference,mpfr-binary7-p4-e3,7,div,software-reference,MPFR 4.2.0 RNDN with matched exponent range and gradual underflow,result-dependent-fixture-chain,5696597,199312454,286679145997966378,15764038046899362290,256,15487434424037943882,11716068951026471109
MPFR,binary-reference,mpfr-binary256-p237-e19,256,sqrt,software-reference,MPFR 4.2.0 RNDN with matched exponent range and gradual underflow,result-dependent-fixture-chain,1531046,199724897,8869450597691482123,14363737951623943614,256,8632000776533919923,5092588512390636015
Flocq,binary-reference,flocq-p1005,1024,sub,software-reference,Flocq 4.2.2 extracted OCaml Zarith,result-dependent-fixture-chain,986,197836538,-4286653114010977454,7738865897197250715,0,0,0
Flocq,binary-reference,flocq-p2,4,fma,software-reference,Flocq 4.2.2 extracted OCaml Zarith,result-dependent-fixture-chain,474634,189427131,1679974204668960662,1972355673111955353,0,0,0
ExecFloat,binary-interchange,binary16,16,mul,proved-software,binary-interchange multiplication native-word kernel,result-dependent-fixture-chain,2201720,198204511,17846721335228406945,525141483936512447,256,3926997885351921396,18187657784984312392
Stillwater Universal,posit-external,posit16-es2,16,div,external-software,Universal 26e69f5487b2e592b82002751d900a2437641fad generic posit<16; es=2>,result-dependent-fixture-chain,1253699,201011066,4524235883581710000,16529041775264467840,0,0,0
Flocq,binary-reference,flocq-p493,512,mul,software-reference,Flocq 4.2.2 extracted OCaml Zarith,result-dependent-fixture-chain,1461,200170525,6666052652838809213,-1026419684556862213,0,0,0
Flocq,binary-reference,flocq-p4,8,mul,software-reference,Flocq 4.2.2 extracted OCaml Zarith,result-dependent-fixture-chain,481392,187526306,-5545376863620909814,5821131874895508725,0,0,0
MPFR,binary-reference,mpfr-binary4-p2-e2,4,sqrt,software-reference,MPFR 4.2.0 RNDN with matched exponent range and gradual underflow,result-dependent-fixture-chain,4708747,200587372,2913602599113670983,6181975455350395164,256,9078435019645843364,6822682305366869692
MPFR,binary-reference,mpfr-binary256-p237-e19,256,add,software-reference,MPFR 4.2.0 RNDN with matched exponent range and gradual underflow,result-dependent-fixture-chain,4281958,199653985,4690658323534663544,10431875536206956054,256,5627250593499023285,10793273507272430483
Flocq,binary-reference,flocq-p4,8,div,software-reference,Flocq 4.2.2 extracted OCaml Zarith,result-dependent-fixture-chain,440161,188464575,-1122334544308768748,-7406946169159888094,0,0,0
Flocq,binary-reference,flocq-p24,32,mul,software-reference,Flocq 4.2.2 extracted OCaml Zarith,result-dependent-fixture-chain,115989,210390516,5214154641570817394,3114761453436119922,0,0,0
MPFR,binary-reference,mpfr-binary5-p3-e2,5,sub,software-reference,MPFR 4.2.0 RNDN with matched exponent range and gradual underflow,result-dependent-fixture-chain,5319565,198467580,3665582412662055450,3423712417250906134,256,5525255344516851126,16218250262701578656
Flocq,binary-reference,flocq-p24,32,div,software-reference,Flocq 4.2.2 extracted OCaml Zarith,result-dependent-fixture-chain,142557,198006952,8906122463749345074,-415400601461553516,0,0,0
MPFR,binary-reference,mpfr-binary4-p2-e2,4,mul,software-reference,MPFR 4.2.0 RNDN with matched exponent range and gradual underflow,result-dependent-fixture-chain,6606160,200476564,18257968576786549033,4633629738873421639,256,953805426734330830,15571562783549343558
Flocq,binary-reference,flocq-p2029,2048,sub,software-reference,Flocq 4.2.2 extracted OCaml Zarith,result-dependent-fixture-chain,346,202727115,-3383451251364272202,6603955260636750414,0,0,0
MPFR,binary-reference,mpfr-binary256-p237-e19,256,fma,software-reference,MPFR 4.2.0 RNDN with matched exponent range and gradual underflow,result-dependent-fixture-chain,2603419,200671838,3721554901062057973,14925488733573761110,256,17184235263020137552,2347394086528337578
ExecFloat,posit,posit6,6,add,proved-software,posit exhaustive encoded-value table,result-dependent-fixture-chain,1931940,199551376,1249677771525007143,10009275387119665800,0,0,0
Flocq,binary-reference,flocq-p113,128,mul,software-reference,Flocq 4.2.2 extracted OCaml Zarith,result-dependent-fixture-chain,10227,197997055,6982965418772336804,-3389376897160418618,0,0,0
MPFR,binary-reference,mpfr-binary32-p24-e8,32,fma,software-reference,MPFR 4.2.0 RNDN with matched exponent range and gradual underflow,result-dependent-fixture-chain,4185383,199376304,12072096624432024527,8758434627396323228,256,14193217778002186870,6704285237813457226
ExecFloat,posit,posit6,6,fma,proved-software,posit direct packed-word exact fused accumulation,result-dependent-fixture-chain,1538952,185950673,16986944839102549912,2514016089672206357,0,0,0
Flocq,binary-reference,flocq-p3,6,mul,software-reference,Flocq 4.2.2 extracted OCaml Zarith,result-dependent-fixture-chain,560833,184143407,-7702338090214671957,-1908799677217242780,0,0,0
ExecFloat,posit,posit512,512,sqrt,proved-software,posit width-generic integer-root prefix,result-dependent-fixture-chain,26610,200513162,14663097193774715430,44095165687116562,0,0,0
ExecFloat,binary-interchange,binary64,64,sub,proved-software,configured proved word kernel,result-dependent-fixture-chain,682727,200327175,16320080845134451844,15755601202515091176,256,747626906282276811,11425145581293654401
Flocq,binary-reference,flocq-p24,32,sub,software-reference,Flocq 4.2.2 extracted OCaml Zarith,result-dependent-fixture-chain,177700,195718166,5504859117317836080,-7797139286607157749,0,0,0
Stillwater Universal,posit-external,posit8-es2,8,div,external-software,Universal 26e69f5487b2e592b82002751d900a2437641fad generic posit<8; es=2>,result-dependent-fixture-chain,2264288,201948479,8234457143205102229,8749159618352054286,0,0,0
ExecFloat,binary-interchange,binary4096-custom-e19m4076,4096,div,proved-software,binary-interchange division exact baseline,result-dependent-fixture-chain,18663,194895585,7586227158135363031,4407628377069459507,256,14940049394283008741,10462835467918708592
MPFR,binary-reference,mpfr-binary4-p2-e2,4,add,software-reference,MPFR 4.2.0 RNDN with matched exponent range and gradual underflow,result-dependent-fixture-chain,5891662,199079811,3102002020124233263,17922963335263645147,256,3631323337415248299,4362507784454659975
ExecFloat,binary-interchange,binary8-e4m3,8,add,proved-software,binary-interchange addition exhaustive table,result-dependent-fixture-chain,913349,198695804,1957743537688133660,3993794284398242179,256,15699098036996730368,8420710567143902137
Flocq,binary-reference,flocq-p3,5,mul,software-reference,Flocq 4.2.2 extracted OCaml Zarith,result-dependent-fixture-chain,567210,186038707,-6677418414735004784,-8252926266998157175,0,0,0
Stillwater Universal,posit-external,posit6-es2,6,sqrt,hardware-assisted-external,Universal 26e69f5487b2e592b82002751d900a2437641fad posit-to-binary64 hardware sqrt,result-dependent-fixture-chain,3501769,194942256,2602269782809654048,1442709230371789156,0,0,0
Flocq,binary-reference,flocq-p24,32,sqrt,software-reference,Flocq 4.2.2 extracted OCaml Zarith,result-dependent-fixture-chain,26538,198784457,73033970711938600,3791654623816483915,0,0,0
ExecFloat,binary-interchange,binary32,32,add,proved-software,configured proved word kernel,result-dependent-fixture-chain,1432910,199003562,2428148556798192099,14133764049899882995,256,2381817058504603107,8782414051395963145
Flocq,binary-reference,flocq-p113,128,add,software-reference,Flocq 4.2.2 extracted OCaml Zarith,result-dependent-fixture-chain,19350,193545534,-3065110518231746993,2541345141024883982,0,0,0
Stillwater Universal,posit-external,posit32-es2,32,mul,external-software,Universal 26e69f5487b2e592b82002751d900a2437641fad generic posit<32; es=2>,result-dependent-fixture-chain,725532,193044995,13677056883081638766,16791661982589299710,0,0,0
MPFR,binary-reference,mpfr-binary64-p53-e11,64,sqrt,software-reference,MPFR 4.2.0 RNDN with matched exponent range and gradual underflow,result-dependent-fixture-chain,4058855,199504587,1825115829354104860,13164578662412671651,256,17304413662842360676,8589027394118193575
ExecFloat,binary-interchange,binary4096-custom-e19m4076,4096,mul,proved-software,binary-interchange multiplication exact baseline,result-dependent-fixture-chain,31775,198265818,17347140065373372489,5306648513857234279,256,5200004546712615421,8285122533487066411
ExecFloat,binary-interchange,binary5-e2m2,5,sqrt,proved-software,binary-interchange square root exhaustive table,result-dependent-fixture-chain,3449701,203436657,16180512727381089449,1369386054774323542,256,16772054911505907060,7622866365203817874
MPFR,binary-reference,mpfr-binary1024-p1005-e19,1024,sqrt,software-reference,MPFR 4.2.0 RNDN with matched exponent range and gradual underflow,result-dependent-fixture-chain,530384,199976334,9092880569273360177,11141337638461270603,256,8370583612283834978,10816029777351550305
Stillwater Universal,posit-external,posit4096-es2,4096,add,external-software,Universal 26e69f5487b2e592b82002751d900a2437641fad generic posit<4096; es=2>,result-dependent-fixture-chain,4828,200171398,15247067431584526685,18393291877084024541,0,0,0
ExecFloat,binary-interchange,binary8-e4m3,8,sub,proved-software,binary-interchange subtraction exhaustive table,result-dependent-fixture-chain,906263,198395214,5854468769249853381,3217946446047053260,256,488180961882180986,8905306643955899295
Stillwater Universal,posit-external,posit7-es2,7,add,external-software,Universal 26e69f5487b2e592b82002751d900a2437641fad generic posit<7; es=2>,result-dependent-fixture-chain,3297882,196760321,8212117648676773324,3310654542279412798,0,0,0
Stillwater Universal,posit-external,posit4096-es2,4096,fma,external-software,Universal 26e69f5487b2e592b82002751d900a2437641fad generic posit<4096; es=2>,result-dependent-fixture-chain,222,204983873,4185733352337023783,9180629836718230252,0,0,0
ExecFloat,binary-interchange,binary64,64,sqrt,proved-software,configured proved word kernel,result-dependent-fixture-chain,156215,201196473,5771853773365849042,11069595935219076740,256,17304413662842360676,8589027394118193575
ExecFloat,binary-interchange,binary4096-custom-e19m4076,4096,add,proved-software,binary-interchange addition exact baseline,result-dependent-fixture-chain,44836,191629491,12074024974866782382,3300579228057212381,256,9648732917905115387,1993696468231033033
Flocq,binary-reference,flocq-p53,64,add,software-reference,Flocq 4.2.2 extracted OCaml Zarith,result-dependent-fixture-chain,90348,198860160,-3641395017933253016,-987475038657215282,0,0,0
Stillwater Universal,posit-external,posit64-es2,64,sub,external-software,Universal 26e69f5487b2e592b82002751d900a2437641fad generic posit<64; es=2>,result-dependent-fixture-chain,361707,201490262,3382422060265009728,7905531854590669431,0,0,0
MPFR,binary-reference,mpfr-binary7-p4-e3,7,add,software-reference,MPFR 4.2.0 RNDN with matched exponent range and gradual underflow,result-dependent-fixture-chain,5639501,199802990,1340612605629176960,2583244828673571575,256,15699098036996730368,8420710567143902137
ExecFloat,posit,posit7,7,add,proved-software,posit exhaustive encoded-value table,result-dependent-fixture-chain,1929365,201296820,12578817775581395152,12231075665360895878,0,0,0
ExecFloat,binary-interchange,binary7-e3m3,7,mul,proved-software,binary-interchange multiplication exhaustive table,result-dependent-fixture-chain,1048884,199130340,8564411514882078977,16279332477900288753,256,13146525749783436809,17600022071726456791
ExecFloat,binary-interchange,binary32,32,fma,proved-software,configured proved word kernel,result-dependent-fixture-chain,1409448,198006725,16057230475580763450,11977882390820834940,256,14193217778002186870,6704285237813457226
ExecFloat,posit,posit2048,2048,mul,proved-software,posit direct exact-dyadic product,result-dependent-fixture-chain,39648,202199719,2471253231264878271,3961850671648638935,0,0,0
Flocq,binary-reference,flocq-p3,6,sub,software-reference,Flocq 4.2.2 extracted OCaml Zarith,result-dependent-fixture-chain,528588,186476023,7141622478530789360,-4821980539664471995,0,0,0
ExecFloat,binary-interchange,binary16,16,div,proved-software,binary-interchange division native-word kernel,result-dependent-fixture-chain,570105,198308193,883592371066548696,897962486591758405,256,12273333955110306205,1536966327070879480
MPFR,binary-reference,mpfr-binary32-p24-e8,32,sqrt,software-reference,MPFR 4.2.0 RNDN with matched exponent range and gradual underflow,result-dependent-fixture-chain,4400258,200154700,5923430492045910462,832782043211763590,256,16179893597297518679,3163294961240210449
ExecFloat,binary-interchange,binary128,128,sub,proved-software,binary-interchange subtraction fixed-limb kernel,result-dependent-fixture-chain,83420,200373866,8454532645501165326,3769551732263488770,256,15255205412964138062,17916492919730332122
MPFR,binary-reference,mpfr-binary512-p493-e19,512,fma,software-reference,MPFR 4.2.0 RNDN with matched exponent range and gradual underflow,result-dependent-fixture-chain,1938240,199837799,9607028968083008074,4215280310286745783,256,5166839139342104348,9638240548636149016
Native C,binary-interchange,binary64,64,sqrt,native-fpu,C double host FPU,result-dependent-fixture-chain,15238247,199914533,1681838486418248004,7579856949625453693,256,17304413662842360676,8589027394118193575
ExecFloat,binary-interchange,binary2048-custom-e19m2028,2048,fma,proved-software,binary-interchange fused multiply-add exact baseline,result-dependent-fixture-chain,47353,197278373,11509458195135604867,6468361202476347095,256,2743377063019884498,9565555395836394947
MPFR,binary-reference,mpfr-binary512-p493-e19,512,mul,software-reference,MPFR 4.2.0 RNDN with matched exponent range and gradual underflow,result-dependent-fixture-chain,2507153,201280053,6602486538803197468,8352676552693637123,256,17349291455108062735,7704363681322181692
ExecFloat,binary-interchange,binary128,128,div,proved-software,binary-interchange division fixed-limb kernel,result-dependent-fixture-chain,82131,199805338,10009018019637296177,15411156947152706854,256,18384515885145115545,3842855788641131890
Flocq,binary-reference,flocq-p4,8,fma,software-reference,Flocq 4.2.2 extracted OCaml Zarith,result-dependent-fixture-chain,346516,191707260,3607536318655907397,3455376570783026342,0,0,0
ExecFloat,posit,posit16,16,sqrt,proved-software,posit direct packed-word exact square root,result-dependent-fixture-chain,102217,200734421,10655820687740466008,15474451110067578612,0,0,0
MPFR,binary-reference,mpfr-binary2048-p2029-e19,2048,sqrt,software-reference,MPFR 4.2.0 RNDN with matched exponent range and gradual underflow,result-dependent-fixture-chain,284155,199908776,4980673268251520013,4491624013372606759,256,15370083485809412312,6812440527013212006
MPFR,binary-reference,mpfr-binary32-p24-e8,32,add,software-reference,MPFR 4.2.0 RNDN with matched exponent range and gradual underflow,result-dependent-fixture-chain,5852400,199181705,13569805157497756115,4485978284346631705,256,2381817058504603107,8782414051395963145
Stillwater Universal,posit-external,posit6-es2,6,mul,external-software,Universal 26e69f5487b2e592b82002751d900a2437641fad generic posit<6; es=2>,result-dependent-fixture-chain,4534942,201960886,6534727168172427018,5465184353604346094,0,0,0
Flocq,binary-reference,flocq-p2,4,div,software-reference,Flocq 4.2.2 extracted OCaml Zarith,result-dependent-fixture-chain,539354,183757008,-5797853887106380168,-2337342870941474425,0,0,0
ExecFloat,posit,posit32,32,sqrt,proved-software,posit direct packed-word exact square root,result-dependent-fixture-chain,80624,200731268,11883806700248089578,3456563950845905358,0,0,0
Flocq,binary-reference,flocq-p113,128,sqrt,software-reference,Flocq 4.2.2 extracted OCaml Zarith,result-dependent-fixture-chain,942,200222019,-8910340915001644137,120962030135595307,0,0,0
Stillwater Universal,posit-external,posit1024-es2,1024,add,external-software,Universal 26e69f5487b2e592b82002751d900a2437641fad generic posit<1024; es=2>,result-dependent-fixture-chain,19139,200167490,13251435405860237127,15154627066322418901,0,0,0
ExecFloat,posit,posit2048,2048,div,proved-software,posit width-generic quotient-prefix,result-dependent-fixture-chain,28577,199432356,4203856813367551587,4739612560100808277,0,0,0
Flocq,binary-reference,flocq-p1005,1024,add,software-reference,Flocq 4.2.2 extracted OCaml Zarith,result-dependent-fixture-chain,966,196055998,3870541534866537921,-3265069060030971630,0,0,0
ExecFloat,binary-interchange,binary16,16,fma,proved-software,binary-interchange fused multiply-add native-word kernel,result-dependent-fixture-chain,476409,199593857,12341478940940743087,7786005138566590955,256,1406249753189311116,5022963284450321196
Stillwater Universal,posit-external,posit5-es2,5,add,external-software,Universal 26e69f5487b2e592b82002751d900a2437641fad generic posit<5; es=2>,result-dependent-fixture-chain,3927113,202956316,7001358219870763028,6228644372637760648,0,0,0
ExecFloat,posit,posit3,3,add,proved-software,posit exhaustive encoded-value table,result-dependent-fixture-chain,1935706,199362550,664112976629435951,17065387593381973965,0,0,0
MPFR,binary-reference,mpfr-binary2048-p2029-e19,2048,add,software-reference,MPFR 4.2.0 RNDN with matched exponent range and gradual underflow,result-dependent-fixture-chain,2466139,199031532,1214256651016863889,6399937717976417395,256,16187131443813737441,17453360145151856638
MPFR,binary-reference,mpfr-binary6-p3-e3,6,sub,software-reference,MPFR 4.2.0 RNDN with matched exponent range and gradual underflow,result-dependent-fixture-chain,5969994,199731341,14566225384560375752,4479506829646162505,256,16478416567677483672,4011936748656663337
ExecFloat,posit,posit8,8,fma,proved-software,posit direct packed-word exact fused accumulation,result-dependent-fixture-chain,1568206,199982763,9733576400621565700,2274565200571091206,0,0,0
ExecFloat,posit,posit256,256,fma,proved-software,posit direct exact-dyadic fused accumulation,result-dependent-fixture-chain,42477,200055784,5242532367021477706,16806255069101570580,0,0,0
ExecFloat,posit,posit6,6,sub,proved-software,posit exhaustive encoded-value table,result-dependent-fixture-chain,1958294,202699830,3656169204568772175,6165268487351682350,0,0,0
Stillwater Universal,posit-external,posit5-es2,5,fma,external-software,Universal 26e69f5487b2e592b82002751d900a2437641fad generic posit<5; es=2>,result-dependent-fixture-chain,3506742,202793527,10295270849437117754,1235725971998804039,0,0,0
Stillwater Universal,posit-external,posit256-es2,256,sub,external-software,Universal 26e69f5487b2e592b82002751d900a2437641fad generic posit<256; es=2>,result-dependent-fixture-chain,72743,200493096,15478607338924435327,9339476586531632270,0,0,0
Flocq,binary-reference,flocq-p3,5,add,software-reference,Flocq 4.2.2 extracted OCaml Zarith,result-dependent-fixture-chain,494799,188114887,-8703486869542713469,-7133844674476986729,0,0,0
ExecFloat,posit,posit512,512,add,proved-software,posit direct exact-dyadic sum,result-dependent-fixture-chain,51404,208341077,6872270193612680445,4447574943383111648,0,0,0
Flocq,binary-reference,flocq-p11,16,sqrt,software-reference,Flocq 4.2.2 extracted OCaml Zarith,result-dependent-fixture-chain,87695,200995819,-5248672573300204990,548121615724925992,0,0,0
ExecFloat,posit,posit32,32,mul,proved-software,posit direct packed-word exact product,result-dependent-fixture-chain,693072,199927459,17471233291307202879,9203835773659070286,0,0,0
Flocq,binary-reference,flocq-p2,4,sub,software-reference,Flocq 4.2.2 extracted OCaml Zarith,result-dependent-fixture-chain,648512,184743400,-5217128993878870853,5257768644341066895,0,0,0
Stillwater Universal,posit-external,posit4096-es2,4096,mul,external-software,Universal 26e69f5487b2e592b82002751d900a2437641fad generic posit<4096; es=2>,result-dependent-fixture-chain,239,198453508,16781715787635502226,12222831491917149950,0,0,0
Stillwater Universal,posit-external,posit256-es2,256,mul,external-software,Universal 26e69f5487b2e592b82002751d900a2437641fad generic posit<256; es=2>,result-dependent-fixture-chain,44594,199788554,11273038066157498995,12586452695065520939,0,0,0
MPFR,binary-reference,mpfr-binary4096-p4077-e19,4096,fma,software-reference,MPFR 4.2.0 RNDN with matched exponent range and gradual underflow,result-dependent-fixture-chain,137682,200360924,18080154200323301592,14047050585775157374,256,13359547897071218016,390738148860889118
ExecFloat,binary-interchange,binary2048-custom-e19m2028,2048,sqrt,proved-software,binary-interchange square root exact baseline,result-dependent-fixture-chain,11862,199156178,12419993211170430986,5656841777333352442,256,15370083485809412312,6812440527013212006
ExecFloat,posit,posit16,16,fma,proved-software,posit direct packed-word exact fused accumulation,result-dependent-fixture-chain,1371391,199177946,4178883207706340327,3469887033523775431,0,0,0
ExecFloat,binary-interchange,binary1024-custom-e19m1004,1024,fma,proved-software,binary-interchange fused multiply-add exact baseline,result-dependent-fixture-chain,58375,200769660,4702684613021284417,17147300938187020525,256,1574300555002444628,17008690229445754520
ExecFloat,binary-interchange,binary5-e2m2,5,div,proved-software,binary-interchange division exhaustive table,result-dependent-fixture-chain,1076616,200676671,778613681893350232,8711566974356496323,256,14899042810814238764,1845313676431298965
ExecFloat,binary-interchange,binary64,64,div,proved-software,configured proved word kernel,result-dependent-fixture-chain,138698,200280769,2433873953264298533,11318539018130395129,256,16866086521615362059,18009442782454829229
ExecFloat,binary-interchange,binary2048-custom-e19m2028,2048,div,proved-software,binary-interchange division exact baseline,result-dependent-fixture-chain,33785,196882065,15374284948797539328,7393092980873870732,256,16439921886465636847,9643158198526521548
Flocq,binary-reference,flocq-p53,64,fma,software-reference,Flocq 4.2.2 extracted OCaml Zarith,result-dependent-fixture-chain,19762,199902417,-5907367167627072447,8401058860879223540,0,0,0
ExecFloat,binary-interchange,binary8-e4m3,8,fma,proved-software,binary-interchange fused multiply-add exact baseline,result-dependent-fixture-chain,166001,200268218,18294917841676495594,12104216194210967725,256,11063501442542046017,14286134549859220077
Stillwater Universal,posit-external,posit5-es2,5,div,external-software,Universal 26e69f5487b2e592b82002751d900a2437641fad generic posit<5; es=2>,result-dependent-fixture-chain,4873651,199193074,15978375899682555462,3091855902487143150,0,0,0
Stillwater Universal,posit-external,posit32-es2,32,add,external-software,Universal 26e69f5487b2e592b82002751d900a2437641fad generic posit<32; es=2>,result-dependent-fixture-chain,858841,196838777,13869989363657896767,4277035690165480175,0,0,0
ExecFloat,posit,posit2,2,mul,proved-software,posit exhaustive encoded-value table,result-dependent-fixture-chain,1920209,191970568,13355602510009159212,9717879963652632185,0,0,0
Flocq,binary-reference,flocq-p237,256,sub,software-reference,Flocq 4.2.2 extracted OCaml Zarith,result-dependent-fixture-chain,6883,204251516,5978080320150706315,5455796854003023163,0,0,0
Stillwater Universal,posit-external,posit8-es2,8,mul,external-software,Universal 26e69f5487b2e592b82002751d900a2437641fad generic posit<8; es=2>,result-dependent-fixture-chain,3600361,200753677,12364628534622300444,10790424138972711673,0,0,0
Stillwater Universal,posit-external,posit8-es2,8,sub,external-software,Universal 26e69f5487b2e592b82002751d900a2437641fad generic posit<8; es=2>,result-dependent-fixture-chain,2583546,196327361,14951694809691959541,3743516748946345988,0,0,0
ExecFloat,binary-interchange,binary2048-custom-e19m2028,2048,sub,proved-software,binary-interchange subtraction exact baseline,result-dependent-fixture-chain,49799,202282805,4133345778818255549,14809708346261714158,256,5835518171502335049,13859927365874923980
MPFR,binary-reference,mpfr-binary64-p53-e11,64,sub,software-reference,MPFR 4.2.0 RNDN with matched exponent range and gradual underflow,result-dependent-fixture-chain,5654449,199920712,2699735334190907343,5011880694046413034,256,747626906282276811,11425145581293654401
Stillwater Universal,posit-external,posit32-es2,32,fma,external-software,Universal 26e69f5487b2e592b82002751d900a2437641fad generic posit<32; es=2>,result-dependent-fixture-chain,479534,197745851,10806186807175791376,10120805919722586,0,0,0
ExecFloat,posit,posit5,5,sqrt,proved-software,posit exhaustive encoded-value table,result-dependent-fixture-chain,9372924,199508400,8220333479567117376,2716351128012764282,0,0,0
Stillwater Universal,posit-external,posit5-es2,5,sqrt,hardware-assisted-external,Universal 26e69f5487b2e592b82002751d900a2437641fad posit-to-binary64 hardware sqrt,result-dependent-fixture-chain,3698773,201330468,1506612607162652981,10235728340380799751,0,0,0
MPFR,binary-reference,mpfr-binary128-p113-e15,128,add,software-reference,MPFR 4.2.0 RNDN with matched exponent range and gradual underflow,result-dependent-fixture-chain,5594228,200920053,17424208563716572943,74914927950471638,256,8986041320630648097,802016132310684100
Stillwater Universal,posit-external,posit512-es2,512,mul,external-software,Universal 26e69f5487b2e592b82002751d900a2437641fad generic posit<512; es=2>,result-dependent-fixture-chain,15170,199695692,17675488500000248549,15208002729031993086,0,0,0
ExecFloat,binary-interchange,binary4-e2m1,4,sub,proved-software,binary-interchange subtraction exhaustive table,result-dependent-fixture-chain,1224990,199353748,3997829160429854860,1810562799184203944,256,15307634770271959930,15686941621206104721
Stillwater Universal,posit-external,posit2048-es2,2048,sub,external-software,Universal 26e69f5487b2e592b82002751d900a2437641fad generic posit<2048; es=2>,result-dependent-fixture-chain,9509,200165804,5980962585488293204,336707680845300164,0,0,0
